Using pre-set license
Built from '2022.3/staging' branch; Version is '2022.3.38f1 (c5d5a7410213) revision 12965287'; Using compiler version '192829333'; Build Type 'Release'
OS: 'Windows 10  (10.0.19045) 64bit Professional' Language: 'ru' Physical Memory: 16277 MB
BatchMode: 1, IsHumanControllingUs: 0, StartBugReporterOnCrash: 0, Is64bit: 1, IsPro: 1

COMMAND LINE ARGUMENTS:
E:\Unity 2022.3.38f1\Editor\Unity.exe
-adb2
-batchMode
-noUpm
-name
AssetImportWorker5
-projectPath
D:/TerentevaA_GUN36
-logFile
Logs/AssetImportWorker5.log
-srvPort
64644
Successfully changed project path to: D:/TerentevaA_GUN36
D:/TerentevaA_GUN36
[UnityMemory] Configuration Parameters - Can be set up in boot.config
    "memorysetup-bucket-allocator-granularity=16"
    "memorysetup-bucket-allocator-bucket-count=8"
    "memorysetup-bucket-allocator-block-size=33554432"
    "memorysetup-bucket-allocator-block-count=8"
    "memorysetup-main-allocator-block-size=16777216"
    "memorysetup-thread-allocator-block-size=16777216"
    "memorysetup-gfx-main-allocator-block-size=16777216"
    "memorysetup-gfx-thread-allocator-block-size=16777216"
    "memorysetup-cache-allocator-block-size=4194304"
    "memorysetup-typetree-allocator-block-size=2097152"
    "memorysetup-profiler-bucket-allocator-granularity=16"
    "memorysetup-profiler-bucket-allocator-bucket-count=8"
    "memorysetup-profiler-bucket-allocator-block-size=33554432"
    "memorysetup-profiler-bucket-allocator-block-count=8"
    "memorysetup-profiler-allocator-block-size=16777216"
    "memorysetup-profiler-editor-allocator-block-size=1048576"
    "memorysetup-temp-allocator-size-main=16777216"
    "memorysetup-job-temp-allocator-block-size=2097152"
    "memorysetup-job-temp-allocator-block-size-background=1048576"
    "memorysetup-job-temp-allocator-reduction-small-platforms=262144"
    "memorysetup-allocator-temp-initial-block-size-main=262144"
    "memorysetup-allocator-temp-initial-block-size-worker=262144"
    "memorysetup-temp-allocator-size-background-worker=32768"
    "memorysetup-temp-allocator-size-job-worker=262144"
    "memorysetup-temp-allocator-size-preload-manager=33554432"
    "memorysetup-temp-allocator-size-nav-mesh-worker=65536"
    "memorysetup-temp-allocator-size-audio-worker=65536"
    "memorysetup-temp-allocator-size-cloud-worker=32768"
    "memorysetup-temp-allocator-size-gi-baking-worker=262144"
    "memorysetup-temp-allocator-size-gfx=262144"
Player connection [6936]  Target information:

Player connection [6936]  * "[IP] 192.168.1.10 [Port] 0 [Flags] 2 [Guid] 4192117001 [EditorId] 4192117001 [Version] 1048832 [Id] WindowsEditor(7,DESKTOP-D32SDH0) [Debug] 1 [PackageName] WindowsEditor [ProjectName] Editor" 

Player connection [6936]  * "[IP] 26.173.226.218 [Port] 0 [Flags] 2 [Guid] 4192117001 [EditorId] 4192117001 [Version] 1048832 [Id] WindowsEditor(7,DESKTOP-D32SDH0) [Debug] 1 [PackageName] WindowsEditor [ProjectName] Editor" 

Player connection [6936] Host joined multi-casting on [225.0.0.222:54997]...
Player connection [6936] Host joined alternative multi-casting on [225.0.0.222:34997]...
[PhysX] Initialized MultithreadedTaskDispatcher with 8 workers.
Refreshing native plugins compatible for Editor in 14.46 ms, found 0 plugins.
Preloading 0 native plugins for Editor in 0.00 ms.
Initialize engine version: 2022.3.38f1 (c5d5a7410213)
[Subsystems] Discovering subsystems at path E:/Unity 2022.3.38f1/Editor/Data/Resources/UnitySubsystems
[Subsystems] Discovering subsystems at path D:/TerentevaA_GUN36/Assets
GfxDevice: creating device client; threaded=0; jobified=0
Direct3D:
    Version:  Direct3D 11.0 [level 11.1]
    Renderer: NVIDIA GeForce GTX 1660 SUPER (ID=0x21c4)
    Vendor:   NVIDIA
    VRAM:     5966 MB
    Driver:   32.0.16.1088
Initialize mono
Mono path[0] = 'E:/Unity 2022.3.38f1/Editor/Data/Managed'
Mono path[1] = 'E:/Unity 2022.3.38f1/Editor/Data/MonoBleedingEdge/lib/mono/unityjit-win32'
Mono config path = 'E:/Unity 2022.3.38f1/Editor/Data/MonoBleedingEdge/etc'
Using monoOptions --debugger-agent=transport=dt_socket,embedding=1,server=y,suspend=n,address=127.0.0.1:56620
Begin MonoManager ReloadAssembly
Registering precompiled unity dll's ...
Register platform support module: E:/Unity 2022.3.38f1/Editor/Data/PlaybackEngines/WindowsStandaloneSupport/UnityEditor.WindowsStandalone.Extensions.dll
Registered in 0.014708 seconds.
- Loaded All Assemblies, in  1.054 seconds
Native extension for WindowsStandalone target not found
Mono: successfully reloaded assembly
- Finished resetting the current domain, in  0.899 seconds
Domain Reload Profiling: 1950ms
	BeginReloadAssembly (319ms)
		ExecutionOrderSort (0ms)
		DisableScriptedObjects (0ms)
		BackupInstance (0ms)
		ReleaseScriptingObjects (0ms)
		CreateAndSetChildDomain (3ms)
	RebuildCommonClasses (96ms)
	RebuildNativeTypeToScriptingClass (35ms)
	initialDomainReloadingComplete (140ms)
	LoadAllAssembliesAndSetupDomain (460ms)
		LoadAssemblies (312ms)
		RebuildTransferFunctionScriptingTraits (0ms)
		AnalyzeDomain (457ms)
			TypeCache.Refresh (454ms)
				TypeCache.ScanAssembly (417ms)
			ScanForSourceGeneratedMonoScriptInfo (1ms)
			ResolveRequiredComponents (1ms)
	FinalizeReload (900ms)
		ReleaseScriptCaches (0ms)
		RebuildScriptCaches (0ms)
		SetupLoadedEditorAssemblies (713ms)
			LogAssemblyErrors (0ms)
			InitializePlatformSupportModulesInManaged (32ms)
			SetLoadedEditorAssemblies (15ms)
			RefreshPlugins (0ms)
			BeforeProcessingInitializeOnLoad (6ms)
			ProcessInitializeOnLoadAttributes (479ms)
			ProcessInitializeOnLoadMethodAttributes (180ms)
			AfterProcessingInitializeOnLoad (0ms)
			EditorAssembliesLoaded (0ms)
		ExecutionOrderSort2 (0ms)
		AwakeInstancesAfterBackupRestoration (0ms)
========================================================================
Worker process is ready to serve import requests
Begin MonoManager ReloadAssembly
- Loaded All Assemblies, in  1.562 seconds
Refreshing native plugins compatible for Editor in 2.81 ms, found 0 plugins.
Native extension for WindowsStandalone target not found
Mono: successfully reloaded assembly
- Finished resetting the current domain, in  1.493 seconds
Domain Reload Profiling: 3052ms
	BeginReloadAssembly (452ms)
		ExecutionOrderSort (0ms)
		DisableScriptedObjects (16ms)
		BackupInstance (0ms)
		ReleaseScriptingObjects (0ms)
		CreateAndSetChildDomain (52ms)
	RebuildCommonClasses (113ms)
	RebuildNativeTypeToScriptingClass (45ms)
	initialDomainReloadingComplete (119ms)
	LoadAllAssembliesAndSetupDomain (830ms)
		LoadAssemblies (653ms)
		RebuildTransferFunctionScriptingTraits (0ms)
		AnalyzeDomain (427ms)
			TypeCache.Refresh (353ms)
				TypeCache.ScanAssembly (339ms)
			ScanForSourceGeneratedMonoScriptInfo (41ms)
			ResolveRequiredComponents (31ms)
	FinalizeReload (1494ms)
		ReleaseScriptCaches (0ms)
		RebuildScriptCaches (0ms)
		SetupLoadedEditorAssemblies (974ms)
			LogAssemblyErrors (0ms)
			InitializePlatformSupportModulesInManaged (17ms)
			SetLoadedEditorAssemblies (17ms)
			RefreshPlugins (0ms)
			BeforeProcessingInitializeOnLoad (185ms)
			ProcessInitializeOnLoadAttributes (465ms)
			ProcessInitializeOnLoadMethodAttributes (279ms)
			AfterProcessingInitializeOnLoad (10ms)
			EditorAssembliesLoaded (0ms)
		ExecutionOrderSort2 (0ms)
		AwakeInstancesAfterBackupRestoration (28ms)
Launched and connected shader compiler UnityShaderCompiler.exe after 0.20 seconds
Refreshing native plugins compatible for Editor in 3.04 ms, found 0 plugins.
Preloading 0 native plugins for Editor in 0.00 ms.
Unloading 3056 Unused Serialized files (Serialized files now loaded: 0)
Unloading 55 unused Assets / (0.8 MB). Loaded Objects now: 3514.
Memory consumption went from 148.7 MB to 147.9 MB.
Total: 8.700600 ms (FindLiveObjects: 0.638900 ms CreateObjectMapping: 0.188000 ms MarkObjects: 7.109900 ms  DeleteObjects: 0.761400 ms)

AssetImportParameters requested are different than current active one (requested -> active):
  custom:video-decoder-webm-vp8: 9c59270c3fd7afecdb556c50c9e8de78 -> 
  custom:SearchIndexIgnoredProperties: e643bd26f0fe6173181afceb89e7c659 -> 
  custom:container-demuxer-ogg: 62fdf1f143b41e24485cea50d1cbac27 -> 
  custom:AudioImporter_EditorPlatform: d09bf68614088b80899f8185d706f6e7 -> 
  custom:video-decoder-ogg-theora: a1e56fd34408186e4bbccfd4996cb3dc -> 
  custom:framework-win-MediaFoundation: 216162199b28c13a410421893ffa2e32 -> 
  custom:video-encoder-webm-vp8: eb34c28f22e8b96e1ab97ce403110664 -> 
  custom:audio-decoder-ogg-vorbis: bf7c407c2cedff20999df2af8eb42d56 -> 
  custom:CustomObjectIndexerAttribute: 72b91833f83ae208fae7752999fa3104 -> 
  custom:container-demuxer-webm: 4f35f7cbe854078d1ac9338744f61a02 -> 
  custom:audio-encoder-webm-vorbis: bf7c407c2cedff20999df2af8eb42d56 -> 
  custom:container-muxer-webm: aa71ff27fc2769a1b78a27578f13a17b -> 
========================================================================
Received Import Request.
  Time since last request: 6072.562689 seconds.
  path: Assets/PolyOne/Free Modular Terrain/Model/SM_Cliffs_06.fbx
  artifactKey: Guid(a8e0cab51155deb4b8f4643baaacc946) Importer(2089858483,0ecaa5967403d082aa24f35e1b516d23)
Start importing Assets/PolyOne/Free Modular Terrain/Model/SM_Cliffs_06.fbx using Guid(a8e0cab51155deb4b8f4643baaacc946) Importer(2089858483,0ecaa5967403d082aa24f35e1b516d23) [PhysX] Initialized MultithreadedTaskDispatcher with 8 workers.
 -> (artifact id: '4391ff6f3bd945772df595c24e64c672') in 0.775243 seconds
Number of updated asset objects reloaded before import = 0
Number of asset objects unloaded after import = 7
========================================================================
Received Import Request.
  Time since last request: 0.000034 seconds.
  path: Assets/TestTask_MobileGame/Assets/TextMesh Pro/Documentation/TextMesh Pro User Guide 2016.pdf
  artifactKey: Guid(1b8d251f9af63b746bf2f7ffe00ebb9b) Importer(2089858483,0ecaa5967403d082aa24f35e1b516d23)
Start importing Assets/TestTask_MobileGame/Assets/TextMesh Pro/Documentation/TextMesh Pro User Guide 2016.pdf using Guid(1b8d251f9af63b746bf2f7ffe00ebb9b) Importer(2089858483,0ecaa5967403d082aa24f35e1b516d23) [PhysX] Initialized MultithreadedTaskDispatcher with 8 workers.
 -> (artifact id: 'd2c72cc5b5cdce93087fbda05b95983b') in 0.021539 seconds
Number of updated asset objects reloaded before import = 0
Number of asset objects unloaded after import = 1
========================================================================
Received Import Request.
  Time since last request: 0.002432 seconds.
  path: Assets/TestTask_MobileGame/Assets/Plugins/Zenject/OptionalExtras/SampleGame1 (Beginner)/Resources/Installers/GameSettingsInstaller.asset
  artifactKey: Guid(48da99ff693be7b4d89b133042973796) Importer(2089858483,3d70f49cd1c2eb9ae422958d1c652c6b)
Start importing Assets/TestTask_MobileGame/Assets/Plugins/Zenject/OptionalExtras/SampleGame1 (Beginner)/Resources/Installers/GameSettingsInstaller.asset using Guid(48da99ff693be7b4d89b133042973796) Importer(2089858483,3d70f49cd1c2eb9ae422958d1c652c6b) [PhysX] Initialized MultithreadedTaskDispatcher with 8 workers.
 -> (artifact id: '4814b95bc81adc132394847c1ddedc32') in 0.071358 seconds
Number of updated asset objects reloaded before import = 0
Number of asset objects unloaded after import = 71
========================================================================
Received Import Request.
  Time since last request: 0.000038 seconds.
  path: Assets/PolyOne/Free Modular Terrain/Materials/M_BaseColor_v01.mat
  artifactKey: Guid(722aeec4274add2459c096fc7055673b) Importer(2089858483,0ecaa5967403d082aa24f35e1b516d23)
Start importing Assets/PolyOne/Free Modular Terrain/Materials/M_BaseColor_v01.mat using Guid(722aeec4274add2459c096fc7055673b) Importer(2089858483,0ecaa5967403d082aa24f35e1b516d23) [PhysX] Initialized MultithreadedTaskDispatcher with 8 workers.
 -> (artifact id: '4127ef31b00a8f87261ffb4eecd01b45') in 0.064205 seconds
Number of updated asset objects reloaded before import = 0
Number of asset objects unloaded after import = 2
========================================================================
Received Import Request.
  Time since last request: 0.000029 seconds.
  path: Assets/PolyOne/Free Modular Terrain/Prefabs/SM_Cliffs_08.prefab
  artifactKey: Guid(5f7791ca2a487fc4895c93bfd26774f6) Importer(2089858483,3d70f49cd1c2eb9ae422958d1c652c6b)
Start importing Assets/PolyOne/Free Modular Terrain/Prefabs/SM_Cliffs_08.prefab using Guid(5f7791ca2a487fc4895c93bfd26774f6) Importer(2089858483,3d70f49cd1c2eb9ae422958d1c652c6b) [PhysX] Initialized MultithreadedTaskDispatcher with 8 workers.
 -> (artifact id: '806cdaecd85c1297366883f5a1c22676') in 0.031878 seconds
Number of updated asset objects reloaded before import = 0
Number of asset objects unloaded after import = 8
========================================================================
Received Import Request.
  Time since last request: 0.000099 seconds.
  path: Assets/TestTask_MobileGame/ProjectSettings/AudioManager.asset
  artifactKey: Guid(872bdf608a88f184ab24947cb0dc828f) Importer(2089858483,3d70f49cd1c2eb9ae422958d1c652c6b)
Start importing Assets/TestTask_MobileGame/ProjectSettings/AudioManager.asset using Guid(872bdf608a88f184ab24947cb0dc828f) Importer(2089858483,3d70f49cd1c2eb9ae422958d1c652c6b) [PhysX] Initialized MultithreadedTaskDispatcher with 8 workers.
 -> (artifact id: 'c52de43659c50792bd96ec060d3e3de6') in 0.009622 seconds
Number of updated asset objects reloaded before import = 0
Number of asset objects unloaded after import = 0
========================================================================
Received Import Request.
  Time since last request: 0.000049 seconds.
  path: Assets/TestTask_MobileGame/Assets/Scripts/Installers/ProjectInstaller.cs
  artifactKey: Guid(35f14b5ec9234b1bbfecaebfba5addf3) Importer(2089858483,0ecaa5967403d082aa24f35e1b516d23)
Start importing Assets/TestTask_MobileGame/Assets/Scripts/Installers/ProjectInstaller.cs using Guid(35f14b5ec9234b1bbfecaebfba5addf3) Importer(2089858483,0ecaa5967403d082aa24f35e1b516d23) [PhysX] Initialized MultithreadedTaskDispatcher with 8 workers.
 -> (artifact id: 'dd2cb322200eef73303c6fccc2ec755a') in 0.009139 seconds
Number of updated asset objects reloaded before import = 0
Number of asset objects unloaded after import = 1
========================================================================
Received Import Request.
  Time since last request: 0.000030 seconds.
  path: Assets/PolyOne/Free Modular Terrain/Prefabs/SM_Cliffs_06.prefab
  artifactKey: Guid(791620c57aeccb1458f38ec232ae29e8) Importer(2089858483,0ecaa5967403d082aa24f35e1b516d23)
Start importing Assets/PolyOne/Free Modular Terrain/Prefabs/SM_Cliffs_06.prefab using Guid(791620c57aeccb1458f38ec232ae29e8) Importer(2089858483,0ecaa5967403d082aa24f35e1b516d23) [PhysX] Initialized MultithreadedTaskDispatcher with 8 workers.
 -> (artifact id: 'c28c39c63b954b646643f37f3eb22540') in 0.020455 seconds
Number of updated asset objects reloaded before import = 0
Number of asset objects unloaded after import = 7
========================================================================
Received Import Request.
  Time since last request: 0.000063 seconds.
  path: Assets/PolyOne/Free Modular Terrain/Prefabs/SM_Cliffs_01.prefab
  artifactKey: Guid(0018d97e3a4aa8344b29131988c262bb) Importer(2089858483,3d70f49cd1c2eb9ae422958d1c652c6b)
Start importing Assets/PolyOne/Free Modular Terrain/Prefabs/SM_Cliffs_01.prefab using Guid(0018d97e3a4aa8344b29131988c262bb) Importer(2089858483,3d70f49cd1c2eb9ae422958d1c652c6b) [PhysX] Initialized MultithreadedTaskDispatcher with 8 workers.
 -> (artifact id: 'e6e9654e1ffbda3c70ec4553bd7c22f0') in 0.017798 seconds
Number of updated asset objects reloaded before import = 0
Number of asset objects unloaded after import = 8
========================================================================
Received Import Request.
  Time since last request: 0.000033 seconds.
  path: Assets/TestTask_MobileGame/ProjectSettings/GraphicsSettings.asset
  artifactKey: Guid(e75635ab48db8b84196406bcedc39c50) Importer(2089858483,3d70f49cd1c2eb9ae422958d1c652c6b)
Start importing Assets/TestTask_MobileGame/ProjectSettings/GraphicsSettings.asset using Guid(e75635ab48db8b84196406bcedc39c50) Importer(2089858483,3d70f49cd1c2eb9ae422958d1c652c6b) [PhysX] Initialized MultithreadedTaskDispatcher with 8 workers.
 -> (artifact id: 'd796602e87322a9dee2c5ede68e0097b') in 0.036522 seconds
Number of updated asset objects reloaded before import = 0
Number of asset objects unloaded after import = 0
========================================================================
Received Import Request.
  Time since last request: 0.000034 seconds.
  path: Assets/TestTask_MobileGame/Assets/Resources/Building.prefab
  artifactKey: Guid(68e2711d938b7d446b1077ad156ab6bb) Importer(2089858483,3d70f49cd1c2eb9ae422958d1c652c6b)
Start importing Assets/TestTask_MobileGame/Assets/Resources/Building.prefab using Guid(68e2711d938b7d446b1077ad156ab6bb) Importer(2089858483,3d70f49cd1c2eb9ae422958d1c652c6b) [PhysX] Initialized MultithreadedTaskDispatcher with 8 workers.
 -> (artifact id: '6cedc173a0baec7f6246e0bb2c6253f1') in 0.029964 seconds
Number of updated asset objects reloaded before import = 0
Number of asset objects unloaded after import = 5
========================================================================
Received Import Request.
  Time since last request: 0.001126 seconds.
  path: Assets/UniversalRenderPipelineGlobalSettings.asset
  artifactKey: Guid(ce723ad0134e8714aa55ee7e83750d83) Importer(2089858483,3d70f49cd1c2eb9ae422958d1c652c6b)
Start importing Assets/UniversalRenderPipelineGlobalSettings.asset using Guid(ce723ad0134e8714aa55ee7e83750d83) Importer(2089858483,3d70f49cd1c2eb9ae422958d1c652c6b) [PhysX] Initialized MultithreadedTaskDispatcher with 8 workers.
 -> (artifact id: 'adb7d047b78726bb51db46598b150a59') in 0.028186 seconds
Number of updated asset objects reloaded before import = 0
Number of asset objects unloaded after import = 0
========================================================================
Received Import Request.
  Time since last request: 0.000190 seconds.
  path: Assets/TestTask_MobileGame/Assets/TextMesh Pro/Resources/Style Sheets/Default Style Sheet.asset
  artifactKey: Guid(f952c082cb03451daed3ee968ac6c63e) Importer(2089858483,3d70f49cd1c2eb9ae422958d1c652c6b)
Start importing Assets/TestTask_MobileGame/Assets/TextMesh Pro/Resources/Style Sheets/Default Style Sheet.asset using Guid(f952c082cb03451daed3ee968ac6c63e) Importer(2089858483,3d70f49cd1c2eb9ae422958d1c652c6b) [PhysX] Initialized MultithreadedTaskDispatcher with 8 workers.
 -> (artifact id: 'a8bed4182c9e5710eeb27c4b03a21d5c') in 0.014462 seconds
Number of updated asset objects reloaded before import = 0
Number of asset objects unloaded after import = 0
========================================================================
Received Import Request.
  Time since last request: 0.000118 seconds.
  path: Assets/TestTask_MobileGame/ProjectSettings/UnityConnectSettings.asset
  artifactKey: Guid(979ddd13788c14343bc45ccaa025003a) Importer(2089858483,3d70f49cd1c2eb9ae422958d1c652c6b)
Start importing Assets/TestTask_MobileGame/ProjectSettings/UnityConnectSettings.asset using Guid(979ddd13788c14343bc45ccaa025003a) Importer(2089858483,3d70f49cd1c2eb9ae422958d1c652c6b) [PhysX] Initialized MultithreadedTaskDispatcher with 8 workers.
 -> (artifact id: 'daea88775ca6bb58653617ee6a787e0f') in 0.038060 seconds
Number of updated asset objects reloaded before import = 0
Number of asset objects unloaded after import = 0
========================================================================
Received Import Request.
  Time since last request: 0.008622 seconds.
  path: Assets/PolyOne/Free Modular Terrain/Prefabs/SM_Terrain_02.prefab
  artifactKey: Guid(72f64d2d2f97793409bca236ad93d486) Importer(2089858483,3d70f49cd1c2eb9ae422958d1c652c6b)
Start importing Assets/PolyOne/Free Modular Terrain/Prefabs/SM_Terrain_02.prefab using Guid(72f64d2d2f97793409bca236ad93d486) Importer(2089858483,3d70f49cd1c2eb9ae422958d1c652c6b) [PhysX] Initialized MultithreadedTaskDispatcher with 8 workers.
 -> (artifact id: '4630c3c48e325bdd7deb1e42871b9f3a') in 0.032196 seconds
Number of updated asset objects reloaded before import = 0
Number of asset objects unloaded after import = 8
========================================================================
Received Import Request.
  Time since last request: 0.001631 seconds.
  path: Assets/TestTask_MobileGame/Assets/Plugins/Zenject/zenject.asmdef
  artifactKey: Guid(0d8beb7f090555447a6cf5ce9e54dbb4) Importer(2089858483,0ecaa5967403d082aa24f35e1b516d23)
Start importing Assets/TestTask_MobileGame/Assets/Plugins/Zenject/zenject.asmdef using Guid(0d8beb7f090555447a6cf5ce9e54dbb4) Importer(2089858483,0ecaa5967403d082aa24f35e1b516d23) [PhysX] Initialized MultithreadedTaskDispatcher with 8 workers.
 -> (artifact id: '2d2afade06a0cdbbce9a1821d31c5057') in 0.028066 seconds
Number of updated asset objects reloaded before import = 0
Number of asset objects unloaded after import = 1
========================================================================
Received Import Request.
  Time since last request: 0.003258 seconds.
  path: Assets/TestTask_MobileGame/Assets/TextMesh Pro/Shaders/TMP_Bitmap-Custom-Atlas.shader
  artifactKey: Guid(48bb5f55d8670e349b6e614913f9d910) Importer(2089858483,0ecaa5967403d082aa24f35e1b516d23)
Start importing Assets/TestTask_MobileGame/Assets/TextMesh Pro/Shaders/TMP_Bitmap-Custom-Atlas.shader using Guid(48bb5f55d8670e349b6e614913f9d910) Importer(2089858483,0ecaa5967403d082aa24f35e1b516d23) [PhysX] Initialized MultithreadedTaskDispatcher with 8 workers.
 -> (artifact id: 'c2f8ca8866cd3a54ffc4399968af0043') in 0.024415 seconds
Number of updated asset objects reloaded before import = 0
Number of asset objects unloaded after import = 1
========================================================================
Received Import Request.
  Time since last request: 0.000861 seconds.
  path: Assets/TestTask_MobileGame/Assets/TextMesh Pro/Shaders/TMP_SDF-Mobile Overlay.shader
  artifactKey: Guid(a02a7d8c237544f1962732b55a9aebf1) Importer(2089858483,0ecaa5967403d082aa24f35e1b516d23)
Start importing Assets/TestTask_MobileGame/Assets/TextMesh Pro/Shaders/TMP_SDF-Mobile Overlay.shader using Guid(a02a7d8c237544f1962732b55a9aebf1) Importer(2089858483,0ecaa5967403d082aa24f35e1b516d23) [PhysX] Initialized MultithreadedTaskDispatcher with 8 workers.
 -> (artifact id: 'c7dea3cbb1d712d4471a663b759378e6') in 0.024238 seconds
Number of updated asset objects reloaded before import = 0
Number of asset objects unloaded after import = 1
========================================================================
Received Import Request.
  Time since last request: 0.001088 seconds.
  path: Assets/TestTask_MobileGame/Assets/Plugins/UniRx/Scripts/Pair.cs
  artifactKey: Guid(7947c520dfd9de94bb381e45dc105752) Importer(2089858483,0ecaa5967403d082aa24f35e1b516d23)
Start importing Assets/TestTask_MobileGame/Assets/Plugins/UniRx/Scripts/Pair.cs using Guid(7947c520dfd9de94bb381e45dc105752) Importer(2089858483,0ecaa5967403d082aa24f35e1b516d23) [PhysX] Initialized MultithreadedTaskDispatcher with 8 workers.
 -> (artifact id: '6d90a4efa4b792c3b32741b10609b256') in 0.016935 seconds
Number of updated asset objects reloaded before import = 0
Number of asset objects unloaded after import = 1
========================================================================
Received Import Request.
  Time since last request: 0.000029 seconds.
  path: Assets/TestTask_MobileGame/Assets/Plugins/UniRx/Scripts/Observable.Concurrency.cs
  artifactKey: Guid(a31d38ad13dc4644180647afc28c6045) Importer(2089858483,0ecaa5967403d082aa24f35e1b516d23)
Start importing Assets/TestTask_MobileGame/Assets/Plugins/UniRx/Scripts/Observable.Concurrency.cs using Guid(a31d38ad13dc4644180647afc28c6045) Importer(2089858483,0ecaa5967403d082aa24f35e1b516d23) [PhysX] Initialized MultithreadedTaskDispatcher with 8 workers.
 -> (artifact id: '55a3ee0682acb27aaa6c924a3e39027f') in 0.011226 seconds
Number of updated asset objects reloaded before import = 0
Number of asset objects unloaded after import = 1
========================================================================
Received Import Request.
  Time since last request: 0.000030 seconds.
  path: Assets/TestTask_MobileGame/Assets/TextMesh Pro/Shaders/TMPro_Surface.cginc
  artifactKey: Guid(d930090c0cd643c7b55f19a38538c162) Importer(2089858483,0ecaa5967403d082aa24f35e1b516d23)
Start importing Assets/TestTask_MobileGame/Assets/TextMesh Pro/Shaders/TMPro_Surface.cginc using Guid(d930090c0cd643c7b55f19a38538c162) Importer(2089858483,0ecaa5967403d082aa24f35e1b516d23) [PhysX] Initialized MultithreadedTaskDispatcher with 8 workers.
 -> (artifact id: 'c8737063947bf99fdf415a41e96febb3') in 0.010739 seconds
Number of updated asset objects reloaded before import = 0
Number of asset objects unloaded after import = 1
========================================================================
Received Import Request.
  Time since last request: 0.000029 seconds.
  path: Assets/TestTask_MobileGame/Assets/TextMesh Pro/Shaders/TMP_SDF-Mobile.shader
  artifactKey: Guid(fe393ace9b354375a9cb14cdbbc28be4) Importer(2089858483,0ecaa5967403d082aa24f35e1b516d23)
Start importing Assets/TestTask_MobileGame/Assets/TextMesh Pro/Shaders/TMP_SDF-Mobile.shader using Guid(fe393ace9b354375a9cb14cdbbc28be4) Importer(2089858483,0ecaa5967403d082aa24f35e1b516d23) [PhysX] Initialized MultithreadedTaskDispatcher with 8 workers.
 -> (artifact id: '4433dfa463a604421f6fc25912c06920') in 0.032219 seconds
Number of updated asset objects reloaded before import = 0
Number of asset objects unloaded after import = 1
========================================================================
Received Import Request.
  Time since last request: 0.000691 seconds.
  path: Assets/TestTask_MobileGame/Assets/Plugins/UniRx/Scripts/Observable.Binding.cs
  artifactKey: Guid(bb11a562e64264645b76ad3a8d15d966) Importer(2089858483,0ecaa5967403d082aa24f35e1b516d23)
Start importing Assets/TestTask_MobileGame/Assets/Plugins/UniRx/Scripts/Observable.Binding.cs using Guid(bb11a562e64264645b76ad3a8d15d966) Importer(2089858483,0ecaa5967403d082aa24f35e1b516d23) [PhysX] Initialized MultithreadedTaskDispatcher with 8 workers.
 -> (artifact id: '6f6637ac9f3931d0411fee7a2b529416') in 0.011409 seconds
Number of updated asset objects reloaded before import = 0
Number of asset objects unloaded after import = 1
========================================================================
Received Import Request.
  Time since last request: 0.000033 seconds.
  path: Assets/TestTask_MobileGame/Assets/Plugins/UniRx/Scripts/Observable.Paging.cs
  artifactKey: Guid(f4c9428bf00006d408fcfe4c514ee798) Importer(2089858483,0ecaa5967403d082aa24f35e1b516d23)
Start importing Assets/TestTask_MobileGame/Assets/Plugins/UniRx/Scripts/Observable.Paging.cs using Guid(f4c9428bf00006d408fcfe4c514ee798) Importer(2089858483,0ecaa5967403d082aa24f35e1b516d23) [PhysX] Initialized MultithreadedTaskDispatcher with 8 workers.
 -> (artifact id: 'd81d310d9e7dad708855639760c370ea') in 0.015634 seconds
Number of updated asset objects reloaded before import = 0
Number of asset objects unloaded after import = 1
========================================================================
Received Import Request.
  Time since last request: 0.000031 seconds.
  path: Assets/TestTask_MobileGame/Assets/Plugins/UniRx/Scripts/Notification.cs
  artifactKey: Guid(169d02559aa6b3e459fbae10f2acecd8) Importer(2089858483,0ecaa5967403d082aa24f35e1b516d23)
Start importing Assets/TestTask_MobileGame/Assets/Plugins/UniRx/Scripts/Notification.cs using Guid(169d02559aa6b3e459fbae10f2acecd8) Importer(2089858483,0ecaa5967403d082aa24f35e1b516d23) [PhysX] Initialized MultithreadedTaskDispatcher with 8 workers.
 -> (artifact id: 'cb449f6f1a36db4465c6871711cbffcf') in 0.015049 seconds
Number of updated asset objects reloaded before import = 0
Number of asset objects unloaded after import = 1
========================================================================
Received Import Request.
  Time since last request: 0.000048 seconds.
  path: Assets/TestTask_MobileGame/Assets/Plugins/UniRx/Scripts/Observable.Joins.cs
  artifactKey: Guid(dd92425c6c6dec24e9e52677cbc36aa0) Importer(2089858483,0ecaa5967403d082aa24f35e1b516d23)
Start importing Assets/TestTask_MobileGame/Assets/Plugins/UniRx/Scripts/Observable.Joins.cs using Guid(dd92425c6c6dec24e9e52677cbc36aa0) Importer(2089858483,0ecaa5967403d082aa24f35e1b516d23) [PhysX] Initialized MultithreadedTaskDispatcher with 8 workers.
 -> (artifact id: 'cd7ed28fd6457b3c8bb2e6653cb4ebf0') in 0.015184 seconds
Number of updated asset objects reloaded before import = 0
Number of asset objects unloaded after import = 1
========================================================================
Received Import Request.
  Time since last request: 0.000041 seconds.
  path: Assets/TestTask_MobileGame/Assets/Plugins/UniRx/Examples/Sample08_DetectDoubleClick.cs
  artifactKey: Guid(eb801bbfb1ffcd64389e90c8f2435b79) Importer(2089858483,0ecaa5967403d082aa24f35e1b516d23)
Start importing Assets/TestTask_MobileGame/Assets/Plugins/UniRx/Examples/Sample08_DetectDoubleClick.cs using Guid(eb801bbfb1ffcd64389e90c8f2435b79) Importer(2089858483,0ecaa5967403d082aa24f35e1b516d23) [PhysX] Initialized MultithreadedTaskDispatcher with 8 workers.
 -> (artifact id: 'f21d2fec2f30edcef850f8d4bf25e91e') in 0.024888 seconds
Number of updated asset objects reloaded before import = 0
Number of asset objects unloaded after import = 1
========================================================================
Received Import Request.
  Time since last request: 0.000038 seconds.
  path: Assets/TestTask_MobileGame/Assets/Plugins/Zenject/OptionalExtras/SampleGame2 (Advanced)/Media/Prefabs/Enemy.prefab
  artifactKey: Guid(55f63c48150ecbb469e095dbde67c6e9) Importer(2089858483,3d70f49cd1c2eb9ae422958d1c652c6b)
Start importing Assets/TestTask_MobileGame/Assets/Plugins/Zenject/OptionalExtras/SampleGame2 (Advanced)/Media/Prefabs/Enemy.prefab using Guid(55f63c48150ecbb469e095dbde67c6e9) Importer(2089858483,3d70f49cd1c2eb9ae422958d1c652c6b) [PhysX] Initialized MultithreadedTaskDispatcher with 8 workers.
 -> (artifact id: '92197bd4f1abcb48bada1c37c980741f') in 0.015284 seconds
Number of updated asset objects reloaded before import = 0
Number of asset objects unloaded after import = 13
========================================================================
Received Import Request.
  Time since last request: 0.000033 seconds.
  path: Assets/TestTask_MobileGame/Assets/TextMesh Pro/Shaders/TMP_Sprite.shader
  artifactKey: Guid(cf81c85f95fe47e1a27f6ae460cf182c) Importer(2089858483,0ecaa5967403d082aa24f35e1b516d23)
Start importing Assets/TestTask_MobileGame/Assets/TextMesh Pro/Shaders/TMP_Sprite.shader using Guid(cf81c85f95fe47e1a27f6ae460cf182c) Importer(2089858483,0ecaa5967403d082aa24f35e1b516d23) [PhysX] Initialized MultithreadedTaskDispatcher with 8 workers.
 -> (artifact id: '31d999edc6c58c4a4673d9dfb423ee16') in 0.022652 seconds
Number of updated asset objects reloaded before import = 0
Number of asset objects unloaded after import = 1
========================================================================
Received Import Request.
  Time since last request: 0.000029 seconds.
  path: Assets/TestTask_MobileGame/ProjectSettings/GraphicsSettings.asset
  artifactKey: Guid(e75635ab48db8b84196406bcedc39c50) Importer(2089858483,0ecaa5967403d082aa24f35e1b516d23)
Start importing Assets/TestTask_MobileGame/ProjectSettings/GraphicsSettings.asset using Guid(e75635ab48db8b84196406bcedc39c50) Importer(2089858483,0ecaa5967403d082aa24f35e1b516d23) [PhysX] Initialized MultithreadedTaskDispatcher with 8 workers.
 -> (artifact id: '0536f05643b638b3605a099c70fc9861') in 0.011281 seconds
Number of updated asset objects reloaded before import = 0
Number of asset objects unloaded after import = 1
========================================================================
Received Import Request.
  Time since last request: 0.000030 seconds.
  path: Assets/TestTask_MobileGame/Assets/Scenes/SampleScene.unity
  artifactKey: Guid(2cda990e2423bbf4892e6590ba056729) Importer(2089858483,3d70f49cd1c2eb9ae422958d1c652c6b)
Start importing Assets/TestTask_MobileGame/Assets/Scenes/SampleScene.unity using Guid(2cda990e2423bbf4892e6590ba056729) Importer(2089858483,3d70f49cd1c2eb9ae422958d1c652c6b) [PhysX] Initialized MultithreadedTaskDispatcher with 8 workers.
Opening scene 'Assets/TestTask_MobileGame/Assets/Scenes/SampleScene.unity additively'
Loaded scene 'Assets/TestTask_MobileGame/Assets/Scenes/SampleScene.unity'
	Deserialize:            1.501 ms
	Integration:            2.266 ms
	Integration of assets:  0.004 ms
	Thread Wait Time:       0.015 ms
	Total Operation Time:   3.786 ms
 -> (artifact id: 'fb7590dff6b69cc75cd15aa72214f17e') in 0.028661 seconds
Number of updated asset objects reloaded before import = 0
Number of asset objects unloaded after import = 1
========================================================================
Received Import Request.
  Time since last request: 0.000034 seconds.
  path: Assets/TestTask_MobileGame/ProjectSettings/MemorySettings.asset
  artifactKey: Guid(92c55490eadefe7409276f401f1e24af) Importer(2089858483,0ecaa5967403d082aa24f35e1b516d23)
Start importing Assets/TestTask_MobileGame/ProjectSettings/MemorySettings.asset using Guid(92c55490eadefe7409276f401f1e24af) Importer(2089858483,0ecaa5967403d082aa24f35e1b516d23) [PhysX] Initialized MultithreadedTaskDispatcher with 8 workers.
 -> (artifact id: '86bb716e6aae90b2f5afd70b68ac5c2c') in 0.009407 seconds
Number of updated asset objects reloaded before import = 0
Number of asset objects unloaded after import = 1
========================================================================
Received Import Request.
  Time since last request: 0.000041 seconds.
  path: Assets/PolyOne/Free Modular Terrain/Model/SM_Grass_v4_02.fbx
  artifactKey: Guid(f3b276625743c124e88ea38caf1a95e0) Importer(2089858483,0ecaa5967403d082aa24f35e1b516d23)
Start importing Assets/PolyOne/Free Modular Terrain/Model/SM_Grass_v4_02.fbx using Guid(f3b276625743c124e88ea38caf1a95e0) Importer(2089858483,0ecaa5967403d082aa24f35e1b516d23) [PhysX] Initialized MultithreadedTaskDispatcher with 8 workers.
 -> (artifact id: 'ded31850a9e621130f02c439c2356e04') in 0.043054 seconds
Number of updated asset objects reloaded before import = 0
Number of asset objects unloaded after import = 7
========================================================================
Received Import Request.
  Time since last request: 0.000031 seconds.
  path: Assets/TestTask_MobileGame/Assets/Plugins/UniRx/Scripts/Observable.Concatenate.cs
  artifactKey: Guid(18c56bbfaaeedf445874f4246d42b509) Importer(2089858483,0ecaa5967403d082aa24f35e1b516d23)
Start importing Assets/TestTask_MobileGame/Assets/Plugins/UniRx/Scripts/Observable.Concatenate.cs using Guid(18c56bbfaaeedf445874f4246d42b509) Importer(2089858483,0ecaa5967403d082aa24f35e1b516d23) [PhysX] Initialized MultithreadedTaskDispatcher with 8 workers.
 -> (artifact id: '6eb54f5c7ee552cbc1c165a9da474eac') in 0.018497 seconds
Number of updated asset objects reloaded before import = 0
Number of asset objects unloaded after import = 1
========================================================================
Received Import Request.
  Time since last request: 0.000080 seconds.
  path: Assets/TestTask_MobileGame/ProjectSettings/ProjectSettings.asset
  artifactKey: Guid(d3281c86039db5e4090d0b82848c3294) Importer(2089858483,3d70f49cd1c2eb9ae422958d1c652c6b)
Start importing Assets/TestTask_MobileGame/ProjectSettings/ProjectSettings.asset using Guid(d3281c86039db5e4090d0b82848c3294) Importer(2089858483,3d70f49cd1c2eb9ae422958d1c652c6b) [PhysX] Initialized MultithreadedTaskDispatcher with 8 workers.
 -> (artifact id: '428847e5eeddfbea05eaed93b07226f3') in 0.008760 seconds
Number of updated asset objects reloaded before import = 0
Number of asset objects unloaded after import = 0
========================================================================
Received Import Request.
  Time since last request: 0.000691 seconds.
  path: Assets/TestTask_MobileGame/Assets/Plugins/Zenject/OptionalExtras/SampleGame1 (Beginner)/Asteroids.unity
  artifactKey: Guid(1fbbab4d6f8dcbd4eb46075a8f4a68e4) Importer(2089858483,3d70f49cd1c2eb9ae422958d1c652c6b)
Start importing Assets/TestTask_MobileGame/Assets/Plugins/Zenject/OptionalExtras/SampleGame1 (Beginner)/Asteroids.unity using Guid(1fbbab4d6f8dcbd4eb46075a8f4a68e4) Importer(2089858483,3d70f49cd1c2eb9ae422958d1c652c6b) [PhysX] Initialized MultithreadedTaskDispatcher with 8 workers.
Opening scene 'Assets/TestTask_MobileGame/Assets/Plugins/Zenject/OptionalExtras/SampleGame1 (Beginner)/Asteroids.unity additively'
LightingSettings: switching bake backend from 1 to 0.
Loaded scene 'Assets/TestTask_MobileGame/Assets/Plugins/Zenject/OptionalExtras/SampleGame1 (Beginner)/Asteroids.unity'
	Deserialize:            38.231 ms
	Integration:            9.726 ms
	Integration of assets:  2.498 ms
	Thread Wait Time:       0.011 ms
	Total Operation Time:   50.466 ms
 -> (artifact id: 'f1724ceca71bde54a52c8e638715a269') in 0.498437 seconds
Number of updated asset objects reloaded before import = 0
Number of asset objects unloaded after import = 75
========================================================================
Received Import Request.
  Time since last request: 0.000083 seconds.
  path: Assets/TestTask_MobileGame/Assets/Scripts/Presenters/Menu/MainMenuPresenter.cs
  artifactKey: Guid(8f35abc776bc432588137dd868fdd603) Importer(2089858483,0ecaa5967403d082aa24f35e1b516d23)
Start importing Assets/TestTask_MobileGame/Assets/Scripts/Presenters/Menu/MainMenuPresenter.cs using Guid(8f35abc776bc432588137dd868fdd603) Importer(2089858483,0ecaa5967403d082aa24f35e1b516d23) [PhysX] Initialized MultithreadedTaskDispatcher with 8 workers.
 -> (artifact id: '54d0b92aeec59c4ca1fbbfa47053b635') in 0.013322 seconds
Number of updated asset objects reloaded before import = 0
Number of asset objects unloaded after import = 1
========================================================================
Received Import Request.
  Time since last request: 0.000552 seconds.
  path: Assets/TestTask_MobileGame/Assets/Scripts/Messages/Input/SetInputActiveStateMessage.cs
  artifactKey: Guid(c017f4b5f6344cf898a45576d7fed3ac) Importer(2089858483,0ecaa5967403d082aa24f35e1b516d23)
Start importing Assets/TestTask_MobileGame/Assets/Scripts/Messages/Input/SetInputActiveStateMessage.cs using Guid(c017f4b5f6344cf898a45576d7fed3ac) Importer(2089858483,0ecaa5967403d082aa24f35e1b516d23) [PhysX] Initialized MultithreadedTaskDispatcher with 8 workers.
 -> (artifact id: '394c0eae695a457fdc7ee16b104c4f1d') in 0.018664 seconds
Number of updated asset objects reloaded before import = 0
Number of asset objects unloaded after import = 1
========================================================================
Received Import Request.
  Time since last request: 0.000127 seconds.
  path: Assets/TestTask_MobileGame/Assets/Plugins/UniTask/Runtime/UniTaskSynchronizationContext.cs
  artifactKey: Guid(abf3aae9813db2849bce518f8596e920) Importer(2089858483,0ecaa5967403d082aa24f35e1b516d23)
Start importing Assets/TestTask_MobileGame/Assets/Plugins/UniTask/Runtime/UniTaskSynchronizationContext.cs using Guid(abf3aae9813db2849bce518f8596e920) Importer(2089858483,0ecaa5967403d082aa24f35e1b516d23) [PhysX] Initialized MultithreadedTaskDispatcher with 8 workers.
 -> (artifact id: '27e2c060c53e08b7a25bf32c3e3b9ba4') in 0.015871 seconds
Number of updated asset objects reloaded before import = 0
Number of asset objects unloaded after import = 1
========================================================================
Received Import Request.
  Time since last request: 0.001860 seconds.
  path: Assets/TestTask_MobileGame/Assets/Scripts/Core/Tweener/TweenFactory.cs
  artifactKey: Guid(985068580ab844d7aacc3eac01253080) Importer(2089858483,0ecaa5967403d082aa24f35e1b516d23)
Start importing Assets/TestTask_MobileGame/Assets/Scripts/Core/Tweener/TweenFactory.cs using Guid(985068580ab844d7aacc3eac01253080) Importer(2089858483,0ecaa5967403d082aa24f35e1b516d23) [PhysX] Initialized MultithreadedTaskDispatcher with 8 workers.
 -> (artifact id: '857f04b8b9dc633180f7f65896743cdb') in 0.024398 seconds
Number of updated asset objects reloaded before import = 0
Number of asset objects unloaded after import = 1
========================================================================
Received Import Request.
  Time since last request: 0.000044 seconds.
  path: Assets/TestTask_MobileGame/Assets/Plugins/UniTask/Runtime/UniTask.WaitUntil.cs
  artifactKey: Guid(87c9c533491903a4288536b5ac173db8) Importer(2089858483,0ecaa5967403d082aa24f35e1b516d23)
Start importing Assets/TestTask_MobileGame/Assets/Plugins/UniTask/Runtime/UniTask.WaitUntil.cs using Guid(87c9c533491903a4288536b5ac173db8) Importer(2089858483,0ecaa5967403d082aa24f35e1b516d23) [PhysX] Initialized MultithreadedTaskDispatcher with 8 workers.
 -> (artifact id: 'd7aed2a3a19b7c16d6c78da9414f5bca') in 0.010973 seconds
Number of updated asset objects reloaded before import = 0
Number of asset objects unloaded after import = 1
========================================================================
Received Import Request.
  Time since last request: 0.000032 seconds.
  path: Assets/TestTask_MobileGame/Assets/Scripts/Core/Pools/GameObjectPool.cs
  artifactKey: Guid(1c3f5dcfc0724e1bb98d311a37b2aec6) Importer(2089858483,0ecaa5967403d082aa24f35e1b516d23)
Start importing Assets/TestTask_MobileGame/Assets/Scripts/Core/Pools/GameObjectPool.cs using Guid(1c3f5dcfc0724e1bb98d311a37b2aec6) Importer(2089858483,0ecaa5967403d082aa24f35e1b516d23) [PhysX] Initialized MultithreadedTaskDispatcher with 8 workers.
 -> (artifact id: '11b2321ac9875636d7833a86a9884916') in 0.030939 seconds
Number of updated asset objects reloaded before import = 0
Number of asset objects unloaded after import = 1
========================================================================
Received Import Request.
  Time since last request: 0.000029 seconds.
  path: Assets/TestTask_MobileGame/Assets/Plugins/UniTask/Runtime/UnityAsyncExtensions.MonoBehaviour.cs
  artifactKey: Guid(2edd588bb09eb0a4695d039d6a1f02b2) Importer(2089858483,0ecaa5967403d082aa24f35e1b516d23)
Start importing Assets/TestTask_MobileGame/Assets/Plugins/UniTask/Runtime/UnityAsyncExtensions.MonoBehaviour.cs using Guid(2edd588bb09eb0a4695d039d6a1f02b2) Importer(2089858483,0ecaa5967403d082aa24f35e1b516d23) [PhysX] Initialized MultithreadedTaskDispatcher with 8 workers.
 -> (artifact id: '3851495a78bc00046d86ec81dba0bae6') in 0.025220 seconds
Number of updated asset objects reloaded before import = 0
Number of asset objects unloaded after import = 1
========================================================================
Received Import Request.
  Time since last request: 0.002798 seconds.
  path: Assets/TestTask_MobileGame/Assets/Plugins/UniTask/Runtime/MoveNextSource.cs
  artifactKey: Guid(dc4c5dc2a5f246e4f8df44cab735826c) Importer(2089858483,0ecaa5967403d082aa24f35e1b516d23)
Start importing Assets/TestTask_MobileGame/Assets/Plugins/UniTask/Runtime/MoveNextSource.cs using Guid(dc4c5dc2a5f246e4f8df44cab735826c) Importer(2089858483,0ecaa5967403d082aa24f35e1b516d23) [PhysX] Initialized MultithreadedTaskDispatcher with 8 workers.
 -> (artifact id: 'df519e1a5020e31a12b73610e4805b4c') in 0.015023 seconds
Number of updated asset objects reloaded before import = 0
Number of asset objects unloaded after import = 1
========================================================================
Received Import Request.
  Time since last request: 0.223531 seconds.
  path: Assets/TestTask_MobileGame/Assets/Plugins/UniRx/Scripts/InternalUtil/ExceptionExtensions.cs
  artifactKey: Guid(94d5d10805124b34c8b488ebf3f893eb) Importer(2089858483,0ecaa5967403d082aa24f35e1b516d23)
Start importing Assets/TestTask_MobileGame/Assets/Plugins/UniRx/Scripts/InternalUtil/ExceptionExtensions.cs using Guid(94d5d10805124b34c8b488ebf3f893eb) Importer(2089858483,0ecaa5967403d082aa24f35e1b516d23) [PhysX] Initialized MultithreadedTaskDispatcher with 8 workers.
 -> (artifact id: 'da4edbb446657636122e67181b1db720') in 0.036915 seconds
Number of updated asset objects reloaded before import = 0
Number of asset objects unloaded after import = 1
========================================================================
Received Import Request.
  Time since last request: 0.000317 seconds.
  path: Assets/TestTask_MobileGame/Assets/Plugins/UniRx/Scripts/Notifiers/CountNotifier.cs
  artifactKey: Guid(503af1c1dc279164e83011be5110633e) Importer(2089858483,0ecaa5967403d082aa24f35e1b516d23)
Start importing Assets/TestTask_MobileGame/Assets/Plugins/UniRx/Scripts/Notifiers/CountNotifier.cs using Guid(503af1c1dc279164e83011be5110633e) Importer(2089858483,0ecaa5967403d082aa24f35e1b516d23) [PhysX] Initialized MultithreadedTaskDispatcher with 8 workers.
 -> (artifact id: '31f8a58329eff2028bb49c36dc3035c4') in 0.064423 seconds
Number of updated asset objects reloaded before import = 0
Number of asset objects unloaded after import = 1
========================================================================
Received Import Request.
  Time since last request: 0.001495 seconds.
  path: Assets/TestTask_MobileGame/Assets/Plugins/UniRx/Scripts/UnityEngineBridge/AsyncOperationExtensions.cs
  artifactKey: Guid(245d77a29b1ece34e96bfc80f8c825d8) Importer(2089858483,0ecaa5967403d082aa24f35e1b516d23)
Start importing Assets/TestTask_MobileGame/Assets/Plugins/UniRx/Scripts/UnityEngineBridge/AsyncOperationExtensions.cs using Guid(245d77a29b1ece34e96bfc80f8c825d8) Importer(2089858483,0ecaa5967403d082aa24f35e1b516d23) [PhysX] Initialized MultithreadedTaskDispatcher with 8 workers.
 -> (artifact id: 'd94a65e1a1fb68e0cfaec575dd40a3b7') in 0.018038 seconds
Number of updated asset objects reloaded before import = 0
Number of asset objects unloaded after import = 1
========================================================================
Received Import Request.
  Time since last request: 0.004243 seconds.
  path: Assets/TestTask_MobileGame/Assets/Plugins/UniRx/Scripts/Operators/Select.cs
  artifactKey: Guid(997e36ad7b02b804ea1f03d05e60bed5) Importer(2089858483,0ecaa5967403d082aa24f35e1b516d23)
Start importing Assets/TestTask_MobileGame/Assets/Plugins/UniRx/Scripts/Operators/Select.cs using Guid(997e36ad7b02b804ea1f03d05e60bed5) Importer(2089858483,0ecaa5967403d082aa24f35e1b516d23) [PhysX] Initialized MultithreadedTaskDispatcher with 8 workers.
 -> (artifact id: '95d011083b4cf143641b07298eda5153') in 0.024778 seconds
Number of updated asset objects reloaded before import = 0
Number of asset objects unloaded after import = 1
========================================================================
Received Import Request.
  Time since last request: 0.000478 seconds.
  path: Assets/TestTask_MobileGame/Assets/Plugins/UniRx/Scripts/InternalUtil/ThreadSafeQueueWorker.cs
  artifactKey: Guid(768cbfcbe2a8e704a8953eea28cd33df) Importer(2089858483,0ecaa5967403d082aa24f35e1b516d23)
Start importing Assets/TestTask_MobileGame/Assets/Plugins/UniRx/Scripts/InternalUtil/ThreadSafeQueueWorker.cs using Guid(768cbfcbe2a8e704a8953eea28cd33df) Importer(2089858483,0ecaa5967403d082aa24f35e1b516d23) [PhysX] Initialized MultithreadedTaskDispatcher with 8 workers.
 -> (artifact id: 'd27896dfb976c57fd56ffacd13272eb8') in 0.017978 seconds
Number of updated asset objects reloaded before import = 0
Number of asset objects unloaded after import = 1
========================================================================
Received Import Request.
  Time since last request: 0.000031 seconds.
  path: Assets/TestTask_MobileGame/Assets/Plugins/UniRx/Scripts/Notifiers/MessageBroker.cs
  artifactKey: Guid(9dc5e3c48d083d4418ab67287f050267) Importer(2089858483,0ecaa5967403d082aa24f35e1b516d23)
Start importing Assets/TestTask_MobileGame/Assets/Plugins/UniRx/Scripts/Notifiers/MessageBroker.cs using Guid(9dc5e3c48d083d4418ab67287f050267) Importer(2089858483,0ecaa5967403d082aa24f35e1b516d23) [PhysX] Initialized MultithreadedTaskDispatcher with 8 workers.
 -> (artifact id: 'd7495a036343ff0920f72d35520aaead') in 0.048370 seconds
Number of updated asset objects reloaded before import = 0
Number of asset objects unloaded after import = 1
========================================================================
Received Import Request.
  Time since last request: 0.000663 seconds.
  path: Assets/TestTask_MobileGame/Assets/Plugins/UniRx/Scripts/Operators/Skip.cs
  artifactKey: Guid(1ffcb45c02e14e94bb37c6513b04bb7c) Importer(2089858483,0ecaa5967403d082aa24f35e1b516d23)
Start importing Assets/TestTask_MobileGame/Assets/Plugins/UniRx/Scripts/Operators/Skip.cs using Guid(1ffcb45c02e14e94bb37c6513b04bb7c) Importer(2089858483,0ecaa5967403d082aa24f35e1b516d23) [PhysX] Initialized MultithreadedTaskDispatcher with 8 workers.
 -> (artifact id: '68c5190b5b8ec04f2808715b2bebfce9') in 0.010125 seconds
Number of updated asset objects reloaded before import = 0
Number of asset objects unloaded after import = 1
========================================================================
Received Import Request.
  Time since last request: 0.000029 seconds.
  path: Assets/TestTask_MobileGame/Assets/Plugins/UniRx/Scripts/Operators/DistinctUntilChanged.cs
  artifactKey: Guid(a09c4b58f60c22342871c30eaf589f6c) Importer(2089858483,0ecaa5967403d082aa24f35e1b516d23)
Start importing Assets/TestTask_MobileGame/Assets/Plugins/UniRx/Scripts/Operators/DistinctUntilChanged.cs using Guid(a09c4b58f60c22342871c30eaf589f6c) Importer(2089858483,0ecaa5967403d082aa24f35e1b516d23) [PhysX] Initialized MultithreadedTaskDispatcher with 8 workers.
 -> (artifact id: 'ef29ab89978cf9139e8baa01ed3de7a2') in 0.019557 seconds
Number of updated asset objects reloaded before import = 0
Number of asset objects unloaded after import = 1
========================================================================
Received Import Request.
  Time since last request: 0.001213 seconds.
  path: Assets/TestTask_MobileGame/Assets/Plugins/UniTask/Runtime/Internal/PooledDelegate.cs
  artifactKey: Guid(8932579438742fa40b010edd412dbfba) Importer(2089858483,0ecaa5967403d082aa24f35e1b516d23)
Start importing Assets/TestTask_MobileGame/Assets/Plugins/UniTask/Runtime/Internal/PooledDelegate.cs using Guid(8932579438742fa40b010edd412dbfba) Importer(2089858483,0ecaa5967403d082aa24f35e1b516d23) [PhysX] Initialized MultithreadedTaskDispatcher with 8 workers.
 -> (artifact id: '393b5253de5b245c6a8e0fd77c1fcbe3') in 0.025972 seconds
Number of updated asset objects reloaded before import = 0
Number of asset objects unloaded after import = 1
========================================================================
Received Import Request.
  Time since last request: 0.000028 seconds.
  path: Assets/TestTask_MobileGame/Assets/Plugins/UniRx/Scripts/Operators/ToList.cs
  artifactKey: Guid(cee1b9300a644c9458346c1f80f64197) Importer(2089858483,0ecaa5967403d082aa24f35e1b516d23)
Start importing Assets/TestTask_MobileGame/Assets/Plugins/UniRx/Scripts/Operators/ToList.cs using Guid(cee1b9300a644c9458346c1f80f64197) Importer(2089858483,0ecaa5967403d082aa24f35e1b516d23) [PhysX] Initialized MultithreadedTaskDispatcher with 8 workers.
 -> (artifact id: '9c350964b24b70fad0ca7ec251946fbf') in 0.013196 seconds
Number of updated asset objects reloaded before import = 0
Number of asset objects unloaded after import = 1
========================================================================
Received Import Request.
  Time since last request: 0.000034 seconds.
  path: Assets/TestTask_MobileGame/Assets/Plugins/UniRx/Scripts/UnityEngineBridge/Observable.Unity.cs
  artifactKey: Guid(c6ef0a186b9ceaf41af7f2a9f4006216) Importer(2089858483,0ecaa5967403d082aa24f35e1b516d23)
Start importing Assets/TestTask_MobileGame/Assets/Plugins/UniRx/Scripts/UnityEngineBridge/Observable.Unity.cs using Guid(c6ef0a186b9ceaf41af7f2a9f4006216) Importer(2089858483,0ecaa5967403d082aa24f35e1b516d23) [PhysX] Initialized MultithreadedTaskDispatcher with 8 workers.
 -> (artifact id: '1dd693959424fba7b19f90ca040c1c1a') in 0.018292 seconds
Number of updated asset objects reloaded before import = 0
Number of asset objects unloaded after import = 1
========================================================================
Received Import Request.
  Time since last request: 0.000035 seconds.
  path: Assets/TestTask_MobileGame/Assets/Plugins/UniRx/Scripts/Operators/Buffer.cs
  artifactKey: Guid(4137aec9640d3ea41a740d677026aa8c) Importer(2089858483,0ecaa5967403d082aa24f35e1b516d23)
Start importing Assets/TestTask_MobileGame/Assets/Plugins/UniRx/Scripts/Operators/Buffer.cs using Guid(4137aec9640d3ea41a740d677026aa8c) Importer(2089858483,0ecaa5967403d082aa24f35e1b516d23) [PhysX] Initialized MultithreadedTaskDispatcher with 8 workers.
 -> (artifact id: '2bfc4dfb1ca1d7645255f75dc6596670') in 0.031834 seconds
Number of updated asset objects reloaded before import = 0
Number of asset objects unloaded after import = 1
========================================================================
Received Import Request.
  Time since last request: 0.000036 seconds.
  path: Assets/TestTask_MobileGame/Assets/Plugins/UniRx/Scripts/Operators/FromEvent.cs
  artifactKey: Guid(05fcc5083e94e704ca8f059e4e535ffa) Importer(2089858483,0ecaa5967403d082aa24f35e1b516d23)
Start importing Assets/TestTask_MobileGame/Assets/Plugins/UniRx/Scripts/Operators/FromEvent.cs using Guid(05fcc5083e94e704ca8f059e4e535ffa) Importer(2089858483,0ecaa5967403d082aa24f35e1b516d23) [PhysX] Initialized MultithreadedTaskDispatcher with 8 workers.
 -> (artifact id: 'f8e4cd6376f9549435c23d0fba6cee3a') in 0.010811 seconds
Number of updated asset objects reloaded before import = 0
Number of asset objects unloaded after import = 1
========================================================================
Received Import Request.
  Time since last request: 0.000034 seconds.
  path: Assets/TestTask_MobileGame/Assets/Plugins/UniRx/Scripts/Operators/ZipLatest.cs
  artifactKey: Guid(f84ea50040d682c43811d1d98ae7fec8) Importer(2089858483,0ecaa5967403d082aa24f35e1b516d23)
Start importing Assets/TestTask_MobileGame/Assets/Plugins/UniRx/Scripts/Operators/ZipLatest.cs using Guid(f84ea50040d682c43811d1d98ae7fec8) Importer(2089858483,0ecaa5967403d082aa24f35e1b516d23) [PhysX] Initialized MultithreadedTaskDispatcher with 8 workers.
 -> (artifact id: '730c6d7a098cd63400b70c32c72bed31') in 0.014214 seconds
Number of updated asset objects reloaded before import = 0
Number of asset objects unloaded after import = 1
========================================================================
Received Import Request.
  Time since last request: 0.000137 seconds.
  path: Assets/TestTask_MobileGame/Assets/Plugins/UniRx/Scripts/Operators/AsUnitObservable.cs
  artifactKey: Guid(236f5f407bf92c949844fcaf450af450) Importer(2089858483,0ecaa5967403d082aa24f35e1b516d23)
Start importing Assets/TestTask_MobileGame/Assets/Plugins/UniRx/Scripts/Operators/AsUnitObservable.cs using Guid(236f5f407bf92c949844fcaf450af450) Importer(2089858483,0ecaa5967403d082aa24f35e1b516d23) [PhysX] Initialized MultithreadedTaskDispatcher with 8 workers.
 -> (artifact id: 'e848c51094b8e5d6339ef245464f6e46') in 0.010032 seconds
Number of updated asset objects reloaded before import = 0
Number of asset objects unloaded after import = 1
========================================================================
Received Import Request.
  Time since last request: 0.000048 seconds.
  path: Assets/TestTask_MobileGame/Assets/Plugins/UniRx/Scripts/Operators/Sample.cs
  artifactKey: Guid(414e918f6a4dfc549b2a8c916a6325e1) Importer(2089858483,0ecaa5967403d082aa24f35e1b516d23)
Start importing Assets/TestTask_MobileGame/Assets/Plugins/UniRx/Scripts/Operators/Sample.cs using Guid(414e918f6a4dfc549b2a8c916a6325e1) Importer(2089858483,0ecaa5967403d082aa24f35e1b516d23) [PhysX] Initialized MultithreadedTaskDispatcher with 8 workers.
 -> (artifact id: '4a925e7d09ef94211f1d0fa9cc2907d9') in 0.155016 seconds
Number of updated asset objects reloaded before import = 0
Number of asset objects unloaded after import = 1
========================================================================
Received Import Request.
  Time since last request: 0.000869 seconds.
  path: Assets/TestTask_MobileGame/Assets/Plugins/UniTask/Runtime/Linq/Cast.cs
  artifactKey: Guid(edebeae8b61352b428abe9ce8f3fc71a) Importer(2089858483,0ecaa5967403d082aa24f35e1b516d23)
Start importing Assets/TestTask_MobileGame/Assets/Plugins/UniTask/Runtime/Linq/Cast.cs using Guid(edebeae8b61352b428abe9ce8f3fc71a) Importer(2089858483,0ecaa5967403d082aa24f35e1b516d23) [PhysX] Initialized MultithreadedTaskDispatcher with 8 workers.
 -> (artifact id: 'd5595c86d7b42f3a48d29d61ce94c4af') in 0.010224 seconds
Number of updated asset objects reloaded before import = 0
Number of asset objects unloaded after import = 1
========================================================================
Received Import Request.
  Time since last request: 0.000038 seconds.
  path: Assets/TestTask_MobileGame/Assets/Plugins/UniTask/Runtime/Linq/Join.cs
  artifactKey: Guid(dc4ff8cb6d7c9a64896f2f082124d6b3) Importer(2089858483,0ecaa5967403d082aa24f35e1b516d23)
Start importing Assets/TestTask_MobileGame/Assets/Plugins/UniTask/Runtime/Linq/Join.cs using Guid(dc4ff8cb6d7c9a64896f2f082124d6b3) Importer(2089858483,0ecaa5967403d082aa24f35e1b516d23) [PhysX] Initialized MultithreadedTaskDispatcher with 8 workers.
 -> (artifact id: 'dc4cefe5ec12e8aef94712eeb8109471') in 0.013376 seconds
Number of updated asset objects reloaded before import = 0
Number of asset objects unloaded after import = 1
========================================================================
Received Import Request.
  Time since last request: 0.000063 seconds.
  path: Assets/TestTask_MobileGame/Assets/Plugins/UniTask/Runtime/Linq/Contains.cs
  artifactKey: Guid(36ab06d30f3223048b4f676e05431a7f) Importer(2089858483,0ecaa5967403d082aa24f35e1b516d23)
Start importing Assets/TestTask_MobileGame/Assets/Plugins/UniTask/Runtime/Linq/Contains.cs using Guid(36ab06d30f3223048b4f676e05431a7f) Importer(2089858483,0ecaa5967403d082aa24f35e1b516d23) [PhysX] Initialized MultithreadedTaskDispatcher with 8 workers.
 -> (artifact id: '287fc03784da98faf9d99d65070d1629') in 0.013719 seconds
Number of updated asset objects reloaded before import = 0
Number of asset objects unloaded after import = 1
========================================================================
Received Import Request.
  Time since last request: 0.000029 seconds.
  path: Assets/TestTask_MobileGame/Assets/Plugins/UniTask/Runtime/Linq/ToObservable.cs
  artifactKey: Guid(b4f6f48a532188e4c80b7ebe69aea3a8) Importer(2089858483,0ecaa5967403d082aa24f35e1b516d23)
Start importing Assets/TestTask_MobileGame/Assets/Plugins/UniTask/Runtime/Linq/ToObservable.cs using Guid(b4f6f48a532188e4c80b7ebe69aea3a8) Importer(2089858483,0ecaa5967403d082aa24f35e1b516d23) [PhysX] Initialized MultithreadedTaskDispatcher with 8 workers.
 -> (artifact id: 'aed1dfe9bb1aa371dcd19591b4ab8f91') in 0.021322 seconds
Number of updated asset objects reloaded before import = 0
Number of asset objects unloaded after import = 1
========================================================================
Received Import Request.
  Time since last request: 0.000032 seconds.
  path: Assets/TestTask_MobileGame/Assets/Plugins/UniTask/Runtime/Linq/Do.cs
  artifactKey: Guid(dd83c8e12dedf75409b829b93146d130) Importer(2089858483,0ecaa5967403d082aa24f35e1b516d23)
Start importing Assets/TestTask_MobileGame/Assets/Plugins/UniTask/Runtime/Linq/Do.cs using Guid(dd83c8e12dedf75409b829b93146d130) Importer(2089858483,0ecaa5967403d082aa24f35e1b516d23) [PhysX] Initialized MultithreadedTaskDispatcher with 8 workers.
 -> (artifact id: '23c5df614f64160666100560eda259cc') in 0.012916 seconds
Number of updated asset objects reloaded before import = 0
Number of asset objects unloaded after import = 1
========================================================================
Received Import Request.
  Time since last request: 0.000187 seconds.
  path: Assets/TestTask_MobileGame/Assets/Plugins/UniTask/Runtime/Linq/SkipUntil.cs
  artifactKey: Guid(de932d79c8d9f3841a066d05ff29edc9) Importer(2089858483,0ecaa5967403d082aa24f35e1b516d23)
Start importing Assets/TestTask_MobileGame/Assets/Plugins/UniTask/Runtime/Linq/SkipUntil.cs using Guid(de932d79c8d9f3841a066d05ff29edc9) Importer(2089858483,0ecaa5967403d082aa24f35e1b516d23) [PhysX] Initialized MultithreadedTaskDispatcher with 8 workers.
 -> (artifact id: '8fbe2a0a599fb451cb2a4b52ff6ac0e9') in 0.009861 seconds
Number of updated asset objects reloaded before import = 0
Number of asset objects unloaded after import = 1
========================================================================
Received Import Request.
  Time since last request: 0.000034 seconds.
  path: Assets/TestTask_MobileGame/Assets/Plugins/Zenject/Source/Editor/ObjectGraphVisualizer.cs
  artifactKey: Guid(29f47f2a06418244e8fcbe27db1a0eea) Importer(2089858483,0ecaa5967403d082aa24f35e1b516d23)
Start importing Assets/TestTask_MobileGame/Assets/Plugins/Zenject/Source/Editor/ObjectGraphVisualizer.cs using Guid(29f47f2a06418244e8fcbe27db1a0eea) Importer(2089858483,0ecaa5967403d082aa24f35e1b516d23) [PhysX] Initialized MultithreadedTaskDispatcher with 8 workers.
 -> (artifact id: '9f794f2aea6e42277464eb50a47bc436') in 0.016359 seconds
Number of updated asset objects reloaded before import = 0
Number of asset objects unloaded after import = 1
========================================================================
Received Import Request.
  Time since last request: 0.000050 seconds.
  path: Assets/TestTask_MobileGame/Assets/Plugins/UniTask/Runtime/Linq/Except.cs
  artifactKey: Guid(38c1c4129f59dcb49a5b864eaf4ec63c) Importer(2089858483,0ecaa5967403d082aa24f35e1b516d23)
Start importing Assets/TestTask_MobileGame/Assets/Plugins/UniTask/Runtime/Linq/Except.cs using Guid(38c1c4129f59dcb49a5b864eaf4ec63c) Importer(2089858483,0ecaa5967403d082aa24f35e1b516d23) [PhysX] Initialized MultithreadedTaskDispatcher with 8 workers.
 -> (artifact id: '25f89a73f5ab3c300c0991f06a6523e3') in 0.015274 seconds
Number of updated asset objects reloaded before import = 0
Number of asset objects unloaded after import = 1
========================================================================
Received Import Request.
  Time since last request: 0.000065 seconds.
  path: Assets/TestTask_MobileGame/Assets/Plugins/Zenject/Source/Install/IInstaller.cs
  artifactKey: Guid(65a9d43edcbe33640989f12f980de5d1) Importer(2089858483,0ecaa5967403d082aa24f35e1b516d23)
Start importing Assets/TestTask_MobileGame/Assets/Plugins/Zenject/Source/Install/IInstaller.cs using Guid(65a9d43edcbe33640989f12f980de5d1) Importer(2089858483,0ecaa5967403d082aa24f35e1b516d23) [PhysX] Initialized MultithreadedTaskDispatcher with 8 workers.
 -> (artifact id: '0ba6ce5ba6d3ed84a9ec6f8d72ccd0e6') in 0.017843 seconds
Number of updated asset objects reloaded before import = 0
Number of asset objects unloaded after import = 1
========================================================================
Received Import Request.
  Time since last request: 0.000043 seconds.
  path: Assets/TestTask_MobileGame/Assets/Plugins/UniTask/Runtime/Triggers/AsyncAwakeTrigger.cs
  artifactKey: Guid(ef2840a2586894741a0ae211b8fd669b) Importer(2089858483,0ecaa5967403d082aa24f35e1b516d23)
Start importing Assets/TestTask_MobileGame/Assets/Plugins/UniTask/Runtime/Triggers/AsyncAwakeTrigger.cs using Guid(ef2840a2586894741a0ae211b8fd669b) Importer(2089858483,0ecaa5967403d082aa24f35e1b516d23) [PhysX] Initialized MultithreadedTaskDispatcher with 8 workers.
 -> (artifact id: '65d61bd0faf74e227914bd3223ac7b20') in 0.019861 seconds
Number of updated asset objects reloaded before import = 0
Number of asset objects unloaded after import = 1
========================================================================
Received Import Request.
  Time since last request: 0.000033 seconds.
  path: Assets/TestTask_MobileGame/Assets/Plugins/UniRx/Scripts/Operators/ForEachAsync.cs
  artifactKey: Guid(5b66ecd2e5290bc4eb8c78a1ccc2d009) Importer(2089858483,0ecaa5967403d082aa24f35e1b516d23)
Start importing Assets/TestTask_MobileGame/Assets/Plugins/UniRx/Scripts/Operators/ForEachAsync.cs using Guid(5b66ecd2e5290bc4eb8c78a1ccc2d009) Importer(2089858483,0ecaa5967403d082aa24f35e1b516d23) [PhysX] Initialized MultithreadedTaskDispatcher with 8 workers.
 -> (artifact id: 'afff8513dbd0a47671cf4740793ef68a') in 0.010617 seconds
Number of updated asset objects reloaded before import = 0
Number of asset objects unloaded after import = 1
========================================================================
Received Import Request.
  Time since last request: 0.000041 seconds.
  path: Assets/TestTask_MobileGame/Assets/Plugins/UniRx/Scripts/UnityEngineBridge/CancellationToken.cs
  artifactKey: Guid(e02a1bf45f8861048a6014cf7eab1825) Importer(2089858483,0ecaa5967403d082aa24f35e1b516d23)
Start importing Assets/TestTask_MobileGame/Assets/Plugins/UniRx/Scripts/UnityEngineBridge/CancellationToken.cs using Guid(e02a1bf45f8861048a6014cf7eab1825) Importer(2089858483,0ecaa5967403d082aa24f35e1b516d23) [PhysX] Initialized MultithreadedTaskDispatcher with 8 workers.
 -> (artifact id: 'c6266d8df4c1f62f82cc515c4725782c') in 0.011631 seconds
Number of updated asset objects reloaded before import = 0
Number of asset objects unloaded after import = 1
========================================================================
Received Import Request.
  Time since last request: 0.000032 seconds.
  path: Assets/TestTask_MobileGame/Assets/Plugins/Zenject/Source/Injection/InjectContext.cs
  artifactKey: Guid(2005ce29739317b48bcc3c06695da848) Importer(2089858483,0ecaa5967403d082aa24f35e1b516d23)
Start importing Assets/TestTask_MobileGame/Assets/Plugins/Zenject/Source/Injection/InjectContext.cs using Guid(2005ce29739317b48bcc3c06695da848) Importer(2089858483,0ecaa5967403d082aa24f35e1b516d23) [PhysX] Initialized MultithreadedTaskDispatcher with 8 workers.
 -> (artifact id: '3fa7bc5dcc3bc52d80424c52207fc5f3') in 0.018340 seconds
Number of updated asset objects reloaded before import = 0
Number of asset objects unloaded after import = 1
========================================================================
Received Import Request.
  Time since last request: 0.000030 seconds.
  path: Assets/TestTask_MobileGame/Assets/Plugins/UniTask/Runtime/Internal/RuntimeHelpersAbstraction.cs
  artifactKey: Guid(94975e4d4e0c0ea4ba787d3872ce9bb4) Importer(2089858483,0ecaa5967403d082aa24f35e1b516d23)
Start importing Assets/TestTask_MobileGame/Assets/Plugins/UniTask/Runtime/Internal/RuntimeHelpersAbstraction.cs using Guid(94975e4d4e0c0ea4ba787d3872ce9bb4) Importer(2089858483,0ecaa5967403d082aa24f35e1b516d23) [PhysX] Initialized MultithreadedTaskDispatcher with 8 workers.
 -> (artifact id: '84c707fc2a226d80caa22c91e2f80074') in 0.011280 seconds
Number of updated asset objects reloaded before import = 0
Number of asset objects unloaded after import = 1
========================================================================
Received Import Request.
  Time since last request: 0.000030 seconds.
  path: Assets/TestTask_MobileGame/Assets/Plugins/Zenject/Source/Main/ZenjectSettings.cs
  artifactKey: Guid(1581703805dca9046a9197095cbbf3d1) Importer(2089858483,0ecaa5967403d082aa24f35e1b516d23)
Start importing Assets/TestTask_MobileGame/Assets/Plugins/Zenject/Source/Main/ZenjectSettings.cs using Guid(1581703805dca9046a9197095cbbf3d1) Importer(2089858483,0ecaa5967403d082aa24f35e1b516d23) [PhysX] Initialized MultithreadedTaskDispatcher with 8 workers.
 -> (artifact id: '1c951e221b583f4eb8922072fd575634') in 0.008614 seconds
Number of updated asset objects reloaded before import = 0
Number of asset objects unloaded after import = 1
========================================================================
Received Import Request.
  Time since last request: 0.000027 seconds.
  path: Assets/TestTask_MobileGame/Assets/Plugins/Zenject/Source/Providers/ResolveProvider.cs
  artifactKey: Guid(35df94e99ddd0c04c86cf0bcefa85ad8) Importer(2089858483,0ecaa5967403d082aa24f35e1b516d23)
Start importing Assets/TestTask_MobileGame/Assets/Plugins/Zenject/Source/Providers/ResolveProvider.cs using Guid(35df94e99ddd0c04c86cf0bcefa85ad8) Importer(2089858483,0ecaa5967403d082aa24f35e1b516d23) [PhysX] Initialized MultithreadedTaskDispatcher with 8 workers.
 -> (artifact id: '737f087f6efa3e614ee609bcabfa2eac') in 0.010144 seconds
Number of updated asset objects reloaded before import = 0
Number of asset objects unloaded after import = 1
========================================================================
Received Import Request.
  Time since last request: 0.000032 seconds.
  path: Assets/TestTask_MobileGame/Assets/Plugins/UniRx/Scripts/UnityEngineBridge/Diagnostics/Logger.cs
  artifactKey: Guid(f0ecf366503cb0644bdd90934d24da62) Importer(2089858483,0ecaa5967403d082aa24f35e1b516d23)
Start importing Assets/TestTask_MobileGame/Assets/Plugins/UniRx/Scripts/UnityEngineBridge/Diagnostics/Logger.cs using Guid(f0ecf366503cb0644bdd90934d24da62) Importer(2089858483,0ecaa5967403d082aa24f35e1b516d23) [PhysX] Initialized MultithreadedTaskDispatcher with 8 workers.
 -> (artifact id: 'd5b3e0b172c5606254b84c2a8d1e0bf2') in 0.025117 seconds
Number of updated asset objects reloaded before import = 0
Number of asset objects unloaded after import = 1
========================================================================
Received Import Request.
  Time since last request: 0.000030 seconds.
  path: Assets/TestTask_MobileGame/Assets/Plugins/UniRx/Scripts/UnityEngineBridge/Operators/DelayFrameSubscription.cs
  artifactKey: Guid(ecfef95eedf36c2448944fb8932f682c) Importer(2089858483,0ecaa5967403d082aa24f35e1b516d23)
Start importing Assets/TestTask_MobileGame/Assets/Plugins/UniRx/Scripts/UnityEngineBridge/Operators/DelayFrameSubscription.cs using Guid(ecfef95eedf36c2448944fb8932f682c) Importer(2089858483,0ecaa5967403d082aa24f35e1b516d23) [PhysX] Initialized MultithreadedTaskDispatcher with 8 workers.
 -> (artifact id: 'f75484229c0d120a56fcfd57a726adf3') in 0.021923 seconds
Number of updated asset objects reloaded before import = 0
Number of asset objects unloaded after import = 1
========================================================================
Received Import Request.
  Time since last request: 0.000033 seconds.
  path: Assets/TestTask_MobileGame/Assets/Plugins/Zenject/Source/Main/LookupId.cs
  artifactKey: Guid(75d6ff51a82574249bd77fb5fd40d948) Importer(2089858483,0ecaa5967403d082aa24f35e1b516d23)
Start importing Assets/TestTask_MobileGame/Assets/Plugins/Zenject/Source/Main/LookupId.cs using Guid(75d6ff51a82574249bd77fb5fd40d948) Importer(2089858483,0ecaa5967403d082aa24f35e1b516d23) [PhysX] Initialized MultithreadedTaskDispatcher with 8 workers.
 -> (artifact id: 'd1f3afa161a0c0b7336033e6dee5a4aa') in 0.019525 seconds
Number of updated asset objects reloaded before import = 0
Number of asset objects unloaded after import = 1
========================================================================
Received Import Request.
  Time since last request: 0.000041 seconds.
  path: Assets/TestTask_MobileGame/Assets/Plugins/UniRx/Scripts/UnityEngineBridge/Toolkit/ObjectPool.cs
  artifactKey: Guid(f4980e1e001c7e94fab3250ba284dc91) Importer(2089858483,0ecaa5967403d082aa24f35e1b516d23)
Start importing Assets/TestTask_MobileGame/Assets/Plugins/UniRx/Scripts/UnityEngineBridge/Toolkit/ObjectPool.cs using Guid(f4980e1e001c7e94fab3250ba284dc91) Importer(2089858483,0ecaa5967403d082aa24f35e1b516d23) [PhysX] Initialized MultithreadedTaskDispatcher with 8 workers.
 -> (artifact id: 'a613a09e7c8a17a10e56a8443106b88a') in 0.014472 seconds
Number of updated asset objects reloaded before import = 0
Number of asset objects unloaded after import = 1
========================================================================
Received Import Request.
  Time since last request: 0.000029 seconds.
  path: Assets/TestTask_MobileGame/Assets/Plugins/UniRx/Scripts/UnityEngineBridge/Triggers/ObservablePointerEnterTrigger.cs
  artifactKey: Guid(3468b3db8d419c745b12124f6432696b) Importer(2089858483,0ecaa5967403d082aa24f35e1b516d23)
Start importing Assets/TestTask_MobileGame/Assets/Plugins/UniRx/Scripts/UnityEngineBridge/Triggers/ObservablePointerEnterTrigger.cs using Guid(3468b3db8d419c745b12124f6432696b) Importer(2089858483,0ecaa5967403d082aa24f35e1b516d23) [PhysX] Initialized MultithreadedTaskDispatcher with 8 workers.
 -> (artifact id: '6930bb034ca6e196a5865d7e0db37999') in 0.014189 seconds
Number of updated asset objects reloaded before import = 0
Number of asset objects unloaded after import = 1
========================================================================
Received Import Request.
  Time since last request: 0.000783 seconds.
  path: Assets/TestTask_MobileGame/Assets/Plugins/Zenject/Source/Providers/SubContainerDependencyProvider.cs
  artifactKey: Guid(d569147915c61b64f9841ca4948f7d3f) Importer(2089858483,0ecaa5967403d082aa24f35e1b516d23)
Start importing Assets/TestTask_MobileGame/Assets/Plugins/Zenject/Source/Providers/SubContainerDependencyProvider.cs using Guid(d569147915c61b64f9841ca4948f7d3f) Importer(2089858483,0ecaa5967403d082aa24f35e1b516d23) [PhysX] Initialized MultithreadedTaskDispatcher with 8 workers.
 -> (artifact id: '307d75db4c2a02b143554273957fbb33') in 0.037161 seconds
Number of updated asset objects reloaded before import = 0
Number of asset objects unloaded after import = 1
========================================================================
Received Import Request.
  Time since last request: 0.000254 seconds.
  path: Assets/TestTask_MobileGame/Assets/Plugins/UniTask/Runtime/Linq/OrderBy.cs
  artifactKey: Guid(413883ceff8546143bdf200aafa4b8f7) Importer(2089858483,0ecaa5967403d082aa24f35e1b516d23)
Start importing Assets/TestTask_MobileGame/Assets/Plugins/UniTask/Runtime/Linq/OrderBy.cs using Guid(413883ceff8546143bdf200aafa4b8f7) Importer(2089858483,0ecaa5967403d082aa24f35e1b516d23) [PhysX] Initialized MultithreadedTaskDispatcher with 8 workers.
 -> (artifact id: '4b63eddfae30ada3e855c91d14531132') in 0.012268 seconds
Number of updated asset objects reloaded before import = 0
Number of asset objects unloaded after import = 1
========================================================================
Received Import Request.
  Time since last request: 0.000033 seconds.
  path: Assets/TestTask_MobileGame/Assets/Plugins/Zenject/Source/Util/ActionInstaller.cs
  artifactKey: Guid(e182a0b67fa936e40bebc0dc2f28743a) Importer(2089858483,0ecaa5967403d082aa24f35e1b516d23)
Start importing Assets/TestTask_MobileGame/Assets/Plugins/Zenject/Source/Util/ActionInstaller.cs using Guid(e182a0b67fa936e40bebc0dc2f28743a) Importer(2089858483,0ecaa5967403d082aa24f35e1b516d23) [PhysX] Initialized MultithreadedTaskDispatcher with 8 workers.
 -> (artifact id: '082dcc9f283daefd734adf4619ea4b9f') in 0.014102 seconds
Number of updated asset objects reloaded before import = 0
Number of asset objects unloaded after import = 1
========================================================================
Received Import Request.
  Time since last request: 0.000030 seconds.
  path: Assets/TestTask_MobileGame/Assets/Plugins/UniTask/Runtime/Linq/Average.cs
  artifactKey: Guid(58499f95012fb3c47bb7bcbc5862e562) Importer(2089858483,0ecaa5967403d082aa24f35e1b516d23)
Start importing Assets/TestTask_MobileGame/Assets/Plugins/UniTask/Runtime/Linq/Average.cs using Guid(58499f95012fb3c47bb7bcbc5862e562) Importer(2089858483,0ecaa5967403d082aa24f35e1b516d23) [PhysX] Initialized MultithreadedTaskDispatcher with 8 workers.
 -> (artifact id: 'bb016f35b078a08f14cb8d189838f9e9') in 0.019845 seconds
Number of updated asset objects reloaded before import = 0
Number of asset objects unloaded after import = 1
========================================================================
Received Import Request.
  Time since last request: 0.000030 seconds.
  path: Assets/TestTask_MobileGame/Assets/Plugins/UniRx/Scripts/UnityEngineBridge/Operators/ThrottleFirstFrame.cs
  artifactKey: Guid(3ec92e777b0b4d949967b0663ce8bee8) Importer(2089858483,0ecaa5967403d082aa24f35e1b516d23)
Start importing Assets/TestTask_MobileGame/Assets/Plugins/UniRx/Scripts/UnityEngineBridge/Operators/ThrottleFirstFrame.cs using Guid(3ec92e777b0b4d949967b0663ce8bee8) Importer(2089858483,0ecaa5967403d082aa24f35e1b516d23) [PhysX] Initialized MultithreadedTaskDispatcher with 8 workers.
 -> (artifact id: 'e12d2ca6a90ff3151539bd6ea0a63f90') in 0.023265 seconds
Number of updated asset objects reloaded before import = 0
Number of asset objects unloaded after import = 1
========================================================================
Received Import Request.
  Time since last request: 0.000307 seconds.
  path: Assets/TestTask_MobileGame/Assets/Plugins/Zenject/Source/Util/TypeAnalyzer.cs
  artifactKey: Guid(7359cd850f5a96d47ad4606d14dac326) Importer(2089858483,0ecaa5967403d082aa24f35e1b516d23)
Start importing Assets/TestTask_MobileGame/Assets/Plugins/Zenject/Source/Util/TypeAnalyzer.cs using Guid(7359cd850f5a96d47ad4606d14dac326) Importer(2089858483,0ecaa5967403d082aa24f35e1b516d23) [PhysX] Initialized MultithreadedTaskDispatcher with 8 workers.
 -> (artifact id: '044db91b3ecbc26c81a5948de1648b61') in 0.009344 seconds
Number of updated asset objects reloaded before import = 0
Number of asset objects unloaded after import = 1
========================================================================
Received Import Request.
  Time since last request: 0.000037 seconds.
  path: Assets/TestTask_MobileGame/Assets/Plugins/Zenject/Source/Providers/ScriptableObjectInstanceProvider.cs
  artifactKey: Guid(dd4cee241217b5947b3a223dabefec0a) Importer(2089858483,0ecaa5967403d082aa24f35e1b516d23)
Start importing Assets/TestTask_MobileGame/Assets/Plugins/Zenject/Source/Providers/ScriptableObjectInstanceProvider.cs using Guid(dd4cee241217b5947b3a223dabefec0a) Importer(2089858483,0ecaa5967403d082aa24f35e1b516d23) [PhysX] Initialized MultithreadedTaskDispatcher with 8 workers.
 -> (artifact id: 'df3f8862500c6634b239bac61225b1ac') in 0.010349 seconds
Number of updated asset objects reloaded before import = 0
Number of asset objects unloaded after import = 1
========================================================================
Received Import Request.
  Time since last request: 0.000027 seconds.
  path: Assets/TestTask_MobileGame/Assets/Plugins/Zenject/Source/Runtime/SceneContextRegistryAdderAndRemover.cs
  artifactKey: Guid(b13656f05675c384181e749264e6bcf9) Importer(2089858483,0ecaa5967403d082aa24f35e1b516d23)
Start importing Assets/TestTask_MobileGame/Assets/Plugins/Zenject/Source/Runtime/SceneContextRegistryAdderAndRemover.cs using Guid(b13656f05675c384181e749264e6bcf9) Importer(2089858483,0ecaa5967403d082aa24f35e1b516d23) [PhysX] Initialized MultithreadedTaskDispatcher with 8 workers.
 -> (artifact id: '10776a7fd505fe8e2b5c8e019277baf0') in 0.034830 seconds
Number of updated asset objects reloaded before import = 0
Number of asset objects unloaded after import = 1
========================================================================
Received Import Request.
  Time since last request: 0.000031 seconds.
  path: Assets/TestTask_MobileGame/Assets/Plugins/UniTask/Runtime/Triggers/AsyncTriggerExtensions.cs
  artifactKey: Guid(59b61dbea1562a84fb7a38ae0a0a0f88) Importer(2089858483,0ecaa5967403d082aa24f35e1b516d23)
Start importing Assets/TestTask_MobileGame/Assets/Plugins/UniTask/Runtime/Triggers/AsyncTriggerExtensions.cs using Guid(59b61dbea1562a84fb7a38ae0a0a0f88) Importer(2089858483,0ecaa5967403d082aa24f35e1b516d23) [PhysX] Initialized MultithreadedTaskDispatcher with 8 workers.
 -> (artifact id: '55f72f50441880cc2a4f7d9d99acc8c4') in 0.020009 seconds
Number of updated asset objects reloaded before import = 0
Number of asset objects unloaded after import = 1
========================================================================
Received Import Request.
  Time since last request: 0.000032 seconds.
  path: Assets/TestTask_MobileGame/Assets/Plugins/UniTask/Runtime/Linq/SkipUntilCanceled.cs
  artifactKey: Guid(4b1a778aef7150d47b93a49aa1bc34ae) Importer(2089858483,0ecaa5967403d082aa24f35e1b516d23)
Start importing Assets/TestTask_MobileGame/Assets/Plugins/UniTask/Runtime/Linq/SkipUntilCanceled.cs using Guid(4b1a778aef7150d47b93a49aa1bc34ae) Importer(2089858483,0ecaa5967403d082aa24f35e1b516d23) [PhysX] Initialized MultithreadedTaskDispatcher with 8 workers.
 -> (artifact id: 'c54174a5bd957c29618358ed8681166a') in 0.036725 seconds
Number of updated asset objects reloaded before import = 0
Number of asset objects unloaded after import = 1
========================================================================
Received Import Request.
  Time since last request: 0.000247 seconds.
  path: Assets/TestTask_MobileGame/Assets/Plugins/Zenject/Source/Providers/GameObjectProviders/PrefabGameObjectProvider.cs
  artifactKey: Guid(d776b7406750d7f4c816cd0c03e4e254) Importer(2089858483,0ecaa5967403d082aa24f35e1b516d23)
Start importing Assets/TestTask_MobileGame/Assets/Plugins/Zenject/Source/Providers/GameObjectProviders/PrefabGameObjectProvider.cs using Guid(d776b7406750d7f4c816cd0c03e4e254) Importer(2089858483,0ecaa5967403d082aa24f35e1b516d23) [PhysX] Initialized MultithreadedTaskDispatcher with 8 workers.
 -> (artifact id: 'a35f58926941e30b1c58e724338771e8') in 0.013800 seconds
Number of updated asset objects reloaded before import = 0
Number of asset objects unloaded after import = 1
========================================================================
Received Import Request.
  Time since last request: 0.000031 seconds.
  path: Assets/TestTask_MobileGame/Assets/Plugins/Zenject/OptionalExtras/MemoryPoolMonitor/Editor/DebugWindow/MpmView.cs
  artifactKey: Guid(1bdf0766db282fd4eaba7e7cd7d17ca5) Importer(2089858483,0ecaa5967403d082aa24f35e1b516d23)
Start importing Assets/TestTask_MobileGame/Assets/Plugins/Zenject/OptionalExtras/MemoryPoolMonitor/Editor/DebugWindow/MpmView.cs using Guid(1bdf0766db282fd4eaba7e7cd7d17ca5) Importer(2089858483,0ecaa5967403d082aa24f35e1b516d23) [PhysX] Initialized MultithreadedTaskDispatcher with 8 workers.
 -> (artifact id: 'b77fc4eeb40b827857daa0a43a778ea0') in 0.034885 seconds
Number of updated asset objects reloaded before import = 0
Number of asset objects unloaded after import = 1
========================================================================
Received Import Request.
  Time since last request: 0.000427 seconds.
  path: Assets/TestTask_MobileGame/Assets/Plugins/Zenject/OptionalExtras/ReflectionBaking/Unity/UnityAssemblyResolver.cs
  artifactKey: Guid(b107233111f831043b3d5983fe6f1b25) Importer(2089858483,0ecaa5967403d082aa24f35e1b516d23)
Start importing Assets/TestTask_MobileGame/Assets/Plugins/Zenject/OptionalExtras/ReflectionBaking/Unity/UnityAssemblyResolver.cs using Guid(b107233111f831043b3d5983fe6f1b25) Importer(2089858483,0ecaa5967403d082aa24f35e1b516d23) [PhysX] Initialized MultithreadedTaskDispatcher with 8 workers.
 -> (artifact id: 'f672d5dfe2576bcae971e61467fa048b') in 0.024792 seconds
Number of updated asset objects reloaded before import = 0
Number of asset objects unloaded after import = 1
========================================================================
Received Import Request.
  Time since last request: 0.000031 seconds.
  path: Assets/TestTask_MobileGame/Assets/Plugins/UniTask/Runtime/Linq/UnityExtensions/EveryUpdate.cs
  artifactKey: Guid(00520eb52e49b5b4e8d9870d6ff1aced) Importer(2089858483,0ecaa5967403d082aa24f35e1b516d23)
Start importing Assets/TestTask_MobileGame/Assets/Plugins/UniTask/Runtime/Linq/UnityExtensions/EveryUpdate.cs using Guid(00520eb52e49b5b4e8d9870d6ff1aced) Importer(2089858483,0ecaa5967403d082aa24f35e1b516d23) [PhysX] Initialized MultithreadedTaskDispatcher with 8 workers.
 -> (artifact id: '2289b25da45e0f2311607a7504cbce63') in 0.023637 seconds
Number of updated asset objects reloaded before import = 0
Number of asset objects unloaded after import = 1
========================================================================
Received Import Request.
  Time since last request: 0.000558 seconds.
  path: Assets/TestTask_MobileGame/Assets/Plugins/Zenject/OptionalExtras/SampleGame1 (Beginner)/Media/Textures/ship.png
  artifactKey: Guid(c5917249e89888346a4bd606beae9578) Importer(2089858483,0ecaa5967403d082aa24f35e1b516d23)
Start importing Assets/TestTask_MobileGame/Assets/Plugins/Zenject/OptionalExtras/SampleGame1 (Beginner)/Media/Textures/ship.png using Guid(c5917249e89888346a4bd606beae9578) Importer(2089858483,0ecaa5967403d082aa24f35e1b516d23) [PhysX] Initialized MultithreadedTaskDispatcher with 8 workers.
 -> (artifact id: '7477d8db4489d0b6591705af61882c33') in 0.209146 seconds
Number of updated asset objects reloaded before import = 0
Number of asset objects unloaded after import = 1
========================================================================
Received Import Request.
  Time since last request: 0.000036 seconds.
  path: Assets/TestTask_MobileGame/Assets/Plugins/Zenject/OptionalExtras/SampleGame1 (Beginner)/Scripts/Ship/Ship.cs
  artifactKey: Guid(aab42c7e45a13404daf7de27c7366efc) Importer(2089858483,0ecaa5967403d082aa24f35e1b516d23)
Start importing Assets/TestTask_MobileGame/Assets/Plugins/Zenject/OptionalExtras/SampleGame1 (Beginner)/Scripts/Ship/Ship.cs using Guid(aab42c7e45a13404daf7de27c7366efc) Importer(2089858483,0ecaa5967403d082aa24f35e1b516d23) [PhysX] Initialized MultithreadedTaskDispatcher with 8 workers.
 -> (artifact id: 'c551c98315c439dab61143eb2f1eec6a') in 0.013281 seconds
Number of updated asset objects reloaded before import = 0
Number of asset objects unloaded after import = 1
========================================================================
Received Import Request.
  Time since last request: 0.000326 seconds.
  path: Assets/TestTask_MobileGame/Assets/Plugins/UniRx/Scripts/UnityEngineBridge/Triggers/ObservableUpdateTrigger.cs
  artifactKey: Guid(ceb5e5014f40d6948815a7be8b174ff2) Importer(2089858483,0ecaa5967403d082aa24f35e1b516d23)
Start importing Assets/TestTask_MobileGame/Assets/Plugins/UniRx/Scripts/UnityEngineBridge/Triggers/ObservableUpdateTrigger.cs using Guid(ceb5e5014f40d6948815a7be8b174ff2) Importer(2089858483,0ecaa5967403d082aa24f35e1b516d23) [PhysX] Initialized MultithreadedTaskDispatcher with 8 workers.
 -> (artifact id: 'f25d73ddd63474ef3c1acb38a82f20a4') in 0.039080 seconds
Number of updated asset objects reloaded before import = 0
Number of asset objects unloaded after import = 1
========================================================================
Received Import Request.
  Time since last request: 0.001428 seconds.
  path: Assets/TestTask_MobileGame/Assets/Plugins/Zenject/Source/Binding/Binders/SubContainerBinder.cs
  artifactKey: Guid(4d1fcd1593b05194a82073206057613e) Importer(2089858483,0ecaa5967403d082aa24f35e1b516d23)
Start importing Assets/TestTask_MobileGame/Assets/Plugins/Zenject/Source/Binding/Binders/SubContainerBinder.cs using Guid(4d1fcd1593b05194a82073206057613e) Importer(2089858483,0ecaa5967403d082aa24f35e1b516d23) [PhysX] Initialized MultithreadedTaskDispatcher with 8 workers.
 -> (artifact id: '08c559047445b0517fbb3fbc82bc1775') in 0.009655 seconds
Number of updated asset objects reloaded before import = 0
Number of asset objects unloaded after import = 1
========================================================================
Received Import Request.
  Time since last request: 0.001128 seconds.
  path: Assets/TestTask_MobileGame/Assets/Plugins/Zenject/Source/Providers/SubContainerCreators/SubContainerCreatorByNewPrefabWithParams.cs
  artifactKey: Guid(07cb33e44f032a840a46b8b699927d0a) Importer(2089858483,0ecaa5967403d082aa24f35e1b516d23)
Start importing Assets/TestTask_MobileGame/Assets/Plugins/Zenject/Source/Providers/SubContainerCreators/SubContainerCreatorByNewPrefabWithParams.cs using Guid(07cb33e44f032a840a46b8b699927d0a) Importer(2089858483,0ecaa5967403d082aa24f35e1b516d23) [PhysX] Initialized MultithreadedTaskDispatcher with 8 workers.
 -> (artifact id: '78cfb5ab0faa9f28680f09fbed95fc0c') in 0.009843 seconds
Number of updated asset objects reloaded before import = 0
Number of asset objects unloaded after import = 1
========================================================================
Received Import Request.
  Time since last request: 0.000027 seconds.
  path: Assets/TestTask_MobileGame/Assets/Plugins/Zenject/OptionalExtras/SampleGame2 (Advanced)/Scripts/Enemy/EnemyView.cs
  artifactKey: Guid(ae49206d36b59354b98f680504160bc4) Importer(2089858483,0ecaa5967403d082aa24f35e1b516d23)
Start importing Assets/TestTask_MobileGame/Assets/Plugins/Zenject/OptionalExtras/SampleGame2 (Advanced)/Scripts/Enemy/EnemyView.cs using Guid(ae49206d36b59354b98f680504160bc4) Importer(2089858483,0ecaa5967403d082aa24f35e1b516d23) [PhysX] Initialized MultithreadedTaskDispatcher with 8 workers.
 -> (artifact id: '379444f2d029d7977a57cd98ef715277') in 0.015418 seconds
Number of updated asset objects reloaded before import = 0
Number of asset objects unloaded after import = 1
========================================================================
Received Import Request.
  Time since last request: 0.000034 seconds.
  path: Assets/TestTask_MobileGame/Assets/Plugins/Zenject/OptionalExtras/SampleGame2 (Advanced)/Scripts/Player/PlayerShootHandler.cs
  artifactKey: Guid(5a7938ea9f043d24fa235c0e0d2c0f39) Importer(2089858483,0ecaa5967403d082aa24f35e1b516d23)
Start importing Assets/TestTask_MobileGame/Assets/Plugins/Zenject/OptionalExtras/SampleGame2 (Advanced)/Scripts/Player/PlayerShootHandler.cs using Guid(5a7938ea9f043d24fa235c0e0d2c0f39) Importer(2089858483,0ecaa5967403d082aa24f35e1b516d23) [PhysX] Initialized MultithreadedTaskDispatcher with 8 workers.
 -> (artifact id: '25e8557edfc0bfcb039719341b76cd0f') in 0.028601 seconds
Number of updated asset objects reloaded before import = 0
Number of asset objects unloaded after import = 1
========================================================================
Received Import Request.
  Time since last request: 0.002310 seconds.
  path: Assets/TestTask_MobileGame/Assets/Plugins/Zenject/OptionalExtras/SampleGame2 (Advanced)/Media/Sounds/laser2.wav
  artifactKey: Guid(aa66f043685a31e4bb90d0b6128bc3e1) Importer(2089858483,0ecaa5967403d082aa24f35e1b516d23)
Start importing Assets/TestTask_MobileGame/Assets/Plugins/Zenject/OptionalExtras/SampleGame2 (Advanced)/Media/Sounds/laser2.wav using Guid(aa66f043685a31e4bb90d0b6128bc3e1) Importer(2089858483,0ecaa5967403d082aa24f35e1b516d23) [PhysX] Initialized MultithreadedTaskDispatcher with 8 workers.
 -> (artifact id: 'de0b4ff81e5ac09466ad4a55f31595cd') in 0.104674 seconds
Number of updated asset objects reloaded before import = 0
Number of asset objects unloaded after import = 1
========================================================================
Received Import Request.
  Time since last request: 0.000035 seconds.
  path: Assets/TestTask_MobileGame/Assets/Plugins/Zenject/Source/Editor/Editors/SceneDecoratorContextEditor.cs
  artifactKey: Guid(d2b9289e80031104295e10acf518d75a) Importer(2089858483,0ecaa5967403d082aa24f35e1b516d23)
Start importing Assets/TestTask_MobileGame/Assets/Plugins/Zenject/Source/Editor/Editors/SceneDecoratorContextEditor.cs using Guid(d2b9289e80031104295e10acf518d75a) Importer(2089858483,0ecaa5967403d082aa24f35e1b516d23) [PhysX] Initialized MultithreadedTaskDispatcher with 8 workers.
 -> (artifact id: '4479361f9b58f9237b452b2acddbb145') in 0.013276 seconds
Number of updated asset objects reloaded before import = 0
Number of asset objects unloaded after import = 1
========================================================================
Received Import Request.
  Time since last request: 0.000043 seconds.
  path: Assets/TestTask_MobileGame/Assets/Plugins/UniRx/Scripts/UnityEngineBridge/Triggers/ObservableTriggerExtensions.Component.cs
  artifactKey: Guid(d10150b3ca6f3924baae5bce4343f6c4) Importer(2089858483,0ecaa5967403d082aa24f35e1b516d23)
Start importing Assets/TestTask_MobileGame/Assets/Plugins/UniRx/Scripts/UnityEngineBridge/Triggers/ObservableTriggerExtensions.Component.cs using Guid(d10150b3ca6f3924baae5bce4343f6c4) Importer(2089858483,0ecaa5967403d082aa24f35e1b516d23) [PhysX] Initialized MultithreadedTaskDispatcher with 8 workers.
 -> (artifact id: '28175f9a41a190bd7d439b47fca939e9') in 0.023545 seconds
Number of updated asset objects reloaded before import = 0
Number of asset objects unloaded after import = 1
========================================================================
Received Import Request.
  Time since last request: 0.000033 seconds.
  path: Assets/TestTask_MobileGame/Assets/Plugins/Zenject/Source/Binding/BindInfo/GameObjectCreationParameters.cs
  artifactKey: Guid(2b708f7f76ea5574e9a39b60cc5a8238) Importer(2089858483,0ecaa5967403d082aa24f35e1b516d23)
Start importing Assets/TestTask_MobileGame/Assets/Plugins/Zenject/Source/Binding/BindInfo/GameObjectCreationParameters.cs using Guid(2b708f7f76ea5574e9a39b60cc5a8238) Importer(2089858483,0ecaa5967403d082aa24f35e1b516d23) [PhysX] Initialized MultithreadedTaskDispatcher with 8 workers.
 -> (artifact id: '4f18e83f75d5afce9dc09944b2dbff6e') in 0.015508 seconds
Number of updated asset objects reloaded before import = 0
Number of asset objects unloaded after import = 1
========================================================================
Received Import Request.
  Time since last request: 0.000087 seconds.
  path: Assets/TestTask_MobileGame/Assets/Plugins/Zenject/OptionalExtras/SampleGame2 (Advanced)/Media/Prefabs/Bullet.prefab
  artifactKey: Guid(4d22825d6393b964f90d550dd2acc50f) Importer(2089858483,0ecaa5967403d082aa24f35e1b516d23)
Start importing Assets/TestTask_MobileGame/Assets/Plugins/Zenject/OptionalExtras/SampleGame2 (Advanced)/Media/Prefabs/Bullet.prefab using Guid(4d22825d6393b964f90d550dd2acc50f) Importer(2089858483,0ecaa5967403d082aa24f35e1b516d23) [PhysX] Initialized MultithreadedTaskDispatcher with 8 workers.
 -> (artifact id: 'fe23556a850c64c63a1379ca95bb73d4') in 0.077284 seconds
Number of updated asset objects reloaded before import = 0
Number of asset objects unloaded after import = 10
========================================================================
Received Import Request.
  Time since last request: 0.000028 seconds.
  path: Assets/TestTask_MobileGame/Assets/Plugins/Zenject/Source/Binding/Finalizers/ProviderBindingFinalizer.cs
  artifactKey: Guid(ee5cb643a9ee24c4fa00e62afc9ef599) Importer(2089858483,0ecaa5967403d082aa24f35e1b516d23)
Start importing Assets/TestTask_MobileGame/Assets/Plugins/Zenject/Source/Binding/Finalizers/ProviderBindingFinalizer.cs using Guid(ee5cb643a9ee24c4fa00e62afc9ef599) Importer(2089858483,0ecaa5967403d082aa24f35e1b516d23) [PhysX] Initialized MultithreadedTaskDispatcher with 8 workers.
 -> (artifact id: 'c839bdd773ff7a64ef91a29b874a8526') in 0.014595 seconds
Number of updated asset objects reloaded before import = 0
Number of asset objects unloaded after import = 1
========================================================================
Received Import Request.
  Time since last request: 0.000026 seconds.
  path: Assets/TestTask_MobileGame/Assets/Plugins/Zenject/OptionalExtras/Signals/Internal/Binders/SignalExtensions.cs
  artifactKey: Guid(ca6f0ad40fd1abc4a8fb5e8a50134aa4) Importer(2089858483,0ecaa5967403d082aa24f35e1b516d23)
Start importing Assets/TestTask_MobileGame/Assets/Plugins/Zenject/OptionalExtras/Signals/Internal/Binders/SignalExtensions.cs using Guid(ca6f0ad40fd1abc4a8fb5e8a50134aa4) Importer(2089858483,0ecaa5967403d082aa24f35e1b516d23) [PhysX] Initialized MultithreadedTaskDispatcher with 8 workers.
 -> (artifact id: '594c6f78017a02f9fc0d2d8900ce58e5') in 0.013253 seconds
Number of updated asset objects reloaded before import = 0
Number of asset objects unloaded after import = 1
========================================================================
Received Import Request.
  Time since last request: 0.000040 seconds.
  path: Assets/TestTask_MobileGame/Assets/Plugins/Zenject/OptionalExtras/SampleGame2 (Advanced)/Scripts/Enemy/EnemyRotationHandler.cs
  artifactKey: Guid(55eb8b68455f215489114a3a9a6f976d) Importer(2089858483,0ecaa5967403d082aa24f35e1b516d23)
Start importing Assets/TestTask_MobileGame/Assets/Plugins/Zenject/OptionalExtras/SampleGame2 (Advanced)/Scripts/Enemy/EnemyRotationHandler.cs using Guid(55eb8b68455f215489114a3a9a6f976d) Importer(2089858483,0ecaa5967403d082aa24f35e1b516d23) [PhysX] Initialized MultithreadedTaskDispatcher with 8 workers.
 -> (artifact id: '10935bc60df0da228fff6a6b57453b5d') in 0.013106 seconds
Number of updated asset objects reloaded before import = 0
Number of asset objects unloaded after import = 1
========================================================================
Received Import Request.
  Time since last request: 0.000047 seconds.
  path: Assets/TestTask_MobileGame/Assets/Plugins/Zenject/OptionalExtras/SampleGame2 (Advanced)/Scenes/SpaceFighter.unity
  artifactKey: Guid(aea20ff1b07af644f9638d9c740ec0e0) Importer(2089858483,0ecaa5967403d082aa24f35e1b516d23)
Start importing Assets/TestTask_MobileGame/Assets/Plugins/Zenject/OptionalExtras/SampleGame2 (Advanced)/Scenes/SpaceFighter.unity using Guid(aea20ff1b07af644f9638d9c740ec0e0) Importer(2089858483,0ecaa5967403d082aa24f35e1b516d23) [PhysX] Initialized MultithreadedTaskDispatcher with 8 workers.
 -> (artifact id: '0dd3fc1feb32b1e95e4fc7be595179ae') in 0.009153 seconds
Number of updated asset objects reloaded before import = 0
Number of asset objects unloaded after import = 1
========================================================================
Received Import Request.
  Time since last request: 0.000041 seconds.
  path: Assets/TestTask_MobileGame/Assets/Plugins/Zenject/OptionalExtras/SampleGame2 (Advanced)/Scripts/Player/PlayerGui.cs
  artifactKey: Guid(301188284719932429bd73b2047b328d) Importer(2089858483,0ecaa5967403d082aa24f35e1b516d23)
Start importing Assets/TestTask_MobileGame/Assets/Plugins/Zenject/OptionalExtras/SampleGame2 (Advanced)/Scripts/Player/PlayerGui.cs using Guid(301188284719932429bd73b2047b328d) Importer(2089858483,0ecaa5967403d082aa24f35e1b516d23) [PhysX] Initialized MultithreadedTaskDispatcher with 8 workers.
 -> (artifact id: '70a5faefb712dda34bdf67f609e59add') in 0.013330 seconds
Number of updated asset objects reloaded before import = 0
Number of asset objects unloaded after import = 1
========================================================================
Received Import Request.
  Time since last request: 0.000029 seconds.
  path: Assets/TestTask_MobileGame/Assets/Plugins/Zenject/Source/Binding/Binders/CopyNonLazyBinder.cs
  artifactKey: Guid(6cf2e5d7a11cf6c418960ff59949b5fa) Importer(2089858483,0ecaa5967403d082aa24f35e1b516d23)
Start importing Assets/TestTask_MobileGame/Assets/Plugins/Zenject/Source/Binding/Binders/CopyNonLazyBinder.cs using Guid(6cf2e5d7a11cf6c418960ff59949b5fa) Importer(2089858483,0ecaa5967403d082aa24f35e1b516d23) [PhysX] Initialized MultithreadedTaskDispatcher with 8 workers.
 -> (artifact id: 'd2a19c98cda644b5b172e817728d9a91') in 0.010562 seconds
Number of updated asset objects reloaded before import = 0
Number of asset objects unloaded after import = 1
========================================================================
Received Import Request.
  Time since last request: 0.000027 seconds.
  path: Assets/TestTask_MobileGame/Assets/Plugins/Zenject/OptionalExtras/SampleGame2 (Advanced)/Scripts/Player/PlayerHealthWatcher.cs
  artifactKey: Guid(ff82b5e08504b89408eddc95e9dad280) Importer(2089858483,0ecaa5967403d082aa24f35e1b516d23)
Start importing Assets/TestTask_MobileGame/Assets/Plugins/Zenject/OptionalExtras/SampleGame2 (Advanced)/Scripts/Player/PlayerHealthWatcher.cs using Guid(ff82b5e08504b89408eddc95e9dad280) Importer(2089858483,0ecaa5967403d082aa24f35e1b516d23) [PhysX] Initialized MultithreadedTaskDispatcher with 8 workers.
 -> (artifact id: 'e731a16217a1ebfa4d820822580428ed') in 0.022420 seconds
Number of updated asset objects reloaded before import = 0
Number of asset objects unloaded after import = 1
========================================================================
Received Import Request.
  Time since last request: 0.000030 seconds.
  path: Assets/TestTask_MobileGame/Assets/Plugins/Zenject/OptionalExtras/SampleGame1 (Beginner)/Scripts/Misc/GuiHandler.cs
  artifactKey: Guid(79984cb687438fd469b84d7e916d0574) Importer(2089858483,0ecaa5967403d082aa24f35e1b516d23)
Start importing Assets/TestTask_MobileGame/Assets/Plugins/Zenject/OptionalExtras/SampleGame1 (Beginner)/Scripts/Misc/GuiHandler.cs using Guid(79984cb687438fd469b84d7e916d0574) Importer(2089858483,0ecaa5967403d082aa24f35e1b516d23) [PhysX] Initialized MultithreadedTaskDispatcher with 8 workers.
 -> (artifact id: '8deba2d190d74487cb7c0a443ef4f142') in 0.013463 seconds
Number of updated asset objects reloaded before import = 0
Number of asset objects unloaded after import = 1
========================================================================
Received Import Request.
  Time since last request: 0.000031 seconds.
  path: Assets/TestTask_MobileGame/Assets/Plugins/Zenject/OptionalExtras/SampleGame1 (Beginner)/Scripts/Ship/States/BrokenShipFactory.cs
  artifactKey: Guid(b9b5eb959c3c75149a4153c9c7d7a7d4) Importer(2089858483,0ecaa5967403d082aa24f35e1b516d23)
Start importing Assets/TestTask_MobileGame/Assets/Plugins/Zenject/OptionalExtras/SampleGame1 (Beginner)/Scripts/Ship/States/BrokenShipFactory.cs using Guid(b9b5eb959c3c75149a4153c9c7d7a7d4) Importer(2089858483,0ecaa5967403d082aa24f35e1b516d23) [PhysX] Initialized MultithreadedTaskDispatcher with 8 workers.
 -> (artifact id: 'fa119145e1cc61f273f8a02e08bf4a25') in 0.011340 seconds
Number of updated asset objects reloaded before import = 0
Number of asset objects unloaded after import = 1
========================================================================
Received Import Request.
  Time since last request: 0.000039 seconds.
  path: Assets/TestTask_MobileGame/Assets/Plugins/Zenject/Source/Binding/Binders/Factory/FactoryToChoiceBinder/FactoryToChoiceBinder5.cs
  artifactKey: Guid(dc472af8f2bc5bf498b8e85704193aac) Importer(2089858483,0ecaa5967403d082aa24f35e1b516d23)
Start importing Assets/TestTask_MobileGame/Assets/Plugins/Zenject/Source/Binding/Binders/Factory/FactoryToChoiceBinder/FactoryToChoiceBinder5.cs using Guid(dc472af8f2bc5bf498b8e85704193aac) Importer(2089858483,0ecaa5967403d082aa24f35e1b516d23) [PhysX] Initialized MultithreadedTaskDispatcher with 8 workers.
 -> (artifact id: '00db081bb805916f46e828f3fd4fdf8b') in 0.010647 seconds
Number of updated asset objects reloaded before import = 0
Number of asset objects unloaded after import = 1
========================================================================
Received Import Request.
  Time since last request: 0.000034 seconds.
  path: Assets/TestTask_MobileGame/Assets/Plugins/Zenject/Source/Binding/Binders/Factory/FactoryFromBinder/FactoryFromBinder10.cs
  artifactKey: Guid(d835e30b6131d754e892d6f397e9921a) Importer(2089858483,0ecaa5967403d082aa24f35e1b516d23)
Start importing Assets/TestTask_MobileGame/Assets/Plugins/Zenject/Source/Binding/Binders/Factory/FactoryFromBinder/FactoryFromBinder10.cs using Guid(d835e30b6131d754e892d6f397e9921a) Importer(2089858483,0ecaa5967403d082aa24f35e1b516d23) [PhysX] Initialized MultithreadedTaskDispatcher with 8 workers.
 -> (artifact id: '8527847a87673b5bea1a84f311d2d95d') in 0.015088 seconds
Number of updated asset objects reloaded before import = 0
Number of asset objects unloaded after import = 1
========================================================================
Received Import Request.
  Time since last request: 0.000047 seconds.
  path: Assets/TestTask_MobileGame/Assets/Plugins/Zenject/Source/Binding/Binders/Factory/Pooling/MemoryPoolInitialSizeBinder.cs
  artifactKey: Guid(80ff9e6d501d30d4a82639f4ae453712) Importer(2089858483,0ecaa5967403d082aa24f35e1b516d23)
Start importing Assets/TestTask_MobileGame/Assets/Plugins/Zenject/Source/Binding/Binders/Factory/Pooling/MemoryPoolInitialSizeBinder.cs using Guid(80ff9e6d501d30d4a82639f4ae453712) Importer(2089858483,0ecaa5967403d082aa24f35e1b516d23) [PhysX] Initialized MultithreadedTaskDispatcher with 8 workers.
 -> (artifact id: '8ed2cb6824002ad6d8351e058b668c6b') in 0.009128 seconds
Number of updated asset objects reloaded before import = 0
Number of asset objects unloaded after import = 1
========================================================================
Received Import Request.
  Time since last request: 0.000036 seconds.
  path: Assets/TestTask_MobileGame/Assets/Plugins/Zenject/OptionalExtras/Signals/Internal/Binders/BindSignal/SignalCallbackWithLookupWrapper.cs
  artifactKey: Guid(2b11a635fa1263c4f9a9a0d70d7efcf2) Importer(2089858483,0ecaa5967403d082aa24f35e1b516d23)
Start importing Assets/TestTask_MobileGame/Assets/Plugins/Zenject/OptionalExtras/Signals/Internal/Binders/BindSignal/SignalCallbackWithLookupWrapper.cs using Guid(2b11a635fa1263c4f9a9a0d70d7efcf2) Importer(2089858483,0ecaa5967403d082aa24f35e1b516d23) [PhysX] Initialized MultithreadedTaskDispatcher with 8 workers.
 -> (artifact id: 'b1ee910fa4d21c108cbf34c9d4b12733') in 0.019092 seconds
Number of updated asset objects reloaded before import = 0
Number of asset objects unloaded after import = 1
========================================================================
Received Import Request.
  Time since last request: 0.000031 seconds.
  path: Assets/TestTask_MobileGame/Assets/Plugins/Zenject/OptionalExtras/SampleGame1 (Beginner)/Media/Imported/Shaders/Add_Layer.shader
  artifactKey: Guid(36de5f3f364314127bce48eea23438c3) Importer(2089858483,0ecaa5967403d082aa24f35e1b516d23)
Start importing Assets/TestTask_MobileGame/Assets/Plugins/Zenject/OptionalExtras/SampleGame1 (Beginner)/Media/Imported/Shaders/Add_Layer.shader using Guid(36de5f3f364314127bce48eea23438c3) Importer(2089858483,0ecaa5967403d082aa24f35e1b516d23) [PhysX] Initialized MultithreadedTaskDispatcher with 8 workers.
 -> (artifact id: '4818e81ebde906716758a0f001431053') in 0.036520 seconds
Number of updated asset objects reloaded before import = 0
Number of asset objects unloaded after import = 1
========================================================================
Received Import Request.
  Time since last request: 0.000229 seconds.
  path: Assets/TestTask_MobileGame/Assets/Plugins/Zenject/OptionalExtras/SampleGame1 (Beginner)/Media/Meshes/Materials/shipdoor.mat
  artifactKey: Guid(02f272d5e8ff508428baf80fadda022a) Importer(2089858483,0ecaa5967403d082aa24f35e1b516d23)
Start importing Assets/TestTask_MobileGame/Assets/Plugins/Zenject/OptionalExtras/SampleGame1 (Beginner)/Media/Meshes/Materials/shipdoor.mat using Guid(02f272d5e8ff508428baf80fadda022a) Importer(2089858483,0ecaa5967403d082aa24f35e1b516d23) [PhysX] Initialized MultithreadedTaskDispatcher with 8 workers.
 -> (artifact id: '43383f6257ac526370ee438d52ecb113') in 0.027346 seconds
Number of updated asset objects reloaded before import = 0
Number of asset objects unloaded after import = 1
========================================================================
Received Import Request.
  Time since last request: 0.000553 seconds.
  path: Assets/TestTask_MobileGame/Assets/Plugins/Zenject/Source/Providers/ComponentProviders/AddToGameObjectComponentProviders/AddToNewGameObjectComponentProvider.cs
  artifactKey: Guid(6e1085d337c03dd42a1d5493c11d9d23) Importer(2089858483,0ecaa5967403d082aa24f35e1b516d23)
Start importing Assets/TestTask_MobileGame/Assets/Plugins/Zenject/Source/Providers/ComponentProviders/AddToGameObjectComponentProviders/AddToNewGameObjectComponentProvider.cs using Guid(6e1085d337c03dd42a1d5493c11d9d23) Importer(2089858483,0ecaa5967403d082aa24f35e1b516d23) [PhysX] Initialized MultithreadedTaskDispatcher with 8 workers.
 -> (artifact id: '1a9bdbf50791c2ecb3ec4b33b3d704a1') in 0.016472 seconds
Number of updated asset objects reloaded before import = 0
Number of asset objects unloaded after import = 1
========================================================================
Received Import Request.
  Time since last request: 0.000026 seconds.
  path: Assets/TestTask_MobileGame/Assets/Plugins/Zenject/OptionalExtras/SampleGame1 (Beginner)/Media/Imported/SpaceShip/Space_Shooter.fbx
  artifactKey: Guid(564c86c1543c6eb4e8525374599f15cc) Importer(2089858483,0ecaa5967403d082aa24f35e1b516d23)
Start importing Assets/TestTask_MobileGame/Assets/Plugins/Zenject/OptionalExtras/SampleGame1 (Beginner)/Media/Imported/SpaceShip/Space_Shooter.fbx using Guid(564c86c1543c6eb4e8525374599f15cc) Importer(2089858483,0ecaa5967403d082aa24f35e1b516d23) [PhysX] Initialized MultithreadedTaskDispatcher with 8 workers.
 -> (artifact id: '23a7b3be53ebde164fe91fb2c38d6174') in 0.051035 seconds
Number of updated asset objects reloaded before import = 0
Number of asset objects unloaded after import = 8
========================================================================
Received Import Request.
  Time since last request: 0.000028 seconds.
  path: Assets/TestTask_MobileGame/Assets/Plugins/Zenject/Source/Binding/Binders/Factory/FactoryToChoiceIdBinder/FactoryToChoiceIdBinder6.cs
  artifactKey: Guid(b60ae0cff4748ec43b6cb040b0f3a728) Importer(2089858483,0ecaa5967403d082aa24f35e1b516d23)
Start importing Assets/TestTask_MobileGame/Assets/Plugins/Zenject/Source/Binding/Binders/Factory/FactoryToChoiceIdBinder/FactoryToChoiceIdBinder6.cs using Guid(b60ae0cff4748ec43b6cb040b0f3a728) Importer(2089858483,0ecaa5967403d082aa24f35e1b516d23) [PhysX] Initialized MultithreadedTaskDispatcher with 8 workers.
 -> (artifact id: '0b04041a0c34bcd1d9344d68d12e78cf') in 0.019123 seconds
Number of updated asset objects reloaded before import = 0
Number of asset objects unloaded after import = 1
========================================================================
Received Import Request.
  Time since last request: 0.000045 seconds.
  path: Assets/TestTask_MobileGame/Assets/Plugins/Zenject/Source/Providers/ComponentProviders/AddToGameObjectComponentProviders/AddToCurrentGameObjectComponentProvider.cs
  artifactKey: Guid(3b0521d85aeb9ee479dcb29ef4d88547) Importer(2089858483,0ecaa5967403d082aa24f35e1b516d23)
Start importing Assets/TestTask_MobileGame/Assets/Plugins/Zenject/Source/Providers/ComponentProviders/AddToGameObjectComponentProviders/AddToCurrentGameObjectComponentProvider.cs using Guid(3b0521d85aeb9ee479dcb29ef4d88547) Importer(2089858483,0ecaa5967403d082aa24f35e1b516d23) [PhysX] Initialized MultithreadedTaskDispatcher with 8 workers.
 -> (artifact id: 'eb9b3916a39a69df1842bdb8dde25398') in 0.014213 seconds
Number of updated asset objects reloaded before import = 0
Number of asset objects unloaded after import = 1
========================================================================
Received Import Request.
  Time since last request: 0.000030 seconds.
  path: Assets/TestTask_MobileGame/Assets/Plugins/Zenject/OptionalExtras/Signals/Internal/Binders/DeclareSignal/DeclareSignalAsyncTickPriorityCopyBinder.cs
  artifactKey: Guid(b81f91889a4f58f45a186d306ec19a76) Importer(2089858483,0ecaa5967403d082aa24f35e1b516d23)
Start importing Assets/TestTask_MobileGame/Assets/Plugins/Zenject/OptionalExtras/Signals/Internal/Binders/DeclareSignal/DeclareSignalAsyncTickPriorityCopyBinder.cs using Guid(b81f91889a4f58f45a186d306ec19a76) Importer(2089858483,0ecaa5967403d082aa24f35e1b516d23) [PhysX] Initialized MultithreadedTaskDispatcher with 8 workers.
 -> (artifact id: 'b27eb456ed7a0425af795daaf7167cb6') in 0.015459 seconds
Number of updated asset objects reloaded before import = 0
Number of asset objects unloaded after import = 1
========================================================================
Received Import Request.
  Time since last request: 0.000051 seconds.
  path: Assets/TestTask_MobileGame/Assets/Plugins/Zenject/OptionalExtras/SampleGame1 (Beginner)/Media/Imported/SpaceShip/Textures/1K_Body-TXTR.jpg
  artifactKey: Guid(edc2b3bfe412721409008df82ad98102) Importer(2089858483,0ecaa5967403d082aa24f35e1b516d23)
Start importing Assets/TestTask_MobileGame/Assets/Plugins/Zenject/OptionalExtras/SampleGame1 (Beginner)/Media/Imported/SpaceShip/Textures/1K_Body-TXTR.jpg using Guid(edc2b3bfe412721409008df82ad98102) Importer(2089858483,0ecaa5967403d082aa24f35e1b516d23) [PhysX] Initialized MultithreadedTaskDispatcher with 8 workers.
 -> (artifact id: '2bcd11e2689f065c3b6d631829f5a544') in 0.060332 seconds
Number of updated asset objects reloaded before import = 0
Number of asset objects unloaded after import = 1
========================================================================
Received Import Request.
  Time since last request: 0.000144 seconds.
  path: Assets/TestTask_MobileGame/Assets/Plugins/Zenject/Source/Binding/Binders/Factory/FactoryToChoiceIdBinder/FactoryToChoiceIdBinder4.cs
  artifactKey: Guid(e65744c901e080744aada3988bfdf11c) Importer(2089858483,0ecaa5967403d082aa24f35e1b516d23)
Start importing Assets/TestTask_MobileGame/Assets/Plugins/Zenject/Source/Binding/Binders/Factory/FactoryToChoiceIdBinder/FactoryToChoiceIdBinder4.cs using Guid(e65744c901e080744aada3988bfdf11c) Importer(2089858483,0ecaa5967403d082aa24f35e1b516d23) [PhysX] Initialized MultithreadedTaskDispatcher with 8 workers.
 -> (artifact id: '8602a597fb2bcb36a7a46b5c64eac71d') in 0.017718 seconds
Number of updated asset objects reloaded before import = 0
Number of asset objects unloaded after import = 1
========================================================================
Received Import Request.
  Time since last request: 0.000115 seconds.
  path: Assets/TestTask_MobileGame/Assets/Plugins/Zenject/Source/Binding/Binders/Factory/FactoryFromBinder/FactoryFromBinder3.cs
  artifactKey: Guid(4eb3a4d5d01c55748b43f48a1da3c7b6) Importer(2089858483,0ecaa5967403d082aa24f35e1b516d23)
Start importing Assets/TestTask_MobileGame/Assets/Plugins/Zenject/Source/Binding/Binders/Factory/FactoryFromBinder/FactoryFromBinder3.cs using Guid(4eb3a4d5d01c55748b43f48a1da3c7b6) Importer(2089858483,0ecaa5967403d082aa24f35e1b516d23) [PhysX] Initialized MultithreadedTaskDispatcher with 8 workers.
 -> (artifact id: '381182ef2019bb640860ad838a2320ae') in 0.007771 seconds
Number of updated asset objects reloaded before import = 0
Number of asset objects unloaded after import = 1
========================================================================
Received Import Request.
  Time since last request: 0.000038 seconds.
  path: Assets/TestTask_MobileGame/Assets/Plugins/Zenject/Source/Binding/Binders/Factory/FactoryFromBinder/FactoryFromBinder5.cs
  artifactKey: Guid(901200be3b8d1cc40876aa50a03103b8) Importer(2089858483,0ecaa5967403d082aa24f35e1b516d23)
Start importing Assets/TestTask_MobileGame/Assets/Plugins/Zenject/Source/Binding/Binders/Factory/FactoryFromBinder/FactoryFromBinder5.cs using Guid(901200be3b8d1cc40876aa50a03103b8) Importer(2089858483,0ecaa5967403d082aa24f35e1b516d23) [PhysX] Initialized MultithreadedTaskDispatcher with 8 workers.
 -> (artifact id: '19f6c37667f11fcebea4547a38cb237d') in 0.010993 seconds
Number of updated asset objects reloaded before import = 0
Number of asset objects unloaded after import = 1
========================================================================
Received Import Request.
  Time since last request: 0.000033 seconds.
  path: Assets/TestTask_MobileGame/Assets/Plugins/Zenject/OptionalExtras/SampleGame2 (Advanced)/Scripts/Enemy/EnemyRegistry.cs
  artifactKey: Guid(401e2ff37163f8f428397277aba9b3a0) Importer(2089858483,0ecaa5967403d082aa24f35e1b516d23)
Start importing Assets/TestTask_MobileGame/Assets/Plugins/Zenject/OptionalExtras/SampleGame2 (Advanced)/Scripts/Enemy/EnemyRegistry.cs using Guid(401e2ff37163f8f428397277aba9b3a0) Importer(2089858483,0ecaa5967403d082aa24f35e1b516d23) [PhysX] Initialized MultithreadedTaskDispatcher with 8 workers.
 -> (artifact id: '930e60ec4501701083fc943d657fc39f') in 0.009143 seconds
Number of updated asset objects reloaded before import = 0
Number of asset objects unloaded after import = 1
========================================================================
Received Import Request.
  Time since last request: 0.000040 seconds.
  path: Assets/TestTask_MobileGame/Assets/Plugins/Zenject/OptionalExtras/SampleGame1 (Beginner)/Media/Imported/Rocks/meshes/Materials/rock_01Mat.mat
  artifactKey: Guid(a1f30c6b2183c3f4a9ffa3cb444d6ddc) Importer(2089858483,0ecaa5967403d082aa24f35e1b516d23)
Start importing Assets/TestTask_MobileGame/Assets/Plugins/Zenject/OptionalExtras/SampleGame1 (Beginner)/Media/Imported/Rocks/meshes/Materials/rock_01Mat.mat using Guid(a1f30c6b2183c3f4a9ffa3cb444d6ddc) Importer(2089858483,0ecaa5967403d082aa24f35e1b516d23) [PhysX] Initialized MultithreadedTaskDispatcher with 8 workers.
 -> (artifact id: 'ca75602cd291ed3a50d0d9dbbaf91f4a') in 0.099669 seconds
Number of updated asset objects reloaded before import = 0
Number of asset objects unloaded after import = 3
========================================================================
Received Import Request.
  Time since last request: 0.001156 seconds.
  path: Assets/TestTask_MobileGame/Assets/Plugins/Zenject/OptionalExtras/SampleGame1 (Beginner)/Media/Imported/Textures/Spark.png
  artifactKey: Guid(21bf9efbdbbbd4e34af72f1de5e334f6) Importer(2089858483,0ecaa5967403d082aa24f35e1b516d23)
Start importing Assets/TestTask_MobileGame/Assets/Plugins/Zenject/OptionalExtras/SampleGame1 (Beginner)/Media/Imported/Textures/Spark.png using Guid(21bf9efbdbbbd4e34af72f1de5e334f6) Importer(2089858483,0ecaa5967403d082aa24f35e1b516d23) [PhysX] Initialized MultithreadedTaskDispatcher with 8 workers.
 -> (artifact id: 'a1a4a091a430f30b23248af28b0ba1cc') in 0.057815 seconds
Number of updated asset objects reloaded before import = 0
Number of asset objects unloaded after import = 1
========================================================================
Received Import Request.
  Time since last request: 0.000195 seconds.
  path: Assets/TestTask_MobileGame/Assets/Plugins/Zenject/Source/Binding/Binders/Factory/FactoryFromBinderBase.cs
  artifactKey: Guid(1cdc9466c4b6c7f4f81675e8f546672f) Importer(2089858483,0ecaa5967403d082aa24f35e1b516d23)
Start importing Assets/TestTask_MobileGame/Assets/Plugins/Zenject/Source/Binding/Binders/Factory/FactoryFromBinderBase.cs using Guid(1cdc9466c4b6c7f4f81675e8f546672f) Importer(2089858483,0ecaa5967403d082aa24f35e1b516d23) [PhysX] Initialized MultithreadedTaskDispatcher with 8 workers.
 -> (artifact id: '9332e2f1967efb6ae1cc8f0452e4be59') in 0.048872 seconds
Number of updated asset objects reloaded before import = 0
Number of asset objects unloaded after import = 1
========================================================================
Received Import Request.
  Time since last request: 0.000055 seconds.
  path: Assets/TestTask_MobileGame/Assets/Plugins/Zenject/OptionalExtras/ReflectionBaking/Unity/ZenjectReflectionBakingSettings.cs
  artifactKey: Guid(1ab372d6a005c8344b5d6b25dbc310ce) Importer(2089858483,0ecaa5967403d082aa24f35e1b516d23)
Start importing Assets/TestTask_MobileGame/Assets/Plugins/Zenject/OptionalExtras/ReflectionBaking/Unity/ZenjectReflectionBakingSettings.cs using Guid(1ab372d6a005c8344b5d6b25dbc310ce) Importer(2089858483,0ecaa5967403d082aa24f35e1b516d23) [PhysX] Initialized MultithreadedTaskDispatcher with 8 workers.
 -> (artifact id: '1554a54683146cad80bf09fb9ea434d1') in 0.015806 seconds
Number of updated asset objects reloaded before import = 0
Number of asset objects unloaded after import = 1
========================================================================
Received Import Request.
  Time since last request: 0.000028 seconds.
  path: Assets/TestTask_MobileGame/Assets/Plugins/Zenject/OptionalExtras/SampleGame1 (Beginner)/Scripts/Util/UnityExtensionMethods.cs
  artifactKey: Guid(1018c66230d7f7b408485a0d8c28147d) Importer(2089858483,0ecaa5967403d082aa24f35e1b516d23)
Start importing Assets/TestTask_MobileGame/Assets/Plugins/Zenject/OptionalExtras/SampleGame1 (Beginner)/Scripts/Util/UnityExtensionMethods.cs using Guid(1018c66230d7f7b408485a0d8c28147d) Importer(2089858483,0ecaa5967403d082aa24f35e1b516d23) [PhysX] Initialized MultithreadedTaskDispatcher with 8 workers.
 -> (artifact id: '8d03d983dc0e4230a1a51fbdc882c4ef') in 0.014535 seconds
Number of updated asset objects reloaded before import = 0
Number of asset objects unloaded after import = 1
========================================================================
Received Import Request.
  Time since last request: 0.000028 seconds.
  path: Assets/TestTask_MobileGame/Assets/Plugins/Zenject/OptionalExtras/SampleGame1 (Beginner)/Media/Imported/Textures/SmokeB.psd
  artifactKey: Guid(67f9b9363b45b4d3fb7b466648fe8fd1) Importer(2089858483,0ecaa5967403d082aa24f35e1b516d23)
Start importing Assets/TestTask_MobileGame/Assets/Plugins/Zenject/OptionalExtras/SampleGame1 (Beginner)/Media/Imported/Textures/SmokeB.psd using Guid(67f9b9363b45b4d3fb7b466648fe8fd1) Importer(2089858483,0ecaa5967403d082aa24f35e1b516d23) [PhysX] Initialized MultithreadedTaskDispatcher with 8 workers.
 -> (artifact id: '5a0f0ad1acadab8edc81a6d20e4d9bb6') in 0.034545 seconds
Number of updated asset objects reloaded before import = 0
Number of asset objects unloaded after import = 1
========================================================================
Received Import Request.
  Time since last request: 0.000137 seconds.
  path: Assets/TestTask_MobileGame/Assets/Plugins/Zenject/OptionalExtras/SampleGame2 (Advanced)/Scripts/Enemy/EnemyFacade.cs
  artifactKey: Guid(fac47e4da43b2ca4d955370e0dc6990e) Importer(2089858483,0ecaa5967403d082aa24f35e1b516d23)
Start importing Assets/TestTask_MobileGame/Assets/Plugins/Zenject/OptionalExtras/SampleGame2 (Advanced)/Scripts/Enemy/EnemyFacade.cs using Guid(fac47e4da43b2ca4d955370e0dc6990e) Importer(2089858483,0ecaa5967403d082aa24f35e1b516d23) [PhysX] Initialized MultithreadedTaskDispatcher with 8 workers.
 -> (artifact id: 'f7a9e9e430eec39bf5104856fd29948c') in 0.008884 seconds
Number of updated asset objects reloaded before import = 0
Number of asset objects unloaded after import = 1
========================================================================
Received Import Request.
  Time since last request: 0.000363 seconds.
  path: Assets/TestTask_MobileGame/Assets/Plugins/Zenject/OptionalExtras/SampleGame1 (Beginner)/Scripts/Ship/States/ShipStateMoving.cs
  artifactKey: Guid(6519cef92721b644c9e0b46f2f92430a) Importer(2089858483,0ecaa5967403d082aa24f35e1b516d23)
Start importing Assets/TestTask_MobileGame/Assets/Plugins/Zenject/OptionalExtras/SampleGame1 (Beginner)/Scripts/Ship/States/ShipStateMoving.cs using Guid(6519cef92721b644c9e0b46f2f92430a) Importer(2089858483,0ecaa5967403d082aa24f35e1b516d23) [PhysX] Initialized MultithreadedTaskDispatcher with 8 workers.
 -> (artifact id: '3e49563d5ab2035be74672371b58f175') in 0.010238 seconds
Number of updated asset objects reloaded before import = 0
Number of asset objects unloaded after import = 1
========================================================================
Received Import Request.
  Time since last request: 0.000033 seconds.
  path: Assets/TestTask_MobileGame/Assets/Plugins/Zenject/Source/Providers/SubContainerCreators/SubContainerCreatorByNewPrefabDynamicContext.cs
  artifactKey: Guid(53f151c86cd3c4c46ada71b737004d36) Importer(2089858483,0ecaa5967403d082aa24f35e1b516d23)
Start importing Assets/TestTask_MobileGame/Assets/Plugins/Zenject/Source/Providers/SubContainerCreators/SubContainerCreatorByNewPrefabDynamicContext.cs using Guid(53f151c86cd3c4c46ada71b737004d36) Importer(2089858483,0ecaa5967403d082aa24f35e1b516d23) [PhysX] Initialized MultithreadedTaskDispatcher with 8 workers.
 -> (artifact id: '3bb7e0cd02e26f22fe07ae9a9ead2bb3') in 0.018019 seconds
Number of updated asset objects reloaded before import = 0
Number of asset objects unloaded after import = 1
========================================================================
Received Import Request.
  Time since last request: 0.000032 seconds.
  path: Assets/TestTask_MobileGame/Assets/Plugins/Zenject/Source/Binding/Binders/Conventions/ConventionAssemblySelectionBinder.cs
  artifactKey: Guid(5229c122d45b5634ebd4b9bccee749ac) Importer(2089858483,0ecaa5967403d082aa24f35e1b516d23)
Start importing Assets/TestTask_MobileGame/Assets/Plugins/Zenject/Source/Binding/Binders/Conventions/ConventionAssemblySelectionBinder.cs using Guid(5229c122d45b5634ebd4b9bccee749ac) Importer(2089858483,0ecaa5967403d082aa24f35e1b516d23) [PhysX] Initialized MultithreadedTaskDispatcher with 8 workers.
 -> (artifact id: '92cad76a0a84a594db8cf6e9c75dfb38') in 0.010520 seconds
Number of updated asset objects reloaded before import = 0
Number of asset objects unloaded after import = 1
========================================================================
Received Import Request.
  Time since last request: 0.000032 seconds.
  path: Assets/TestTask_MobileGame/Assets/Plugins/UniRx/Scripts/UnityEngineBridge/Triggers/ObservableScrollTrigger.cs
  artifactKey: Guid(2231ec04e488f7443ae7acf609ac5f00) Importer(2089858483,0ecaa5967403d082aa24f35e1b516d23)
Start importing Assets/TestTask_MobileGame/Assets/Plugins/UniRx/Scripts/UnityEngineBridge/Triggers/ObservableScrollTrigger.cs using Guid(2231ec04e488f7443ae7acf609ac5f00) Importer(2089858483,0ecaa5967403d082aa24f35e1b516d23) [PhysX] Initialized MultithreadedTaskDispatcher with 8 workers.
 -> (artifact id: '6cb2e049f46792ac9bebefd67bc7dbb4') in 0.007443 seconds
Number of updated asset objects reloaded before import = 0
Number of asset objects unloaded after import = 1
========================================================================
Received Import Request.
  Time since last request: 0.000043 seconds.
  path: Assets/TestTask_MobileGame/Assets/Plugins/Zenject/OptionalExtras/SampleGame2 (Advanced)/Media/Prefabs/Explosion.prefab
  artifactKey: Guid(93a60ba8e409947b1a0334537c8b38c8) Importer(2089858483,0ecaa5967403d082aa24f35e1b516d23)
Start importing Assets/TestTask_MobileGame/Assets/Plugins/Zenject/OptionalExtras/SampleGame2 (Advanced)/Media/Prefabs/Explosion.prefab using Guid(93a60ba8e409947b1a0334537c8b38c8) Importer(2089858483,0ecaa5967403d082aa24f35e1b516d23) [PhysX] Initialized MultithreadedTaskDispatcher with 8 workers.
 -> (artifact id: '66e32b68bbcf2d7449392583986f3e11') in 0.304691 seconds
Number of updated asset objects reloaded before import = 0
Number of asset objects unloaded after import = 11
========================================================================
Received Import Request.
  Time since last request: 0.000038 seconds.
  path: Assets/TestTask_MobileGame/Assets/Plugins/Zenject/OptionalExtras/SampleGame2 (Advanced)/Scenes/SpaceFighterSettings.lighting
  artifactKey: Guid(e0ea78722f7cb4451b99519c67bf1608) Importer(2089858483,0ecaa5967403d082aa24f35e1b516d23)
Start importing Assets/TestTask_MobileGame/Assets/Plugins/Zenject/OptionalExtras/SampleGame2 (Advanced)/Scenes/SpaceFighterSettings.lighting using Guid(e0ea78722f7cb4451b99519c67bf1608) Importer(2089858483,0ecaa5967403d082aa24f35e1b516d23) [PhysX] Initialized MultithreadedTaskDispatcher with 8 workers.
LightingSettings: switching bake backend from 1 to 0.
 -> (artifact id: 'e51f147bcad6d9a7082b81974b0fd628') in 0.075772 seconds
Number of updated asset objects reloaded before import = 0
Number of asset objects unloaded after import = 1
========================================================================
Received Prepare
Switching render pipeline 00000000000000000000000000000000 -> 7a47944f5181ed94f94b6ddaec3e3d1a
Refreshing native plugins compatible for Editor in 4.33 ms, found 0 plugins.
Preloading 0 native plugins for Editor in 0.00 ms.
Unloading 53 Unused Serialized files (Serialized files now loaded: 0)
Unloading 8 unused Assets / (0.8 MB). Loaded Objects now: 3571.
Memory consumption went from 88.8 MB to 88.1 MB.
Total: 19.722800 ms (FindLiveObjects: 12.306800 ms CreateObjectMapping: 0.241300 ms MarkObjects: 6.372100 ms  DeleteObjects: 0.800200 ms)

Prepare: number of updated asset objects reloaded= 0
AssetImportParameters requested are different than current active one (requested -> active):
  custom:video-decoder-webm-vp8: 9c59270c3fd7afecdb556c50c9e8de78 -> 
  custom:SearchIndexIgnoredProperties: e643bd26f0fe6173181afceb89e7c659 -> 
  custom:container-demuxer-ogg: 62fdf1f143b41e24485cea50d1cbac27 -> 
  custom:AudioImporter_EditorPlatform: d09bf68614088b80899f8185d706f6e7 -> 
  custom:video-decoder-ogg-theora: a1e56fd34408186e4bbccfd4996cb3dc -> 
  custom:framework-win-MediaFoundation: 216162199b28c13a410421893ffa2e32 -> 
  custom:video-encoder-webm-vp8: eb34c28f22e8b96e1ab97ce403110664 -> 
  custom:audio-decoder-ogg-vorbis: bf7c407c2cedff20999df2af8eb42d56 -> 
  custom:CustomObjectIndexerAttribute: 72b91833f83ae208fae7752999fa3104 -> 
  custom:container-demuxer-webm: 4f35f7cbe854078d1ac9338744f61a02 -> 
  custom:audio-encoder-webm-vorbis: bf7c407c2cedff20999df2af8eb42d56 -> 
  custom:container-muxer-webm: aa71ff27fc2769a1b78a27578f13a17b -> 
========================================================================
Received Prepare
Refreshing native plugins compatible for Editor in 2.28 ms, found 0 plugins.
Preloading 0 native plugins for Editor in 0.00 ms.
Unloading 16 Unused Serialized files (Serialized files now loaded: 0)
Unloading 2 unused Assets / (308.1 KB). Loaded Objects now: 3587.
Memory consumption went from 91.9 MB to 91.6 MB.
Total: 7.230800 ms (FindLiveObjects: 0.357400 ms CreateObjectMapping: 0.176600 ms MarkObjects: 6.598600 ms  DeleteObjects: 0.096100 ms)

Prepare: number of updated asset objects reloaded= 1
AssetImportParameters requested are different than current active one (requested -> active):
  custom:video-decoder-webm-vp8: 9c59270c3fd7afecdb556c50c9e8de78 -> 
  custom:SearchIndexIgnoredProperties: e643bd26f0fe6173181afceb89e7c659 -> 
  custom:container-demuxer-ogg: 62fdf1f143b41e24485cea50d1cbac27 -> 
  custom:AudioImporter_EditorPlatform: d09bf68614088b80899f8185d706f6e7 -> 
  custom:video-decoder-ogg-theora: a1e56fd34408186e4bbccfd4996cb3dc -> 
  custom:framework-win-MediaFoundation: 216162199b28c13a410421893ffa2e32 -> 
  custom:video-encoder-webm-vp8: eb34c28f22e8b96e1ab97ce403110664 -> 
  custom:audio-decoder-ogg-vorbis: bf7c407c2cedff20999df2af8eb42d56 -> 
  custom:CustomObjectIndexerAttribute: 72b91833f83ae208fae7752999fa3104 -> 
  custom:container-demuxer-webm: 4f35f7cbe854078d1ac9338744f61a02 -> 
  custom:audio-encoder-webm-vorbis: bf7c407c2cedff20999df2af8eb42d56 -> 
  custom:container-muxer-webm: aa71ff27fc2769a1b78a27578f13a17b -> 
========================================================================
Received Import Request.
  Time since last request: 16.474628 seconds.
  path: Assets/Settings/Very Low_PipelineAsset_ForwardRenderer.asset
  artifactKey: Guid(774ea840bd607c442991446f9d6c1a73) Importer(2089858483,0ecaa5967403d082aa24f35e1b516d23)
Start importing Assets/Settings/Very Low_PipelineAsset_ForwardRenderer.asset using Guid(774ea840bd607c442991446f9d6c1a73) Importer(2089858483,0ecaa5967403d082aa24f35e1b516d23) [PhysX] Initialized MultithreadedTaskDispatcher with 8 workers.
 -> (artifact id: 'd94c3c354ba27eabd136f916b1b8880c') in 0.059968 seconds
Number of updated asset objects reloaded before import = 5
Number of asset objects unloaded after import = 1
========================================================================
Received Import Request.
  Time since last request: 0.000030 seconds.
  path: Assets/TestTask_MobileGame/Assets/Materials/Player.mat
  artifactKey: Guid(5e0f48965d5b0b64e99f3c60d396918f) Importer(2089858483,0ecaa5967403d082aa24f35e1b516d23)
Start importing Assets/TestTask_MobileGame/Assets/Materials/Player.mat using Guid(5e0f48965d5b0b64e99f3c60d396918f) Importer(2089858483,0ecaa5967403d082aa24f35e1b516d23) [PhysX] Initialized MultithreadedTaskDispatcher with 8 workers.
 -> (artifact id: 'dff273685f4e3a0c60e226edeed4bec4') in 0.016386 seconds
Number of updated asset objects reloaded before import = 0
Number of asset objects unloaded after import = 1
========================================================================
Received Import Request.
  Time since last request: 0.000029 seconds.
  path: Assets/TestTask_MobileGame/Assets/Plugins/UniRx/Examples/Sample12Scene.unity
  artifactKey: Guid(4a4aea8df1ad11c47a1db84432dd30f8) Importer(2089858483,0ecaa5967403d082aa24f35e1b516d23)
Start importing Assets/TestTask_MobileGame/Assets/Plugins/UniRx/Examples/Sample12Scene.unity using Guid(4a4aea8df1ad11c47a1db84432dd30f8) Importer(2089858483,0ecaa5967403d082aa24f35e1b516d23) [PhysX] Initialized MultithreadedTaskDispatcher with 8 workers.
 -> (artifact id: '1ada0aa299da1a175607f1599c3e3867') in 0.006816 seconds
Number of updated asset objects reloaded before import = 0
Number of asset objects unloaded after import = 1
========================================================================
Received Import Request.
  Time since last request: 0.000111 seconds.
  path: Assets/TestTask_MobileGame/Assets/Resources/Stick.prefab
  artifactKey: Guid(65af4e4b6da9d6b4ca00052cb8c15ed1) Importer(2089858483,0ecaa5967403d082aa24f35e1b516d23)
Start importing Assets/TestTask_MobileGame/Assets/Resources/Stick.prefab using Guid(65af4e4b6da9d6b4ca00052cb8c15ed1) Importer(2089858483,0ecaa5967403d082aa24f35e1b516d23) [PhysX] Initialized MultithreadedTaskDispatcher with 8 workers.
 -> (artifact id: 'a95b8d9beb764401fbeaa918054791ba') in 0.007326 seconds
Number of updated asset objects reloaded before import = 0
Number of asset objects unloaded after import = 7
========================================================================
Received Import Request.
  Time since last request: 0.000036 seconds.
  path: Assets/TestTask_MobileGame/Assets/Plugins/Zenject/OptionalExtras/SampleGame1 (Beginner)/Media/Materials/stars.mat
  artifactKey: Guid(c0f447361fb4285458bb4b25e0cbbff5) Importer(2089858483,0ecaa5967403d082aa24f35e1b516d23)
Start importing Assets/TestTask_MobileGame/Assets/Plugins/Zenject/OptionalExtras/SampleGame1 (Beginner)/Media/Materials/stars.mat using Guid(c0f447361fb4285458bb4b25e0cbbff5) Importer(2089858483,0ecaa5967403d082aa24f35e1b516d23) [PhysX] Initialized MultithreadedTaskDispatcher with 8 workers.
 -> (artifact id: 'ea04d5cc1b16ce589cf0c3eacd2b3cc4') in 0.011587 seconds
Number of updated asset objects reloaded before import = 0
Number of asset objects unloaded after import = 2
========================================================================
Received Import Request.
  Time since last request: 0.000040 seconds.
  path: Assets/TestTask_MobileGame/Assets/Plugins/Zenject/OptionalExtras/SampleGame1 (Beginner)/Media/Meshes/Materials/Material.mat
  artifactKey: Guid(62155033a16c4eb4ab0878b56d98970f) Importer(2089858483,0ecaa5967403d082aa24f35e1b516d23)
Start importing Assets/TestTask_MobileGame/Assets/Plugins/Zenject/OptionalExtras/SampleGame1 (Beginner)/Media/Meshes/Materials/Material.mat using Guid(62155033a16c4eb4ab0878b56d98970f) Importer(2089858483,0ecaa5967403d082aa24f35e1b516d23) [PhysX] Initialized MultithreadedTaskDispatcher with 8 workers.
 -> (artifact id: 'b880ec2022fa6cb43acd70817c3f5c98') in 0.008388 seconds
Number of updated asset objects reloaded before import = 0
Number of asset objects unloaded after import = 1
========================================================================
Received Import Request.
  Time since last request: 0.000024 seconds.
  path: Assets/Settings/Very High_PipelineAsset.asset
  artifactKey: Guid(b0456c0a18dc0074c843e68c5a60842d) Importer(2089858483,0ecaa5967403d082aa24f35e1b516d23)
Start importing Assets/Settings/Very High_PipelineAsset.asset using Guid(b0456c0a18dc0074c843e68c5a60842d) Importer(2089858483,0ecaa5967403d082aa24f35e1b516d23) [PhysX] Initialized MultithreadedTaskDispatcher with 8 workers.
 -> (artifact id: '95bf1609e259c08e6cb1ede2b1d56e3f') in 0.074129 seconds
Number of updated asset objects reloaded before import = 0
Number of asset objects unloaded after import = 2
========================================================================
Received Import Request.
  Time since last request: 0.000031 seconds.
  path: Assets/TestTask_MobileGame/Assets/Plugins/UniRx/Examples/Sample12SceneSettings.lighting
  artifactKey: Guid(72c7e5a5d650b9c448231aa25f35aa68) Importer(2089858483,0ecaa5967403d082aa24f35e1b516d23)
Start importing Assets/TestTask_MobileGame/Assets/Plugins/UniRx/Examples/Sample12SceneSettings.lighting using Guid(72c7e5a5d650b9c448231aa25f35aa68) Importer(2089858483,0ecaa5967403d082aa24f35e1b516d23) [PhysX] Initialized MultithreadedTaskDispatcher with 8 workers.
LightingSettings: switching bake backend from 1 to 0.
 -> (artifact id: '5cc4683e2ad393a97d80ad2910e1c21f') in 0.012156 seconds
Number of updated asset objects reloaded before import = 0
Number of asset objects unloaded after import = 1
========================================================================
Received Import Request.
  Time since last request: 0.000030 seconds.
  path: Assets/TestTask_MobileGame/Assets/Scenes/Main.unity
  artifactKey: Guid(3fc8acdd13e6c734bafef6554d6fdbcd) Importer(2089858483,0ecaa5967403d082aa24f35e1b516d23)
Start importing Assets/TestTask_MobileGame/Assets/Scenes/Main.unity using Guid(3fc8acdd13e6c734bafef6554d6fdbcd) Importer(2089858483,0ecaa5967403d082aa24f35e1b516d23) [PhysX] Initialized MultithreadedTaskDispatcher with 8 workers.
 -> (artifact id: '7deeda960e05dd0a9c96a7c1d733f71a') in 0.006315 seconds
Number of updated asset objects reloaded before import = 0
Number of asset objects unloaded after import = 1
========================================================================
Received Import Request.
  Time since last request: 0.000030 seconds.
  path: Assets/TestTask_MobileGame/Assets/Plugins/Zenject/OptionalExtras/SampleGame1 (Beginner)/Media/Textures/Background/Materials/Free_Shmup_Sprites_Starfield.mat
  artifactKey: Guid(b384f014c562cb64093ed03a6e82817f) Importer(2089858483,0ecaa5967403d082aa24f35e1b516d23)
Start importing Assets/TestTask_MobileGame/Assets/Plugins/Zenject/OptionalExtras/SampleGame1 (Beginner)/Media/Textures/Background/Materials/Free_Shmup_Sprites_Starfield.mat using Guid(b384f014c562cb64093ed03a6e82817f) Importer(2089858483,0ecaa5967403d082aa24f35e1b516d23) [PhysX] Initialized MultithreadedTaskDispatcher with 8 workers.
 -> (artifact id: '72d1bc6655cb7200683fc946655e143a') in 0.010719 seconds
Number of updated asset objects reloaded before import = 0
Number of asset objects unloaded after import = 1
========================================================================
Received Import Request.
  Time since last request: 0.000029 seconds.
  path: Assets/TestTask_MobileGame/Assets/Materials/Enemy.mat
  artifactKey: Guid(54b4634180d842043bb15ab96006facc) Importer(2089858483,0ecaa5967403d082aa24f35e1b516d23)
Start importing Assets/TestTask_MobileGame/Assets/Materials/Enemy.mat using Guid(54b4634180d842043bb15ab96006facc) Importer(2089858483,0ecaa5967403d082aa24f35e1b516d23) [PhysX] Initialized MultithreadedTaskDispatcher with 8 workers.
 -> (artifact id: 'f08fa9fbc84e9984e08c73c0fb7a6bd7') in 0.009314 seconds
Number of updated asset objects reloaded before import = 0
Number of asset objects unloaded after import = 1
========================================================================
Received Import Request.
  Time since last request: 0.000123 seconds.
  path: Assets/TestTask_MobileGame/Assets/Plugins/Zenject/OptionalExtras/SampleGame1 (Beginner)/Media/Imported/Rocks/meshes/Materials/No Name.mat
  artifactKey: Guid(d9ac87544b6e60b4f93bb932aec2fa1c) Importer(2089858483,0ecaa5967403d082aa24f35e1b516d23)
Start importing Assets/TestTask_MobileGame/Assets/Plugins/Zenject/OptionalExtras/SampleGame1 (Beginner)/Media/Imported/Rocks/meshes/Materials/No Name.mat using Guid(d9ac87544b6e60b4f93bb932aec2fa1c) Importer(2089858483,0ecaa5967403d082aa24f35e1b516d23) [PhysX] Initialized MultithreadedTaskDispatcher with 8 workers.
 -> (artifact id: '519590bcfd2f2bf5a6c1f4452410bb52') in 0.009939 seconds
Number of updated asset objects reloaded before import = 0
Number of asset objects unloaded after import = 1
========================================================================
Received Import Request.
  Time since last request: 0.000023 seconds.
  path: Assets/TestTask_MobileGame/Assets/Plugins/UniRx/Examples/Sample13Scene.unity
  artifactKey: Guid(b879645f640b02b43a8e78e210c1da1f) Importer(2089858483,0ecaa5967403d082aa24f35e1b516d23)
Start importing Assets/TestTask_MobileGame/Assets/Plugins/UniRx/Examples/Sample13Scene.unity using Guid(b879645f640b02b43a8e78e210c1da1f) Importer(2089858483,0ecaa5967403d082aa24f35e1b516d23) [PhysX] Initialized MultithreadedTaskDispatcher with 8 workers.
 -> (artifact id: 'b34ab906b36b122341bb7a09f45d9084') in 0.005999 seconds
Number of updated asset objects reloaded before import = 0
Number of asset objects unloaded after import = 1
========================================================================
Received Import Request.
  Time since last request: 0.000034 seconds.
  path: Assets/TestTask_MobileGame/Assets/Plugins/Zenject/OptionalExtras/SampleGame2 (Advanced)/Media/Models/Materials/Material.mat
  artifactKey: Guid(a9aa4d682c71a304b87783910b8a6ef1) Importer(2089858483,0ecaa5967403d082aa24f35e1b516d23)
Start importing Assets/TestTask_MobileGame/Assets/Plugins/Zenject/OptionalExtras/SampleGame2 (Advanced)/Media/Models/Materials/Material.mat using Guid(a9aa4d682c71a304b87783910b8a6ef1) Importer(2089858483,0ecaa5967403d082aa24f35e1b516d23) [PhysX] Initialized MultithreadedTaskDispatcher with 8 workers.
 -> (artifact id: '360685693db2c7f07a35024c59e29d74') in 0.010354 seconds
Number of updated asset objects reloaded before import = 0
Number of asset objects unloaded after import = 1
========================================================================
Received Import Request.
  Time since last request: 0.000027 seconds.
  path: Assets/Settings/Medium_PipelineAsset_ForwardRenderer.asset
  artifactKey: Guid(3a4acc9a09119354c933bf3fb7840989) Importer(2089858483,0ecaa5967403d082aa24f35e1b516d23)
Start importing Assets/Settings/Medium_PipelineAsset_ForwardRenderer.asset using Guid(3a4acc9a09119354c933bf3fb7840989) Importer(2089858483,0ecaa5967403d082aa24f35e1b516d23) [PhysX] Initialized MultithreadedTaskDispatcher with 8 workers.
 -> (artifact id: 'bc5245210c1739e56269f668ca292797') in 0.019273 seconds
Number of updated asset objects reloaded before import = 0
Number of asset objects unloaded after import = 1
========================================================================
Received Import Request.
  Time since last request: 0.000025 seconds.
  path: Assets/TestTask_MobileGame/Assets/Scenes/Game.unity
  artifactKey: Guid(9130d91b4fd8cfa4d9bbaac6f0cde53d) Importer(2089858483,0ecaa5967403d082aa24f35e1b516d23)
Start importing Assets/TestTask_MobileGame/Assets/Scenes/Game.unity using Guid(9130d91b4fd8cfa4d9bbaac6f0cde53d) Importer(2089858483,0ecaa5967403d082aa24f35e1b516d23) [PhysX] Initialized MultithreadedTaskDispatcher with 8 workers.
 -> (artifact id: 'e01b4b2f37bd0c36f4cd81def5577541') in 0.006304 seconds
Number of updated asset objects reloaded before import = 0
Number of asset objects unloaded after import = 1
========================================================================
Received Import Request.
  Time since last request: 0.000056 seconds.
  path: Assets/Settings/Very Low_PipelineAsset.asset
  artifactKey: Guid(7a47944f5181ed94f94b6ddaec3e3d1a) Importer(2089858483,0ecaa5967403d082aa24f35e1b516d23)
Start importing Assets/Settings/Very Low_PipelineAsset.asset using Guid(7a47944f5181ed94f94b6ddaec3e3d1a) Importer(2089858483,0ecaa5967403d082aa24f35e1b516d23) [PhysX] Initialized MultithreadedTaskDispatcher with 8 workers.
 -> (artifact id: '388f9bcb05400a0916620b95374f40bd') in 0.024839 seconds
Number of updated asset objects reloaded before import = 0
Number of asset objects unloaded after import = 1
========================================================================
Received Import Request.
  Time since last request: 0.000036 seconds.
  path: Assets/Settings/High_PipelineAsset_ForwardRenderer.asset
  artifactKey: Guid(8a24dfc4cb696694b96a9c451b6f0f7a) Importer(2089858483,0ecaa5967403d082aa24f35e1b516d23)
Start importing Assets/Settings/High_PipelineAsset_ForwardRenderer.asset using Guid(8a24dfc4cb696694b96a9c451b6f0f7a) Importer(2089858483,0ecaa5967403d082aa24f35e1b516d23) [PhysX] Initialized MultithreadedTaskDispatcher with 8 workers.
 -> (artifact id: '2e7160b23ac0f268eea701c24551bf01') in 0.022560 seconds
Number of updated asset objects reloaded before import = 0
Number of asset objects unloaded after import = 1
========================================================================
Received Import Request.
  Time since last request: 0.000035 seconds.
  path: Assets/TestTask_MobileGame/Assets/Resources/Building.prefab
  artifactKey: Guid(68e2711d938b7d446b1077ad156ab6bb) Importer(2089858483,0ecaa5967403d082aa24f35e1b516d23)
Start importing Assets/TestTask_MobileGame/Assets/Resources/Building.prefab using Guid(68e2711d938b7d446b1077ad156ab6bb) Importer(2089858483,0ecaa5967403d082aa24f35e1b516d23) [PhysX] Initialized MultithreadedTaskDispatcher with 8 workers.
 -> (artifact id: '462751d4f0bce083e971c114c507ac3a') in 0.018446 seconds
Number of updated asset objects reloaded before import = 0
Number of asset objects unloaded after import = 5
========================================================================
Received Import Request.
  Time since last request: 0.000029 seconds.
  path: Assets/Settings/Low_PipelineAsset.asset
  artifactKey: Guid(ddf8f244e240d3648ad2ce8dd7268e79) Importer(2089858483,0ecaa5967403d082aa24f35e1b516d23)
Start importing Assets/Settings/Low_PipelineAsset.asset using Guid(ddf8f244e240d3648ad2ce8dd7268e79) Importer(2089858483,0ecaa5967403d082aa24f35e1b516d23) [PhysX] Initialized MultithreadedTaskDispatcher with 8 workers.
 -> (artifact id: '4d0d21d0df8af84e76e0ad1b849e3c4e') in 0.024170 seconds
Number of updated asset objects reloaded before import = 0
Number of asset objects unloaded after import = 2
========================================================================
Received Import Request.
  Time since last request: 0.000023 seconds.
  path: Assets/TestTask_MobileGame/Assets/Plugins/Zenject/OptionalExtras/SampleGame1 (Beginner)/Media/Materials/target.mat
  artifactKey: Guid(6337eec4e613a6c44b441bb6b4ffbfa0) Importer(2089858483,0ecaa5967403d082aa24f35e1b516d23)
Start importing Assets/TestTask_MobileGame/Assets/Plugins/Zenject/OptionalExtras/SampleGame1 (Beginner)/Media/Materials/target.mat using Guid(6337eec4e613a6c44b441bb6b4ffbfa0) Importer(2089858483,0ecaa5967403d082aa24f35e1b516d23) [PhysX] Initialized MultithreadedTaskDispatcher with 8 workers.
 -> (artifact id: 'a987ef4094b72b99dedd826d11ed6b45') in 0.010930 seconds
Number of updated asset objects reloaded before import = 0
Number of asset objects unloaded after import = 2
========================================================================
Received Prepare
Begin MonoManager ReloadAssembly
- Loaded All Assemblies, in  0.671 seconds
Refreshing native plugins compatible for Editor in 2.98 ms, found 0 plugins.
Native extension for WindowsStandalone target not found
Mono: successfully reloaded assembly
- Finished resetting the current domain, in  1.020 seconds
Domain Reload Profiling: 1689ms
	BeginReloadAssembly (276ms)
		ExecutionOrderSort (0ms)
		DisableScriptedObjects (7ms)
		BackupInstance (0ms)
		ReleaseScriptingObjects (0ms)
		CreateAndSetChildDomain (77ms)
	RebuildCommonClasses (58ms)
	RebuildNativeTypeToScriptingClass (20ms)
	initialDomainReloadingComplete (50ms)
	LoadAllAssembliesAndSetupDomain (264ms)
		LoadAssemblies (354ms)
		RebuildTransferFunctionScriptingTraits (0ms)
		AnalyzeDomain (60ms)
			TypeCache.Refresh (10ms)
				TypeCache.ScanAssembly (2ms)
			ScanForSourceGeneratedMonoScriptInfo (31ms)
			ResolveRequiredComponents (17ms)
	FinalizeReload (1021ms)
		ReleaseScriptCaches (0ms)
		RebuildScriptCaches (0ms)
		SetupLoadedEditorAssemblies (480ms)
			LogAssemblyErrors (0ms)
			InitializePlatformSupportModulesInManaged (8ms)
			SetLoadedEditorAssemblies (4ms)
			RefreshPlugins (0ms)
			BeforeProcessingInitializeOnLoad (99ms)
			ProcessInitializeOnLoadAttributes (231ms)
			ProcessInitializeOnLoadMethodAttributes (131ms)
			AfterProcessingInitializeOnLoad (7ms)
			EditorAssembliesLoaded (0ms)
		ExecutionOrderSort2 (0ms)
		AwakeInstancesAfterBackupRestoration (24ms)
Refreshing native plugins compatible for Editor in 1.81 ms, found 0 plugins.
Preloading 0 native plugins for Editor in 0.00 ms.
Unloading 2955 Unused Serialized files (Serialized files now loaded: 0)
Unloading 24 unused Assets / (313.4 KB). Loaded Objects now: 3591.
Memory consumption went from 134.6 MB to 134.3 MB.
Total: 4.907100 ms (FindLiveObjects: 0.299600 ms CreateObjectMapping: 0.134000 ms MarkObjects: 4.360700 ms  DeleteObjects: 0.111300 ms)

Prepare: number of updated asset objects reloaded= 0
AssetImportParameters requested are different than current active one (requested -> active):
  custom:video-decoder-webm-vp8: 9c59270c3fd7afecdb556c50c9e8de78 -> 
  custom:SearchIndexIgnoredProperties: e643bd26f0fe6173181afceb89e7c659 -> 
  custom:container-demuxer-ogg: 62fdf1f143b41e24485cea50d1cbac27 -> 
  custom:AudioImporter_EditorPlatform: d09bf68614088b80899f8185d706f6e7 -> 
  custom:video-decoder-ogg-theora: a1e56fd34408186e4bbccfd4996cb3dc -> 
  custom:framework-win-MediaFoundation: 216162199b28c13a410421893ffa2e32 -> 
  custom:video-encoder-webm-vp8: eb34c28f22e8b96e1ab97ce403110664 -> 
  custom:audio-decoder-ogg-vorbis: bf7c407c2cedff20999df2af8eb42d56 -> 
  custom:CustomObjectIndexerAttribute: 72b91833f83ae208fae7752999fa3104 -> 
  custom:container-demuxer-webm: 4f35f7cbe854078d1ac9338744f61a02 -> 
  custom:audio-encoder-webm-vorbis: bf7c407c2cedff20999df2af8eb42d56 -> 
  custom:container-muxer-webm: aa71ff27fc2769a1b78a27578f13a17b -> 
========================================================================
Received Import Request.
  Time since last request: 1036.434832 seconds.
  path: Assets/TestTask_MobileGame/Assets/Scripts/BaseEntity.cs
  artifactKey: Guid(a14f9498e623d934cafe59a8e2ff3f97) Importer(815301076,1909f56bfc062723c751e8b465ee728b)
Start importing Assets/TestTask_MobileGame/Assets/Scripts/BaseEntity.cs using Guid(a14f9498e623d934cafe59a8e2ff3f97) Importer(815301076,1909f56bfc062723c751e8b465ee728b) [PhysX] Initialized MultithreadedTaskDispatcher with 8 workers.
 -> (artifact id: 'de53b1226a2221eb0e91adcbf5f521f4') in 0.011619 seconds
Number of updated asset objects reloaded before import = 0
Number of asset objects unloaded after import = 0
========================================================================
Received Prepare
Begin MonoManager ReloadAssembly
- Loaded All Assemblies, in  0.575 seconds
Refreshing native plugins compatible for Editor in 1.75 ms, found 0 plugins.
Native extension for WindowsStandalone target not found
Mono: successfully reloaded assembly
- Finished resetting the current domain, in  0.999 seconds
Domain Reload Profiling: 1571ms
	BeginReloadAssembly (223ms)
		ExecutionOrderSort (0ms)
		DisableScriptedObjects (7ms)
		BackupInstance (0ms)
		ReleaseScriptingObjects (0ms)
		CreateAndSetChildDomain (41ms)
	RebuildCommonClasses (56ms)
	RebuildNativeTypeToScriptingClass (22ms)
	initialDomainReloadingComplete (40ms)
	LoadAllAssembliesAndSetupDomain (231ms)
		LoadAssemblies (335ms)
		RebuildTransferFunctionScriptingTraits (0ms)
		AnalyzeDomain (31ms)
			TypeCache.Refresh (7ms)
				TypeCache.ScanAssembly (0ms)
			ScanForSourceGeneratedMonoScriptInfo (0ms)
			ResolveRequiredComponents (22ms)
	FinalizeReload (999ms)
		ReleaseScriptCaches (0ms)
		RebuildScriptCaches (0ms)
		SetupLoadedEditorAssemblies (482ms)
			LogAssemblyErrors (0ms)
			InitializePlatformSupportModulesInManaged (7ms)
			SetLoadedEditorAssemblies (4ms)
			RefreshPlugins (0ms)
			BeforeProcessingInitializeOnLoad (84ms)
			ProcessInitializeOnLoadAttributes (246ms)
			ProcessInitializeOnLoadMethodAttributes (135ms)
			AfterProcessingInitializeOnLoad (6ms)
			EditorAssembliesLoaded (0ms)
		ExecutionOrderSort2 (0ms)
		AwakeInstancesAfterBackupRestoration (23ms)
Refreshing native plugins compatible for Editor in 2.85 ms, found 0 plugins.
Preloading 0 native plugins for Editor in 0.00 ms.
Unloading 2955 Unused Serialized files (Serialized files now loaded: 0)
Unloading 24 unused Assets / (313.5 KB). Loaded Objects now: 3592.
Memory consumption went from 134.6 MB to 134.3 MB.
Total: 4.150000 ms (FindLiveObjects: 0.311400 ms CreateObjectMapping: 0.135100 ms MarkObjects: 3.600400 ms  DeleteObjects: 0.101600 ms)

Prepare: number of updated asset objects reloaded= 0
AssetImportParameters requested are different than current active one (requested -> active):
  custom:video-decoder-webm-vp8: 9c59270c3fd7afecdb556c50c9e8de78 -> 
  custom:SearchIndexIgnoredProperties: e643bd26f0fe6173181afceb89e7c659 -> 
  custom:container-demuxer-ogg: 62fdf1f143b41e24485cea50d1cbac27 -> 
  custom:AudioImporter_EditorPlatform: d09bf68614088b80899f8185d706f6e7 -> 
  custom:video-decoder-ogg-theora: a1e56fd34408186e4bbccfd4996cb3dc -> 
  custom:framework-win-MediaFoundation: 216162199b28c13a410421893ffa2e32 -> 
  custom:video-encoder-webm-vp8: eb34c28f22e8b96e1ab97ce403110664 -> 
  custom:audio-decoder-ogg-vorbis: bf7c407c2cedff20999df2af8eb42d56 -> 
  custom:CustomObjectIndexerAttribute: 72b91833f83ae208fae7752999fa3104 -> 
  custom:container-demuxer-webm: 4f35f7cbe854078d1ac9338744f61a02 -> 
  custom:audio-encoder-webm-vorbis: bf7c407c2cedff20999df2af8eb42d56 -> 
  custom:container-muxer-webm: aa71ff27fc2769a1b78a27578f13a17b -> 
========================================================================
Received Prepare
Begin MonoManager ReloadAssembly
- Loaded All Assemblies, in  0.837 seconds
Refreshing native plugins compatible for Editor in 2.66 ms, found 0 plugins.
Native extension for WindowsStandalone target not found
Mono: successfully reloaded assembly
- Finished resetting the current domain, in  3.923 seconds
Domain Reload Profiling: 4756ms
	BeginReloadAssembly (295ms)
		ExecutionOrderSort (0ms)
		DisableScriptedObjects (12ms)
		BackupInstance (0ms)
		ReleaseScriptingObjects (0ms)
		CreateAndSetChildDomain (60ms)
	RebuildCommonClasses (65ms)
	RebuildNativeTypeToScriptingClass (27ms)
	initialDomainReloadingComplete (55ms)
	LoadAllAssembliesAndSetupDomain (388ms)
		LoadAssemblies (463ms)
		RebuildTransferFunctionScriptingTraits (0ms)
		AnalyzeDomain (94ms)
			TypeCache.Refresh (14ms)
				TypeCache.ScanAssembly (4ms)
			ScanForSourceGeneratedMonoScriptInfo (47ms)
			ResolveRequiredComponents (32ms)
	FinalizeReload (3926ms)
		ReleaseScriptCaches (0ms)
		RebuildScriptCaches (0ms)
		SetupLoadedEditorAssemblies (2763ms)
			LogAssemblyErrors (0ms)
			InitializePlatformSupportModulesInManaged (54ms)
			SetLoadedEditorAssemblies (55ms)
			RefreshPlugins (0ms)
			BeforeProcessingInitializeOnLoad (480ms)
			ProcessInitializeOnLoadAttributes (1136ms)
			ProcessInitializeOnLoadMethodAttributes (1030ms)
			AfterProcessingInitializeOnLoad (9ms)
			EditorAssembliesLoaded (0ms)
		ExecutionOrderSort2 (0ms)
		AwakeInstancesAfterBackupRestoration (33ms)
Refreshing native plugins compatible for Editor in 2.44 ms, found 0 plugins.
Preloading 0 native plugins for Editor in 0.00 ms.
Unloading 2956 Unused Serialized files (Serialized files now loaded: 0)
Unloading 24 unused Assets / (313.5 KB). Loaded Objects now: 3594.
Memory consumption went from 134.6 MB to 134.3 MB.
Total: 5.222400 ms (FindLiveObjects: 0.571200 ms CreateObjectMapping: 0.199900 ms MarkObjects: 4.352300 ms  DeleteObjects: 0.097400 ms)

Prepare: number of updated asset objects reloaded= 0
AssetImportParameters requested are different than current active one (requested -> active):
  custom:video-decoder-webm-vp8: 9c59270c3fd7afecdb556c50c9e8de78 -> 
  custom:SearchIndexIgnoredProperties: e643bd26f0fe6173181afceb89e7c659 -> 
  custom:container-demuxer-ogg: 62fdf1f143b41e24485cea50d1cbac27 -> 
  custom:AudioImporter_EditorPlatform: d09bf68614088b80899f8185d706f6e7 -> 
  custom:video-decoder-ogg-theora: a1e56fd34408186e4bbccfd4996cb3dc -> 
  custom:framework-win-MediaFoundation: 216162199b28c13a410421893ffa2e32 -> 
  custom:video-encoder-webm-vp8: eb34c28f22e8b96e1ab97ce403110664 -> 
  custom:audio-decoder-ogg-vorbis: bf7c407c2cedff20999df2af8eb42d56 -> 
  custom:CustomObjectIndexerAttribute: 72b91833f83ae208fae7752999fa3104 -> 
  custom:container-demuxer-webm: 4f35f7cbe854078d1ac9338744f61a02 -> 
  custom:audio-encoder-webm-vorbis: bf7c407c2cedff20999df2af8eb42d56 -> 
  custom:container-muxer-webm: aa71ff27fc2769a1b78a27578f13a17b -> 
========================================================================
Received Prepare
Begin MonoManager ReloadAssembly
- Loaded All Assemblies, in  0.664 seconds
Refreshing native plugins compatible for Editor in 2.09 ms, found 0 plugins.
Native extension for WindowsStandalone target not found
Mono: successfully reloaded assembly
- Finished resetting the current domain, in  1.091 seconds
Domain Reload Profiling: 1753ms
	BeginReloadAssembly (241ms)
		ExecutionOrderSort (0ms)
		DisableScriptedObjects (11ms)
		BackupInstance (0ms)
		ReleaseScriptingObjects (0ms)
		CreateAndSetChildDomain (51ms)
	RebuildCommonClasses (61ms)
	RebuildNativeTypeToScriptingClass (19ms)
	initialDomainReloadingComplete (36ms)
	LoadAllAssembliesAndSetupDomain (305ms)
		LoadAssemblies (365ms)
		RebuildTransferFunctionScriptingTraits (0ms)
		AnalyzeDomain (75ms)
			TypeCache.Refresh (13ms)
				TypeCache.ScanAssembly (2ms)
			ScanForSourceGeneratedMonoScriptInfo (41ms)
			ResolveRequiredComponents (20ms)
	FinalizeReload (1092ms)
		ReleaseScriptCaches (0ms)
		RebuildScriptCaches (0ms)
		SetupLoadedEditorAssemblies (542ms)
			LogAssemblyErrors (0ms)
			InitializePlatformSupportModulesInManaged (9ms)
			SetLoadedEditorAssemblies (4ms)
			RefreshPlugins (0ms)
			BeforeProcessingInitializeOnLoad (105ms)
			ProcessInitializeOnLoadAttributes (288ms)
			ProcessInitializeOnLoadMethodAttributes (130ms)
			AfterProcessingInitializeOnLoad (7ms)
			EditorAssembliesLoaded (0ms)
		ExecutionOrderSort2 (0ms)
		AwakeInstancesAfterBackupRestoration (22ms)
Refreshing native plugins compatible for Editor in 1.75 ms, found 0 plugins.
Preloading 0 native plugins for Editor in 0.00 ms.
Unloading 2956 Unused Serialized files (Serialized files now loaded: 0)
Unloading 24 unused Assets / (313.4 KB). Loaded Objects now: 3595.
Memory consumption went from 134.6 MB to 134.3 MB.
Total: 4.650700 ms (FindLiveObjects: 0.306600 ms CreateObjectMapping: 0.135900 ms MarkObjects: 4.067500 ms  DeleteObjects: 0.138600 ms)

Prepare: number of updated asset objects reloaded= 0
AssetImportParameters requested are different than current active one (requested -> active):
  custom:video-decoder-webm-vp8: 9c59270c3fd7afecdb556c50c9e8de78 -> 
  custom:SearchIndexIgnoredProperties: e643bd26f0fe6173181afceb89e7c659 -> 
  custom:container-demuxer-ogg: 62fdf1f143b41e24485cea50d1cbac27 -> 
  custom:AudioImporter_EditorPlatform: d09bf68614088b80899f8185d706f6e7 -> 
  custom:video-decoder-ogg-theora: a1e56fd34408186e4bbccfd4996cb3dc -> 
  custom:framework-win-MediaFoundation: 216162199b28c13a410421893ffa2e32 -> 
  custom:video-encoder-webm-vp8: eb34c28f22e8b96e1ab97ce403110664 -> 
  custom:audio-decoder-ogg-vorbis: bf7c407c2cedff20999df2af8eb42d56 -> 
  custom:CustomObjectIndexerAttribute: 72b91833f83ae208fae7752999fa3104 -> 
  custom:container-demuxer-webm: 4f35f7cbe854078d1ac9338744f61a02 -> 
  custom:audio-encoder-webm-vorbis: bf7c407c2cedff20999df2af8eb42d56 -> 
  custom:container-muxer-webm: aa71ff27fc2769a1b78a27578f13a17b -> 
========================================================================
Received Prepare
Begin MonoManager ReloadAssembly
- Loaded All Assemblies, in  0.578 seconds
Refreshing native plugins compatible for Editor in 1.76 ms, found 0 plugins.
Native extension for WindowsStandalone target not found
Mono: successfully reloaded assembly
- Finished resetting the current domain, in  1.049 seconds
Domain Reload Profiling: 1626ms
	BeginReloadAssembly (227ms)
		ExecutionOrderSort (0ms)
		DisableScriptedObjects (8ms)
		BackupInstance (0ms)
		ReleaseScriptingObjects (0ms)
		CreateAndSetChildDomain (42ms)
	RebuildCommonClasses (53ms)
	RebuildNativeTypeToScriptingClass (22ms)
	initialDomainReloadingComplete (38ms)
	LoadAllAssembliesAndSetupDomain (235ms)
		LoadAssemblies (342ms)
		RebuildTransferFunctionScriptingTraits (0ms)
		AnalyzeDomain (31ms)
			TypeCache.Refresh (8ms)
				TypeCache.ScanAssembly (0ms)
			ScanForSourceGeneratedMonoScriptInfo (0ms)
			ResolveRequiredComponents (21ms)
	FinalizeReload (1050ms)
		ReleaseScriptCaches (0ms)
		RebuildScriptCaches (0ms)
		SetupLoadedEditorAssemblies (496ms)
			LogAssemblyErrors (0ms)
			InitializePlatformSupportModulesInManaged (7ms)
			SetLoadedEditorAssemblies (4ms)
			RefreshPlugins (0ms)
			BeforeProcessingInitializeOnLoad (90ms)
			ProcessInitializeOnLoadAttributes (245ms)
			ProcessInitializeOnLoadMethodAttributes (143ms)
			AfterProcessingInitializeOnLoad (7ms)
			EditorAssembliesLoaded (0ms)
		ExecutionOrderSort2 (0ms)
		AwakeInstancesAfterBackupRestoration (25ms)
Refreshing native plugins compatible for Editor in 2.12 ms, found 0 plugins.
Preloading 0 native plugins for Editor in 0.00 ms.
Unloading 2956 Unused Serialized files (Serialized files now loaded: 0)
Unloading 24 unused Assets / (313.5 KB). Loaded Objects now: 3596.
Memory consumption went from 134.6 MB to 134.3 MB.
Total: 4.810900 ms (FindLiveObjects: 0.327500 ms CreateObjectMapping: 0.143700 ms MarkObjects: 4.234300 ms  DeleteObjects: 0.104000 ms)

Prepare: number of updated asset objects reloaded= 0
AssetImportParameters requested are different than current active one (requested -> active):
  custom:video-decoder-webm-vp8: 9c59270c3fd7afecdb556c50c9e8de78 -> 
  custom:SearchIndexIgnoredProperties: e643bd26f0fe6173181afceb89e7c659 -> 
  custom:container-demuxer-ogg: 62fdf1f143b41e24485cea50d1cbac27 -> 
  custom:AudioImporter_EditorPlatform: d09bf68614088b80899f8185d706f6e7 -> 
  custom:video-decoder-ogg-theora: a1e56fd34408186e4bbccfd4996cb3dc -> 
  custom:framework-win-MediaFoundation: 216162199b28c13a410421893ffa2e32 -> 
  custom:video-encoder-webm-vp8: eb34c28f22e8b96e1ab97ce403110664 -> 
  custom:audio-decoder-ogg-vorbis: bf7c407c2cedff20999df2af8eb42d56 -> 
  custom:CustomObjectIndexerAttribute: 72b91833f83ae208fae7752999fa3104 -> 
  custom:container-demuxer-webm: 4f35f7cbe854078d1ac9338744f61a02 -> 
  custom:audio-encoder-webm-vorbis: bf7c407c2cedff20999df2af8eb42d56 -> 
  custom:container-muxer-webm: aa71ff27fc2769a1b78a27578f13a17b -> 
========================================================================
Received Prepare
Begin MonoManager ReloadAssembly
- Loaded All Assemblies, in  0.577 seconds
Refreshing native plugins compatible for Editor in 1.77 ms, found 0 plugins.
Native extension for WindowsStandalone target not found
Mono: successfully reloaded assembly
- Finished resetting the current domain, in  1.029 seconds
Domain Reload Profiling: 1603ms
	BeginReloadAssembly (236ms)
		ExecutionOrderSort (0ms)
		DisableScriptedObjects (9ms)
		BackupInstance (0ms)
		ReleaseScriptingObjects (0ms)
		CreateAndSetChildDomain (45ms)
	RebuildCommonClasses (51ms)
	RebuildNativeTypeToScriptingClass (18ms)
	initialDomainReloadingComplete (37ms)
	LoadAllAssembliesAndSetupDomain (231ms)
		LoadAssemblies (347ms)
		RebuildTransferFunctionScriptingTraits (0ms)
		AnalyzeDomain (25ms)
			TypeCache.Refresh (7ms)
				TypeCache.ScanAssembly (0ms)
			ScanForSourceGeneratedMonoScriptInfo (0ms)
			ResolveRequiredComponents (17ms)
	FinalizeReload (1030ms)
		ReleaseScriptCaches (0ms)
		RebuildScriptCaches (0ms)
		SetupLoadedEditorAssemblies (491ms)
			LogAssemblyErrors (0ms)
			InitializePlatformSupportModulesInManaged (7ms)
			SetLoadedEditorAssemblies (4ms)
			RefreshPlugins (0ms)
			BeforeProcessingInitializeOnLoad (88ms)
			ProcessInitializeOnLoadAttributes (251ms)
			ProcessInitializeOnLoadMethodAttributes (133ms)
			AfterProcessingInitializeOnLoad (9ms)
			EditorAssembliesLoaded (0ms)
		ExecutionOrderSort2 (0ms)
		AwakeInstancesAfterBackupRestoration (26ms)
Refreshing native plugins compatible for Editor in 3.02 ms, found 0 plugins.
Preloading 0 native plugins for Editor in 0.00 ms.
Unloading 2956 Unused Serialized files (Serialized files now loaded: 0)
Unloading 24 unused Assets / (312.9 KB). Loaded Objects now: 3597.
Memory consumption went from 134.6 MB to 134.3 MB.
Total: 5.645100 ms (FindLiveObjects: 0.732300 ms CreateObjectMapping: 0.147800 ms MarkObjects: 4.601400 ms  DeleteObjects: 0.161200 ms)

Prepare: number of updated asset objects reloaded= 0
AssetImportParameters requested are different than current active one (requested -> active):
  custom:video-decoder-webm-vp8: 9c59270c3fd7afecdb556c50c9e8de78 -> 
  custom:SearchIndexIgnoredProperties: e643bd26f0fe6173181afceb89e7c659 -> 
  custom:container-demuxer-ogg: 62fdf1f143b41e24485cea50d1cbac27 -> 
  custom:AudioImporter_EditorPlatform: d09bf68614088b80899f8185d706f6e7 -> 
  custom:video-decoder-ogg-theora: a1e56fd34408186e4bbccfd4996cb3dc -> 
  custom:framework-win-MediaFoundation: 216162199b28c13a410421893ffa2e32 -> 
  custom:video-encoder-webm-vp8: eb34c28f22e8b96e1ab97ce403110664 -> 
  custom:audio-decoder-ogg-vorbis: bf7c407c2cedff20999df2af8eb42d56 -> 
  custom:CustomObjectIndexerAttribute: 72b91833f83ae208fae7752999fa3104 -> 
  custom:container-demuxer-webm: 4f35f7cbe854078d1ac9338744f61a02 -> 
  custom:audio-encoder-webm-vorbis: bf7c407c2cedff20999df2af8eb42d56 -> 
  custom:container-muxer-webm: aa71ff27fc2769a1b78a27578f13a17b -> 
========================================================================
Received Prepare
Begin MonoManager ReloadAssembly
- Loaded All Assemblies, in  0.620 seconds
Refreshing native plugins compatible for Editor in 1.70 ms, found 0 plugins.
Native extension for WindowsStandalone target not found
Mono: successfully reloaded assembly
- Finished resetting the current domain, in  1.067 seconds
Domain Reload Profiling: 1684ms
	BeginReloadAssembly (245ms)
		ExecutionOrderSort (0ms)
		DisableScriptedObjects (11ms)
		BackupInstance (0ms)
		ReleaseScriptingObjects (0ms)
		CreateAndSetChildDomain (55ms)
	RebuildCommonClasses (61ms)
	RebuildNativeTypeToScriptingClass (21ms)
	initialDomainReloadingComplete (46ms)
	LoadAllAssembliesAndSetupDomain (243ms)
		LoadAssemblies (354ms)
		RebuildTransferFunctionScriptingTraits (0ms)
		AnalyzeDomain (28ms)
			TypeCache.Refresh (7ms)
				TypeCache.ScanAssembly (0ms)
			ScanForSourceGeneratedMonoScriptInfo (0ms)
			ResolveRequiredComponents (20ms)
	FinalizeReload (1068ms)
		ReleaseScriptCaches (0ms)
		RebuildScriptCaches (0ms)
		SetupLoadedEditorAssemblies (523ms)
			LogAssemblyErrors (0ms)
			InitializePlatformSupportModulesInManaged (9ms)
			SetLoadedEditorAssemblies (4ms)
			RefreshPlugins (0ms)
			BeforeProcessingInitializeOnLoad (95ms)
			ProcessInitializeOnLoadAttributes (255ms)
			ProcessInitializeOnLoadMethodAttributes (151ms)
			AfterProcessingInitializeOnLoad (8ms)
			EditorAssembliesLoaded (0ms)
		ExecutionOrderSort2 (0ms)
		AwakeInstancesAfterBackupRestoration (26ms)
Refreshing native plugins compatible for Editor in 2.31 ms, found 0 plugins.
Preloading 0 native plugins for Editor in 0.00 ms.
Unloading 2956 Unused Serialized files (Serialized files now loaded: 0)
Unloading 24 unused Assets / (313.6 KB). Loaded Objects now: 3598.
Memory consumption went from 134.6 MB to 134.3 MB.
Total: 4.155500 ms (FindLiveObjects: 0.301000 ms CreateObjectMapping: 0.163400 ms MarkObjects: 3.594200 ms  DeleteObjects: 0.095700 ms)

Prepare: number of updated asset objects reloaded= 0
AssetImportParameters requested are different than current active one (requested -> active):
  custom:video-decoder-webm-vp8: 9c59270c3fd7afecdb556c50c9e8de78 -> 
  custom:SearchIndexIgnoredProperties: e643bd26f0fe6173181afceb89e7c659 -> 
  custom:container-demuxer-ogg: 62fdf1f143b41e24485cea50d1cbac27 -> 
  custom:AudioImporter_EditorPlatform: d09bf68614088b80899f8185d706f6e7 -> 
  custom:video-decoder-ogg-theora: a1e56fd34408186e4bbccfd4996cb3dc -> 
  custom:framework-win-MediaFoundation: 216162199b28c13a410421893ffa2e32 -> 
  custom:video-encoder-webm-vp8: eb34c28f22e8b96e1ab97ce403110664 -> 
  custom:audio-decoder-ogg-vorbis: bf7c407c2cedff20999df2af8eb42d56 -> 
  custom:CustomObjectIndexerAttribute: 72b91833f83ae208fae7752999fa3104 -> 
  custom:container-demuxer-webm: 4f35f7cbe854078d1ac9338744f61a02 -> 
  custom:audio-encoder-webm-vorbis: bf7c407c2cedff20999df2af8eb42d56 -> 
  custom:container-muxer-webm: aa71ff27fc2769a1b78a27578f13a17b -> 
========================================================================
Received Prepare
Begin MonoManager ReloadAssembly
- Loaded All Assemblies, in  0.620 seconds
Refreshing native plugins compatible for Editor in 2.12 ms, found 0 plugins.
Native extension for WindowsStandalone target not found
Mono: successfully reloaded assembly
- Finished resetting the current domain, in  1.020 seconds
Domain Reload Profiling: 1638ms
	BeginReloadAssembly (247ms)
		ExecutionOrderSort (0ms)
		DisableScriptedObjects (9ms)
		BackupInstance (0ms)
		ReleaseScriptingObjects (0ms)
		CreateAndSetChildDomain (49ms)
	RebuildCommonClasses (50ms)
	RebuildNativeTypeToScriptingClass (16ms)
	initialDomainReloadingComplete (40ms)
	LoadAllAssembliesAndSetupDomain (265ms)
		LoadAssemblies (353ms)
		RebuildTransferFunctionScriptingTraits (0ms)
		AnalyzeDomain (59ms)
			TypeCache.Refresh (10ms)
				TypeCache.ScanAssembly (1ms)
			ScanForSourceGeneratedMonoScriptInfo (31ms)
			ResolveRequiredComponents (17ms)
	FinalizeReload (1021ms)
		ReleaseScriptCaches (0ms)
		RebuildScriptCaches (0ms)
		SetupLoadedEditorAssemblies (494ms)
			LogAssemblyErrors (0ms)
			InitializePlatformSupportModulesInManaged (7ms)
			SetLoadedEditorAssemblies (4ms)
			RefreshPlugins (0ms)
			BeforeProcessingInitializeOnLoad (89ms)
			ProcessInitializeOnLoadAttributes (247ms)
			ProcessInitializeOnLoadMethodAttributes (138ms)
			AfterProcessingInitializeOnLoad (9ms)
			EditorAssembliesLoaded (0ms)
		ExecutionOrderSort2 (0ms)
		AwakeInstancesAfterBackupRestoration (21ms)
Refreshing native plugins compatible for Editor in 2.91 ms, found 0 plugins.
Preloading 0 native plugins for Editor in 0.00 ms.
Unloading 2956 Unused Serialized files (Serialized files now loaded: 0)
Unloading 24 unused Assets / (313.0 KB). Loaded Objects now: 3599.
Memory consumption went from 134.6 MB to 134.3 MB.
Total: 4.658300 ms (FindLiveObjects: 0.307200 ms CreateObjectMapping: 0.135000 ms MarkObjects: 4.111900 ms  DeleteObjects: 0.102500 ms)

Prepare: number of updated asset objects reloaded= 0
AssetImportParameters requested are different than current active one (requested -> active):
  custom:video-decoder-webm-vp8: 9c59270c3fd7afecdb556c50c9e8de78 -> 
  custom:SearchIndexIgnoredProperties: e643bd26f0fe6173181afceb89e7c659 -> 
  custom:container-demuxer-ogg: 62fdf1f143b41e24485cea50d1cbac27 -> 
  custom:AudioImporter_EditorPlatform: d09bf68614088b80899f8185d706f6e7 -> 
  custom:video-decoder-ogg-theora: a1e56fd34408186e4bbccfd4996cb3dc -> 
  custom:framework-win-MediaFoundation: 216162199b28c13a410421893ffa2e32 -> 
  custom:video-encoder-webm-vp8: eb34c28f22e8b96e1ab97ce403110664 -> 
  custom:audio-decoder-ogg-vorbis: bf7c407c2cedff20999df2af8eb42d56 -> 
  custom:CustomObjectIndexerAttribute: 72b91833f83ae208fae7752999fa3104 -> 
  custom:container-demuxer-webm: 4f35f7cbe854078d1ac9338744f61a02 -> 
  custom:audio-encoder-webm-vorbis: bf7c407c2cedff20999df2af8eb42d56 -> 
  custom:container-muxer-webm: aa71ff27fc2769a1b78a27578f13a17b -> 
========================================================================
Received Prepare
Begin MonoManager ReloadAssembly
- Loaded All Assemblies, in  0.567 seconds
Refreshing native plugins compatible for Editor in 3.02 ms, found 0 plugins.
Native extension for WindowsStandalone target not found
Mono: successfully reloaded assembly
- Finished resetting the current domain, in  1.039 seconds
Domain Reload Profiling: 1604ms
	BeginReloadAssembly (229ms)
		ExecutionOrderSort (0ms)
		DisableScriptedObjects (8ms)
		BackupInstance (0ms)
		ReleaseScriptingObjects (0ms)
		CreateAndSetChildDomain (47ms)
	RebuildCommonClasses (50ms)
	RebuildNativeTypeToScriptingClass (17ms)
	initialDomainReloadingComplete (38ms)
	LoadAllAssembliesAndSetupDomain (230ms)
		LoadAssemblies (324ms)
		RebuildTransferFunctionScriptingTraits (0ms)
		AnalyzeDomain (30ms)
			TypeCache.Refresh (6ms)
				TypeCache.ScanAssembly (0ms)
			ScanForSourceGeneratedMonoScriptInfo (0ms)
			ResolveRequiredComponents (23ms)
	FinalizeReload (1040ms)
		ReleaseScriptCaches (0ms)
		RebuildScriptCaches (0ms)
		SetupLoadedEditorAssemblies (484ms)
			LogAssemblyErrors (0ms)
			InitializePlatformSupportModulesInManaged (7ms)
			SetLoadedEditorAssemblies (4ms)
			RefreshPlugins (0ms)
			BeforeProcessingInitializeOnLoad (92ms)
			ProcessInitializeOnLoadAttributes (230ms)
			ProcessInitializeOnLoadMethodAttributes (143ms)
			AfterProcessingInitializeOnLoad (7ms)
			EditorAssembliesLoaded (0ms)
		ExecutionOrderSort2 (0ms)
		AwakeInstancesAfterBackupRestoration (28ms)
Refreshing native plugins compatible for Editor in 2.52 ms, found 0 plugins.
Preloading 0 native plugins for Editor in 0.00 ms.
Unloading 2956 Unused Serialized files (Serialized files now loaded: 0)
Unloading 24 unused Assets / (313.1 KB). Loaded Objects now: 3600.
Memory consumption went from 134.6 MB to 134.3 MB.
Total: 5.732900 ms (FindLiveObjects: 0.342700 ms CreateObjectMapping: 0.133500 ms MarkObjects: 5.148700 ms  DeleteObjects: 0.106300 ms)

Prepare: number of updated asset objects reloaded= 0
AssetImportParameters requested are different than current active one (requested -> active):
  custom:video-decoder-webm-vp8: 9c59270c3fd7afecdb556c50c9e8de78 -> 
  custom:SearchIndexIgnoredProperties: e643bd26f0fe6173181afceb89e7c659 -> 
  custom:container-demuxer-ogg: 62fdf1f143b41e24485cea50d1cbac27 -> 
  custom:AudioImporter_EditorPlatform: d09bf68614088b80899f8185d706f6e7 -> 
  custom:video-decoder-ogg-theora: a1e56fd34408186e4bbccfd4996cb3dc -> 
  custom:framework-win-MediaFoundation: 216162199b28c13a410421893ffa2e32 -> 
  custom:video-encoder-webm-vp8: eb34c28f22e8b96e1ab97ce403110664 -> 
  custom:audio-decoder-ogg-vorbis: bf7c407c2cedff20999df2af8eb42d56 -> 
  custom:CustomObjectIndexerAttribute: 72b91833f83ae208fae7752999fa3104 -> 
  custom:container-demuxer-webm: 4f35f7cbe854078d1ac9338744f61a02 -> 
  custom:audio-encoder-webm-vorbis: bf7c407c2cedff20999df2af8eb42d56 -> 
  custom:container-muxer-webm: aa71ff27fc2769a1b78a27578f13a17b -> 
========================================================================
Received Import Request.
  Time since last request: 644.623612 seconds.
  path: Assets/TestTask_MobileGame/Assets/Scripts/CameraFollow.cs
  artifactKey: Guid(223329b724cee5944b0fce86e0e53c26) Importer(815301076,1909f56bfc062723c751e8b465ee728b)
Start importing Assets/TestTask_MobileGame/Assets/Scripts/CameraFollow.cs using Guid(223329b724cee5944b0fce86e0e53c26) Importer(815301076,1909f56bfc062723c751e8b465ee728b) [PhysX] Initialized MultithreadedTaskDispatcher with 8 workers.
 -> (artifact id: '48b338f0f0d2e909369a5a9dd2424425') in 0.009451 seconds
Number of updated asset objects reloaded before import = 0
Number of asset objects unloaded after import = 0
========================================================================
Received Prepare
Begin MonoManager ReloadAssembly
- Loaded All Assemblies, in  0.599 seconds
Refreshing native plugins compatible for Editor in 2.77 ms, found 0 plugins.
Native extension for WindowsStandalone target not found
Mono: successfully reloaded assembly
- Finished resetting the current domain, in  1.018 seconds
Domain Reload Profiling: 1616ms
	BeginReloadAssembly (236ms)
		ExecutionOrderSort (0ms)
		DisableScriptedObjects (10ms)
		BackupInstance (0ms)
		ReleaseScriptingObjects (0ms)
		CreateAndSetChildDomain (44ms)
	RebuildCommonClasses (64ms)
	RebuildNativeTypeToScriptingClass (16ms)
	initialDomainReloadingComplete (40ms)
	LoadAllAssembliesAndSetupDomain (241ms)
		LoadAssemblies (344ms)
		RebuildTransferFunctionScriptingTraits (0ms)
		AnalyzeDomain (35ms)
			TypeCache.Refresh (8ms)
				TypeCache.ScanAssembly (0ms)
			ScanForSourceGeneratedMonoScriptInfo (0ms)
			ResolveRequiredComponents (25ms)
	FinalizeReload (1019ms)
		ReleaseScriptCaches (0ms)
		RebuildScriptCaches (0ms)
		SetupLoadedEditorAssemblies (494ms)
			LogAssemblyErrors (0ms)
			InitializePlatformSupportModulesInManaged (8ms)
			SetLoadedEditorAssemblies (4ms)
			RefreshPlugins (0ms)
			BeforeProcessingInitializeOnLoad (89ms)
			ProcessInitializeOnLoadAttributes (254ms)
			ProcessInitializeOnLoadMethodAttributes (131ms)
			AfterProcessingInitializeOnLoad (7ms)
			EditorAssembliesLoaded (0ms)
		ExecutionOrderSort2 (0ms)
		AwakeInstancesAfterBackupRestoration (25ms)
Refreshing native plugins compatible for Editor in 2.81 ms, found 0 plugins.
Preloading 0 native plugins for Editor in 0.00 ms.
Unloading 2956 Unused Serialized files (Serialized files now loaded: 0)
Unloading 24 unused Assets / (313.5 KB). Loaded Objects now: 3601.
Memory consumption went from 134.6 MB to 134.3 MB.
Total: 5.051700 ms (FindLiveObjects: 0.383300 ms CreateObjectMapping: 0.135100 ms MarkObjects: 4.433200 ms  DeleteObjects: 0.098700 ms)

Prepare: number of updated asset objects reloaded= 0
AssetImportParameters requested are different than current active one (requested -> active):
  custom:video-decoder-webm-vp8: 9c59270c3fd7afecdb556c50c9e8de78 -> 
  custom:SearchIndexIgnoredProperties: e643bd26f0fe6173181afceb89e7c659 -> 
  custom:container-demuxer-ogg: 62fdf1f143b41e24485cea50d1cbac27 -> 
  custom:AudioImporter_EditorPlatform: d09bf68614088b80899f8185d706f6e7 -> 
  custom:video-decoder-ogg-theora: a1e56fd34408186e4bbccfd4996cb3dc -> 
  custom:framework-win-MediaFoundation: 216162199b28c13a410421893ffa2e32 -> 
  custom:video-encoder-webm-vp8: eb34c28f22e8b96e1ab97ce403110664 -> 
  custom:audio-decoder-ogg-vorbis: bf7c407c2cedff20999df2af8eb42d56 -> 
  custom:CustomObjectIndexerAttribute: 72b91833f83ae208fae7752999fa3104 -> 
  custom:container-demuxer-webm: 4f35f7cbe854078d1ac9338744f61a02 -> 
  custom:audio-encoder-webm-vorbis: bf7c407c2cedff20999df2af8eb42d56 -> 
  custom:container-muxer-webm: aa71ff27fc2769a1b78a27578f13a17b -> 
========================================================================
Received Prepare
Begin MonoManager ReloadAssembly
- Loaded All Assemblies, in  0.582 seconds
Refreshing native plugins compatible for Editor in 1.78 ms, found 0 plugins.
Native extension for WindowsStandalone target not found
Mono: successfully reloaded assembly
- Finished resetting the current domain, in  1.050 seconds
Domain Reload Profiling: 1628ms
	BeginReloadAssembly (218ms)
		ExecutionOrderSort (0ms)
		DisableScriptedObjects (8ms)
		BackupInstance (0ms)
		ReleaseScriptingObjects (0ms)
		CreateAndSetChildDomain (40ms)
	RebuildCommonClasses (59ms)
	RebuildNativeTypeToScriptingClass (18ms)
	initialDomainReloadingComplete (37ms)
	LoadAllAssembliesAndSetupDomain (245ms)
		LoadAssemblies (346ms)
		RebuildTransferFunctionScriptingTraits (0ms)
		AnalyzeDomain (29ms)
			TypeCache.Refresh (8ms)
				TypeCache.ScanAssembly (0ms)
			ScanForSourceGeneratedMonoScriptInfo (0ms)
			ResolveRequiredComponents (20ms)
	FinalizeReload (1051ms)
		ReleaseScriptCaches (0ms)
		RebuildScriptCaches (0ms)
		SetupLoadedEditorAssemblies (528ms)
			LogAssemblyErrors (0ms)
			InitializePlatformSupportModulesInManaged (7ms)
			SetLoadedEditorAssemblies (5ms)
			RefreshPlugins (0ms)
			BeforeProcessingInitializeOnLoad (98ms)
			ProcessInitializeOnLoadAttributes (265ms)
			ProcessInitializeOnLoadMethodAttributes (146ms)
			AfterProcessingInitializeOnLoad (6ms)
			EditorAssembliesLoaded (0ms)
		ExecutionOrderSort2 (0ms)
		AwakeInstancesAfterBackupRestoration (22ms)
Refreshing native plugins compatible for Editor in 2.17 ms, found 0 plugins.
Preloading 0 native plugins for Editor in 0.00 ms.
Unloading 2956 Unused Serialized files (Serialized files now loaded: 0)
Unloading 24 unused Assets / (313.5 KB). Loaded Objects now: 3602.
Memory consumption went from 134.6 MB to 134.3 MB.
Total: 6.042900 ms (FindLiveObjects: 0.327500 ms CreateObjectMapping: 0.230400 ms MarkObjects: 5.358500 ms  DeleteObjects: 0.125200 ms)

Prepare: number of updated asset objects reloaded= 0
AssetImportParameters requested are different than current active one (requested -> active):
  custom:video-decoder-webm-vp8: 9c59270c3fd7afecdb556c50c9e8de78 -> 
  custom:SearchIndexIgnoredProperties: e643bd26f0fe6173181afceb89e7c659 -> 
  custom:container-demuxer-ogg: 62fdf1f143b41e24485cea50d1cbac27 -> 
  custom:AudioImporter_EditorPlatform: d09bf68614088b80899f8185d706f6e7 -> 
  custom:video-decoder-ogg-theora: a1e56fd34408186e4bbccfd4996cb3dc -> 
  custom:framework-win-MediaFoundation: 216162199b28c13a410421893ffa2e32 -> 
  custom:video-encoder-webm-vp8: eb34c28f22e8b96e1ab97ce403110664 -> 
  custom:audio-decoder-ogg-vorbis: bf7c407c2cedff20999df2af8eb42d56 -> 
  custom:CustomObjectIndexerAttribute: 72b91833f83ae208fae7752999fa3104 -> 
  custom:container-demuxer-webm: 4f35f7cbe854078d1ac9338744f61a02 -> 
  custom:audio-encoder-webm-vorbis: bf7c407c2cedff20999df2af8eb42d56 -> 
  custom:container-muxer-webm: aa71ff27fc2769a1b78a27578f13a17b -> 
========================================================================
Received Prepare
Begin MonoManager ReloadAssembly
- Loaded All Assemblies, in  0.577 seconds
Refreshing native plugins compatible for Editor in 1.97 ms, found 0 plugins.
Native extension for WindowsStandalone target not found
Mono: successfully reloaded assembly
- Finished resetting the current domain, in  1.030 seconds
Domain Reload Profiling: 1605ms
	BeginReloadAssembly (221ms)
		ExecutionOrderSort (0ms)
		DisableScriptedObjects (8ms)
		BackupInstance (0ms)
		ReleaseScriptingObjects (0ms)
		CreateAndSetChildDomain (48ms)
	RebuildCommonClasses (50ms)
	RebuildNativeTypeToScriptingClass (25ms)
	initialDomainReloadingComplete (42ms)
	LoadAllAssembliesAndSetupDomain (237ms)
		LoadAssemblies (334ms)
		RebuildTransferFunctionScriptingTraits (0ms)
		AnalyzeDomain (29ms)
			TypeCache.Refresh (7ms)
				TypeCache.ScanAssembly (0ms)
			ScanForSourceGeneratedMonoScriptInfo (0ms)
			ResolveRequiredComponents (21ms)
	FinalizeReload (1030ms)
		ReleaseScriptCaches (0ms)
		RebuildScriptCaches (0ms)
		SetupLoadedEditorAssemblies (500ms)
			LogAssemblyErrors (0ms)
			InitializePlatformSupportModulesInManaged (9ms)
			SetLoadedEditorAssemblies (4ms)
			RefreshPlugins (0ms)
			BeforeProcessingInitializeOnLoad (100ms)
			ProcessInitializeOnLoadAttributes (245ms)
			ProcessInitializeOnLoadMethodAttributes (136ms)
			AfterProcessingInitializeOnLoad (6ms)
			EditorAssembliesLoaded (0ms)
		ExecutionOrderSort2 (0ms)
		AwakeInstancesAfterBackupRestoration (29ms)
Refreshing native plugins compatible for Editor in 2.48 ms, found 0 plugins.
Preloading 0 native plugins for Editor in 0.00 ms.
Unloading 2956 Unused Serialized files (Serialized files now loaded: 0)
Unloading 24 unused Assets / (313.6 KB). Loaded Objects now: 3603.
Memory consumption went from 134.6 MB to 134.3 MB.
Total: 5.124200 ms (FindLiveObjects: 0.440100 ms CreateObjectMapping: 0.143200 ms MarkObjects: 4.431900 ms  DeleteObjects: 0.107000 ms)

Prepare: number of updated asset objects reloaded= 0
AssetImportParameters requested are different than current active one (requested -> active):
  custom:video-decoder-webm-vp8: 9c59270c3fd7afecdb556c50c9e8de78 -> 
  custom:SearchIndexIgnoredProperties: e643bd26f0fe6173181afceb89e7c659 -> 
  custom:container-demuxer-ogg: 62fdf1f143b41e24485cea50d1cbac27 -> 
  custom:AudioImporter_EditorPlatform: d09bf68614088b80899f8185d706f6e7 -> 
  custom:video-decoder-ogg-theora: a1e56fd34408186e4bbccfd4996cb3dc -> 
  custom:framework-win-MediaFoundation: 216162199b28c13a410421893ffa2e32 -> 
  custom:video-encoder-webm-vp8: eb34c28f22e8b96e1ab97ce403110664 -> 
  custom:audio-decoder-ogg-vorbis: bf7c407c2cedff20999df2af8eb42d56 -> 
  custom:CustomObjectIndexerAttribute: 72b91833f83ae208fae7752999fa3104 -> 
  custom:container-demuxer-webm: 4f35f7cbe854078d1ac9338744f61a02 -> 
  custom:audio-encoder-webm-vorbis: bf7c407c2cedff20999df2af8eb42d56 -> 
  custom:container-muxer-webm: aa71ff27fc2769a1b78a27578f13a17b -> 
========================================================================
Received Prepare
Begin MonoManager ReloadAssembly
- Loaded All Assemblies, in  0.587 seconds
Refreshing native plugins compatible for Editor in 2.14 ms, found 0 plugins.
Native extension for WindowsStandalone target not found
Mono: successfully reloaded assembly
- Finished resetting the current domain, in  1.056 seconds
Domain Reload Profiling: 1640ms
	BeginReloadAssembly (207ms)
		ExecutionOrderSort (0ms)
		DisableScriptedObjects (7ms)
		BackupInstance (0ms)
		ReleaseScriptingObjects (0ms)
		CreateAndSetChildDomain (39ms)
	RebuildCommonClasses (48ms)
	RebuildNativeTypeToScriptingClass (16ms)
	initialDomainReloadingComplete (49ms)
	LoadAllAssembliesAndSetupDomain (263ms)
		LoadAssemblies (322ms)
		RebuildTransferFunctionScriptingTraits (0ms)
		AnalyzeDomain (63ms)
			TypeCache.Refresh (12ms)
				TypeCache.ScanAssembly (2ms)
			ScanForSourceGeneratedMonoScriptInfo (31ms)
			ResolveRequiredComponents (18ms)
	FinalizeReload (1056ms)
		ReleaseScriptCaches (0ms)
		RebuildScriptCaches (0ms)
		SetupLoadedEditorAssemblies (518ms)
			LogAssemblyErrors (0ms)
			InitializePlatformSupportModulesInManaged (10ms)
			SetLoadedEditorAssemblies (5ms)
			RefreshPlugins (0ms)
			BeforeProcessingInitializeOnLoad (93ms)
			ProcessInitializeOnLoadAttributes (262ms)
			ProcessInitializeOnLoadMethodAttributes (140ms)
			AfterProcessingInitializeOnLoad (8ms)
			EditorAssembliesLoaded (0ms)
		ExecutionOrderSort2 (0ms)
		AwakeInstancesAfterBackupRestoration (22ms)
Refreshing native plugins compatible for Editor in 2.90 ms, found 0 plugins.
Preloading 0 native plugins for Editor in 0.00 ms.
Unloading 2956 Unused Serialized files (Serialized files now loaded: 0)
Unloading 24 unused Assets / (313.5 KB). Loaded Objects now: 3604.
Memory consumption went from 134.6 MB to 134.3 MB.
Total: 8.457400 ms (FindLiveObjects: 0.790400 ms CreateObjectMapping: 0.391600 ms MarkObjects: 7.022100 ms  DeleteObjects: 0.251000 ms)

Prepare: number of updated asset objects reloaded= 0
AssetImportParameters requested are different than current active one (requested -> active):
  custom:video-decoder-webm-vp8: 9c59270c3fd7afecdb556c50c9e8de78 -> 
  custom:SearchIndexIgnoredProperties: e643bd26f0fe6173181afceb89e7c659 -> 
  custom:container-demuxer-ogg: 62fdf1f143b41e24485cea50d1cbac27 -> 
  custom:AudioImporter_EditorPlatform: d09bf68614088b80899f8185d706f6e7 -> 
  custom:video-decoder-ogg-theora: a1e56fd34408186e4bbccfd4996cb3dc -> 
  custom:framework-win-MediaFoundation: 216162199b28c13a410421893ffa2e32 -> 
  custom:video-encoder-webm-vp8: eb34c28f22e8b96e1ab97ce403110664 -> 
  custom:audio-decoder-ogg-vorbis: bf7c407c2cedff20999df2af8eb42d56 -> 
  custom:CustomObjectIndexerAttribute: 72b91833f83ae208fae7752999fa3104 -> 
  custom:container-demuxer-webm: 4f35f7cbe854078d1ac9338744f61a02 -> 
  custom:audio-encoder-webm-vorbis: bf7c407c2cedff20999df2af8eb42d56 -> 
  custom:container-muxer-webm: aa71ff27fc2769a1b78a27578f13a17b -> 
========================================================================
Received Import Request.
  Time since last request: 584.681663 seconds.
  path: Assets/TestTask_MobileGame/Assets/Scripts/CameraFollow.cs
  artifactKey: Guid(223329b724cee5944b0fce86e0e53c26) Importer(815301076,1909f56bfc062723c751e8b465ee728b)
Start importing Assets/TestTask_MobileGame/Assets/Scripts/CameraFollow.cs using Guid(223329b724cee5944b0fce86e0e53c26) Importer(815301076,1909f56bfc062723c751e8b465ee728b) [PhysX] Initialized MultithreadedTaskDispatcher with 8 workers.
 -> (artifact id: '01bea51c199bc473bea17a77059af003') in 0.003095 seconds
Number of updated asset objects reloaded before import = 0
Number of asset objects unloaded after import = 0
========================================================================
Received Prepare
Begin MonoManager ReloadAssembly
- Loaded All Assemblies, in  0.576 seconds
Refreshing native plugins compatible for Editor in 1.85 ms, found 0 plugins.
Native extension for WindowsStandalone target not found
Mono: successfully reloaded assembly
- Finished resetting the current domain, in  1.099 seconds
Domain Reload Profiling: 1674ms
	BeginReloadAssembly (229ms)
		ExecutionOrderSort (0ms)
		DisableScriptedObjects (8ms)
		BackupInstance (0ms)
		ReleaseScriptingObjects (0ms)
		CreateAndSetChildDomain (50ms)
	RebuildCommonClasses (54ms)
	RebuildNativeTypeToScriptingClass (15ms)
	initialDomainReloadingComplete (37ms)
	LoadAllAssembliesAndSetupDomain (238ms)
		LoadAssemblies (340ms)
		RebuildTransferFunctionScriptingTraits (0ms)
		AnalyzeDomain (33ms)
			TypeCache.Refresh (8ms)
				TypeCache.ScanAssembly (0ms)
			ScanForSourceGeneratedMonoScriptInfo (0ms)
			ResolveRequiredComponents (24ms)
	FinalizeReload (1100ms)
		ReleaseScriptCaches (0ms)
		RebuildScriptCaches (0ms)
		SetupLoadedEditorAssemblies (519ms)
			LogAssemblyErrors (0ms)
			InitializePlatformSupportModulesInManaged (8ms)
			SetLoadedEditorAssemblies (5ms)
			RefreshPlugins (0ms)
			BeforeProcessingInitializeOnLoad (100ms)
			ProcessInitializeOnLoadAttributes (263ms)
			ProcessInitializeOnLoadMethodAttributes (135ms)
			AfterProcessingInitializeOnLoad (7ms)
			EditorAssembliesLoaded (0ms)
		ExecutionOrderSort2 (0ms)
		AwakeInstancesAfterBackupRestoration (24ms)
Refreshing native plugins compatible for Editor in 2.28 ms, found 0 plugins.
Preloading 0 native plugins for Editor in 0.00 ms.
Unloading 2956 Unused Serialized files (Serialized files now loaded: 0)
Unloading 24 unused Assets / (313.5 KB). Loaded Objects now: 3605.
Memory consumption went from 134.6 MB to 134.3 MB.
Total: 7.456500 ms (FindLiveObjects: 0.592200 ms CreateObjectMapping: 0.222500 ms MarkObjects: 6.521600 ms  DeleteObjects: 0.118300 ms)

Prepare: number of updated asset objects reloaded= 0
AssetImportParameters requested are different than current active one (requested -> active):
  custom:video-decoder-webm-vp8: 9c59270c3fd7afecdb556c50c9e8de78 -> 
  custom:SearchIndexIgnoredProperties: e643bd26f0fe6173181afceb89e7c659 -> 
  custom:container-demuxer-ogg: 62fdf1f143b41e24485cea50d1cbac27 -> 
  custom:AudioImporter_EditorPlatform: d09bf68614088b80899f8185d706f6e7 -> 
  custom:video-decoder-ogg-theora: a1e56fd34408186e4bbccfd4996cb3dc -> 
  custom:framework-win-MediaFoundation: 216162199b28c13a410421893ffa2e32 -> 
  custom:video-encoder-webm-vp8: eb34c28f22e8b96e1ab97ce403110664 -> 
  custom:audio-decoder-ogg-vorbis: bf7c407c2cedff20999df2af8eb42d56 -> 
  custom:CustomObjectIndexerAttribute: 72b91833f83ae208fae7752999fa3104 -> 
  custom:container-demuxer-webm: 4f35f7cbe854078d1ac9338744f61a02 -> 
  custom:audio-encoder-webm-vorbis: bf7c407c2cedff20999df2af8eb42d56 -> 
  custom:container-muxer-webm: aa71ff27fc2769a1b78a27578f13a17b -> 
========================================================================
Received Prepare
Begin MonoManager ReloadAssembly
- Loaded All Assemblies, in  0.599 seconds
Refreshing native plugins compatible for Editor in 1.77 ms, found 0 plugins.
Native extension for WindowsStandalone target not found
Mono: successfully reloaded assembly
- Finished resetting the current domain, in  0.974 seconds
Domain Reload Profiling: 1570ms
	BeginReloadAssembly (216ms)
		ExecutionOrderSort (0ms)
		DisableScriptedObjects (11ms)
		BackupInstance (0ms)
		ReleaseScriptingObjects (0ms)
		CreateAndSetChildDomain (41ms)
	RebuildCommonClasses (53ms)
	RebuildNativeTypeToScriptingClass (16ms)
	initialDomainReloadingComplete (47ms)
	LoadAllAssembliesAndSetupDomain (264ms)
		LoadAssemblies (318ms)
		RebuildTransferFunctionScriptingTraits (0ms)
		AnalyzeDomain (66ms)
			TypeCache.Refresh (10ms)
				TypeCache.ScanAssembly (2ms)
			ScanForSourceGeneratedMonoScriptInfo (36ms)
			ResolveRequiredComponents (19ms)
	FinalizeReload (974ms)
		ReleaseScriptCaches (0ms)
		RebuildScriptCaches (0ms)
		SetupLoadedEditorAssemblies (473ms)
			LogAssemblyErrors (0ms)
			InitializePlatformSupportModulesInManaged (7ms)
			SetLoadedEditorAssemblies (4ms)
			RefreshPlugins (0ms)
			BeforeProcessingInitializeOnLoad (89ms)
			ProcessInitializeOnLoadAttributes (227ms)
			ProcessInitializeOnLoadMethodAttributes (139ms)
			AfterProcessingInitializeOnLoad (7ms)
			EditorAssembliesLoaded (0ms)
		ExecutionOrderSort2 (0ms)
		AwakeInstancesAfterBackupRestoration (22ms)
Refreshing native plugins compatible for Editor in 1.77 ms, found 0 plugins.
Preloading 0 native plugins for Editor in 0.00 ms.
Unloading 2956 Unused Serialized files (Serialized files now loaded: 0)
Unloading 24 unused Assets / (313.6 KB). Loaded Objects now: 3606.
Memory consumption went from 134.6 MB to 134.3 MB.
Total: 4.573900 ms (FindLiveObjects: 0.306700 ms CreateObjectMapping: 0.132600 ms MarkObjects: 4.019700 ms  DeleteObjects: 0.113200 ms)

Prepare: number of updated asset objects reloaded= 0
AssetImportParameters requested are different than current active one (requested -> active):
  custom:video-decoder-webm-vp8: 9c59270c3fd7afecdb556c50c9e8de78 -> 
  custom:SearchIndexIgnoredProperties: e643bd26f0fe6173181afceb89e7c659 -> 
  custom:container-demuxer-ogg: 62fdf1f143b41e24485cea50d1cbac27 -> 
  custom:AudioImporter_EditorPlatform: d09bf68614088b80899f8185d706f6e7 -> 
  custom:video-decoder-ogg-theora: a1e56fd34408186e4bbccfd4996cb3dc -> 
  custom:framework-win-MediaFoundation: 216162199b28c13a410421893ffa2e32 -> 
  custom:video-encoder-webm-vp8: eb34c28f22e8b96e1ab97ce403110664 -> 
  custom:audio-decoder-ogg-vorbis: bf7c407c2cedff20999df2af8eb42d56 -> 
  custom:CustomObjectIndexerAttribute: 72b91833f83ae208fae7752999fa3104 -> 
  custom:container-demuxer-webm: 4f35f7cbe854078d1ac9338744f61a02 -> 
  custom:audio-encoder-webm-vorbis: bf7c407c2cedff20999df2af8eb42d56 -> 
  custom:container-muxer-webm: aa71ff27fc2769a1b78a27578f13a17b -> 
========================================================================
Received Prepare
Begin MonoManager ReloadAssembly
- Loaded All Assemblies, in  0.557 seconds
Refreshing native plugins compatible for Editor in 1.79 ms, found 0 plugins.
Native extension for WindowsStandalone target not found
Mono: successfully reloaded assembly
- Finished resetting the current domain, in  1.009 seconds
Domain Reload Profiling: 1565ms
	BeginReloadAssembly (218ms)
		ExecutionOrderSort (0ms)
		DisableScriptedObjects (8ms)
		BackupInstance (0ms)
		ReleaseScriptingObjects (0ms)
		CreateAndSetChildDomain (49ms)
	RebuildCommonClasses (54ms)
	RebuildNativeTypeToScriptingClass (18ms)
	initialDomainReloadingComplete (38ms)
	LoadAllAssembliesAndSetupDomain (227ms)
		LoadAssemblies (326ms)
		RebuildTransferFunctionScriptingTraits (0ms)
		AnalyzeDomain (25ms)
			TypeCache.Refresh (6ms)
				TypeCache.ScanAssembly (0ms)
			ScanForSourceGeneratedMonoScriptInfo (0ms)
			ResolveRequiredComponents (17ms)
	FinalizeReload (1010ms)
		ReleaseScriptCaches (0ms)
		RebuildScriptCaches (0ms)
		SetupLoadedEditorAssemblies (461ms)
			LogAssemblyErrors (0ms)
			InitializePlatformSupportModulesInManaged (7ms)
			SetLoadedEditorAssemblies (4ms)
			RefreshPlugins (0ms)
			BeforeProcessingInitializeOnLoad (81ms)
			ProcessInitializeOnLoadAttributes (227ms)
			ProcessInitializeOnLoadMethodAttributes (135ms)
			AfterProcessingInitializeOnLoad (8ms)
			EditorAssembliesLoaded (0ms)
		ExecutionOrderSort2 (0ms)
		AwakeInstancesAfterBackupRestoration (23ms)
Refreshing native plugins compatible for Editor in 2.35 ms, found 0 plugins.
Preloading 0 native plugins for Editor in 0.00 ms.
Unloading 2956 Unused Serialized files (Serialized files now loaded: 0)
Unloading 24 unused Assets / (313.7 KB). Loaded Objects now: 3607.
Memory consumption went from 134.6 MB to 134.3 MB.
Total: 5.258700 ms (FindLiveObjects: 0.386800 ms CreateObjectMapping: 0.155100 ms MarkObjects: 4.565300 ms  DeleteObjects: 0.149600 ms)

Prepare: number of updated asset objects reloaded= 0
AssetImportParameters requested are different than current active one (requested -> active):
  custom:video-decoder-webm-vp8: 9c59270c3fd7afecdb556c50c9e8de78 -> 
  custom:SearchIndexIgnoredProperties: e643bd26f0fe6173181afceb89e7c659 -> 
  custom:container-demuxer-ogg: 62fdf1f143b41e24485cea50d1cbac27 -> 
  custom:AudioImporter_EditorPlatform: d09bf68614088b80899f8185d706f6e7 -> 
  custom:video-decoder-ogg-theora: a1e56fd34408186e4bbccfd4996cb3dc -> 
  custom:framework-win-MediaFoundation: 216162199b28c13a410421893ffa2e32 -> 
  custom:video-encoder-webm-vp8: eb34c28f22e8b96e1ab97ce403110664 -> 
  custom:audio-decoder-ogg-vorbis: bf7c407c2cedff20999df2af8eb42d56 -> 
  custom:CustomObjectIndexerAttribute: 72b91833f83ae208fae7752999fa3104 -> 
  custom:container-demuxer-webm: 4f35f7cbe854078d1ac9338744f61a02 -> 
  custom:audio-encoder-webm-vorbis: bf7c407c2cedff20999df2af8eb42d56 -> 
  custom:container-muxer-webm: aa71ff27fc2769a1b78a27578f13a17b -> 
========================================================================
Received Prepare
Begin MonoManager ReloadAssembly
- Loaded All Assemblies, in  0.606 seconds
Refreshing native plugins compatible for Editor in 1.78 ms, found 0 plugins.
Native extension for WindowsStandalone target not found
Mono: successfully reloaded assembly
- Finished resetting the current domain, in  1.034 seconds
Domain Reload Profiling: 1638ms
	BeginReloadAssembly (231ms)
		ExecutionOrderSort (0ms)
		DisableScriptedObjects (11ms)
		BackupInstance (0ms)
		ReleaseScriptingObjects (0ms)
		CreateAndSetChildDomain (49ms)
	RebuildCommonClasses (48ms)
	RebuildNativeTypeToScriptingClass (16ms)
	initialDomainReloadingComplete (36ms)
	LoadAllAssembliesAndSetupDomain (273ms)
		LoadAssemblies (349ms)
		RebuildTransferFunctionScriptingTraits (0ms)
		AnalyzeDomain (55ms)
			TypeCache.Refresh (11ms)
				TypeCache.ScanAssembly (2ms)
			ScanForSourceGeneratedMonoScriptInfo (26ms)
			ResolveRequiredComponents (17ms)
	FinalizeReload (1035ms)
		ReleaseScriptCaches (0ms)
		RebuildScriptCaches (0ms)
		SetupLoadedEditorAssemblies (496ms)
			LogAssemblyErrors (0ms)
			InitializePlatformSupportModulesInManaged (9ms)
			SetLoadedEditorAssemblies (4ms)
			RefreshPlugins (0ms)
			BeforeProcessingInitializeOnLoad (90ms)
			ProcessInitializeOnLoadAttributes (250ms)
			ProcessInitializeOnLoadMethodAttributes (136ms)
			AfterProcessingInitializeOnLoad (7ms)
			EditorAssembliesLoaded (0ms)
		ExecutionOrderSort2 (0ms)
		AwakeInstancesAfterBackupRestoration (23ms)
Refreshing native plugins compatible for Editor in 1.75 ms, found 0 plugins.
Preloading 0 native plugins for Editor in 0.00 ms.
Unloading 2956 Unused Serialized files (Serialized files now loaded: 0)
Unloading 24 unused Assets / (313.6 KB). Loaded Objects now: 3608.
Memory consumption went from 134.6 MB to 134.3 MB.
Total: 4.704800 ms (FindLiveObjects: 0.296700 ms CreateObjectMapping: 0.133700 ms MarkObjects: 4.106500 ms  DeleteObjects: 0.165800 ms)

Prepare: number of updated asset objects reloaded= 0
AssetImportParameters requested are different than current active one (requested -> active):
  custom:video-decoder-webm-vp8: 9c59270c3fd7afecdb556c50c9e8de78 -> 
  custom:SearchIndexIgnoredProperties: e643bd26f0fe6173181afceb89e7c659 -> 
  custom:container-demuxer-ogg: 62fdf1f143b41e24485cea50d1cbac27 -> 
  custom:AudioImporter_EditorPlatform: d09bf68614088b80899f8185d706f6e7 -> 
  custom:video-decoder-ogg-theora: a1e56fd34408186e4bbccfd4996cb3dc -> 
  custom:framework-win-MediaFoundation: 216162199b28c13a410421893ffa2e32 -> 
  custom:video-encoder-webm-vp8: eb34c28f22e8b96e1ab97ce403110664 -> 
  custom:audio-decoder-ogg-vorbis: bf7c407c2cedff20999df2af8eb42d56 -> 
  custom:CustomObjectIndexerAttribute: 72b91833f83ae208fae7752999fa3104 -> 
  custom:container-demuxer-webm: 4f35f7cbe854078d1ac9338744f61a02 -> 
  custom:audio-encoder-webm-vorbis: bf7c407c2cedff20999df2af8eb42d56 -> 
  custom:container-muxer-webm: aa71ff27fc2769a1b78a27578f13a17b -> 
========================================================================
Received Prepare
Begin MonoManager ReloadAssembly
- Loaded All Assemblies, in  0.560 seconds
Refreshing native plugins compatible for Editor in 1.84 ms, found 0 plugins.
Native extension for WindowsStandalone target not found
Mono: successfully reloaded assembly
- Finished resetting the current domain, in  1.000 seconds
Domain Reload Profiling: 1559ms
	BeginReloadAssembly (215ms)
		ExecutionOrderSort (0ms)
		DisableScriptedObjects (7ms)
		BackupInstance (0ms)
		ReleaseScriptingObjects (0ms)
		CreateAndSetChildDomain (45ms)
	RebuildCommonClasses (61ms)
	RebuildNativeTypeToScriptingClass (22ms)
	initialDomainReloadingComplete (38ms)
	LoadAllAssembliesAndSetupDomain (223ms)
		LoadAssemblies (319ms)
		RebuildTransferFunctionScriptingTraits (0ms)
		AnalyzeDomain (29ms)
			TypeCache.Refresh (6ms)
				TypeCache.ScanAssembly (0ms)
			ScanForSourceGeneratedMonoScriptInfo (0ms)
			ResolveRequiredComponents (22ms)
	FinalizeReload (1001ms)
		ReleaseScriptCaches (0ms)
		RebuildScriptCaches (0ms)
		SetupLoadedEditorAssemblies (459ms)
			LogAssemblyErrors (0ms)
			InitializePlatformSupportModulesInManaged (7ms)
			SetLoadedEditorAssemblies (4ms)
			RefreshPlugins (0ms)
			BeforeProcessingInitializeOnLoad (91ms)
			ProcessInitializeOnLoadAttributes (227ms)
			ProcessInitializeOnLoadMethodAttributes (124ms)
			AfterProcessingInitializeOnLoad (7ms)
			EditorAssembliesLoaded (0ms)
		ExecutionOrderSort2 (0ms)
		AwakeInstancesAfterBackupRestoration (26ms)
Refreshing native plugins compatible for Editor in 2.07 ms, found 0 plugins.
Preloading 0 native plugins for Editor in 0.00 ms.
Unloading 2956 Unused Serialized files (Serialized files now loaded: 0)
Unloading 24 unused Assets / (313.6 KB). Loaded Objects now: 3609.
Memory consumption went from 134.6 MB to 134.3 MB.
Total: 5.944100 ms (FindLiveObjects: 0.557300 ms CreateObjectMapping: 0.220900 ms MarkObjects: 5.030500 ms  DeleteObjects: 0.133700 ms)

Prepare: number of updated asset objects reloaded= 0
AssetImportParameters requested are different than current active one (requested -> active):
  custom:video-decoder-webm-vp8: 9c59270c3fd7afecdb556c50c9e8de78 -> 
  custom:SearchIndexIgnoredProperties: e643bd26f0fe6173181afceb89e7c659 -> 
  custom:container-demuxer-ogg: 62fdf1f143b41e24485cea50d1cbac27 -> 
  custom:AudioImporter_EditorPlatform: d09bf68614088b80899f8185d706f6e7 -> 
  custom:video-decoder-ogg-theora: a1e56fd34408186e4bbccfd4996cb3dc -> 
  custom:framework-win-MediaFoundation: 216162199b28c13a410421893ffa2e32 -> 
  custom:video-encoder-webm-vp8: eb34c28f22e8b96e1ab97ce403110664 -> 
  custom:audio-decoder-ogg-vorbis: bf7c407c2cedff20999df2af8eb42d56 -> 
  custom:CustomObjectIndexerAttribute: 72b91833f83ae208fae7752999fa3104 -> 
  custom:container-demuxer-webm: 4f35f7cbe854078d1ac9338744f61a02 -> 
  custom:audio-encoder-webm-vorbis: bf7c407c2cedff20999df2af8eb42d56 -> 
  custom:container-muxer-webm: aa71ff27fc2769a1b78a27578f13a17b -> 
========================================================================
Received Import Request.
  Time since last request: 149.797777 seconds.
  path: Assets/TestTask_MobileGame/Assets/Scripts/CameraFollow.cs
  artifactKey: Guid(223329b724cee5944b0fce86e0e53c26) Importer(815301076,1909f56bfc062723c751e8b465ee728b)
Start importing Assets/TestTask_MobileGame/Assets/Scripts/CameraFollow.cs using Guid(223329b724cee5944b0fce86e0e53c26) Importer(815301076,1909f56bfc062723c751e8b465ee728b) [PhysX] Initialized MultithreadedTaskDispatcher with 8 workers.
 -> (artifact id: '628dc4e61eebf2346e483505351d2bc4') in 0.002487 seconds
Number of updated asset objects reloaded before import = 0
Number of asset objects unloaded after import = 0
========================================================================
Received Prepare
Begin MonoManager ReloadAssembly
- Loaded All Assemblies, in  0.628 seconds
Refreshing native plugins compatible for Editor in 2.07 ms, found 0 plugins.
Native extension for WindowsStandalone target not found
Mono: successfully reloaded assembly
- Finished resetting the current domain, in  1.034 seconds
Domain Reload Profiling: 1659ms
	BeginReloadAssembly (236ms)
		ExecutionOrderSort (0ms)
		DisableScriptedObjects (7ms)
		BackupInstance (0ms)
		ReleaseScriptingObjects (0ms)
		CreateAndSetChildDomain (51ms)
	RebuildCommonClasses (56ms)
	RebuildNativeTypeToScriptingClass (16ms)
	initialDomainReloadingComplete (37ms)
	LoadAllAssembliesAndSetupDomain (280ms)
		LoadAssemblies (347ms)
		RebuildTransferFunctionScriptingTraits (0ms)
		AnalyzeDomain (65ms)
			TypeCache.Refresh (14ms)
				TypeCache.ScanAssembly (3ms)
			ScanForSourceGeneratedMonoScriptInfo (30ms)
			ResolveRequiredComponents (20ms)
	FinalizeReload (1034ms)
		ReleaseScriptCaches (0ms)
		RebuildScriptCaches (0ms)
		SetupLoadedEditorAssemblies (496ms)
			LogAssemblyErrors (0ms)
			InitializePlatformSupportModulesInManaged (10ms)
			SetLoadedEditorAssemblies (4ms)
			RefreshPlugins (0ms)
			BeforeProcessingInitializeOnLoad (82ms)
			ProcessInitializeOnLoadAttributes (261ms)
			ProcessInitializeOnLoadMethodAttributes (132ms)
			AfterProcessingInitializeOnLoad (7ms)
			EditorAssembliesLoaded (0ms)
		ExecutionOrderSort2 (0ms)
		AwakeInstancesAfterBackupRestoration (24ms)
Refreshing native plugins compatible for Editor in 2.57 ms, found 0 plugins.
Preloading 0 native plugins for Editor in 0.00 ms.
Unloading 2956 Unused Serialized files (Serialized files now loaded: 0)
Unloading 24 unused Assets / (313.6 KB). Loaded Objects now: 3610.
Memory consumption went from 134.6 MB to 134.3 MB.
Total: 4.823800 ms (FindLiveObjects: 0.321600 ms CreateObjectMapping: 0.133800 ms MarkObjects: 4.263700 ms  DeleteObjects: 0.102900 ms)

Prepare: number of updated asset objects reloaded= 0
AssetImportParameters requested are different than current active one (requested -> active):
  custom:video-decoder-webm-vp8: 9c59270c3fd7afecdb556c50c9e8de78 -> 
  custom:SearchIndexIgnoredProperties: e643bd26f0fe6173181afceb89e7c659 -> 
  custom:container-demuxer-ogg: 62fdf1f143b41e24485cea50d1cbac27 -> 
  custom:AudioImporter_EditorPlatform: d09bf68614088b80899f8185d706f6e7 -> 
  custom:video-decoder-ogg-theora: a1e56fd34408186e4bbccfd4996cb3dc -> 
  custom:framework-win-MediaFoundation: 216162199b28c13a410421893ffa2e32 -> 
  custom:video-encoder-webm-vp8: eb34c28f22e8b96e1ab97ce403110664 -> 
  custom:audio-decoder-ogg-vorbis: bf7c407c2cedff20999df2af8eb42d56 -> 
  custom:CustomObjectIndexerAttribute: 72b91833f83ae208fae7752999fa3104 -> 
  custom:container-demuxer-webm: 4f35f7cbe854078d1ac9338744f61a02 -> 
  custom:audio-encoder-webm-vorbis: bf7c407c2cedff20999df2af8eb42d56 -> 
  custom:container-muxer-webm: aa71ff27fc2769a1b78a27578f13a17b -> 
========================================================================
Received Prepare
Begin MonoManager ReloadAssembly
- Loaded All Assemblies, in  0.566 seconds
Refreshing native plugins compatible for Editor in 2.06 ms, found 0 plugins.
Native extension for WindowsStandalone target not found
Mono: successfully reloaded assembly
- Finished resetting the current domain, in  0.999 seconds
Domain Reload Profiling: 1563ms
	BeginReloadAssembly (221ms)
		ExecutionOrderSort (0ms)
		DisableScriptedObjects (7ms)
		BackupInstance (0ms)
		ReleaseScriptingObjects (0ms)
		CreateAndSetChildDomain (41ms)
	RebuildCommonClasses (66ms)
	RebuildNativeTypeToScriptingClass (16ms)
	initialDomainReloadingComplete (41ms)
	LoadAllAssembliesAndSetupDomain (219ms)
		LoadAssemblies (322ms)
		RebuildTransferFunctionScriptingTraits (0ms)
		AnalyzeDomain (27ms)
			TypeCache.Refresh (7ms)
				TypeCache.ScanAssembly (0ms)
			ScanForSourceGeneratedMonoScriptInfo (0ms)
			ResolveRequiredComponents (19ms)
	FinalizeReload (1000ms)
		ReleaseScriptCaches (0ms)
		RebuildScriptCaches (0ms)
		SetupLoadedEditorAssemblies (475ms)
			LogAssemblyErrors (0ms)
			InitializePlatformSupportModulesInManaged (7ms)
			SetLoadedEditorAssemblies (4ms)
			RefreshPlugins (0ms)
			BeforeProcessingInitializeOnLoad (83ms)
			ProcessInitializeOnLoadAttributes (236ms)
			ProcessInitializeOnLoadMethodAttributes (139ms)
			AfterProcessingInitializeOnLoad (6ms)
			EditorAssembliesLoaded (0ms)
		ExecutionOrderSort2 (0ms)
		AwakeInstancesAfterBackupRestoration (22ms)
Refreshing native plugins compatible for Editor in 2.45 ms, found 0 plugins.
Preloading 0 native plugins for Editor in 0.00 ms.
Unloading 2956 Unused Serialized files (Serialized files now loaded: 0)
Unloading 24 unused Assets / (313.6 KB). Loaded Objects now: 3611.
Memory consumption went from 134.6 MB to 134.3 MB.
Total: 5.338600 ms (FindLiveObjects: 0.369900 ms CreateObjectMapping: 0.141900 ms MarkObjects: 4.716300 ms  DeleteObjects: 0.109000 ms)

Prepare: number of updated asset objects reloaded= 0
AssetImportParameters requested are different than current active one (requested -> active):
  custom:video-decoder-webm-vp8: 9c59270c3fd7afecdb556c50c9e8de78 -> 
  custom:SearchIndexIgnoredProperties: e643bd26f0fe6173181afceb89e7c659 -> 
  custom:container-demuxer-ogg: 62fdf1f143b41e24485cea50d1cbac27 -> 
  custom:AudioImporter_EditorPlatform: d09bf68614088b80899f8185d706f6e7 -> 
  custom:video-decoder-ogg-theora: a1e56fd34408186e4bbccfd4996cb3dc -> 
  custom:framework-win-MediaFoundation: 216162199b28c13a410421893ffa2e32 -> 
  custom:video-encoder-webm-vp8: eb34c28f22e8b96e1ab97ce403110664 -> 
  custom:audio-decoder-ogg-vorbis: bf7c407c2cedff20999df2af8eb42d56 -> 
  custom:CustomObjectIndexerAttribute: 72b91833f83ae208fae7752999fa3104 -> 
  custom:container-demuxer-webm: 4f35f7cbe854078d1ac9338744f61a02 -> 
  custom:audio-encoder-webm-vorbis: bf7c407c2cedff20999df2af8eb42d56 -> 
  custom:container-muxer-webm: aa71ff27fc2769a1b78a27578f13a17b -> 
========================================================================
Received Import Request.
  Time since last request: 51.954440 seconds.
  path: Assets/TestTask_MobileGame/Assets/Scripts/CameraFollow.cs
  artifactKey: Guid(223329b724cee5944b0fce86e0e53c26) Importer(815301076,1909f56bfc062723c751e8b465ee728b)
Start importing Assets/TestTask_MobileGame/Assets/Scripts/CameraFollow.cs using Guid(223329b724cee5944b0fce86e0e53c26) Importer(815301076,1909f56bfc062723c751e8b465ee728b) [PhysX] Initialized MultithreadedTaskDispatcher with 8 workers.
 -> (artifact id: 'f15f04e6b7323c28dc36ce24c434a1e6') in 0.004796 seconds
Number of updated asset objects reloaded before import = 0
Number of asset objects unloaded after import = 0
========================================================================
Received Prepare
Begin MonoManager ReloadAssembly
- Loaded All Assemblies, in  0.587 seconds
Refreshing native plugins compatible for Editor in 1.80 ms, found 0 plugins.
Native extension for WindowsStandalone target not found
Mono: successfully reloaded assembly
- Finished resetting the current domain, in  1.048 seconds
Domain Reload Profiling: 1634ms
	BeginReloadAssembly (212ms)
		ExecutionOrderSort (0ms)
		DisableScriptedObjects (8ms)
		BackupInstance (0ms)
		ReleaseScriptingObjects (0ms)
		CreateAndSetChildDomain (46ms)
	RebuildCommonClasses (49ms)
	RebuildNativeTypeToScriptingClass (17ms)
	initialDomainReloadingComplete (35ms)
	LoadAllAssembliesAndSetupDomain (272ms)
		LoadAssemblies (317ms)
		RebuildTransferFunctionScriptingTraits (0ms)
		AnalyzeDomain (74ms)
			TypeCache.Refresh (14ms)
				TypeCache.ScanAssembly (3ms)
			ScanForSourceGeneratedMonoScriptInfo (39ms)
			ResolveRequiredComponents (20ms)
	FinalizeReload (1049ms)
		ReleaseScriptCaches (0ms)
		RebuildScriptCaches (0ms)
		SetupLoadedEditorAssemblies (515ms)
			LogAssemblyErrors (0ms)
			InitializePlatformSupportModulesInManaged (7ms)
			SetLoadedEditorAssemblies (4ms)
			RefreshPlugins (0ms)
			BeforeProcessingInitializeOnLoad (86ms)
			ProcessInitializeOnLoadAttributes (266ms)
			ProcessInitializeOnLoadMethodAttributes (142ms)
			AfterProcessingInitializeOnLoad (10ms)
			EditorAssembliesLoaded (0ms)
		ExecutionOrderSort2 (0ms)
		AwakeInstancesAfterBackupRestoration (23ms)
Refreshing native plugins compatible for Editor in 2.20 ms, found 0 plugins.
Preloading 0 native plugins for Editor in 0.00 ms.
Unloading 2956 Unused Serialized files (Serialized files now loaded: 0)
Unloading 24 unused Assets / (313.6 KB). Loaded Objects now: 3612.
Memory consumption went from 134.6 MB to 134.3 MB.
Total: 3.477100 ms (FindLiveObjects: 0.297600 ms CreateObjectMapping: 0.137400 ms MarkObjects: 2.943200 ms  DeleteObjects: 0.097600 ms)

Prepare: number of updated asset objects reloaded= 0
AssetImportParameters requested are different than current active one (requested -> active):
  custom:video-decoder-webm-vp8: 9c59270c3fd7afecdb556c50c9e8de78 -> 
  custom:SearchIndexIgnoredProperties: e643bd26f0fe6173181afceb89e7c659 -> 
  custom:container-demuxer-ogg: 62fdf1f143b41e24485cea50d1cbac27 -> 
  custom:AudioImporter_EditorPlatform: d09bf68614088b80899f8185d706f6e7 -> 
  custom:video-decoder-ogg-theora: a1e56fd34408186e4bbccfd4996cb3dc -> 
  custom:framework-win-MediaFoundation: 216162199b28c13a410421893ffa2e32 -> 
  custom:video-encoder-webm-vp8: eb34c28f22e8b96e1ab97ce403110664 -> 
  custom:audio-decoder-ogg-vorbis: bf7c407c2cedff20999df2af8eb42d56 -> 
  custom:CustomObjectIndexerAttribute: 72b91833f83ae208fae7752999fa3104 -> 
  custom:container-demuxer-webm: 4f35f7cbe854078d1ac9338744f61a02 -> 
  custom:audio-encoder-webm-vorbis: bf7c407c2cedff20999df2af8eb42d56 -> 
  custom:container-muxer-webm: aa71ff27fc2769a1b78a27578f13a17b -> 
========================================================================
Received Prepare
Begin MonoManager ReloadAssembly
- Loaded All Assemblies, in  0.566 seconds
Refreshing native plugins compatible for Editor in 2.42 ms, found 0 plugins.
Native extension for WindowsStandalone target not found
Mono: successfully reloaded assembly
- Finished resetting the current domain, in  0.958 seconds
Domain Reload Profiling: 1523ms
	BeginReloadAssembly (218ms)
		ExecutionOrderSort (0ms)
		DisableScriptedObjects (7ms)
		BackupInstance (0ms)
		ReleaseScriptingObjects (0ms)
		CreateAndSetChildDomain (40ms)
	RebuildCommonClasses (64ms)
	RebuildNativeTypeToScriptingClass (18ms)
	initialDomainReloadingComplete (44ms)
	LoadAllAssembliesAndSetupDomain (221ms)
		LoadAssemblies (321ms)
		RebuildTransferFunctionScriptingTraits (0ms)
		AnalyzeDomain (27ms)
			TypeCache.Refresh (7ms)
				TypeCache.ScanAssembly (0ms)
			ScanForSourceGeneratedMonoScriptInfo (0ms)
			ResolveRequiredComponents (18ms)
	FinalizeReload (958ms)
		ReleaseScriptCaches (0ms)
		RebuildScriptCaches (0ms)
		SetupLoadedEditorAssemblies (474ms)
			LogAssemblyErrors (0ms)
			InitializePlatformSupportModulesInManaged (10ms)
			SetLoadedEditorAssemblies (4ms)
			RefreshPlugins (0ms)
			BeforeProcessingInitializeOnLoad (92ms)
			ProcessInitializeOnLoadAttributes (237ms)
			ProcessInitializeOnLoadMethodAttributes (125ms)
			AfterProcessingInitializeOnLoad (7ms)
			EditorAssembliesLoaded (0ms)
		ExecutionOrderSort2 (0ms)
		AwakeInstancesAfterBackupRestoration (21ms)
Refreshing native plugins compatible for Editor in 2.58 ms, found 0 plugins.
Preloading 0 native plugins for Editor in 0.00 ms.
Unloading 2956 Unused Serialized files (Serialized files now loaded: 0)
Unloading 24 unused Assets / (313.6 KB). Loaded Objects now: 3613.
Memory consumption went from 134.6 MB to 134.3 MB.
Total: 6.135100 ms (FindLiveObjects: 0.428400 ms CreateObjectMapping: 0.173700 ms MarkObjects: 5.420000 ms  DeleteObjects: 0.111400 ms)

Prepare: number of updated asset objects reloaded= 0
AssetImportParameters requested are different than current active one (requested -> active):
  custom:video-decoder-webm-vp8: 9c59270c3fd7afecdb556c50c9e8de78 -> 
  custom:SearchIndexIgnoredProperties: e643bd26f0fe6173181afceb89e7c659 -> 
  custom:container-demuxer-ogg: 62fdf1f143b41e24485cea50d1cbac27 -> 
  custom:AudioImporter_EditorPlatform: d09bf68614088b80899f8185d706f6e7 -> 
  custom:video-decoder-ogg-theora: a1e56fd34408186e4bbccfd4996cb3dc -> 
  custom:framework-win-MediaFoundation: 216162199b28c13a410421893ffa2e32 -> 
  custom:video-encoder-webm-vp8: eb34c28f22e8b96e1ab97ce403110664 -> 
  custom:audio-decoder-ogg-vorbis: bf7c407c2cedff20999df2af8eb42d56 -> 
  custom:CustomObjectIndexerAttribute: 72b91833f83ae208fae7752999fa3104 -> 
  custom:container-demuxer-webm: 4f35f7cbe854078d1ac9338744f61a02 -> 
  custom:audio-encoder-webm-vorbis: bf7c407c2cedff20999df2af8eb42d56 -> 
  custom:container-muxer-webm: aa71ff27fc2769a1b78a27578f13a17b -> 
========================================================================
Received Prepare
Begin MonoManager ReloadAssembly
- Loaded All Assemblies, in  0.607 seconds
Refreshing native plugins compatible for Editor in 1.87 ms, found 0 plugins.
Native extension for WindowsStandalone target not found
Mono: successfully reloaded assembly
- Finished resetting the current domain, in  1.091 seconds
Domain Reload Profiling: 1696ms
	BeginReloadAssembly (243ms)
		ExecutionOrderSort (0ms)
		DisableScriptedObjects (11ms)
		BackupInstance (0ms)
		ReleaseScriptingObjects (0ms)
		CreateAndSetChildDomain (49ms)
	RebuildCommonClasses (55ms)
	RebuildNativeTypeToScriptingClass (28ms)
	initialDomainReloadingComplete (41ms)
	LoadAllAssembliesAndSetupDomain (238ms)
		LoadAssemblies (351ms)
		RebuildTransferFunctionScriptingTraits (0ms)
		AnalyzeDomain (29ms)
			TypeCache.Refresh (8ms)
				TypeCache.ScanAssembly (0ms)
			ScanForSourceGeneratedMonoScriptInfo (0ms)
			ResolveRequiredComponents (20ms)
	FinalizeReload (1092ms)
		ReleaseScriptCaches (0ms)
		RebuildScriptCaches (0ms)
		SetupLoadedEditorAssemblies (535ms)
			LogAssemblyErrors (0ms)
			InitializePlatformSupportModulesInManaged (8ms)
			SetLoadedEditorAssemblies (4ms)
			RefreshPlugins (0ms)
			BeforeProcessingInitializeOnLoad (96ms)
			ProcessInitializeOnLoadAttributes (282ms)
			ProcessInitializeOnLoadMethodAttributes (138ms)
			AfterProcessingInitializeOnLoad (6ms)
			EditorAssembliesLoaded (0ms)
		ExecutionOrderSort2 (0ms)
		AwakeInstancesAfterBackupRestoration (21ms)
Refreshing native plugins compatible for Editor in 2.51 ms, found 0 plugins.
Preloading 0 native plugins for Editor in 0.00 ms.
Unloading 2956 Unused Serialized files (Serialized files now loaded: 0)
Unloading 24 unused Assets / (313.5 KB). Loaded Objects now: 3614.
Memory consumption went from 134.6 MB to 134.3 MB.
Total: 5.421800 ms (FindLiveObjects: 0.344900 ms CreateObjectMapping: 0.155800 ms MarkObjects: 4.816600 ms  DeleteObjects: 0.103100 ms)

Prepare: number of updated asset objects reloaded= 0
AssetImportParameters requested are different than current active one (requested -> active):
  custom:video-decoder-webm-vp8: 9c59270c3fd7afecdb556c50c9e8de78 -> 
  custom:SearchIndexIgnoredProperties: e643bd26f0fe6173181afceb89e7c659 -> 
  custom:container-demuxer-ogg: 62fdf1f143b41e24485cea50d1cbac27 -> 
  custom:AudioImporter_EditorPlatform: d09bf68614088b80899f8185d706f6e7 -> 
  custom:video-decoder-ogg-theora: a1e56fd34408186e4bbccfd4996cb3dc -> 
  custom:framework-win-MediaFoundation: 216162199b28c13a410421893ffa2e32 -> 
  custom:video-encoder-webm-vp8: eb34c28f22e8b96e1ab97ce403110664 -> 
  custom:audio-decoder-ogg-vorbis: bf7c407c2cedff20999df2af8eb42d56 -> 
  custom:CustomObjectIndexerAttribute: 72b91833f83ae208fae7752999fa3104 -> 
  custom:container-demuxer-webm: 4f35f7cbe854078d1ac9338744f61a02 -> 
  custom:audio-encoder-webm-vorbis: bf7c407c2cedff20999df2af8eb42d56 -> 
  custom:container-muxer-webm: aa71ff27fc2769a1b78a27578f13a17b -> 
========================================================================
Received Prepare
Begin MonoManager ReloadAssembly
- Loaded All Assemblies, in  0.770 seconds
Refreshing native plugins compatible for Editor in 2.53 ms, found 0 plugins.
Native extension for WindowsStandalone target not found
Mono: successfully reloaded assembly
- Finished resetting the current domain, in  3.949 seconds
Domain Reload Profiling: 4715ms
	BeginReloadAssembly (272ms)
		ExecutionOrderSort (0ms)
		DisableScriptedObjects (9ms)
		BackupInstance (0ms)
		ReleaseScriptingObjects (0ms)
		CreateAndSetChildDomain (44ms)
	RebuildCommonClasses (75ms)
	RebuildNativeTypeToScriptingClass (24ms)
	initialDomainReloadingComplete (53ms)
	LoadAllAssembliesAndSetupDomain (342ms)
		LoadAssemblies (417ms)
		RebuildTransferFunctionScriptingTraits (0ms)
		AnalyzeDomain (91ms)
			TypeCache.Refresh (15ms)
				TypeCache.ScanAssembly (4ms)
			ScanForSourceGeneratedMonoScriptInfo (41ms)
			ResolveRequiredComponents (33ms)
	FinalizeReload (3950ms)
		ReleaseScriptCaches (0ms)
		RebuildScriptCaches (0ms)
		SetupLoadedEditorAssemblies (2629ms)
			LogAssemblyErrors (0ms)
			InitializePlatformSupportModulesInManaged (16ms)
			SetLoadedEditorAssemblies (9ms)
			RefreshPlugins (0ms)
			BeforeProcessingInitializeOnLoad (879ms)
			ProcessInitializeOnLoadAttributes (991ms)
			ProcessInitializeOnLoadMethodAttributes (700ms)
			AfterProcessingInitializeOnLoad (32ms)
			EditorAssembliesLoaded (2ms)
		ExecutionOrderSort2 (0ms)
		AwakeInstancesAfterBackupRestoration (143ms)
Refreshing native plugins compatible for Editor in 1.82 ms, found 0 plugins.
Preloading 0 native plugins for Editor in 0.00 ms.
Unloading 2957 Unused Serialized files (Serialized files now loaded: 0)
Unloading 24 unused Assets / (313.6 KB). Loaded Objects now: 3616.
Memory consumption went from 134.7 MB to 134.3 MB.
Total: 5.139800 ms (FindLiveObjects: 0.314600 ms CreateObjectMapping: 0.133900 ms MarkObjects: 4.590400 ms  DeleteObjects: 0.099100 ms)

Prepare: number of updated asset objects reloaded= 0
AssetImportParameters requested are different than current active one (requested -> active):
  custom:video-decoder-webm-vp8: 9c59270c3fd7afecdb556c50c9e8de78 -> 
  custom:SearchIndexIgnoredProperties: e643bd26f0fe6173181afceb89e7c659 -> 
  custom:container-demuxer-ogg: 62fdf1f143b41e24485cea50d1cbac27 -> 
  custom:AudioImporter_EditorPlatform: d09bf68614088b80899f8185d706f6e7 -> 
  custom:video-decoder-ogg-theora: a1e56fd34408186e4bbccfd4996cb3dc -> 
  custom:framework-win-MediaFoundation: 216162199b28c13a410421893ffa2e32 -> 
  custom:video-encoder-webm-vp8: eb34c28f22e8b96e1ab97ce403110664 -> 
  custom:audio-decoder-ogg-vorbis: bf7c407c2cedff20999df2af8eb42d56 -> 
  custom:CustomObjectIndexerAttribute: 72b91833f83ae208fae7752999fa3104 -> 
  custom:container-demuxer-webm: 4f35f7cbe854078d1ac9338744f61a02 -> 
  custom:audio-encoder-webm-vorbis: bf7c407c2cedff20999df2af8eb42d56 -> 
  custom:container-muxer-webm: aa71ff27fc2769a1b78a27578f13a17b -> 
========================================================================
Received Prepare
Begin MonoManager ReloadAssembly
- Loaded All Assemblies, in  0.616 seconds
Refreshing native plugins compatible for Editor in 1.79 ms, found 0 plugins.
Native extension for WindowsStandalone target not found
Mono: successfully reloaded assembly
- Finished resetting the current domain, in  0.976 seconds
Domain Reload Profiling: 1590ms
	BeginReloadAssembly (226ms)
		ExecutionOrderSort (0ms)
		DisableScriptedObjects (7ms)
		BackupInstance (0ms)
		ReleaseScriptingObjects (0ms)
		CreateAndSetChildDomain (43ms)
	RebuildCommonClasses (55ms)
	RebuildNativeTypeToScriptingClass (17ms)
	initialDomainReloadingComplete (41ms)
	LoadAllAssembliesAndSetupDomain (274ms)
		LoadAssemblies (348ms)
		RebuildTransferFunctionScriptingTraits (0ms)
		AnalyzeDomain (66ms)
			TypeCache.Refresh (10ms)
				TypeCache.ScanAssembly (1ms)
			ScanForSourceGeneratedMonoScriptInfo (31ms)
			ResolveRequiredComponents (24ms)
	FinalizeReload (977ms)
		ReleaseScriptCaches (0ms)
		RebuildScriptCaches (0ms)
		SetupLoadedEditorAssemblies (475ms)
			LogAssemblyErrors (0ms)
			InitializePlatformSupportModulesInManaged (7ms)
			SetLoadedEditorAssemblies (4ms)
			RefreshPlugins (0ms)
			BeforeProcessingInitializeOnLoad (85ms)
			ProcessInitializeOnLoadAttributes (231ms)
			ProcessInitializeOnLoadMethodAttributes (139ms)
			AfterProcessingInitializeOnLoad (8ms)
			EditorAssembliesLoaded (0ms)
		ExecutionOrderSort2 (0ms)
		AwakeInstancesAfterBackupRestoration (25ms)
Refreshing native plugins compatible for Editor in 1.95 ms, found 0 plugins.
Preloading 0 native plugins for Editor in 0.00 ms.
Unloading 2957 Unused Serialized files (Serialized files now loaded: 0)
Unloading 24 unused Assets / (313.5 KB). Loaded Objects now: 3617.
Memory consumption went from 134.7 MB to 134.3 MB.
Total: 5.801400 ms (FindLiveObjects: 0.379500 ms CreateObjectMapping: 0.142700 ms MarkObjects: 5.168600 ms  DeleteObjects: 0.109200 ms)

Prepare: number of updated asset objects reloaded= 0
AssetImportParameters requested are different than current active one (requested -> active):
  custom:video-decoder-webm-vp8: 9c59270c3fd7afecdb556c50c9e8de78 -> 
  custom:SearchIndexIgnoredProperties: e643bd26f0fe6173181afceb89e7c659 -> 
  custom:container-demuxer-ogg: 62fdf1f143b41e24485cea50d1cbac27 -> 
  custom:AudioImporter_EditorPlatform: d09bf68614088b80899f8185d706f6e7 -> 
  custom:video-decoder-ogg-theora: a1e56fd34408186e4bbccfd4996cb3dc -> 
  custom:framework-win-MediaFoundation: 216162199b28c13a410421893ffa2e32 -> 
  custom:video-encoder-webm-vp8: eb34c28f22e8b96e1ab97ce403110664 -> 
  custom:audio-decoder-ogg-vorbis: bf7c407c2cedff20999df2af8eb42d56 -> 
  custom:CustomObjectIndexerAttribute: 72b91833f83ae208fae7752999fa3104 -> 
  custom:container-demuxer-webm: 4f35f7cbe854078d1ac9338744f61a02 -> 
  custom:audio-encoder-webm-vorbis: bf7c407c2cedff20999df2af8eb42d56 -> 
  custom:container-muxer-webm: aa71ff27fc2769a1b78a27578f13a17b -> 
========================================================================
Received Import Request.
  Time since last request: 594.483172 seconds.
  path: Assets/TestTask_MobileGame/Assets/Scripts/UnitSelection.cs
  artifactKey: Guid(085fa196e1dadaf4288d96375414efc0) Importer(815301076,1909f56bfc062723c751e8b465ee728b)
Start importing Assets/TestTask_MobileGame/Assets/Scripts/UnitSelection.cs using Guid(085fa196e1dadaf4288d96375414efc0) Importer(815301076,1909f56bfc062723c751e8b465ee728b) [PhysX] Initialized MultithreadedTaskDispatcher with 8 workers.
 -> (artifact id: '47587f37348edc641fbd458535871fdd') in 0.007680 seconds
Number of updated asset objects reloaded before import = 0
Number of asset objects unloaded after import = 0
========================================================================
Received Prepare
Begin MonoManager ReloadAssembly
- Loaded All Assemblies, in  0.580 seconds
Refreshing native plugins compatible for Editor in 1.93 ms, found 0 plugins.
Native extension for WindowsStandalone target not found
Mono: successfully reloaded assembly
- Finished resetting the current domain, in  1.000 seconds
Domain Reload Profiling: 1579ms
	BeginReloadAssembly (234ms)
		ExecutionOrderSort (0ms)
		DisableScriptedObjects (11ms)
		BackupInstance (0ms)
		ReleaseScriptingObjects (0ms)
		CreateAndSetChildDomain (50ms)
	RebuildCommonClasses (59ms)
	RebuildNativeTypeToScriptingClass (22ms)
	initialDomainReloadingComplete (41ms)
	LoadAllAssembliesAndSetupDomain (221ms)
		LoadAssemblies (331ms)
		RebuildTransferFunctionScriptingTraits (0ms)
		AnalyzeDomain (26ms)
			TypeCache.Refresh (6ms)
				TypeCache.ScanAssembly (0ms)
			ScanForSourceGeneratedMonoScriptInfo (0ms)
			ResolveRequiredComponents (19ms)
	FinalizeReload (1001ms)
		ReleaseScriptCaches (0ms)
		RebuildScriptCaches (0ms)
		SetupLoadedEditorAssemblies (481ms)
			LogAssemblyErrors (0ms)
			InitializePlatformSupportModulesInManaged (7ms)
			SetLoadedEditorAssemblies (4ms)
			RefreshPlugins (0ms)
			BeforeProcessingInitializeOnLoad (95ms)
			ProcessInitializeOnLoadAttributes (239ms)
			ProcessInitializeOnLoadMethodAttributes (126ms)
			AfterProcessingInitializeOnLoad (10ms)
			EditorAssembliesLoaded (0ms)
		ExecutionOrderSort2 (0ms)
		AwakeInstancesAfterBackupRestoration (23ms)
Refreshing native plugins compatible for Editor in 2.57 ms, found 0 plugins.
Preloading 0 native plugins for Editor in 0.00 ms.
Unloading 2957 Unused Serialized files (Serialized files now loaded: 0)
Unloading 24 unused Assets / (313.5 KB). Loaded Objects now: 3618.
Memory consumption went from 134.7 MB to 134.4 MB.
Total: 5.533300 ms (FindLiveObjects: 0.376100 ms CreateObjectMapping: 0.143200 ms MarkObjects: 4.902400 ms  DeleteObjects: 0.110100 ms)

Prepare: number of updated asset objects reloaded= 0
AssetImportParameters requested are different than current active one (requested -> active):
  custom:video-decoder-webm-vp8: 9c59270c3fd7afecdb556c50c9e8de78 -> 
  custom:SearchIndexIgnoredProperties: e643bd26f0fe6173181afceb89e7c659 -> 
  custom:container-demuxer-ogg: 62fdf1f143b41e24485cea50d1cbac27 -> 
  custom:AudioImporter_EditorPlatform: d09bf68614088b80899f8185d706f6e7 -> 
  custom:video-decoder-ogg-theora: a1e56fd34408186e4bbccfd4996cb3dc -> 
  custom:framework-win-MediaFoundation: 216162199b28c13a410421893ffa2e32 -> 
  custom:video-encoder-webm-vp8: eb34c28f22e8b96e1ab97ce403110664 -> 
  custom:audio-decoder-ogg-vorbis: bf7c407c2cedff20999df2af8eb42d56 -> 
  custom:CustomObjectIndexerAttribute: 72b91833f83ae208fae7752999fa3104 -> 
  custom:container-demuxer-webm: 4f35f7cbe854078d1ac9338744f61a02 -> 
  custom:audio-encoder-webm-vorbis: bf7c407c2cedff20999df2af8eb42d56 -> 
  custom:container-muxer-webm: aa71ff27fc2769a1b78a27578f13a17b -> 
========================================================================
Received Prepare
Begin MonoManager ReloadAssembly
- Loaded All Assemblies, in  0.591 seconds
Refreshing native plugins compatible for Editor in 2.70 ms, found 0 plugins.
Native extension for WindowsStandalone target not found
Mono: successfully reloaded assembly
- Finished resetting the current domain, in  1.036 seconds
Domain Reload Profiling: 1626ms
	BeginReloadAssembly (219ms)
		ExecutionOrderSort (0ms)
		DisableScriptedObjects (12ms)
		BackupInstance (0ms)
		ReleaseScriptingObjects (0ms)
		CreateAndSetChildDomain (36ms)
	RebuildCommonClasses (52ms)
	RebuildNativeTypeToScriptingClass (16ms)
	initialDomainReloadingComplete (41ms)
	LoadAllAssembliesAndSetupDomain (261ms)
		LoadAssemblies (324ms)
		RebuildTransferFunctionScriptingTraits (0ms)
		AnalyzeDomain (69ms)
			TypeCache.Refresh (11ms)
				TypeCache.ScanAssembly (2ms)
			ScanForSourceGeneratedMonoScriptInfo (39ms)
			ResolveRequiredComponents (17ms)
	FinalizeReload (1037ms)
		ReleaseScriptCaches (0ms)
		RebuildScriptCaches (0ms)
		SetupLoadedEditorAssemblies (528ms)
			LogAssemblyErrors (0ms)
			InitializePlatformSupportModulesInManaged (9ms)
			SetLoadedEditorAssemblies (6ms)
			RefreshPlugins (0ms)
			BeforeProcessingInitializeOnLoad (97ms)
			ProcessInitializeOnLoadAttributes (258ms)
			ProcessInitializeOnLoadMethodAttributes (150ms)
			AfterProcessingInitializeOnLoad (7ms)
			EditorAssembliesLoaded (0ms)
		ExecutionOrderSort2 (0ms)
		AwakeInstancesAfterBackupRestoration (24ms)
Refreshing native plugins compatible for Editor in 2.24 ms, found 0 plugins.
Preloading 0 native plugins for Editor in 0.00 ms.
Unloading 2957 Unused Serialized files (Serialized files now loaded: 0)
Unloading 24 unused Assets / (313.5 KB). Loaded Objects now: 3619.
Memory consumption went from 134.7 MB to 134.4 MB.
Total: 4.852700 ms (FindLiveObjects: 0.404100 ms CreateObjectMapping: 0.173000 ms MarkObjects: 4.162100 ms  DeleteObjects: 0.111800 ms)

Prepare: number of updated asset objects reloaded= 0
AssetImportParameters requested are different than current active one (requested -> active):
  custom:video-decoder-webm-vp8: 9c59270c3fd7afecdb556c50c9e8de78 -> 
  custom:SearchIndexIgnoredProperties: e643bd26f0fe6173181afceb89e7c659 -> 
  custom:container-demuxer-ogg: 62fdf1f143b41e24485cea50d1cbac27 -> 
  custom:AudioImporter_EditorPlatform: d09bf68614088b80899f8185d706f6e7 -> 
  custom:video-decoder-ogg-theora: a1e56fd34408186e4bbccfd4996cb3dc -> 
  custom:framework-win-MediaFoundation: 216162199b28c13a410421893ffa2e32 -> 
  custom:video-encoder-webm-vp8: eb34c28f22e8b96e1ab97ce403110664 -> 
  custom:audio-decoder-ogg-vorbis: bf7c407c2cedff20999df2af8eb42d56 -> 
  custom:CustomObjectIndexerAttribute: 72b91833f83ae208fae7752999fa3104 -> 
  custom:container-demuxer-webm: 4f35f7cbe854078d1ac9338744f61a02 -> 
  custom:audio-encoder-webm-vorbis: bf7c407c2cedff20999df2af8eb42d56 -> 
  custom:container-muxer-webm: aa71ff27fc2769a1b78a27578f13a17b -> 
========================================================================
Received Import Request.
  Time since last request: 261.488127 seconds.
  path: Assets/TestTask_MobileGame/Assets/Scripts/UnitSelection.cs
  artifactKey: Guid(085fa196e1dadaf4288d96375414efc0) Importer(815301076,1909f56bfc062723c751e8b465ee728b)
Start importing Assets/TestTask_MobileGame/Assets/Scripts/UnitSelection.cs using Guid(085fa196e1dadaf4288d96375414efc0) Importer(815301076,1909f56bfc062723c751e8b465ee728b) [PhysX] Initialized MultithreadedTaskDispatcher with 8 workers.
 -> (artifact id: 'e51f47af42d8ae12818c2dd454d773ae') in 0.002615 seconds
Number of updated asset objects reloaded before import = 0
Number of asset objects unloaded after import = 0
========================================================================
Received Prepare
Begin MonoManager ReloadAssembly
- Loaded All Assemblies, in  0.575 seconds
Refreshing native plugins compatible for Editor in 2.02 ms, found 0 plugins.
Native extension for WindowsStandalone target not found
Mono: successfully reloaded assembly
- Finished resetting the current domain, in  0.988 seconds
Domain Reload Profiling: 1563ms
	BeginReloadAssembly (226ms)
		ExecutionOrderSort (0ms)
		DisableScriptedObjects (8ms)
		BackupInstance (0ms)
		ReleaseScriptingObjects (0ms)
		CreateAndSetChildDomain (47ms)
	RebuildCommonClasses (58ms)
	RebuildNativeTypeToScriptingClass (16ms)
	initialDomainReloadingComplete (35ms)
	LoadAllAssembliesAndSetupDomain (238ms)
		LoadAssemblies (339ms)
		RebuildTransferFunctionScriptingTraits (0ms)
		AnalyzeDomain (33ms)
			TypeCache.Refresh (6ms)
				TypeCache.ScanAssembly (0ms)
			ScanForSourceGeneratedMonoScriptInfo (0ms)
			ResolveRequiredComponents (25ms)
	FinalizeReload (989ms)
		ReleaseScriptCaches (0ms)
		RebuildScriptCaches (0ms)
		SetupLoadedEditorAssemblies (478ms)
			LogAssemblyErrors (0ms)
			InitializePlatformSupportModulesInManaged (7ms)
			SetLoadedEditorAssemblies (5ms)
			RefreshPlugins (0ms)
			BeforeProcessingInitializeOnLoad (91ms)
			ProcessInitializeOnLoadAttributes (243ms)
			ProcessInitializeOnLoadMethodAttributes (124ms)
			AfterProcessingInitializeOnLoad (7ms)
			EditorAssembliesLoaded (0ms)
		ExecutionOrderSort2 (0ms)
		AwakeInstancesAfterBackupRestoration (27ms)
Refreshing native plugins compatible for Editor in 1.83 ms, found 0 plugins.
Preloading 0 native plugins for Editor in 0.00 ms.
Unloading 2957 Unused Serialized files (Serialized files now loaded: 0)
Unloading 24 unused Assets / (313.6 KB). Loaded Objects now: 3620.
Memory consumption went from 134.7 MB to 134.4 MB.
Total: 4.649500 ms (FindLiveObjects: 0.303000 ms CreateObjectMapping: 0.134000 ms MarkObjects: 4.114300 ms  DeleteObjects: 0.097000 ms)

Prepare: number of updated asset objects reloaded= 0
AssetImportParameters requested are different than current active one (requested -> active):
  custom:video-decoder-webm-vp8: 9c59270c3fd7afecdb556c50c9e8de78 -> 
  custom:SearchIndexIgnoredProperties: e643bd26f0fe6173181afceb89e7c659 -> 
  custom:container-demuxer-ogg: 62fdf1f143b41e24485cea50d1cbac27 -> 
  custom:AudioImporter_EditorPlatform: d09bf68614088b80899f8185d706f6e7 -> 
  custom:video-decoder-ogg-theora: a1e56fd34408186e4bbccfd4996cb3dc -> 
  custom:framework-win-MediaFoundation: 216162199b28c13a410421893ffa2e32 -> 
  custom:video-encoder-webm-vp8: eb34c28f22e8b96e1ab97ce403110664 -> 
  custom:audio-decoder-ogg-vorbis: bf7c407c2cedff20999df2af8eb42d56 -> 
  custom:CustomObjectIndexerAttribute: 72b91833f83ae208fae7752999fa3104 -> 
  custom:container-demuxer-webm: 4f35f7cbe854078d1ac9338744f61a02 -> 
  custom:audio-encoder-webm-vorbis: bf7c407c2cedff20999df2af8eb42d56 -> 
  custom:container-muxer-webm: aa71ff27fc2769a1b78a27578f13a17b -> 
