Using pre-set license
Built from '2022.3/staging' branch; Version is '2022.3.38f1 (c5d5a7410213) revision 12965287'; Using compiler version '192829333'; Build Type 'Release'
OS: 'Windows 10  (10.0.19045) 64bit Professional' Language: 'ru' Physical Memory: 16277 MB
BatchMode: 1, IsHumanControllingUs: 0, StartBugReporterOnCrash: 0, Is64bit: 1, IsPro: 1

COMMAND LINE ARGUMENTS:
E:\Unity 2022.3.38f1\Editor\Unity.exe
-adb2
-batchMode
-noUpm
-name
AssetImportWorker2
-projectPath
D:/TerentevaA_GUN36
-logFile
Logs/AssetImportWorker2.log
-srvPort
64644
Successfully changed project path to: D:/TerentevaA_GUN36
D:/TerentevaA_GUN36
[UnityMemory] Configuration Parameters - Can be set up in boot.config
    "memorysetup-bucket-allocator-granularity=16"
    "memorysetup-bucket-allocator-bucket-count=8"
    "memorysetup-bucket-allocator-block-size=33554432"
    "memorysetup-bucket-allocator-block-count=8"
    "memorysetup-main-allocator-block-size=16777216"
    "memorysetup-thread-allocator-block-size=16777216"
    "memorysetup-gfx-main-allocator-block-size=16777216"
    "memorysetup-gfx-thread-allocator-block-size=16777216"
    "memorysetup-cache-allocator-block-size=4194304"
    "memorysetup-typetree-allocator-block-size=2097152"
    "memorysetup-profiler-bucket-allocator-granularity=16"
    "memorysetup-profiler-bucket-allocator-bucket-count=8"
    "memorysetup-profiler-bucket-allocator-block-size=33554432"
    "memorysetup-profiler-bucket-allocator-block-count=8"
    "memorysetup-profiler-allocator-block-size=16777216"
    "memorysetup-profiler-editor-allocator-block-size=1048576"
    "memorysetup-temp-allocator-size-main=16777216"
    "memorysetup-job-temp-allocator-block-size=2097152"
    "memorysetup-job-temp-allocator-block-size-background=1048576"
    "memorysetup-job-temp-allocator-reduction-small-platforms=262144"
    "memorysetup-allocator-temp-initial-block-size-main=262144"
    "memorysetup-allocator-temp-initial-block-size-worker=262144"
    "memorysetup-temp-allocator-size-background-worker=32768"
    "memorysetup-temp-allocator-size-job-worker=262144"
    "memorysetup-temp-allocator-size-preload-manager=33554432"
    "memorysetup-temp-allocator-size-nav-mesh-worker=65536"
    "memorysetup-temp-allocator-size-audio-worker=65536"
    "memorysetup-temp-allocator-size-cloud-worker=32768"
    "memorysetup-temp-allocator-size-gi-baking-worker=262144"
    "memorysetup-temp-allocator-size-gfx=262144"
Player connection [17928]  Target information:

Player connection [17928]  * "[IP] 192.168.1.10 [Port] 0 [Flags] 2 [Guid] 909716789 [EditorId] 909716789 [Version] 1048832 [Id] WindowsEditor(7,DESKTOP-D32SDH0) [Debug] 1 [PackageName] WindowsEditor [ProjectName] Editor" 

Player connection [17928]  * "[IP] 26.173.226.218 [Port] 0 [Flags] 2 [Guid] 909716789 [EditorId] 909716789 [Version] 1048832 [Id] WindowsEditor(7,DESKTOP-D32SDH0) [Debug] 1 [PackageName] WindowsEditor [ProjectName] Editor" 

Player connection [17928] Host joined multi-casting on [225.0.0.222:54997]...
Player connection [17928] Host joined alternative multi-casting on [225.0.0.222:34997]...
[PhysX] Initialized MultithreadedTaskDispatcher with 8 workers.
Refreshing native plugins compatible for Editor in 14.96 ms, found 0 plugins.
Preloading 0 native plugins for Editor in 0.00 ms.
Initialize engine version: 2022.3.38f1 (c5d5a7410213)
[Subsystems] Discovering subsystems at path E:/Unity 2022.3.38f1/Editor/Data/Resources/UnitySubsystems
[Subsystems] Discovering subsystems at path D:/TerentevaA_GUN36/Assets
GfxDevice: creating device client; threaded=0; jobified=0
Direct3D:
    Version:  Direct3D 11.0 [level 11.1]
    Renderer: NVIDIA GeForce GTX 1660 SUPER (ID=0x21c4)
    Vendor:   NVIDIA
    VRAM:     5966 MB
    Driver:   32.0.16.1088
Initialize mono
Mono path[0] = 'E:/Unity 2022.3.38f1/Editor/Data/Managed'
Mono path[1] = 'E:/Unity 2022.3.38f1/Editor/Data/MonoBleedingEdge/lib/mono/unityjit-win32'
Mono config path = 'E:/Unity 2022.3.38f1/Editor/Data/MonoBleedingEdge/etc'
Using monoOptions --debugger-agent=transport=dt_socket,embedding=1,server=y,suspend=n,address=127.0.0.1:56320
Begin MonoManager ReloadAssembly
Registering precompiled unity dll's ...
Register platform support module: E:/Unity 2022.3.38f1/Editor/Data/PlaybackEngines/WindowsStandaloneSupport/UnityEditor.WindowsStandalone.Extensions.dll
Registered in 0.021411 seconds.
- Loaded All Assemblies, in  1.123 seconds
Native extension for WindowsStandalone target not found
Mono: successfully reloaded assembly
- Finished resetting the current domain, in  0.869 seconds
Domain Reload Profiling: 1990ms
	BeginReloadAssembly (328ms)
		ExecutionOrderSort (0ms)
		DisableScriptedObjects (0ms)
		BackupInstance (0ms)
		ReleaseScriptingObjects (0ms)
		CreateAndSetChildDomain (2ms)
	RebuildCommonClasses (103ms)
	RebuildNativeTypeToScriptingClass (41ms)
	initialDomainReloadingComplete (156ms)
	LoadAllAssembliesAndSetupDomain (491ms)
		LoadAssemblies (325ms)
		RebuildTransferFunctionScriptingTraits (0ms)
		AnalyzeDomain (487ms)
			TypeCache.Refresh (483ms)
				TypeCache.ScanAssembly (441ms)
			ScanForSourceGeneratedMonoScriptInfo (1ms)
			ResolveRequiredComponents (2ms)
	FinalizeReload (870ms)
		ReleaseScriptCaches (0ms)
		RebuildScriptCaches (0ms)
		SetupLoadedEditorAssemblies (698ms)
			LogAssemblyErrors (0ms)
			InitializePlatformSupportModulesInManaged (19ms)
			SetLoadedEditorAssemblies (22ms)
			RefreshPlugins (0ms)
			BeforeProcessingInitializeOnLoad (7ms)
			ProcessInitializeOnLoadAttributes (478ms)
			ProcessInitializeOnLoadMethodAttributes (172ms)
			AfterProcessingInitializeOnLoad (0ms)
			EditorAssembliesLoaded (0ms)
		ExecutionOrderSort2 (0ms)
		AwakeInstancesAfterBackupRestoration (0ms)
========================================================================
Worker process is ready to serve import requests
Begin MonoManager ReloadAssembly
- Loaded All Assemblies, in  1.605 seconds
Refreshing native plugins compatible for Editor in 3.54 ms, found 0 plugins.
Native extension for WindowsStandalone target not found
Mono: successfully reloaded assembly
- Finished resetting the current domain, in  1.403 seconds
Domain Reload Profiling: 3004ms
	BeginReloadAssembly (465ms)
		ExecutionOrderSort (0ms)
		DisableScriptedObjects (16ms)
		BackupInstance (0ms)
		ReleaseScriptingObjects (0ms)
		CreateAndSetChildDomain (55ms)
	RebuildCommonClasses (126ms)
	RebuildNativeTypeToScriptingClass (34ms)
	initialDomainReloadingComplete (123ms)
	LoadAllAssembliesAndSetupDomain (853ms)
		LoadAssemblies (663ms)
		RebuildTransferFunctionScriptingTraits (0ms)
		AnalyzeDomain (439ms)
			TypeCache.Refresh (365ms)
				TypeCache.ScanAssembly (346ms)
			ScanForSourceGeneratedMonoScriptInfo (41ms)
			ResolveRequiredComponents (32ms)
	FinalizeReload (1404ms)
		ReleaseScriptCaches (0ms)
		RebuildScriptCaches (0ms)
		SetupLoadedEditorAssemblies (939ms)
			LogAssemblyErrors (0ms)
			InitializePlatformSupportModulesInManaged (26ms)
			SetLoadedEditorAssemblies (6ms)
			RefreshPlugins (0ms)
			BeforeProcessingInitializeOnLoad (144ms)
			ProcessInitializeOnLoadAttributes (521ms)
			ProcessInitializeOnLoadMethodAttributes (232ms)
			AfterProcessingInitializeOnLoad (11ms)
			EditorAssembliesLoaded (0ms)
		ExecutionOrderSort2 (0ms)
		AwakeInstancesAfterBackupRestoration (25ms)
Launched and connected shader compiler UnityShaderCompiler.exe after 0.13 seconds
Refreshing native plugins compatible for Editor in 2.91 ms, found 0 plugins.
Preloading 0 native plugins for Editor in 0.00 ms.
Unloading 3056 Unused Serialized files (Serialized files now loaded: 0)
Unloading 55 unused Assets / (0.8 MB). Loaded Objects now: 3514.
Memory consumption went from 148.3 MB to 147.6 MB.
Total: 7.972900 ms (FindLiveObjects: 0.656600 ms CreateObjectMapping: 0.205600 ms MarkObjects: 6.256800 ms  DeleteObjects: 0.851900 ms)

AssetImportParameters requested are different than current active one (requested -> active):
  custom:video-decoder-webm-vp8: 9c59270c3fd7afecdb556c50c9e8de78 -> 
  custom:SearchIndexIgnoredProperties: e643bd26f0fe6173181afceb89e7c659 -> 
  custom:container-demuxer-ogg: 62fdf1f143b41e24485cea50d1cbac27 -> 
  custom:AudioImporter_EditorPlatform: d09bf68614088b80899f8185d706f6e7 -> 
  custom:video-decoder-ogg-theora: a1e56fd34408186e4bbccfd4996cb3dc -> 
  custom:framework-win-MediaFoundation: 216162199b28c13a410421893ffa2e32 -> 
  custom:video-encoder-webm-vp8: eb34c28f22e8b96e1ab97ce403110664 -> 
  custom:audio-decoder-ogg-vorbis: bf7c407c2cedff20999df2af8eb42d56 -> 
  custom:CustomObjectIndexerAttribute: 72b91833f83ae208fae7752999fa3104 -> 
  custom:container-demuxer-webm: 4f35f7cbe854078d1ac9338744f61a02 -> 
  custom:audio-encoder-webm-vorbis: bf7c407c2cedff20999df2af8eb42d56 -> 
  custom:container-muxer-webm: aa71ff27fc2769a1b78a27578f13a17b -> 
========================================================================
Received Import Request.
  Time since last request: 6072.223448 seconds.
  path: Assets/TestTask_MobileGame/Assets/Materials/Player.mat
  artifactKey: Guid(5e0f48965d5b0b64e99f3c60d396918f) Importer(2089858483,0ecaa5967403d082aa24f35e1b516d23)
Start importing Assets/TestTask_MobileGame/Assets/Materials/Player.mat using Guid(5e0f48965d5b0b64e99f3c60d396918f) Importer(2089858483,0ecaa5967403d082aa24f35e1b516d23) [PhysX] Initialized MultithreadedTaskDispatcher with 8 workers.
 -> (artifact id: '5c708eb9c543ac9d4136519c4bc01199') in 0.645259 seconds
Number of updated asset objects reloaded before import = 0
Number of asset objects unloaded after import = 1
========================================================================
Received Import Request.
  Time since last request: 0.000048 seconds.
  path: Assets/TestTask_MobileGame/Assets/Scripts/Constants.cs
  artifactKey: Guid(1012af712a934498816dc704a21b1fe4) Importer(2089858483,0ecaa5967403d082aa24f35e1b516d23)
Start importing Assets/TestTask_MobileGame/Assets/Scripts/Constants.cs using Guid(1012af712a934498816dc704a21b1fe4) Importer(2089858483,0ecaa5967403d082aa24f35e1b516d23) [PhysX] Initialized MultithreadedTaskDispatcher with 8 workers.
 -> (artifact id: 'a6b3ee4e0d1acf044581fefc76070dc2') in 0.039107 seconds
Number of updated asset objects reloaded before import = 0
Number of asset objects unloaded after import = 1
========================================================================
Received Import Request.
  Time since last request: 0.000181 seconds.
  path: Assets/PolyOne/Free Modular Terrain/Model/SM_Grass_v8_02.fbx
  artifactKey: Guid(b1aa1b6574044f54898e422b52f4bc9b) Importer(2089858483,0ecaa5967403d082aa24f35e1b516d23)
Start importing Assets/PolyOne/Free Modular Terrain/Model/SM_Grass_v8_02.fbx using Guid(b1aa1b6574044f54898e422b52f4bc9b) Importer(2089858483,0ecaa5967403d082aa24f35e1b516d23) [PhysX] Initialized MultithreadedTaskDispatcher with 8 workers.
 -> (artifact id: 'fb7e4c200ffb5acbabede653832f77ec') in 0.149068 seconds
Number of updated asset objects reloaded before import = 0
Number of asset objects unloaded after import = 7
========================================================================
Received Import Request.
  Time since last request: 0.000086 seconds.
  path: Assets/TestTask_MobileGame/ProjectSettings/EditorSettings.asset
  artifactKey: Guid(a5d08a58ba7ca2849b16099ca3cd0ceb) Importer(2089858483,3d70f49cd1c2eb9ae422958d1c652c6b)
Start importing Assets/TestTask_MobileGame/ProjectSettings/EditorSettings.asset using Guid(a5d08a58ba7ca2849b16099ca3cd0ceb) Importer(2089858483,3d70f49cd1c2eb9ae422958d1c652c6b) [PhysX] Initialized MultithreadedTaskDispatcher with 8 workers.
 -> (artifact id: '771dbcafce16d0adf5e082ba62ccd603') in 0.016227 seconds
Number of updated asset objects reloaded before import = 0
Number of asset objects unloaded after import = 0
========================================================================
Received Import Request.
  Time since last request: 0.000157 seconds.
  path: Assets/TestTask_MobileGame/ProjectSettings/PresetManager.asset
  artifactKey: Guid(bd3f108cc2089d341a449b95080dff53) Importer(2089858483,0ecaa5967403d082aa24f35e1b516d23)
Start importing Assets/TestTask_MobileGame/ProjectSettings/PresetManager.asset using Guid(bd3f108cc2089d341a449b95080dff53) Importer(2089858483,0ecaa5967403d082aa24f35e1b516d23) [PhysX] Initialized MultithreadedTaskDispatcher with 8 workers.
 -> (artifact id: '07792212ef7f28480e0689b4abdb6af1') in 0.008410 seconds
Number of updated asset objects reloaded before import = 0
Number of asset objects unloaded after import = 1
========================================================================
Received Import Request.
  Time since last request: 0.000096 seconds.
  path: Assets/TestTask_MobileGame/ProjectSettings/TagManager.asset
  artifactKey: Guid(feeb4436cfbdc0a4196d662833e3a960) Importer(2089858483,3d70f49cd1c2eb9ae422958d1c652c6b)
Start importing Assets/TestTask_MobileGame/ProjectSettings/TagManager.asset using Guid(feeb4436cfbdc0a4196d662833e3a960) Importer(2089858483,3d70f49cd1c2eb9ae422958d1c652c6b) [PhysX] Initialized MultithreadedTaskDispatcher with 8 workers.
 -> (artifact id: '90bf6ebfb45743dc1bc13f57fe73e318') in 0.011353 seconds
Number of updated asset objects reloaded before import = 0
Number of asset objects unloaded after import = 0
========================================================================
Received Import Request.
  Time since last request: 0.000056 seconds.
  path: Assets/PolyOne/Free Modular Terrain/Materials/M_BaseColor_v02.mat
  artifactKey: Guid(de039427346d8dd4a92c89b03f128d8c) Importer(2089858483,0ecaa5967403d082aa24f35e1b516d23)
Start importing Assets/PolyOne/Free Modular Terrain/Materials/M_BaseColor_v02.mat using Guid(de039427346d8dd4a92c89b03f128d8c) Importer(2089858483,0ecaa5967403d082aa24f35e1b516d23) [PhysX] Initialized MultithreadedTaskDispatcher with 8 workers.
 -> (artifact id: 'f210c266f040c855b897966295f1b10c') in 0.060332 seconds
Number of updated asset objects reloaded before import = 0
Number of asset objects unloaded after import = 2
========================================================================
Received Import Request.
  Time since last request: 0.000029 seconds.
  path: Assets/PolyOne/Free Modular Terrain/Prefabs/SM_Mountains_12.prefab
  artifactKey: Guid(68faf84d52a4f7e4e87fc77859873fbd) Importer(2089858483,0ecaa5967403d082aa24f35e1b516d23)
Start importing Assets/PolyOne/Free Modular Terrain/Prefabs/SM_Mountains_12.prefab using Guid(68faf84d52a4f7e4e87fc77859873fbd) Importer(2089858483,0ecaa5967403d082aa24f35e1b516d23) [PhysX] Initialized MultithreadedTaskDispatcher with 8 workers.
 -> (artifact id: '4d45536568929abdabcc2fb4ddadb23c') in 0.025608 seconds
Number of updated asset objects reloaded before import = 0
Number of asset objects unloaded after import = 7
========================================================================
Received Import Request.
  Time since last request: 0.000031 seconds.
  path: Assets/TestTask_MobileGame/Assets/Plugins/Zenject/OptionalExtras/SampleGame1 (Beginner)/Prefabs/Fire.prefab
  artifactKey: Guid(69fdd131bc1398b4b932a019fd9328f0) Importer(2089858483,3d70f49cd1c2eb9ae422958d1c652c6b)
Start importing Assets/TestTask_MobileGame/Assets/Plugins/Zenject/OptionalExtras/SampleGame1 (Beginner)/Prefabs/Fire.prefab using Guid(69fdd131bc1398b4b932a019fd9328f0) Importer(2089858483,3d70f49cd1c2eb9ae422958d1c652c6b) [PhysX] Initialized MultithreadedTaskDispatcher with 8 workers.
 -> (artifact id: '0e55522e6cebf87288a82e19290f0859') in 0.037248 seconds
Number of updated asset objects reloaded before import = 0
Number of asset objects unloaded after import = 4
========================================================================
Received Import Request.
  Time since last request: 0.000596 seconds.
  path: Assets/TestTask_MobileGame/build_0.1.apk
  artifactKey: Guid(94216e85fbc76ce43934401a4eb43c48) Importer(2089858483,0ecaa5967403d082aa24f35e1b516d23)
Start importing Assets/TestTask_MobileGame/build_0.1.apk using Guid(94216e85fbc76ce43934401a4eb43c48) Importer(2089858483,0ecaa5967403d082aa24f35e1b516d23) [PhysX] Initialized MultithreadedTaskDispatcher with 8 workers.
 -> (artifact id: 'efb1dce0c2538104c038420d199d4211') in 0.012121 seconds
Number of updated asset objects reloaded before import = 0
Number of asset objects unloaded after import = 1
========================================================================
Received Import Request.
  Time since last request: 0.000066 seconds.
  path: Assets/TestTask_MobileGame/Assets/Scripts/Player/CharacterEntity.cs
  artifactKey: Guid(6a0c9c7c1d903264ebe2746660e00017) Importer(2089858483,0ecaa5967403d082aa24f35e1b516d23)
Start importing Assets/TestTask_MobileGame/Assets/Scripts/Player/CharacterEntity.cs using Guid(6a0c9c7c1d903264ebe2746660e00017) Importer(2089858483,0ecaa5967403d082aa24f35e1b516d23) [PhysX] Initialized MultithreadedTaskDispatcher with 8 workers.
 -> (artifact id: '8a051786367de1380dba842049d378f7') in 0.025857 seconds
Number of updated asset objects reloaded before import = 0
Number of asset objects unloaded after import = 1
========================================================================
Received Import Request.
  Time since last request: 0.000162 seconds.
  path: Assets/TestTask_MobileGame/Assets/Plugins/UniRx/ReadMe.txt
  artifactKey: Guid(52d665ea30c2a3a49a6fa4b3b5a0349a) Importer(2089858483,0ecaa5967403d082aa24f35e1b516d23)
Start importing Assets/TestTask_MobileGame/Assets/Plugins/UniRx/ReadMe.txt using Guid(52d665ea30c2a3a49a6fa4b3b5a0349a) Importer(2089858483,0ecaa5967403d082aa24f35e1b516d23) [PhysX] Initialized MultithreadedTaskDispatcher with 8 workers.
 -> (artifact id: '9997163fef327fec410df26036cd9831') in 0.031234 seconds
Number of updated asset objects reloaded before import = 0
Number of asset objects unloaded after import = 1
========================================================================
Received Import Request.
  Time since last request: 0.000031 seconds.
  path: Assets/TestTask_MobileGame/Assets/Materials/Floor.mat
  artifactKey: Guid(50df675c6ca81454981f9cbf66fc2680) Importer(2089858483,0ecaa5967403d082aa24f35e1b516d23)
Start importing Assets/TestTask_MobileGame/Assets/Materials/Floor.mat using Guid(50df675c6ca81454981f9cbf66fc2680) Importer(2089858483,0ecaa5967403d082aa24f35e1b516d23) [PhysX] Initialized MultithreadedTaskDispatcher with 8 workers.
 -> (artifact id: 'ef56980e947d27136cef7095a710c4b3') in 0.017067 seconds
Number of updated asset objects reloaded before import = 0
Number of asset objects unloaded after import = 1
========================================================================
Received Import Request.
  Time since last request: 0.000036 seconds.
  path: Assets/TestTask_MobileGame/Assets/Plugins/Zenject/OptionalExtras/SampleGame1 (Beginner)/Prefabs/ShipBroken.prefab
  artifactKey: Guid(5b84466ca2cdf93418bd1e3234edb0e1) Importer(2089858483,3d70f49cd1c2eb9ae422958d1c652c6b)
Start importing Assets/TestTask_MobileGame/Assets/Plugins/Zenject/OptionalExtras/SampleGame1 (Beginner)/Prefabs/ShipBroken.prefab using Guid(5b84466ca2cdf93418bd1e3234edb0e1) Importer(2089858483,3d70f49cd1c2eb9ae422958d1c652c6b) [PhysX] Initialized MultithreadedTaskDispatcher with 8 workers.
 -> (artifact id: 'c2a3b8d5376906615cd4c97941abe820') in 0.054774 seconds
Number of updated asset objects reloaded before import = 0
Number of asset objects unloaded after import = 39
========================================================================
Received Import Request.
  Time since last request: 0.000037 seconds.
  path: Assets/TestTask_MobileGame/Assets/Scripts/InputType/GameInputProcessor.cs
  artifactKey: Guid(8ab4cef799eb4a5f8d9d4ae2ef8ecd99) Importer(2089858483,0ecaa5967403d082aa24f35e1b516d23)
Start importing Assets/TestTask_MobileGame/Assets/Scripts/InputType/GameInputProcessor.cs using Guid(8ab4cef799eb4a5f8d9d4ae2ef8ecd99) Importer(2089858483,0ecaa5967403d082aa24f35e1b516d23) [PhysX] Initialized MultithreadedTaskDispatcher with 8 workers.
 -> (artifact id: '4557fc961798028e362cbf9a47573f3c') in 0.013425 seconds
Number of updated asset objects reloaded before import = 0
Number of asset objects unloaded after import = 1
========================================================================
Received Import Request.
  Time since last request: 0.000046 seconds.
  path: Assets/PolyOne/Free Modular Terrain/Model/SM_Cliffs_01.fbx
  artifactKey: Guid(0f112d3e062c3ea4eb76496b8b6115b1) Importer(2089858483,0ecaa5967403d082aa24f35e1b516d23)
Start importing Assets/PolyOne/Free Modular Terrain/Model/SM_Cliffs_01.fbx using Guid(0f112d3e062c3ea4eb76496b8b6115b1) Importer(2089858483,0ecaa5967403d082aa24f35e1b516d23) [PhysX] Initialized MultithreadedTaskDispatcher with 8 workers.
 -> (artifact id: '0f6a9f01feda569c405dc78bbccf5b94') in 0.041701 seconds
Number of updated asset objects reloaded before import = 0
Number of asset objects unloaded after import = 7
========================================================================
Received Import Request.
  Time since last request: 0.000026 seconds.
  path: Assets/PolyOne/Free Modular Terrain/Prefabs/SM_Mountains_11.prefab
  artifactKey: Guid(7c4d9dcc2ad012f41a52362d2bba2b26) Importer(2089858483,0ecaa5967403d082aa24f35e1b516d23)
Start importing Assets/PolyOne/Free Modular Terrain/Prefabs/SM_Mountains_11.prefab using Guid(7c4d9dcc2ad012f41a52362d2bba2b26) Importer(2089858483,0ecaa5967403d082aa24f35e1b516d23) [PhysX] Initialized MultithreadedTaskDispatcher with 8 workers.
 -> (artifact id: 'fb9cb2b00a197be82b7e40e126c2197b') in 0.029624 seconds
Number of updated asset objects reloaded before import = 0
Number of asset objects unloaded after import = 7
========================================================================
Received Import Request.
  Time since last request: 0.000033 seconds.
  path: Assets/TestTask_MobileGame/ProjectSettings/Physics2DSettings.asset
  artifactKey: Guid(2d83d1d426b284e4697051c4f59d1400) Importer(2089858483,3d70f49cd1c2eb9ae422958d1c652c6b)
Start importing Assets/TestTask_MobileGame/ProjectSettings/Physics2DSettings.asset using Guid(2d83d1d426b284e4697051c4f59d1400) Importer(2089858483,3d70f49cd1c2eb9ae422958d1c652c6b) [PhysX] Initialized MultithreadedTaskDispatcher with 8 workers.
 -> (artifact id: '31e53b9a11f13d6366be3f66168c36b9') in 0.013710 seconds
Number of updated asset objects reloaded before import = 0
Number of asset objects unloaded after import = 0
========================================================================
Received Import Request.
  Time since last request: 0.000050 seconds.
  path: Assets/TestTask_MobileGame/Assets/Scenes/SampleScene.unity
  artifactKey: Guid(2cda990e2423bbf4892e6590ba056729) Importer(2089858483,0ecaa5967403d082aa24f35e1b516d23)
Start importing Assets/TestTask_MobileGame/Assets/Scenes/SampleScene.unity using Guid(2cda990e2423bbf4892e6590ba056729) Importer(2089858483,0ecaa5967403d082aa24f35e1b516d23) [PhysX] Initialized MultithreadedTaskDispatcher with 8 workers.
 -> (artifact id: '6b1c14e35b1fc16cda935aabe3df86d3') in 0.007884 seconds
Number of updated asset objects reloaded before import = 0
Number of asset objects unloaded after import = 1
========================================================================
Received Import Request.
  Time since last request: 0.000044 seconds.
  path: Assets/TestTask_MobileGame/Assets/Plugins/Zenject/ReadMe.url
  artifactKey: Guid(937aea47cf7f0864cb39571ca85e205d) Importer(2089858483,0ecaa5967403d082aa24f35e1b516d23)
Start importing Assets/TestTask_MobileGame/Assets/Plugins/Zenject/ReadMe.url using Guid(937aea47cf7f0864cb39571ca85e205d) Importer(2089858483,0ecaa5967403d082aa24f35e1b516d23) [PhysX] Initialized MultithreadedTaskDispatcher with 8 workers.
 -> (artifact id: '37818227de9fb0510c3bbe62e93f74eb') in 0.009739 seconds
Number of updated asset objects reloaded before import = 0
Number of asset objects unloaded after import = 1
========================================================================
Received Import Request.
  Time since last request: 0.000225 seconds.
  path: Assets/TestTask_MobileGame/UserSettings/Search.settings
  artifactKey: Guid(3301aea805a867340be2f7fea62d0934) Importer(2089858483,0ecaa5967403d082aa24f35e1b516d23)
Start importing Assets/TestTask_MobileGame/UserSettings/Search.settings using Guid(3301aea805a867340be2f7fea62d0934) Importer(2089858483,0ecaa5967403d082aa24f35e1b516d23) [PhysX] Initialized MultithreadedTaskDispatcher with 8 workers.
 -> (artifact id: '94717a54471c9d6a0041873a8f5d6b37') in 0.009890 seconds
Number of updated asset objects reloaded before import = 0
Number of asset objects unloaded after import = 1
========================================================================
Received Import Request.
  Time since last request: 0.000294 seconds.
  path: Assets/TestTask_MobileGame/test.keystore
  artifactKey: Guid(827a3f8e0e480294ba01a1572dbfa042) Importer(2089858483,0ecaa5967403d082aa24f35e1b516d23)
Start importing Assets/TestTask_MobileGame/test.keystore using Guid(827a3f8e0e480294ba01a1572dbfa042) Importer(2089858483,0ecaa5967403d082aa24f35e1b516d23) [PhysX] Initialized MultithreadedTaskDispatcher with 8 workers.
 -> (artifact id: 'f3527550f8e631463fb8cd3b12b9d676') in 0.020419 seconds
Number of updated asset objects reloaded before import = 0
Number of asset objects unloaded after import = 1
========================================================================
Received Import Request.
  Time since last request: 0.000135 seconds.
  path: Assets/TestTask_MobileGame/Assets/TextMesh Pro/Resources/Fonts & Materials/LiberationSans SDF - Fallback.asset
  artifactKey: Guid(2e498d1c8094910479dc3e1b768306a4) Importer(2089858483,3d70f49cd1c2eb9ae422958d1c652c6b)
Start importing Assets/TestTask_MobileGame/Assets/TextMesh Pro/Resources/Fonts & Materials/LiberationSans SDF - Fallback.asset using Guid(2e498d1c8094910479dc3e1b768306a4) Importer(2089858483,3d70f49cd1c2eb9ae422958d1c652c6b) [PhysX] Initialized MultithreadedTaskDispatcher with 8 workers.
 -> (artifact id: '7b418793e9e0402b3ebd13a1c7b16226') in 0.043811 seconds
Number of updated asset objects reloaded before import = 0
Number of asset objects unloaded after import = 4
========================================================================
Received Import Request.
  Time since last request: 0.000033 seconds.
  path: Assets/TestTask_MobileGame/Assets/Scripts/Enemy/EnemyBehaviour.cs
  artifactKey: Guid(467dd9e8b9261394887fc7d5f599f2ec) Importer(2089858483,0ecaa5967403d082aa24f35e1b516d23)
Start importing Assets/TestTask_MobileGame/Assets/Scripts/Enemy/EnemyBehaviour.cs using Guid(467dd9e8b9261394887fc7d5f599f2ec) Importer(2089858483,0ecaa5967403d082aa24f35e1b516d23) [PhysX] Initialized MultithreadedTaskDispatcher with 8 workers.
 -> (artifact id: '3d744f41529ac5f961af92918deefa35') in 0.008767 seconds
Number of updated asset objects reloaded before import = 0
Number of asset objects unloaded after import = 1
========================================================================
Received Import Request.
  Time since last request: 0.000036 seconds.
  path: Assets/TestTask_MobileGame/Assets/Scripts/Models/GameScoreModel.cs
  artifactKey: Guid(b75b73df84ce4c698424a46f8581d645) Importer(2089858483,0ecaa5967403d082aa24f35e1b516d23)
Start importing Assets/TestTask_MobileGame/Assets/Scripts/Models/GameScoreModel.cs using Guid(b75b73df84ce4c698424a46f8581d645) Importer(2089858483,0ecaa5967403d082aa24f35e1b516d23) [PhysX] Initialized MultithreadedTaskDispatcher with 8 workers.
 -> (artifact id: '780e1df0082d737ab2f06918f7bd4e8b') in 0.026814 seconds
Number of updated asset objects reloaded before import = 0
Number of asset objects unloaded after import = 1
========================================================================
Received Import Request.
  Time since last request: 0.000030 seconds.
  path: Assets/PolyOne/Free Modular Terrain/Model/SM_Cliffs_03.fbx
  artifactKey: Guid(cf2222a8c5eb38541a85032d090ebf34) Importer(2089858483,0ecaa5967403d082aa24f35e1b516d23)
Start importing Assets/PolyOne/Free Modular Terrain/Model/SM_Cliffs_03.fbx using Guid(cf2222a8c5eb38541a85032d090ebf34) Importer(2089858483,0ecaa5967403d082aa24f35e1b516d23) [PhysX] Initialized MultithreadedTaskDispatcher with 8 workers.
 -> (artifact id: 'd6cf8cafa1e74a6b36f9de2f4fd55ee6') in 0.038997 seconds
Number of updated asset objects reloaded before import = 0
Number of asset objects unloaded after import = 7
========================================================================
Received Import Request.
  Time since last request: 0.000038 seconds.
  path: Assets/TestTask_MobileGame/Assets/Plugins/UniRx/Examples/Sample13_ToDoItem.prefab
  artifactKey: Guid(173222196f3e1f0448b383f260df7d44) Importer(2089858483,0ecaa5967403d082aa24f35e1b516d23)
Start importing Assets/TestTask_MobileGame/Assets/Plugins/UniRx/Examples/Sample13_ToDoItem.prefab using Guid(173222196f3e1f0448b383f260df7d44) Importer(2089858483,0ecaa5967403d082aa24f35e1b516d23) [PhysX] Initialized MultithreadedTaskDispatcher with 8 workers.
 -> (artifact id: '3cbc507763facf503e0748ee2ebbdc88') in 0.183246 seconds
Number of updated asset objects reloaded before import = 0
Number of asset objects unloaded after import = 17
========================================================================
Received Import Request.
  Time since last request: 0.000050 seconds.
  path: Assets/TestTask_MobileGame/Assets/Plugins/UniRx/Examples/Sample11_Logger.cs
  artifactKey: Guid(f5aa72c61e2548a4bac4d65f93c63bf1) Importer(2089858483,0ecaa5967403d082aa24f35e1b516d23)
Start importing Assets/TestTask_MobileGame/Assets/Plugins/UniRx/Examples/Sample11_Logger.cs using Guid(f5aa72c61e2548a4bac4d65f93c63bf1) Importer(2089858483,0ecaa5967403d082aa24f35e1b516d23) [PhysX] Initialized MultithreadedTaskDispatcher with 8 workers.
 -> (artifact id: '9c6b4c088e53fdb6b9833d2b568e7a4f') in 0.020268 seconds
Number of updated asset objects reloaded before import = 0
Number of asset objects unloaded after import = 1
========================================================================
Received Import Request.
  Time since last request: 0.000110 seconds.
  path: Assets/TestTask_MobileGame/Assets/Plugins/UniRx/Scripts/Observable.Blocking.cs
  artifactKey: Guid(4a05ec8aabbdba24388b7b2ae6c4a474) Importer(2089858483,0ecaa5967403d082aa24f35e1b516d23)
Start importing Assets/TestTask_MobileGame/Assets/Plugins/UniRx/Scripts/Observable.Blocking.cs using Guid(4a05ec8aabbdba24388b7b2ae6c4a474) Importer(2089858483,0ecaa5967403d082aa24f35e1b516d23) [PhysX] Initialized MultithreadedTaskDispatcher with 8 workers.
 -> (artifact id: '2701476d2e00d6fad44d45a6bf86abd8') in 0.013318 seconds
Number of updated asset objects reloaded before import = 0
Number of asset objects unloaded after import = 1
========================================================================
Received Import Request.
  Time since last request: 0.000031 seconds.
  path: Assets/TestTask_MobileGame/Assets/Plugins/UniRx/Examples/Sample09_EventHandling.cs
  artifactKey: Guid(95140e49213aa6f49a470a81873b87c0) Importer(2089858483,0ecaa5967403d082aa24f35e1b516d23)
Start importing Assets/TestTask_MobileGame/Assets/Plugins/UniRx/Examples/Sample09_EventHandling.cs using Guid(95140e49213aa6f49a470a81873b87c0) Importer(2089858483,0ecaa5967403d082aa24f35e1b516d23) [PhysX] Initialized MultithreadedTaskDispatcher with 8 workers.
 -> (artifact id: 'e7d46ad3916dabf2e98d0018d57890dd') in 0.021095 seconds
Number of updated asset objects reloaded before import = 0
Number of asset objects unloaded after import = 1
========================================================================
Received Import Request.
  Time since last request: 0.001435 seconds.
  path: Assets/TestTask_MobileGame/Assets/Scripts/Player/CharacterBehaviour.cs
  artifactKey: Guid(6541f250b8089754d95f114c6a329df9) Importer(2089858483,0ecaa5967403d082aa24f35e1b516d23)
Start importing Assets/TestTask_MobileGame/Assets/Scripts/Player/CharacterBehaviour.cs using Guid(6541f250b8089754d95f114c6a329df9) Importer(2089858483,0ecaa5967403d082aa24f35e1b516d23) [PhysX] Initialized MultithreadedTaskDispatcher with 8 workers.
 -> (artifact id: '824a069d63e1403b709fdd15ee420e09') in 0.012636 seconds
Number of updated asset objects reloaded before import = 0
Number of asset objects unloaded after import = 1
========================================================================
Received Import Request.
  Time since last request: 0.000035 seconds.
  path: Assets/TestTask_MobileGame/Assets/Scenes/Game.unity
  artifactKey: Guid(9130d91b4fd8cfa4d9bbaac6f0cde53d) Importer(2089858483,0ecaa5967403d082aa24f35e1b516d23)
Start importing Assets/TestTask_MobileGame/Assets/Scenes/Game.unity using Guid(9130d91b4fd8cfa4d9bbaac6f0cde53d) Importer(2089858483,0ecaa5967403d082aa24f35e1b516d23) [PhysX] Initialized MultithreadedTaskDispatcher with 8 workers.
 -> (artifact id: 'e5d82ef79ce8e663409efdc279784422') in 0.032634 seconds
Number of updated asset objects reloaded before import = 0
Number of asset objects unloaded after import = 1
========================================================================
Received Import Request.
  Time since last request: 0.000029 seconds.
  path: Assets/PolyOne/Free Modular Terrain/Prefabs/SM_Mountains_11.prefab
  artifactKey: Guid(7c4d9dcc2ad012f41a52362d2bba2b26) Importer(2089858483,3d70f49cd1c2eb9ae422958d1c652c6b)
Start importing Assets/PolyOne/Free Modular Terrain/Prefabs/SM_Mountains_11.prefab using Guid(7c4d9dcc2ad012f41a52362d2bba2b26) Importer(2089858483,3d70f49cd1c2eb9ae422958d1c652c6b) [PhysX] Initialized MultithreadedTaskDispatcher with 8 workers.
 -> (artifact id: '70358768c4ea212f1548669143234341') in 0.011747 seconds
Number of updated asset objects reloaded before import = 0
Number of asset objects unloaded after import = 8
========================================================================
Received Import Request.
  Time since last request: 0.000034 seconds.
  path: Assets/PolyOne/Free Modular Terrain/Prefabs/SM_Grass_v4_01.prefab
  artifactKey: Guid(60dcb4b6818225d43af86929dee12fe6) Importer(2089858483,0ecaa5967403d082aa24f35e1b516d23)
Start importing Assets/PolyOne/Free Modular Terrain/Prefabs/SM_Grass_v4_01.prefab using Guid(60dcb4b6818225d43af86929dee12fe6) Importer(2089858483,0ecaa5967403d082aa24f35e1b516d23) [PhysX] Initialized MultithreadedTaskDispatcher with 8 workers.
 -> (artifact id: 'c6e4aa366dc4c8a30ae7da9c09114175') in 0.030876 seconds
Number of updated asset objects reloaded before import = 0
Number of asset objects unloaded after import = 7
========================================================================
Received Import Request.
  Time since last request: 0.000087 seconds.
  path: Assets/TestTask_MobileGame/UserSettings/EditorUserSettings.asset
  artifactKey: Guid(d7a72bec9be53a14a8357249343c4d76) Importer(2089858483,3d70f49cd1c2eb9ae422958d1c652c6b)
Start importing Assets/TestTask_MobileGame/UserSettings/EditorUserSettings.asset using Guid(d7a72bec9be53a14a8357249343c4d76) Importer(2089858483,3d70f49cd1c2eb9ae422958d1c652c6b) [PhysX] Initialized MultithreadedTaskDispatcher with 8 workers.
 -> (artifact id: 'bdbcb1632ae55b6a93abdfe2356abf7a') in 0.014577 seconds
Number of updated asset objects reloaded before import = 0
Number of asset objects unloaded after import = 0
========================================================================
Received Import Request.
  Time since last request: 0.000032 seconds.
  path: Assets/TestTask_MobileGame/Assets/TextMesh Pro/Resources/LineBreaking Following Characters.txt
  artifactKey: Guid(fade42e8bc714b018fac513c043d323b) Importer(2089858483,0ecaa5967403d082aa24f35e1b516d23)
Start importing Assets/TestTask_MobileGame/Assets/TextMesh Pro/Resources/LineBreaking Following Characters.txt using Guid(fade42e8bc714b018fac513c043d323b) Importer(2089858483,0ecaa5967403d082aa24f35e1b516d23) [PhysX] Initialized MultithreadedTaskDispatcher with 8 workers.
 -> (artifact id: 'b621c35c3c2d63263b18972b8bcda2df') in 0.018067 seconds
Number of updated asset objects reloaded before import = 0
Number of asset objects unloaded after import = 1
========================================================================
Received Import Request.
  Time since last request: 0.000028 seconds.
  path: Assets/PolyOne/Free Modular Terrain/Model/SM_Terrain_05.fbx
  artifactKey: Guid(fab9366617871e147a316fa6d23cd33c) Importer(2089858483,0ecaa5967403d082aa24f35e1b516d23)
Start importing Assets/PolyOne/Free Modular Terrain/Model/SM_Terrain_05.fbx using Guid(fab9366617871e147a316fa6d23cd33c) Importer(2089858483,0ecaa5967403d082aa24f35e1b516d23) [PhysX] Initialized MultithreadedTaskDispatcher with 8 workers.
 -> (artifact id: '4ef6608fbce8c8fea3d9fdf3e830c7b1') in 0.062542 seconds
Number of updated asset objects reloaded before import = 0
Number of asset objects unloaded after import = 7
========================================================================
Received Import Request.
  Time since last request: 0.000034 seconds.
  path: Assets/TestTask_MobileGame/ProjectSettings/NavMeshAreas.asset
  artifactKey: Guid(aa784f3d849a0a64db2f528189d5e7d5) Importer(2089858483,0ecaa5967403d082aa24f35e1b516d23)
Start importing Assets/TestTask_MobileGame/ProjectSettings/NavMeshAreas.asset using Guid(aa784f3d849a0a64db2f528189d5e7d5) Importer(2089858483,0ecaa5967403d082aa24f35e1b516d23) [PhysX] Initialized MultithreadedTaskDispatcher with 8 workers.
 -> (artifact id: '50d0ad5e4496e7f65a058ab9a2b46476') in 0.024329 seconds
Number of updated asset objects reloaded before import = 0
Number of asset objects unloaded after import = 1
========================================================================
Received Import Request.
  Time since last request: 0.000033 seconds.
  path: Assets/TestTask_MobileGame/Assets/Scenes/Main.unity
  artifactKey: Guid(3fc8acdd13e6c734bafef6554d6fdbcd) Importer(2089858483,3d70f49cd1c2eb9ae422958d1c652c6b)
Start importing Assets/TestTask_MobileGame/Assets/Scenes/Main.unity using Guid(3fc8acdd13e6c734bafef6554d6fdbcd) Importer(2089858483,3d70f49cd1c2eb9ae422958d1c652c6b) [PhysX] Initialized MultithreadedTaskDispatcher with 8 workers.
Opening scene 'Assets/TestTask_MobileGame/Assets/Scenes/Main.unity additively'
Loaded scene 'Assets/TestTask_MobileGame/Assets/Scenes/Main.unity'
	Deserialize:            70.782 ms
	Integration:            80.337 ms
	Integration of assets:  27.452 ms
	Thread Wait Time:       0.662 ms
	Total Operation Time:   179.232 ms
 -> (artifact id: '95c22b457a9d18f6be7dcf1400241111') in 0.219691 seconds
Number of updated asset objects reloaded before import = 0
Number of asset objects unloaded after import = 16
========================================================================
Received Import Request.
  Time since last request: 0.059405 seconds.
  path: Assets/TestTask_MobileGame/Assets/Plugins/UniTask/Runtime/AsyncLazy.cs
  artifactKey: Guid(01d1404ca421466419a7db7340ff5e77) Importer(2089858483,0ecaa5967403d082aa24f35e1b516d23)
Start importing Assets/TestTask_MobileGame/Assets/Plugins/UniTask/Runtime/AsyncLazy.cs using Guid(01d1404ca421466419a7db7340ff5e77) Importer(2089858483,0ecaa5967403d082aa24f35e1b516d23) [PhysX] Initialized MultithreadedTaskDispatcher with 8 workers.
 -> (artifact id: 'a34f32c45df1c1d5dbee052d8981e511') in 0.029991 seconds
Number of updated asset objects reloaded before import = 0
Number of asset objects unloaded after import = 1
========================================================================
Received Import Request.
  Time since last request: 0.002011 seconds.
  path: Assets/TestTask_MobileGame/Assets/Scripts/Core/Pools/IPool.cs
  artifactKey: Guid(28f45c7f8e5e477f9cb38b7b19b2563b) Importer(2089858483,0ecaa5967403d082aa24f35e1b516d23)
Start importing Assets/TestTask_MobileGame/Assets/Scripts/Core/Pools/IPool.cs using Guid(28f45c7f8e5e477f9cb38b7b19b2563b) Importer(2089858483,0ecaa5967403d082aa24f35e1b516d23) [PhysX] Initialized MultithreadedTaskDispatcher with 8 workers.
 -> (artifact id: 'f9af2afb7a193777536283377e10ff83') in 0.023949 seconds
Number of updated asset objects reloaded before import = 0
Number of asset objects unloaded after import = 1
========================================================================
Received Import Request.
  Time since last request: 0.000089 seconds.
  path: Assets/TestTask_MobileGame/Assets/Plugins/UniTask/Runtime/UniTask.WhenAny.Generated.cs
  artifactKey: Guid(13d604ac281570c4eac9962429f19ca9) Importer(2089858483,0ecaa5967403d082aa24f35e1b516d23)
Start importing Assets/TestTask_MobileGame/Assets/Plugins/UniTask/Runtime/UniTask.WhenAny.Generated.cs using Guid(13d604ac281570c4eac9962429f19ca9) Importer(2089858483,0ecaa5967403d082aa24f35e1b516d23) [PhysX] Initialized MultithreadedTaskDispatcher with 8 workers.
 -> (artifact id: 'b398eb41988f9fdd3204a83a9e0da8fb') in 0.019818 seconds
Number of updated asset objects reloaded before import = 0
Number of asset objects unloaded after import = 1
========================================================================
Received Import Request.
  Time since last request: 0.000040 seconds.
  path: Assets/TestTask_MobileGame/Assets/Scripts/Messages/Input/InputHoldMessage.cs
  artifactKey: Guid(f1db62a9bf6f4e12bde3f68767e3033b) Importer(2089858483,0ecaa5967403d082aa24f35e1b516d23)
Start importing Assets/TestTask_MobileGame/Assets/Scripts/Messages/Input/InputHoldMessage.cs using Guid(f1db62a9bf6f4e12bde3f68767e3033b) Importer(2089858483,0ecaa5967403d082aa24f35e1b516d23) [PhysX] Initialized MultithreadedTaskDispatcher with 8 workers.
 -> (artifact id: '772f55366e8aa1f7d975d195fd6000af') in 0.014545 seconds
Number of updated asset objects reloaded before import = 0
Number of asset objects unloaded after import = 1
========================================================================
Received Import Request.
  Time since last request: 0.000042 seconds.
  path: Assets/TestTask_MobileGame/Assets/Plugins/UniTask/Runtime/UniTask.Run.cs
  artifactKey: Guid(8473162fc285a5f44bcca90f7da073e7) Importer(2089858483,0ecaa5967403d082aa24f35e1b516d23)
Start importing Assets/TestTask_MobileGame/Assets/Plugins/UniTask/Runtime/UniTask.Run.cs using Guid(8473162fc285a5f44bcca90f7da073e7) Importer(2089858483,0ecaa5967403d082aa24f35e1b516d23) [PhysX] Initialized MultithreadedTaskDispatcher with 8 workers.
 -> (artifact id: 'cfdfc9a016e1e4041e1c0da1256b0d61') in 0.016739 seconds
Number of updated asset objects reloaded before import = 0
Number of asset objects unloaded after import = 1
========================================================================
Received Import Request.
  Time since last request: 0.000052 seconds.
  path: Assets/TestTask_MobileGame/Assets/Plugins/UniTask/Runtime/UniTask.Threading.cs
  artifactKey: Guid(4132ea600454134439fa2c7eb931b5e6) Importer(2089858483,0ecaa5967403d082aa24f35e1b516d23)
Start importing Assets/TestTask_MobileGame/Assets/Plugins/UniTask/Runtime/UniTask.Threading.cs using Guid(4132ea600454134439fa2c7eb931b5e6) Importer(2089858483,0ecaa5967403d082aa24f35e1b516d23) [PhysX] Initialized MultithreadedTaskDispatcher with 8 workers.
 -> (artifact id: '9c3e432126a4cdfaaa5701023da2cea4') in 0.012745 seconds
Number of updated asset objects reloaded before import = 0
Number of asset objects unloaded after import = 1
========================================================================
Received Import Request.
  Time since last request: 0.000038 seconds.
  path: Assets/TestTask_MobileGame/Assets/Plugins/UniTask/Runtime/UniTask.WhenAll.cs
  artifactKey: Guid(355997a305ba64248822eec34998a1a0) Importer(2089858483,0ecaa5967403d082aa24f35e1b516d23)
Start importing Assets/TestTask_MobileGame/Assets/Plugins/UniTask/Runtime/UniTask.WhenAll.cs using Guid(355997a305ba64248822eec34998a1a0) Importer(2089858483,0ecaa5967403d082aa24f35e1b516d23) [PhysX] Initialized MultithreadedTaskDispatcher with 8 workers.
 -> (artifact id: '402c1d6d5c48cc3d70cbff98a3985ddf') in 0.022988 seconds
Number of updated asset objects reloaded before import = 0
Number of asset objects unloaded after import = 1
========================================================================
Received Import Request.
  Time since last request: 0.000036 seconds.
  path: Assets/TestTask_MobileGame/Assets/Plugins/UniRx/Scripts/Disposables/BooleanDisposable.cs
  artifactKey: Guid(4ff95c6eb380ca248984d8c27c1244d0) Importer(2089858483,0ecaa5967403d082aa24f35e1b516d23)
Start importing Assets/TestTask_MobileGame/Assets/Plugins/UniRx/Scripts/Disposables/BooleanDisposable.cs using Guid(4ff95c6eb380ca248984d8c27c1244d0) Importer(2089858483,0ecaa5967403d082aa24f35e1b516d23) [PhysX] Initialized MultithreadedTaskDispatcher with 8 workers.
 -> (artifact id: '90457971080e3abd3e3153753691117b') in 0.018691 seconds
Number of updated asset objects reloaded before import = 0
Number of asset objects unloaded after import = 1
========================================================================
Received Import Request.
  Time since last request: 0.000611 seconds.
  path: Assets/TestTask_MobileGame/Assets/Plugins/UniTask/Runtime/IUniTaskSource.cs
  artifactKey: Guid(3e4d023d8404ab742b5e808c98097c3c) Importer(2089858483,0ecaa5967403d082aa24f35e1b516d23)
Start importing Assets/TestTask_MobileGame/Assets/Plugins/UniTask/Runtime/IUniTaskSource.cs using Guid(3e4d023d8404ab742b5e808c98097c3c) Importer(2089858483,0ecaa5967403d082aa24f35e1b516d23) [PhysX] Initialized MultithreadedTaskDispatcher with 8 workers.
 -> (artifact id: 'acd4428a8cddba315641a2834e853cfd') in 0.025748 seconds
Number of updated asset objects reloaded before import = 0
Number of asset objects unloaded after import = 1
========================================================================
Received Import Request.
  Time since last request: 0.000030 seconds.
  path: Assets/TestTask_MobileGame/Assets/Plugins/UniTask/Runtime/EnumerableAsyncExtensions.cs
  artifactKey: Guid(ff50260d74bd54c4b92cf99895549445) Importer(2089858483,0ecaa5967403d082aa24f35e1b516d23)
Start importing Assets/TestTask_MobileGame/Assets/Plugins/UniTask/Runtime/EnumerableAsyncExtensions.cs using Guid(ff50260d74bd54c4b92cf99895549445) Importer(2089858483,0ecaa5967403d082aa24f35e1b516d23) [PhysX] Initialized MultithreadedTaskDispatcher with 8 workers.
 -> (artifact id: '61fd8c1b558a2df21fbbbfaa623d6cc3') in 0.018787 seconds
Number of updated asset objects reloaded before import = 0
Number of asset objects unloaded after import = 1
========================================================================
Received Import Request.
  Time since last request: 0.000028 seconds.
  path: Assets/TestTask_MobileGame/Assets/Plugins/UniTask/Runtime/UniTask.Bridge.cs
  artifactKey: Guid(bd6beac8e0ebd264e9ba246c39429c72) Importer(2089858483,0ecaa5967403d082aa24f35e1b516d23)
Start importing Assets/TestTask_MobileGame/Assets/Plugins/UniTask/Runtime/UniTask.Bridge.cs using Guid(bd6beac8e0ebd264e9ba246c39429c72) Importer(2089858483,0ecaa5967403d082aa24f35e1b516d23) [PhysX] Initialized MultithreadedTaskDispatcher with 8 workers.
 -> (artifact id: 'ff28cc5804365ec600683d97e2128a77') in 0.018035 seconds
Number of updated asset objects reloaded before import = 0
Number of asset objects unloaded after import = 1
========================================================================
Received Import Request.
  Time since last request: 0.000034 seconds.
  path: Assets/TestTask_MobileGame/Assets/Scripts/Models/Interfaces/IBuildingModel.cs
  artifactKey: Guid(21103ad31c934d46af9f3b0e4ae82c72) Importer(2089858483,0ecaa5967403d082aa24f35e1b516d23)
Start importing Assets/TestTask_MobileGame/Assets/Scripts/Models/Interfaces/IBuildingModel.cs using Guid(21103ad31c934d46af9f3b0e4ae82c72) Importer(2089858483,0ecaa5967403d082aa24f35e1b516d23) [PhysX] Initialized MultithreadedTaskDispatcher with 8 workers.
 -> (artifact id: '53ef7cd6c656db3607c3c4376e31f4d5') in 0.028326 seconds
Number of updated asset objects reloaded before import = 0
Number of asset objects unloaded after import = 1
========================================================================
Received Import Request.
  Time since last request: 0.000032 seconds.
  path: Assets/TestTask_MobileGame/Assets/Scripts/Core/InputSource/IInputSource.cs
  artifactKey: Guid(22d8e76c82704e5cb0fe4d97e0b85b0b) Importer(2089858483,0ecaa5967403d082aa24f35e1b516d23)
Start importing Assets/TestTask_MobileGame/Assets/Scripts/Core/InputSource/IInputSource.cs using Guid(22d8e76c82704e5cb0fe4d97e0b85b0b) Importer(2089858483,0ecaa5967403d082aa24f35e1b516d23) [PhysX] Initialized MultithreadedTaskDispatcher with 8 workers.
 -> (artifact id: '823b5f166e10a330839ef80be395ca85') in 0.021143 seconds
Number of updated asset objects reloaded before import = 0
Number of asset objects unloaded after import = 1
========================================================================
Received Import Request.
  Time since last request: 0.001737 seconds.
  path: Assets/TestTask_MobileGame/Assets/TextMesh Pro/Resources/Style Sheets/Default Style Sheet.asset
  artifactKey: Guid(f952c082cb03451daed3ee968ac6c63e) Importer(2089858483,0ecaa5967403d082aa24f35e1b516d23)
Start importing Assets/TestTask_MobileGame/Assets/TextMesh Pro/Resources/Style Sheets/Default Style Sheet.asset using Guid(f952c082cb03451daed3ee968ac6c63e) Importer(2089858483,0ecaa5967403d082aa24f35e1b516d23) [PhysX] Initialized MultithreadedTaskDispatcher with 8 workers.
 -> (artifact id: '2ae770623d1b17b590146bba37f8fb13') in 0.013752 seconds
Number of updated asset objects reloaded before import = 0
Number of asset objects unloaded after import = 1
========================================================================
Received Import Request.
  Time since last request: 0.001714 seconds.
  path: Assets/TestTask_MobileGame/Assets/Plugins/UniRx/Scripts/Disposables/MultipleAssignmentDisposable.cs
  artifactKey: Guid(bb959083576ace749afd55c1e54b02d9) Importer(2089858483,0ecaa5967403d082aa24f35e1b516d23)
Start importing Assets/TestTask_MobileGame/Assets/Plugins/UniRx/Scripts/Disposables/MultipleAssignmentDisposable.cs using Guid(bb959083576ace749afd55c1e54b02d9) Importer(2089858483,0ecaa5967403d082aa24f35e1b516d23) [PhysX] Initialized MultithreadedTaskDispatcher with 8 workers.
 -> (artifact id: '31831cc7c03ed340cb7a0e44a5dbaefd') in 0.019506 seconds
Number of updated asset objects reloaded before import = 0
Number of asset objects unloaded after import = 1
========================================================================
Received Import Request.
  Time since last request: 0.000032 seconds.
  path: Assets/TestTask_MobileGame/Assets/Scripts/Core/Tweener/MoveTweener.cs
  artifactKey: Guid(59a217b0386d4356924282cea0e2f6d3) Importer(2089858483,0ecaa5967403d082aa24f35e1b516d23)
Start importing Assets/TestTask_MobileGame/Assets/Scripts/Core/Tweener/MoveTweener.cs using Guid(59a217b0386d4356924282cea0e2f6d3) Importer(2089858483,0ecaa5967403d082aa24f35e1b516d23) [PhysX] Initialized MultithreadedTaskDispatcher with 8 workers.
 -> (artifact id: '6e7e79e07f0c6c6c377efe190744b34b') in 0.018813 seconds
Number of updated asset objects reloaded before import = 0
Number of asset objects unloaded after import = 1
========================================================================
Received Import Request.
  Time since last request: 0.000102 seconds.
  path: Assets/TestTask_MobileGame/Assets/Plugins/UniTask/Runtime/TimeoutController.cs
  artifactKey: Guid(6347ab34d2db6d744a654e8d62d96b96) Importer(2089858483,0ecaa5967403d082aa24f35e1b516d23)
Start importing Assets/TestTask_MobileGame/Assets/Plugins/UniTask/Runtime/TimeoutController.cs using Guid(6347ab34d2db6d744a654e8d62d96b96) Importer(2089858483,0ecaa5967403d082aa24f35e1b516d23) [PhysX] Initialized MultithreadedTaskDispatcher with 8 workers.
 -> (artifact id: 'e2829b2fb8f60ecdcd57f148e95ebcfc') in 0.013458 seconds
Number of updated asset objects reloaded before import = 0
Number of asset objects unloaded after import = 1
========================================================================
Received Import Request.
  Time since last request: 0.000100 seconds.
  path: Assets/TestTask_MobileGame/Assets/Scripts/Core/SaveLoad/PlayerPrefsSaveLoadDataHandler.cs
  artifactKey: Guid(543af22ec6f24ba8ae2ac108aaa4d677) Importer(2089858483,0ecaa5967403d082aa24f35e1b516d23)
Start importing Assets/TestTask_MobileGame/Assets/Scripts/Core/SaveLoad/PlayerPrefsSaveLoadDataHandler.cs using Guid(543af22ec6f24ba8ae2ac108aaa4d677) Importer(2089858483,0ecaa5967403d082aa24f35e1b516d23) [PhysX] Initialized MultithreadedTaskDispatcher with 8 workers.
 -> (artifact id: '9a2c3382e5f08470d173961b321aa6dd') in 0.014327 seconds
Number of updated asset objects reloaded before import = 0
Number of asset objects unloaded after import = 1
========================================================================
Received Import Request.
  Time since last request: 0.192307 seconds.
  path: Assets/TestTask_MobileGame/Assets/Plugins/UniRx/Scripts/Disposables/SerialDisposable.cs
  artifactKey: Guid(06fb064ad9e4d354ab15ff89f6343243) Importer(2089858483,0ecaa5967403d082aa24f35e1b516d23)
Start importing Assets/TestTask_MobileGame/Assets/Plugins/UniRx/Scripts/Disposables/SerialDisposable.cs using Guid(06fb064ad9e4d354ab15ff89f6343243) Importer(2089858483,0ecaa5967403d082aa24f35e1b516d23) [PhysX] Initialized MultithreadedTaskDispatcher with 8 workers.
 -> (artifact id: '6fe5f38d7b0f49438ba2ae31eafd29fa') in 0.013345 seconds
Number of updated asset objects reloaded before import = 0
Number of asset objects unloaded after import = 1
========================================================================
Received Import Request.
  Time since last request: 0.000036 seconds.
  path: Assets/TestTask_MobileGame/Assets/Plugins/UniRx/Scripts/Subjects/SubjectExtensions.cs
  artifactKey: Guid(359bf19588606a14fb0edc6efa97deaf) Importer(2089858483,0ecaa5967403d082aa24f35e1b516d23)
Start importing Assets/TestTask_MobileGame/Assets/Plugins/UniRx/Scripts/Subjects/SubjectExtensions.cs using Guid(359bf19588606a14fb0edc6efa97deaf) Importer(2089858483,0ecaa5967403d082aa24f35e1b516d23) [PhysX] Initialized MultithreadedTaskDispatcher with 8 workers.
 -> (artifact id: '3308b1c7fcfccf092d310c045af6e7fd') in 0.035652 seconds
Number of updated asset objects reloaded before import = 0
Number of asset objects unloaded after import = 1
========================================================================
Received Import Request.
  Time since last request: 0.000037 seconds.
  path: Assets/TestTask_MobileGame/Assets/Plugins/UniRx/Scripts/Operators/Amb.cs
  artifactKey: Guid(ad1a22922a735ee479baf0e179648532) Importer(2089858483,0ecaa5967403d082aa24f35e1b516d23)
Start importing Assets/TestTask_MobileGame/Assets/Plugins/UniRx/Scripts/Operators/Amb.cs using Guid(ad1a22922a735ee479baf0e179648532) Importer(2089858483,0ecaa5967403d082aa24f35e1b516d23) [PhysX] Initialized MultithreadedTaskDispatcher with 8 workers.
 -> (artifact id: '30f35b5b2588629033b1604212bce4f9') in 0.016083 seconds
Number of updated asset objects reloaded before import = 0
Number of asset objects unloaded after import = 1
========================================================================
Received Import Request.
  Time since last request: 0.000045 seconds.
  path: Assets/TestTask_MobileGame/Assets/Plugins/UniRx/Scripts/Subjects/ConnectableObservable.cs
  artifactKey: Guid(8de419b467eded246bc4fc5e70859f73) Importer(2089858483,0ecaa5967403d082aa24f35e1b516d23)
Start importing Assets/TestTask_MobileGame/Assets/Plugins/UniRx/Scripts/Subjects/ConnectableObservable.cs using Guid(8de419b467eded246bc4fc5e70859f73) Importer(2089858483,0ecaa5967403d082aa24f35e1b516d23) [PhysX] Initialized MultithreadedTaskDispatcher with 8 workers.
 -> (artifact id: 'e9a4b6cafcc68f7b420fe7b32f9a0f5c') in 0.030153 seconds
Number of updated asset objects reloaded before import = 0
Number of asset objects unloaded after import = 1
========================================================================
Received Import Request.
  Time since last request: 0.000318 seconds.
  path: Assets/TestTask_MobileGame/Assets/Plugins/UniRx/Scripts/Operators/OperatorObservableBase.cs
  artifactKey: Guid(1b94a1a0ae5d509488c6242454216bdb) Importer(2089858483,0ecaa5967403d082aa24f35e1b516d23)
Start importing Assets/TestTask_MobileGame/Assets/Plugins/UniRx/Scripts/Operators/OperatorObservableBase.cs using Guid(1b94a1a0ae5d509488c6242454216bdb) Importer(2089858483,0ecaa5967403d082aa24f35e1b516d23) [PhysX] Initialized MultithreadedTaskDispatcher with 8 workers.
 -> (artifact id: '93063b6a102e40e3e2cc9a3c7b4d18a7') in 0.048710 seconds
Number of updated asset objects reloaded before import = 0
Number of asset objects unloaded after import = 1
========================================================================
Received Import Request.
  Time since last request: 0.002804 seconds.
  path: Assets/TestTask_MobileGame/Assets/Plugins/UniRx/Scripts/UnityEngineBridge/ObservableWWW.cs
  artifactKey: Guid(ba71e5544e233dd4b83d4c5a6c696d05) Importer(2089858483,0ecaa5967403d082aa24f35e1b516d23)
Start importing Assets/TestTask_MobileGame/Assets/Plugins/UniRx/Scripts/UnityEngineBridge/ObservableWWW.cs using Guid(ba71e5544e233dd4b83d4c5a6c696d05) Importer(2089858483,0ecaa5967403d082aa24f35e1b516d23) [PhysX] Initialized MultithreadedTaskDispatcher with 8 workers.
 -> (artifact id: '754f301d8184e62ce2543d9a32d98c26') in 0.034924 seconds
Number of updated asset objects reloaded before import = 0
Number of asset objects unloaded after import = 1
========================================================================
Received Import Request.
  Time since last request: 0.001061 seconds.
  path: Assets/TestTask_MobileGame/Assets/Plugins/UniRx/Scripts/UnityEngineBridge/InspectorDisplayDrawer.cs
  artifactKey: Guid(6180f9fd2198dee44ae7f4a617529ffa) Importer(2089858483,0ecaa5967403d082aa24f35e1b516d23)
Start importing Assets/TestTask_MobileGame/Assets/Plugins/UniRx/Scripts/UnityEngineBridge/InspectorDisplayDrawer.cs using Guid(6180f9fd2198dee44ae7f4a617529ffa) Importer(2089858483,0ecaa5967403d082aa24f35e1b516d23) [PhysX] Initialized MultithreadedTaskDispatcher with 8 workers.
 -> (artifact id: 'bacd3e08492aed85e554731551df98f7') in 0.026549 seconds
Number of updated asset objects reloaded before import = 0
Number of asset objects unloaded after import = 1
========================================================================
Received Import Request.
  Time since last request: 0.000785 seconds.
  path: Assets/TestTask_MobileGame/Assets/Plugins/UniRx/Scripts/Operators/OfType.cs
  artifactKey: Guid(981fd4bf7704404459a0deed254a03e5) Importer(2089858483,0ecaa5967403d082aa24f35e1b516d23)
Start importing Assets/TestTask_MobileGame/Assets/Plugins/UniRx/Scripts/Operators/OfType.cs using Guid(981fd4bf7704404459a0deed254a03e5) Importer(2089858483,0ecaa5967403d082aa24f35e1b516d23) [PhysX] Initialized MultithreadedTaskDispatcher with 8 workers.
 -> (artifact id: '0ce7d69957fb1b4751263ea483aff9bb') in 0.012286 seconds
Number of updated asset objects reloaded before import = 0
Number of asset objects unloaded after import = 1
========================================================================
Received Import Request.
  Time since last request: 0.000526 seconds.
  path: Assets/TestTask_MobileGame/Assets/Plugins/UniRx/Scripts/Operators/ToArray.cs
  artifactKey: Guid(38d1f7c869353b542af469b0e3fae89a) Importer(2089858483,0ecaa5967403d082aa24f35e1b516d23)
Start importing Assets/TestTask_MobileGame/Assets/Plugins/UniRx/Scripts/Operators/ToArray.cs using Guid(38d1f7c869353b542af469b0e3fae89a) Importer(2089858483,0ecaa5967403d082aa24f35e1b516d23) [PhysX] Initialized MultithreadedTaskDispatcher with 8 workers.
 -> (artifact id: '6fa38fd55610a915576abd261331cea6') in 0.023466 seconds
Number of updated asset objects reloaded before import = 0
Number of asset objects unloaded after import = 1
========================================================================
Received Import Request.
  Time since last request: 0.001070 seconds.
  path: Assets/TestTask_MobileGame/Assets/Plugins/UniRx/Scripts/Operators/Start.cs
  artifactKey: Guid(2b99cac67f8c387439619e01a480c465) Importer(2089858483,0ecaa5967403d082aa24f35e1b516d23)
Start importing Assets/TestTask_MobileGame/Assets/Plugins/UniRx/Scripts/Operators/Start.cs using Guid(2b99cac67f8c387439619e01a480c465) Importer(2089858483,0ecaa5967403d082aa24f35e1b516d23) [PhysX] Initialized MultithreadedTaskDispatcher with 8 workers.
 -> (artifact id: '083e07f3a3f5d3bcd485ea2e34e8d281') in 0.015103 seconds
Number of updated asset objects reloaded before import = 0
Number of asset objects unloaded after import = 1
========================================================================
Received Import Request.
  Time since last request: 0.001208 seconds.
  path: Assets/TestTask_MobileGame/Assets/Plugins/UniRx/Scripts/Operators/Distinct.cs
  artifactKey: Guid(376a7ed430bff5c4b860af4d23ab6b79) Importer(2089858483,0ecaa5967403d082aa24f35e1b516d23)
Start importing Assets/TestTask_MobileGame/Assets/Plugins/UniRx/Scripts/Operators/Distinct.cs using Guid(376a7ed430bff5c4b860af4d23ab6b79) Importer(2089858483,0ecaa5967403d082aa24f35e1b516d23) [PhysX] Initialized MultithreadedTaskDispatcher with 8 workers.
 -> (artifact id: 'c9e44f2bcde5ccd74f9b1e90cde71259') in 0.021626 seconds
Number of updated asset objects reloaded before import = 0
Number of asset objects unloaded after import = 1
========================================================================
Received Import Request.
  Time since last request: 0.001574 seconds.
  path: Assets/TestTask_MobileGame/Assets/Plugins/UniRx/Scripts/UnityEngineBridge/UnityUIComponentExtensions.cs
  artifactKey: Guid(7645084659bc779448e384456805d251) Importer(2089858483,0ecaa5967403d082aa24f35e1b516d23)
Start importing Assets/TestTask_MobileGame/Assets/Plugins/UniRx/Scripts/UnityEngineBridge/UnityUIComponentExtensions.cs using Guid(7645084659bc779448e384456805d251) Importer(2089858483,0ecaa5967403d082aa24f35e1b516d23) [PhysX] Initialized MultithreadedTaskDispatcher with 8 workers.
 -> (artifact id: '934482f90869c48b8978db98182b4c82') in 0.027912 seconds
Number of updated asset objects reloaded before import = 0
Number of asset objects unloaded after import = 1
========================================================================
Received Import Request.
  Time since last request: 0.000288 seconds.
  path: Assets/TestTask_MobileGame/Assets/Plugins/UniRx/Scripts/Operators/ThrottleFirst.cs
  artifactKey: Guid(32b6a6efbab897b41a055d830a4d9755) Importer(2089858483,0ecaa5967403d082aa24f35e1b516d23)
Start importing Assets/TestTask_MobileGame/Assets/Plugins/UniRx/Scripts/Operators/ThrottleFirst.cs using Guid(32b6a6efbab897b41a055d830a4d9755) Importer(2089858483,0ecaa5967403d082aa24f35e1b516d23) [PhysX] Initialized MultithreadedTaskDispatcher with 8 workers.
 -> (artifact id: '02d01d9a2e4ef4e72adeb6db2c32e992') in 0.019971 seconds
Number of updated asset objects reloaded before import = 0
Number of asset objects unloaded after import = 1
========================================================================
Received Import Request.
  Time since last request: 0.000029 seconds.
  path: Assets/TestTask_MobileGame/Assets/Plugins/UniRx/Scripts/Operators/Where.cs
  artifactKey: Guid(a035699dbe9572548afa47c460bad078) Importer(2089858483,0ecaa5967403d082aa24f35e1b516d23)
Start importing Assets/TestTask_MobileGame/Assets/Plugins/UniRx/Scripts/Operators/Where.cs using Guid(a035699dbe9572548afa47c460bad078) Importer(2089858483,0ecaa5967403d082aa24f35e1b516d23) [PhysX] Initialized MultithreadedTaskDispatcher with 8 workers.
 -> (artifact id: '121357f729cb2cd72f0f2b68f11fd8e2') in 0.013768 seconds
Number of updated asset objects reloaded before import = 0
Number of asset objects unloaded after import = 1
========================================================================
Received Import Request.
  Time since last request: 0.000046 seconds.
  path: Assets/TestTask_MobileGame/Assets/Plugins/UniRx/Scripts/Subjects/BehaviorSubject.cs
  artifactKey: Guid(2fa461d2fc0c4ec4999e0b9aff16dd47) Importer(2089858483,0ecaa5967403d082aa24f35e1b516d23)
Start importing Assets/TestTask_MobileGame/Assets/Plugins/UniRx/Scripts/Subjects/BehaviorSubject.cs using Guid(2fa461d2fc0c4ec4999e0b9aff16dd47) Importer(2089858483,0ecaa5967403d082aa24f35e1b516d23) [PhysX] Initialized MultithreadedTaskDispatcher with 8 workers.
 -> (artifact id: 'fe8536af568da742b4328c23f7ca465c') in 0.013672 seconds
Number of updated asset objects reloaded before import = 0
Number of asset objects unloaded after import = 1
========================================================================
Received Import Request.
  Time since last request: 0.000033 seconds.
  path: Assets/TestTask_MobileGame/Assets/Plugins/UniRx/Scripts/Operators/Switch.cs
  artifactKey: Guid(5e16cdc638ec3bf41bbd380b75991734) Importer(2089858483,0ecaa5967403d082aa24f35e1b516d23)
Start importing Assets/TestTask_MobileGame/Assets/Plugins/UniRx/Scripts/Operators/Switch.cs using Guid(5e16cdc638ec3bf41bbd380b75991734) Importer(2089858483,0ecaa5967403d082aa24f35e1b516d23) [PhysX] Initialized MultithreadedTaskDispatcher with 8 workers.
 -> (artifact id: 'a0d44921e75a1bc668cb2590c22cc6a0') in 0.166017 seconds
Number of updated asset objects reloaded before import = 0
Number of asset objects unloaded after import = 1
========================================================================
Received Import Request.
  Time since last request: 0.001071 seconds.
  path: Assets/TestTask_MobileGame/Assets/Plugins/UniTask/Runtime/Linq/Repeat.cs
  artifactKey: Guid(3819a3925165a674d80ee848c8600379) Importer(2089858483,0ecaa5967403d082aa24f35e1b516d23)
Start importing Assets/TestTask_MobileGame/Assets/Plugins/UniTask/Runtime/Linq/Repeat.cs using Guid(3819a3925165a674d80ee848c8600379) Importer(2089858483,0ecaa5967403d082aa24f35e1b516d23) [PhysX] Initialized MultithreadedTaskDispatcher with 8 workers.
 -> (artifact id: '17ec7ec4fd5a6afca01b9e35492737fc') in 0.010446 seconds
Number of updated asset objects reloaded before import = 0
Number of asset objects unloaded after import = 1
========================================================================
Received Import Request.
  Time since last request: 0.000025 seconds.
  path: Assets/TestTask_MobileGame/Assets/Plugins/UniTask/Runtime/Linq/AsUniTaskAsyncEnumerable.cs
  artifactKey: Guid(69866e262589ea643bbc62a1d696077a) Importer(2089858483,0ecaa5967403d082aa24f35e1b516d23)
Start importing Assets/TestTask_MobileGame/Assets/Plugins/UniTask/Runtime/Linq/AsUniTaskAsyncEnumerable.cs using Guid(69866e262589ea643bbc62a1d696077a) Importer(2089858483,0ecaa5967403d082aa24f35e1b516d23) [PhysX] Initialized MultithreadedTaskDispatcher with 8 workers.
 -> (artifact id: '31a0e2ce7c77718aecaf288f4f5405c7') in 0.013190 seconds
Number of updated asset objects reloaded before import = 0
Number of asset objects unloaded after import = 1
========================================================================
Received Import Request.
  Time since last request: 0.000039 seconds.
  path: Assets/TestTask_MobileGame/Assets/Plugins/UniTask/Runtime/Linq/Pairwise.cs
  artifactKey: Guid(cddbf051d2a88f549986c468b23214af) Importer(2089858483,0ecaa5967403d082aa24f35e1b516d23)
Start importing Assets/TestTask_MobileGame/Assets/Plugins/UniTask/Runtime/Linq/Pairwise.cs using Guid(cddbf051d2a88f549986c468b23214af) Importer(2089858483,0ecaa5967403d082aa24f35e1b516d23) [PhysX] Initialized MultithreadedTaskDispatcher with 8 workers.
 -> (artifact id: '1d344f36ece7ee01a880c17acb02b23e') in 0.025220 seconds
Number of updated asset objects reloaded before import = 0
Number of asset objects unloaded after import = 1
========================================================================
Received Import Request.
  Time since last request: 0.000033 seconds.
  path: Assets/TestTask_MobileGame/Assets/Plugins/UniTask/Runtime/Internal/UnityWebRequestExtensions.cs
  artifactKey: Guid(111ba0e639de1d7428af6c823ead4918) Importer(2089858483,0ecaa5967403d082aa24f35e1b516d23)
Start importing Assets/TestTask_MobileGame/Assets/Plugins/UniTask/Runtime/Internal/UnityWebRequestExtensions.cs using Guid(111ba0e639de1d7428af6c823ead4918) Importer(2089858483,0ecaa5967403d082aa24f35e1b516d23) [PhysX] Initialized MultithreadedTaskDispatcher with 8 workers.
 -> (artifact id: 'f84d1987599424a858951757179aeb66') in 0.021922 seconds
Number of updated asset objects reloaded before import = 0
Number of asset objects unloaded after import = 1
========================================================================
Received Import Request.
  Time since last request: 0.000340 seconds.
  path: Assets/TestTask_MobileGame/Assets/Plugins/UniTask/Runtime/Linq/Concat.cs
  artifactKey: Guid(7cb9e19c449127a459851a135ce7d527) Importer(2089858483,0ecaa5967403d082aa24f35e1b516d23)
Start importing Assets/TestTask_MobileGame/Assets/Plugins/UniTask/Runtime/Linq/Concat.cs using Guid(7cb9e19c449127a459851a135ce7d527) Importer(2089858483,0ecaa5967403d082aa24f35e1b516d23) [PhysX] Initialized MultithreadedTaskDispatcher with 8 workers.
 -> (artifact id: '73ac9ce11f21125a7a7baecfda129ac4') in 0.013007 seconds
Number of updated asset objects reloaded before import = 0
Number of asset objects unloaded after import = 1
========================================================================
Received Import Request.
  Time since last request: 0.000167 seconds.
  path: Assets/TestTask_MobileGame/Assets/Plugins/Zenject/Source/Factories/KeyedFactory.cs
  artifactKey: Guid(73ed4b67b639aaf4c94f61339a6ff413) Importer(2089858483,0ecaa5967403d082aa24f35e1b516d23)
Start importing Assets/TestTask_MobileGame/Assets/Plugins/Zenject/Source/Factories/KeyedFactory.cs using Guid(73ed4b67b639aaf4c94f61339a6ff413) Importer(2089858483,0ecaa5967403d082aa24f35e1b516d23) [PhysX] Initialized MultithreadedTaskDispatcher with 8 workers.
 -> (artifact id: '087535ff10fac16fce30e482f2238768') in 0.015439 seconds
Number of updated asset objects reloaded before import = 0
Number of asset objects unloaded after import = 1
========================================================================
Received Import Request.
  Time since last request: 0.000031 seconds.
  path: Assets/TestTask_MobileGame/Assets/Plugins/UniTask/Runtime/Linq/SelectMany.cs
  artifactKey: Guid(d81862f0eb12680479ccaaf2ac319d24) Importer(2089858483,0ecaa5967403d082aa24f35e1b516d23)
Start importing Assets/TestTask_MobileGame/Assets/Plugins/UniTask/Runtime/Linq/SelectMany.cs using Guid(d81862f0eb12680479ccaaf2ac319d24) Importer(2089858483,0ecaa5967403d082aa24f35e1b516d23) [PhysX] Initialized MultithreadedTaskDispatcher with 8 workers.
 -> (artifact id: 'c74f0066a60623a7747df466e78c40a0') in 0.016176 seconds
Number of updated asset objects reloaded before import = 0
Number of asset objects unloaded after import = 1
========================================================================
Received Import Request.
  Time since last request: 0.000116 seconds.
  path: Assets/TestTask_MobileGame/Assets/Plugins/UniTask/Runtime/Linq/Skip.cs
  artifactKey: Guid(9c46b6c7dce0cb049a73c81084c75154) Importer(2089858483,0ecaa5967403d082aa24f35e1b516d23)
Start importing Assets/TestTask_MobileGame/Assets/Plugins/UniTask/Runtime/Linq/Skip.cs using Guid(9c46b6c7dce0cb049a73c81084c75154) Importer(2089858483,0ecaa5967403d082aa24f35e1b516d23) [PhysX] Initialized MultithreadedTaskDispatcher with 8 workers.
 -> (artifact id: 'ba5c7e6fd24bc3a26e4f9cf28927488b') in 0.026733 seconds
Number of updated asset objects reloaded before import = 0
Number of asset objects unloaded after import = 1
========================================================================
Received Import Request.
  Time since last request: 0.000136 seconds.
  path: Assets/TestTask_MobileGame/Assets/Plugins/Zenject/OptionalExtras/ReflectionBaking/Zenject-ReflectionBaking.csproj
  artifactKey: Guid(91b0b4c77fdd1d24aa1af646e9d29960) Importer(2089858483,0ecaa5967403d082aa24f35e1b516d23)
Start importing Assets/TestTask_MobileGame/Assets/Plugins/Zenject/OptionalExtras/ReflectionBaking/Zenject-ReflectionBaking.csproj using Guid(91b0b4c77fdd1d24aa1af646e9d29960) Importer(2089858483,0ecaa5967403d082aa24f35e1b516d23) [PhysX] Initialized MultithreadedTaskDispatcher with 8 workers.
 -> (artifact id: '9eecf8a96f1b0ab06f61bd1b9aef9519') in 0.027078 seconds
Number of updated asset objects reloaded before import = 0
Number of asset objects unloaded after import = 1
========================================================================
Received Import Request.
  Time since last request: 0.003149 seconds.
  path: Assets/TestTask_MobileGame/Assets/Plugins/UniTask/Runtime/Linq/TakeUntilCanceled.cs
  artifactKey: Guid(e82f498cf3a1df04cbf646773fc11319) Importer(2089858483,0ecaa5967403d082aa24f35e1b516d23)
Start importing Assets/TestTask_MobileGame/Assets/Plugins/UniTask/Runtime/Linq/TakeUntilCanceled.cs using Guid(e82f498cf3a1df04cbf646773fc11319) Importer(2089858483,0ecaa5967403d082aa24f35e1b516d23) [PhysX] Initialized MultithreadedTaskDispatcher with 8 workers.
 -> (artifact id: '65b88ad7dac3a7b97aca9df55c8fc32f') in 0.018048 seconds
Number of updated asset objects reloaded before import = 0
Number of asset objects unloaded after import = 1
========================================================================
Received Import Request.
  Time since last request: 0.000036 seconds.
  path: Assets/TestTask_MobileGame/Assets/Plugins/Zenject/Source/Install/InstallerBase.cs
  artifactKey: Guid(d908209e11d07744483c5fea3b406f33) Importer(2089858483,0ecaa5967403d082aa24f35e1b516d23)
Start importing Assets/TestTask_MobileGame/Assets/Plugins/Zenject/Source/Install/InstallerBase.cs using Guid(d908209e11d07744483c5fea3b406f33) Importer(2089858483,0ecaa5967403d082aa24f35e1b516d23) [PhysX] Initialized MultithreadedTaskDispatcher with 8 workers.
 -> (artifact id: '7b1828598daf42eb142540f8bd596846') in 0.023162 seconds
Number of updated asset objects reloaded before import = 0
Number of asset objects unloaded after import = 1
========================================================================
Received Import Request.
  Time since last request: 0.000028 seconds.
  path: Assets/TestTask_MobileGame/Assets/Plugins/UniRx/Scripts/Operators/Do.cs
  artifactKey: Guid(8f99ae8870195e34b8618451a95818e0) Importer(2089858483,0ecaa5967403d082aa24f35e1b516d23)
Start importing Assets/TestTask_MobileGame/Assets/Plugins/UniRx/Scripts/Operators/Do.cs using Guid(8f99ae8870195e34b8618451a95818e0) Importer(2089858483,0ecaa5967403d082aa24f35e1b516d23) [PhysX] Initialized MultithreadedTaskDispatcher with 8 workers.
 -> (artifact id: 'a25380a6d0ae333c738630f082a7f1e1') in 0.016936 seconds
Number of updated asset objects reloaded before import = 0
Number of asset objects unloaded after import = 1
========================================================================
Received Import Request.
  Time since last request: 0.000101 seconds.
  path: Assets/TestTask_MobileGame/Assets/Plugins/Zenject/Source/Runtime/InitializableManager.cs
  artifactKey: Guid(8e5838132ef34e14ea93d2e3b30b7140) Importer(2089858483,0ecaa5967403d082aa24f35e1b516d23)
Start importing Assets/TestTask_MobileGame/Assets/Plugins/Zenject/Source/Runtime/InitializableManager.cs using Guid(8e5838132ef34e14ea93d2e3b30b7140) Importer(2089858483,0ecaa5967403d082aa24f35e1b516d23) [PhysX] Initialized MultithreadedTaskDispatcher with 8 workers.
 -> (artifact id: '0f1031b4535e83bc417e87252bfec562') in 0.013907 seconds
Number of updated asset objects reloaded before import = 0
Number of asset objects unloaded after import = 1
========================================================================
Received Import Request.
  Time since last request: 0.000440 seconds.
  path: Assets/TestTask_MobileGame/Assets/Plugins/UniRx/Scripts/UnityEngineBridge/Diagnostics/ObservableLogger.cs
  artifactKey: Guid(063f79dc45f902c459f0955d27b445d7) Importer(2089858483,0ecaa5967403d082aa24f35e1b516d23)
Start importing Assets/TestTask_MobileGame/Assets/Plugins/UniRx/Scripts/UnityEngineBridge/Diagnostics/ObservableLogger.cs using Guid(063f79dc45f902c459f0955d27b445d7) Importer(2089858483,0ecaa5967403d082aa24f35e1b516d23) [PhysX] Initialized MultithreadedTaskDispatcher with 8 workers.
 -> (artifact id: '3664915d0398c935df8cc981ccdc0bc1') in 0.012871 seconds
Number of updated asset objects reloaded before import = 0
Number of asset objects unloaded after import = 1
========================================================================
Received Import Request.
  Time since last request: 0.000029 seconds.
  path: Assets/TestTask_MobileGame/Assets/Plugins/Zenject/Source/Util/ExecutionOrderInstaller.cs
  artifactKey: Guid(cad41a65c3c0b0f46a659557b2d716e0) Importer(2089858483,0ecaa5967403d082aa24f35e1b516d23)
Start importing Assets/TestTask_MobileGame/Assets/Plugins/Zenject/Source/Util/ExecutionOrderInstaller.cs using Guid(cad41a65c3c0b0f46a659557b2d716e0) Importer(2089858483,0ecaa5967403d082aa24f35e1b516d23) [PhysX] Initialized MultithreadedTaskDispatcher with 8 workers.
 -> (artifact id: 'fca3ee50361b82961cc64fe2069229f6') in 0.014685 seconds
Number of updated asset objects reloaded before import = 0
Number of asset objects unloaded after import = 1
========================================================================
Received Import Request.
  Time since last request: 0.000031 seconds.
  path: Assets/TestTask_MobileGame/Assets/Plugins/Zenject/Source/Runtime/GuiRenderableManager.cs
  artifactKey: Guid(5ca4a43d84d9d554080d313280363783) Importer(2089858483,0ecaa5967403d082aa24f35e1b516d23)
Start importing Assets/TestTask_MobileGame/Assets/Plugins/Zenject/Source/Runtime/GuiRenderableManager.cs using Guid(5ca4a43d84d9d554080d313280363783) Importer(2089858483,0ecaa5967403d082aa24f35e1b516d23) [PhysX] Initialized MultithreadedTaskDispatcher with 8 workers.
 -> (artifact id: 'bb1cb2d5c9f060113290efb4ff62ce61') in 0.014196 seconds
Number of updated asset objects reloaded before import = 0
Number of asset objects unloaded after import = 1
========================================================================
Received Import Request.
  Time since last request: 0.000033 seconds.
  path: Assets/TestTask_MobileGame/Assets/Plugins/Zenject/Source/Install/ScriptableObjectInstaller.cs
  artifactKey: Guid(00b9d7602aaf02748aa93779bbf29799) Importer(2089858483,0ecaa5967403d082aa24f35e1b516d23)
Start importing Assets/TestTask_MobileGame/Assets/Plugins/Zenject/Source/Install/ScriptableObjectInstaller.cs using Guid(00b9d7602aaf02748aa93779bbf29799) Importer(2089858483,0ecaa5967403d082aa24f35e1b516d23) [PhysX] Initialized MultithreadedTaskDispatcher with 8 workers.
 -> (artifact id: 'c950c9a8e449375322e4d6e1e8c4ec31') in 0.016823 seconds
Number of updated asset objects reloaded before import = 0
Number of asset objects unloaded after import = 1
========================================================================
Received Import Request.
  Time since last request: 0.000048 seconds.
  path: Assets/TestTask_MobileGame/Assets/Plugins/UniTask/Runtime/Linq/Create.cs
  artifactKey: Guid(0202f723469f93945afa063bfb440d15) Importer(2089858483,0ecaa5967403d082aa24f35e1b516d23)
Start importing Assets/TestTask_MobileGame/Assets/Plugins/UniTask/Runtime/Linq/Create.cs using Guid(0202f723469f93945afa063bfb440d15) Importer(2089858483,0ecaa5967403d082aa24f35e1b516d23) [PhysX] Initialized MultithreadedTaskDispatcher with 8 workers.
 -> (artifact id: '224a3752c88d67965cf8a361c3dc6c56') in 0.016255 seconds
Number of updated asset objects reloaded before import = 0
Number of asset objects unloaded after import = 1
========================================================================
Received Import Request.
  Time since last request: 0.000029 seconds.
  path: Assets/TestTask_MobileGame/Assets/Plugins/UniRx/Scripts/UnityEngineBridge/Triggers/ObservableInitializePotentialDragTrigger.cs
  artifactKey: Guid(3f3148a9e1b8b21409f54d2b0c2c81de) Importer(2089858483,0ecaa5967403d082aa24f35e1b516d23)
Start importing Assets/TestTask_MobileGame/Assets/Plugins/UniRx/Scripts/UnityEngineBridge/Triggers/ObservableInitializePotentialDragTrigger.cs using Guid(3f3148a9e1b8b21409f54d2b0c2c81de) Importer(2089858483,0ecaa5967403d082aa24f35e1b516d23) [PhysX] Initialized MultithreadedTaskDispatcher with 8 workers.
 -> (artifact id: '73818890d58f11a1f51b7ccd134fc0ea') in 0.022754 seconds
Number of updated asset objects reloaded before import = 0
Number of asset objects unloaded after import = 1
========================================================================
Received Import Request.
  Time since last request: 0.000946 seconds.
  path: Assets/TestTask_MobileGame/Assets/Plugins/UniTask/Runtime/Linq/UniTask.Linq.asmdef
  artifactKey: Guid(5c01796d064528144a599661eaab93a6) Importer(2089858483,0ecaa5967403d082aa24f35e1b516d23)
Start importing Assets/TestTask_MobileGame/Assets/Plugins/UniTask/Runtime/Linq/UniTask.Linq.asmdef using Guid(5c01796d064528144a599661eaab93a6) Importer(2089858483,0ecaa5967403d082aa24f35e1b516d23) [PhysX] Initialized MultithreadedTaskDispatcher with 8 workers.
 -> (artifact id: '88861322b5d3c5adce9e582477db995e') in 0.024299 seconds
Number of updated asset objects reloaded before import = 0
Number of asset objects unloaded after import = 1
========================================================================
Received Import Request.
  Time since last request: 0.000033 seconds.
  path: Assets/TestTask_MobileGame/Assets/Plugins/UniTask/Runtime/Linq/Range.cs
  artifactKey: Guid(d826418a813498648b10542d0a5fb173) Importer(2089858483,0ecaa5967403d082aa24f35e1b516d23)
Start importing Assets/TestTask_MobileGame/Assets/Plugins/UniTask/Runtime/Linq/Range.cs using Guid(d826418a813498648b10542d0a5fb173) Importer(2089858483,0ecaa5967403d082aa24f35e1b516d23) [PhysX] Initialized MultithreadedTaskDispatcher with 8 workers.
 -> (artifact id: 'd0dcef8757b91f632daf4e5033e10cca') in 0.019721 seconds
Number of updated asset objects reloaded before import = 0
Number of asset objects unloaded after import = 1
========================================================================
Received Import Request.
  Time since last request: 0.000045 seconds.
  path: Assets/TestTask_MobileGame/Assets/Plugins/UniRx/Scripts/UnityEngineBridge/Triggers/ObservableDragTrigger.cs
  artifactKey: Guid(79db090dc9e4db245821e8b89b0e208e) Importer(2089858483,0ecaa5967403d082aa24f35e1b516d23)
Start importing Assets/TestTask_MobileGame/Assets/Plugins/UniRx/Scripts/UnityEngineBridge/Triggers/ObservableDragTrigger.cs using Guid(79db090dc9e4db245821e8b89b0e208e) Importer(2089858483,0ecaa5967403d082aa24f35e1b516d23) [PhysX] Initialized MultithreadedTaskDispatcher with 8 workers.
 -> (artifact id: '6daeec06f9fd0b266cacb51f79248195') in 0.012129 seconds
Number of updated asset objects reloaded before import = 0
Number of asset objects unloaded after import = 1
========================================================================
Received Import Request.
  Time since last request: 0.000045 seconds.
  path: Assets/TestTask_MobileGame/Assets/Plugins/Zenject/Source/Util/ReflectionInfoTypeInfoConverter.cs
  artifactKey: Guid(e36c348f078bc444fa1e5b22aca27bad) Importer(2089858483,0ecaa5967403d082aa24f35e1b516d23)
Start importing Assets/TestTask_MobileGame/Assets/Plugins/Zenject/Source/Util/ReflectionInfoTypeInfoConverter.cs using Guid(e36c348f078bc444fa1e5b22aca27bad) Importer(2089858483,0ecaa5967403d082aa24f35e1b516d23) [PhysX] Initialized MultithreadedTaskDispatcher with 8 workers.
 -> (artifact id: 'de777f9066770fb623b70557f5fe104f') in 0.041925 seconds
Number of updated asset objects reloaded before import = 0
Number of asset objects unloaded after import = 1
========================================================================
Received Import Request.
  Time since last request: 0.001919 seconds.
  path: Assets/TestTask_MobileGame/Assets/Plugins/UniRx/Scripts/UnityEngineBridge/Operators/BatchFrame.cs
  artifactKey: Guid(74a2b6b8c63d1144f914c7f0d6719a36) Importer(2089858483,0ecaa5967403d082aa24f35e1b516d23)
Start importing Assets/TestTask_MobileGame/Assets/Plugins/UniRx/Scripts/UnityEngineBridge/Operators/BatchFrame.cs using Guid(74a2b6b8c63d1144f914c7f0d6719a36) Importer(2089858483,0ecaa5967403d082aa24f35e1b516d23) [PhysX] Initialized MultithreadedTaskDispatcher with 8 workers.
 -> (artifact id: 'eb98ba22861960e973876fceff0ccab7') in 0.013437 seconds
Number of updated asset objects reloaded before import = 0
Number of asset objects unloaded after import = 1
========================================================================
Received Import Request.
  Time since last request: 0.000027 seconds.
  path: Assets/TestTask_MobileGame/Assets/Plugins/UniRx/Scripts/UnityEngineBridge/Triggers/ObservableCollisionTrigger.cs
  artifactKey: Guid(10b917196cbfcf74898ce1686e205d04) Importer(2089858483,0ecaa5967403d082aa24f35e1b516d23)
Start importing Assets/TestTask_MobileGame/Assets/Plugins/UniRx/Scripts/UnityEngineBridge/Triggers/ObservableCollisionTrigger.cs using Guid(10b917196cbfcf74898ce1686e205d04) Importer(2089858483,0ecaa5967403d082aa24f35e1b516d23) [PhysX] Initialized MultithreadedTaskDispatcher with 8 workers.
 -> (artifact id: '16cfd43a91329b868404593ae85ed10c') in 0.009366 seconds
Number of updated asset objects reloaded before import = 0
Number of asset objects unloaded after import = 1
========================================================================
Received Import Request.
  Time since last request: 0.000026 seconds.
  path: Assets/TestTask_MobileGame/Assets/Plugins/UniRx/Scripts/UnityEngineBridge/Triggers/ObservableLateUpdateTrigger.cs
  artifactKey: Guid(176ace24965d0c744bc61c8aad8b3fc7) Importer(2089858483,0ecaa5967403d082aa24f35e1b516d23)
Start importing Assets/TestTask_MobileGame/Assets/Plugins/UniRx/Scripts/UnityEngineBridge/Triggers/ObservableLateUpdateTrigger.cs using Guid(176ace24965d0c744bc61c8aad8b3fc7) Importer(2089858483,0ecaa5967403d082aa24f35e1b516d23) [PhysX] Initialized MultithreadedTaskDispatcher with 8 workers.
 -> (artifact id: 'b01a21f057c3c1a3f6a1dea98f9b8f4c') in 0.012551 seconds
Number of updated asset objects reloaded before import = 0
Number of asset objects unloaded after import = 1
========================================================================
Received Import Request.
  Time since last request: 0.000033 seconds.
  path: Assets/TestTask_MobileGame/Assets/Plugins/UniRx/Scripts/UnityEngineBridge/Triggers/ObservableDestroyTrigger.cs
  artifactKey: Guid(cb219b23cdf4b314f94a27bca3cc8012) Importer(2089858483,0ecaa5967403d082aa24f35e1b516d23)
Start importing Assets/TestTask_MobileGame/Assets/Plugins/UniRx/Scripts/UnityEngineBridge/Triggers/ObservableDestroyTrigger.cs using Guid(cb219b23cdf4b314f94a27bca3cc8012) Importer(2089858483,0ecaa5967403d082aa24f35e1b516d23) [PhysX] Initialized MultithreadedTaskDispatcher with 8 workers.
 -> (artifact id: '8c4b02f67d245a1be7c2e620a4baf195') in 0.009724 seconds
Number of updated asset objects reloaded before import = 0
Number of asset objects unloaded after import = 1
========================================================================
Received Import Request.
  Time since last request: 0.000038 seconds.
  path: Assets/TestTask_MobileGame/Assets/Plugins/Zenject/Source/Install/ScriptableObjectInstallerBase.cs
  artifactKey: Guid(97c39aeade32bd54c8754bc9d6da25ab) Importer(2089858483,0ecaa5967403d082aa24f35e1b516d23)
Start importing Assets/TestTask_MobileGame/Assets/Plugins/Zenject/Source/Install/ScriptableObjectInstallerBase.cs using Guid(97c39aeade32bd54c8754bc9d6da25ab) Importer(2089858483,0ecaa5967403d082aa24f35e1b516d23) [PhysX] Initialized MultithreadedTaskDispatcher with 8 workers.
 -> (artifact id: 'd42d43d8e22c71961b13fd7e0a95bcf0') in 0.015705 seconds
Number of updated asset objects reloaded before import = 0
Number of asset objects unloaded after import = 1
========================================================================
Received Import Request.
  Time since last request: 0.000042 seconds.
  path: Assets/TestTask_MobileGame/Assets/Plugins/Zenject/Source/Main/DiContainer.cs
  artifactKey: Guid(de4283f91e0232a4897afd2a0af141bc) Importer(2089858483,0ecaa5967403d082aa24f35e1b516d23)
Start importing Assets/TestTask_MobileGame/Assets/Plugins/Zenject/Source/Main/DiContainer.cs using Guid(de4283f91e0232a4897afd2a0af141bc) Importer(2089858483,0ecaa5967403d082aa24f35e1b516d23) [PhysX] Initialized MultithreadedTaskDispatcher with 8 workers.
 -> (artifact id: '7bb7ba9338b5218734e7249bb0878030') in 0.010746 seconds
Number of updated asset objects reloaded before import = 0
Number of asset objects unloaded after import = 1
========================================================================
Received Import Request.
  Time since last request: 0.000127 seconds.
  path: Assets/TestTask_MobileGame/Assets/Plugins/UniRx/Scripts/UnityEngineBridge/Triggers/ObservableAnimatorTrigger.cs
  artifactKey: Guid(e03f9257cc6667f4082439aa77d6f01e) Importer(2089858483,0ecaa5967403d082aa24f35e1b516d23)
Start importing Assets/TestTask_MobileGame/Assets/Plugins/UniRx/Scripts/UnityEngineBridge/Triggers/ObservableAnimatorTrigger.cs using Guid(e03f9257cc6667f4082439aa77d6f01e) Importer(2089858483,0ecaa5967403d082aa24f35e1b516d23) [PhysX] Initialized MultithreadedTaskDispatcher with 8 workers.
 -> (artifact id: 'dd0a234f37b2e6d58fa7644abc8a6f26') in 0.017442 seconds
Number of updated asset objects reloaded before import = 0
Number of asset objects unloaded after import = 1
========================================================================
Received Import Request.
  Time since last request: 0.000103 seconds.
  path: Assets/TestTask_MobileGame/Assets/Plugins/UniRx/Scripts/UnityEngineBridge/Triggers/ObservableRectTransformTrigger.cs
  artifactKey: Guid(20b97bcdd98f27346851c3a690ec7faf) Importer(2089858483,0ecaa5967403d082aa24f35e1b516d23)
Start importing Assets/TestTask_MobileGame/Assets/Plugins/UniRx/Scripts/UnityEngineBridge/Triggers/ObservableRectTransformTrigger.cs using Guid(20b97bcdd98f27346851c3a690ec7faf) Importer(2089858483,0ecaa5967403d082aa24f35e1b516d23) [PhysX] Initialized MultithreadedTaskDispatcher with 8 workers.
 -> (artifact id: '857f829a288d68a3c1949d2b538d1e10') in 0.011125 seconds
Number of updated asset objects reloaded before import = 0
Number of asset objects unloaded after import = 1
========================================================================
Received Import Request.
  Time since last request: 0.000032 seconds.
  path: Assets/TestTask_MobileGame/Assets/Plugins/UniTask/Runtime/External/TextMeshPro/TextMeshProAsyncExtensions.cs
  artifactKey: Guid(b6ba480edafb67d4e91bb10feb64fae5) Importer(2089858483,0ecaa5967403d082aa24f35e1b516d23)
Start importing Assets/TestTask_MobileGame/Assets/Plugins/UniTask/Runtime/External/TextMeshPro/TextMeshProAsyncExtensions.cs using Guid(b6ba480edafb67d4e91bb10feb64fae5) Importer(2089858483,0ecaa5967403d082aa24f35e1b516d23) [PhysX] Initialized MultithreadedTaskDispatcher with 8 workers.
 -> (artifact id: '0bd81e39769d858e15256cb3fd4940c5') in 0.024668 seconds
Number of updated asset objects reloaded before import = 0
Number of asset objects unloaded after import = 1
========================================================================
Received Import Request.
  Time since last request: 0.000029 seconds.
  path: Assets/TestTask_MobileGame/Assets/Plugins/Zenject/OptionalExtras/SampleGame1 (Beginner)/Scripts/Asteroid/AsteroidManager.cs
  artifactKey: Guid(a9a361be236d95c48a1de52c435fcc9a) Importer(2089858483,0ecaa5967403d082aa24f35e1b516d23)
Start importing Assets/TestTask_MobileGame/Assets/Plugins/Zenject/OptionalExtras/SampleGame1 (Beginner)/Scripts/Asteroid/AsteroidManager.cs using Guid(a9a361be236d95c48a1de52c435fcc9a) Importer(2089858483,0ecaa5967403d082aa24f35e1b516d23) [PhysX] Initialized MultithreadedTaskDispatcher with 8 workers.
 -> (artifact id: 'e0dc6d26316cc4f2465bc132f7722773') in 0.013456 seconds
Number of updated asset objects reloaded before import = 0
Number of asset objects unloaded after import = 1
========================================================================
Received Import Request.
  Time since last request: 0.000028 seconds.
  path: Assets/TestTask_MobileGame/Assets/Plugins/Zenject/Source/Providers/PrefabProviders/PrefabProvider.cs
  artifactKey: Guid(3628433a045792f4297abd34b5a1a34c) Importer(2089858483,0ecaa5967403d082aa24f35e1b516d23)
Start importing Assets/TestTask_MobileGame/Assets/Plugins/Zenject/Source/Providers/PrefabProviders/PrefabProvider.cs using Guid(3628433a045792f4297abd34b5a1a34c) Importer(2089858483,0ecaa5967403d082aa24f35e1b516d23) [PhysX] Initialized MultithreadedTaskDispatcher with 8 workers.
 -> (artifact id: 'ba22e3da5249ec0b286c453353d921ea') in 0.011797 seconds
Number of updated asset objects reloaded before import = 0
Number of asset objects unloaded after import = 1
========================================================================
Received Import Request.
  Time since last request: 0.000022 seconds.
  path: Assets/TestTask_MobileGame/Assets/Plugins/Zenject/Source/Binding/Binders/WithKernelDefaultParentScopeConcreteIdArgConditionCopyNonLazyBinder.cs
  artifactKey: Guid(4690c1b02bdf3d34998b8a505c85b1b2) Importer(2089858483,0ecaa5967403d082aa24f35e1b516d23)
Start importing Assets/TestTask_MobileGame/Assets/Plugins/Zenject/Source/Binding/Binders/WithKernelDefaultParentScopeConcreteIdArgConditionCopyNonLazyBinder.cs using Guid(4690c1b02bdf3d34998b8a505c85b1b2) Importer(2089858483,0ecaa5967403d082aa24f35e1b516d23) [PhysX] Initialized MultithreadedTaskDispatcher with 8 workers.
 -> (artifact id: '1362ef34c906d22cc044a910293f9097') in 0.019871 seconds
Number of updated asset objects reloaded before import = 0
Number of asset objects unloaded after import = 1
========================================================================
Received Import Request.
  Time since last request: 0.000034 seconds.
  path: Assets/TestTask_MobileGame/Assets/Plugins/Zenject/Source/Runtime/AnimatorInterfaces/IAnimatorIkHandler.cs
  artifactKey: Guid(510bfbdebf6be804b92145cf677898b9) Importer(2089858483,0ecaa5967403d082aa24f35e1b516d23)
Start importing Assets/TestTask_MobileGame/Assets/Plugins/Zenject/Source/Runtime/AnimatorInterfaces/IAnimatorIkHandler.cs using Guid(510bfbdebf6be804b92145cf677898b9) Importer(2089858483,0ecaa5967403d082aa24f35e1b516d23) [PhysX] Initialized MultithreadedTaskDispatcher with 8 workers.
 -> (artifact id: 'e36746ae112a79ab4c13e3dad82eca3d') in 0.011761 seconds
Number of updated asset objects reloaded before import = 0
Number of asset objects unloaded after import = 1
========================================================================
Received Import Request.
  Time since last request: 0.000032 seconds.
  path: Assets/TestTask_MobileGame/Assets/Plugins/Zenject/Source/Providers/SubContainerCreators/SubContainerCreatorDynamicContext.cs
  artifactKey: Guid(ba4736ebcee13cb4b9feca861072c740) Importer(2089858483,0ecaa5967403d082aa24f35e1b516d23)
Start importing Assets/TestTask_MobileGame/Assets/Plugins/Zenject/Source/Providers/SubContainerCreators/SubContainerCreatorDynamicContext.cs using Guid(ba4736ebcee13cb4b9feca861072c740) Importer(2089858483,0ecaa5967403d082aa24f35e1b516d23) [PhysX] Initialized MultithreadedTaskDispatcher with 8 workers.
 -> (artifact id: '99da219ca3f4b50e1cbe68f32bda22b6') in 0.016669 seconds
Number of updated asset objects reloaded before import = 0
Number of asset objects unloaded after import = 1
========================================================================
Received Import Request.
  Time since last request: 0.000044 seconds.
  path: Assets/TestTask_MobileGame/Assets/Plugins/Zenject/Source/Providers/Decorator/DecoratorProvider.cs
  artifactKey: Guid(7a9aaabef2c47874a8b557ade27987eb) Importer(2089858483,0ecaa5967403d082aa24f35e1b516d23)
Start importing Assets/TestTask_MobileGame/Assets/Plugins/Zenject/Source/Providers/Decorator/DecoratorProvider.cs using Guid(7a9aaabef2c47874a8b557ade27987eb) Importer(2089858483,0ecaa5967403d082aa24f35e1b516d23) [PhysX] Initialized MultithreadedTaskDispatcher with 8 workers.
 -> (artifact id: '103a4d801497702dad74349e05430f6c') in 0.197834 seconds
Number of updated asset objects reloaded before import = 0
Number of asset objects unloaded after import = 1
========================================================================
Received Import Request.
  Time since last request: 0.000329 seconds.
  path: Assets/TestTask_MobileGame/Assets/Plugins/Zenject/Source/Binding/BindInfo/BindStatement.cs
  artifactKey: Guid(63a8f1068d150404f820c8cc9057dbc8) Importer(2089858483,0ecaa5967403d082aa24f35e1b516d23)
Start importing Assets/TestTask_MobileGame/Assets/Plugins/Zenject/Source/Binding/BindInfo/BindStatement.cs using Guid(63a8f1068d150404f820c8cc9057dbc8) Importer(2089858483,0ecaa5967403d082aa24f35e1b516d23) [PhysX] Initialized MultithreadedTaskDispatcher with 8 workers.
 -> (artifact id: '3c396af3104cad1735697d868e8909b5') in 0.026735 seconds
Number of updated asset objects reloaded before import = 0
Number of asset objects unloaded after import = 1
========================================================================
Received Import Request.
  Time since last request: 0.001238 seconds.
  path: Assets/TestTask_MobileGame/Assets/Plugins/Zenject/Source/Providers/SubContainerCreators/ISubContainerCreator.cs
  artifactKey: Guid(83273a08f84aa9a48b37fe0b1bae0958) Importer(2089858483,0ecaa5967403d082aa24f35e1b516d23)
Start importing Assets/TestTask_MobileGame/Assets/Plugins/Zenject/Source/Providers/SubContainerCreators/ISubContainerCreator.cs using Guid(83273a08f84aa9a48b37fe0b1bae0958) Importer(2089858483,0ecaa5967403d082aa24f35e1b516d23) [PhysX] Initialized MultithreadedTaskDispatcher with 8 workers.
 -> (artifact id: '9814f0ca3a3a8e132114ea65b540bcdb') in 0.020182 seconds
Number of updated asset objects reloaded before import = 0
Number of asset objects unloaded after import = 1
========================================================================
Received Import Request.
  Time since last request: 0.000339 seconds.
  path: Assets/TestTask_MobileGame/Assets/Plugins/Zenject/OptionalExtras/Signals/Main/SignalBus.cs
  artifactKey: Guid(d457d0e45e1d3c54f9bc2bc3aece1760) Importer(2089858483,0ecaa5967403d082aa24f35e1b516d23)
Start importing Assets/TestTask_MobileGame/Assets/Plugins/Zenject/OptionalExtras/Signals/Main/SignalBus.cs using Guid(d457d0e45e1d3c54f9bc2bc3aece1760) Importer(2089858483,0ecaa5967403d082aa24f35e1b516d23) [PhysX] Initialized MultithreadedTaskDispatcher with 8 workers.
 -> (artifact id: 'da9cfc6f8c5707fa56f73bd43bf49586') in 0.012405 seconds
Number of updated asset objects reloaded before import = 0
Number of asset objects unloaded after import = 1
========================================================================
Received Import Request.
  Time since last request: 0.000036 seconds.
  path: Assets/TestTask_MobileGame/Assets/Plugins/UniRx/Scripts/UnityEngineBridge/Triggers/ObservableVisibleTrigger.cs
  artifactKey: Guid(03515121745b2d74c8782ce92eb2a1a0) Importer(2089858483,0ecaa5967403d082aa24f35e1b516d23)
Start importing Assets/TestTask_MobileGame/Assets/Plugins/UniRx/Scripts/UnityEngineBridge/Triggers/ObservableVisibleTrigger.cs using Guid(03515121745b2d74c8782ce92eb2a1a0) Importer(2089858483,0ecaa5967403d082aa24f35e1b516d23) [PhysX] Initialized MultithreadedTaskDispatcher with 8 workers.
 -> (artifact id: 'b335a5e0f4583775b1715676e102ade0') in 0.014202 seconds
Number of updated asset objects reloaded before import = 0
Number of asset objects unloaded after import = 1
========================================================================
Received Import Request.
  Time since last request: 0.000028 seconds.
  path: Assets/TestTask_MobileGame/Assets/Plugins/Zenject/OptionalExtras/SampleGame2 (Advanced)/Media/Materials/Flame01.mat
  artifactKey: Guid(b1ca011c5f92d4fd4b5aeac44fd607c6) Importer(2089858483,0ecaa5967403d082aa24f35e1b516d23)
Start importing Assets/TestTask_MobileGame/Assets/Plugins/Zenject/OptionalExtras/SampleGame2 (Advanced)/Media/Materials/Flame01.mat using Guid(b1ca011c5f92d4fd4b5aeac44fd607c6) Importer(2089858483,0ecaa5967403d082aa24f35e1b516d23) [PhysX] Initialized MultithreadedTaskDispatcher with 8 workers.
 -> (artifact id: 'cc0ecb70294eb157263b9de316630eae') in 0.017996 seconds
Number of updated asset objects reloaded before import = 0
Number of asset objects unloaded after import = 2
========================================================================
Received Import Request.
  Time since last request: 0.000029 seconds.
  path: Assets/TestTask_MobileGame/Assets/Plugins/Zenject/OptionalExtras/SampleGame2 (Advanced)/Scripts/Misc/GameRestartHandler.cs
  artifactKey: Guid(2244a42ec7f6e62498da08eaf3d40e0d) Importer(2089858483,0ecaa5967403d082aa24f35e1b516d23)
Start importing Assets/TestTask_MobileGame/Assets/Plugins/Zenject/OptionalExtras/SampleGame2 (Advanced)/Scripts/Misc/GameRestartHandler.cs using Guid(2244a42ec7f6e62498da08eaf3d40e0d) Importer(2089858483,0ecaa5967403d082aa24f35e1b516d23) [PhysX] Initialized MultithreadedTaskDispatcher with 8 workers.
 -> (artifact id: '168977896c702224dad6d6c57c521f40') in 0.026520 seconds
Number of updated asset objects reloaded before import = 0
Number of asset objects unloaded after import = 1
========================================================================
Received Import Request.
  Time since last request: 0.000034 seconds.
  path: Assets/TestTask_MobileGame/Assets/Plugins/Zenject/OptionalExtras/SampleGame2 (Advanced)/Media/Materials/BulletEnemy.mat
  artifactKey: Guid(eeda8e5511ed0494ea45f29b908d1d8c) Importer(2089858483,0ecaa5967403d082aa24f35e1b516d23)
Start importing Assets/TestTask_MobileGame/Assets/Plugins/Zenject/OptionalExtras/SampleGame2 (Advanced)/Media/Materials/BulletEnemy.mat using Guid(eeda8e5511ed0494ea45f29b908d1d8c) Importer(2089858483,0ecaa5967403d082aa24f35e1b516d23) [PhysX] Initialized MultithreadedTaskDispatcher with 8 workers.
 -> (artifact id: '2ecfe70af7248bfa9eb32e49e1fd127a') in 0.012782 seconds
Number of updated asset objects reloaded before import = 0
Number of asset objects unloaded after import = 1
========================================================================
Received Import Request.
  Time since last request: 0.000032 seconds.
  path: Assets/TestTask_MobileGame/Assets/Plugins/Zenject/OptionalExtras/SampleGame2 (Advanced)/Scripts/Misc/Explosion.cs
  artifactKey: Guid(32bea9a1bf6287e4e936f2de85375172) Importer(2089858483,0ecaa5967403d082aa24f35e1b516d23)
Start importing Assets/TestTask_MobileGame/Assets/Plugins/Zenject/OptionalExtras/SampleGame2 (Advanced)/Scripts/Misc/Explosion.cs using Guid(32bea9a1bf6287e4e936f2de85375172) Importer(2089858483,0ecaa5967403d082aa24f35e1b516d23) [PhysX] Initialized MultithreadedTaskDispatcher with 8 workers.
 -> (artifact id: '30b2f233957ff82f5a6a581c268dfea0') in 0.017767 seconds
Number of updated asset objects reloaded before import = 0
Number of asset objects unloaded after import = 1
========================================================================
Received Import Request.
  Time since last request: 0.000093 seconds.
  path: Assets/TestTask_MobileGame/Assets/Plugins/Zenject/OptionalExtras/SampleGame2 (Advanced)/Scripts/Misc/ControlsDisplay.cs
  artifactKey: Guid(3bc2ba00bfd0f6044825d1848b10a7e0) Importer(2089858483,0ecaa5967403d082aa24f35e1b516d23)
Start importing Assets/TestTask_MobileGame/Assets/Plugins/Zenject/OptionalExtras/SampleGame2 (Advanced)/Scripts/Misc/ControlsDisplay.cs using Guid(3bc2ba00bfd0f6044825d1848b10a7e0) Importer(2089858483,0ecaa5967403d082aa24f35e1b516d23) [PhysX] Initialized MultithreadedTaskDispatcher with 8 workers.
 -> (artifact id: '73675efa4d8e9ec369f9755beecf475c') in 0.016338 seconds
Number of updated asset objects reloaded before import = 0
Number of asset objects unloaded after import = 1
========================================================================
Received Import Request.
  Time since last request: 0.000030 seconds.
  path: Assets/TestTask_MobileGame/Assets/Plugins/Zenject/OptionalExtras/SampleGame2 (Advanced)/Scripts/Enemy/EnemyCommonSettings.cs
  artifactKey: Guid(28bfa2b5275427041ae8782a2fa41625) Importer(2089858483,0ecaa5967403d082aa24f35e1b516d23)
Start importing Assets/TestTask_MobileGame/Assets/Plugins/Zenject/OptionalExtras/SampleGame2 (Advanced)/Scripts/Enemy/EnemyCommonSettings.cs using Guid(28bfa2b5275427041ae8782a2fa41625) Importer(2089858483,0ecaa5967403d082aa24f35e1b516d23) [PhysX] Initialized MultithreadedTaskDispatcher with 8 workers.
 -> (artifact id: '7c7879c338b3e3e19cc584ed657a0eb7') in 0.010098 seconds
Number of updated asset objects reloaded before import = 0
Number of asset objects unloaded after import = 1
========================================================================
Received Import Request.
  Time since last request: 0.000036 seconds.
  path: Assets/TestTask_MobileGame/Assets/Plugins/Zenject/OptionalExtras/ReflectionBaking/Unity/ReflectionBakingInternalUtil.cs
  artifactKey: Guid(68724c9557073844fb7c3f088c588d32) Importer(2089858483,0ecaa5967403d082aa24f35e1b516d23)
Start importing Assets/TestTask_MobileGame/Assets/Plugins/Zenject/OptionalExtras/ReflectionBaking/Unity/ReflectionBakingInternalUtil.cs using Guid(68724c9557073844fb7c3f088c588d32) Importer(2089858483,0ecaa5967403d082aa24f35e1b516d23) [PhysX] Initialized MultithreadedTaskDispatcher with 8 workers.
 -> (artifact id: 'dfbecb7b2c906f407518bf838f96bc9d') in 0.016388 seconds
Number of updated asset objects reloaded before import = 0
Number of asset objects unloaded after import = 1
========================================================================
Received Import Request.
  Time since last request: 0.000032 seconds.
  path: Assets/TestTask_MobileGame/Assets/Plugins/Zenject/OptionalExtras/SampleGame2 (Advanced)/Scripts/Misc/LevelBoundary.cs
  artifactKey: Guid(6307c1ccd85f4f7478da6f3ec5a63996) Importer(2089858483,0ecaa5967403d082aa24f35e1b516d23)
Start importing Assets/TestTask_MobileGame/Assets/Plugins/Zenject/OptionalExtras/SampleGame2 (Advanced)/Scripts/Misc/LevelBoundary.cs using Guid(6307c1ccd85f4f7478da6f3ec5a63996) Importer(2089858483,0ecaa5967403d082aa24f35e1b516d23) [PhysX] Initialized MultithreadedTaskDispatcher with 8 workers.
 -> (artifact id: 'e105f67229cd73e0f101355e386bc701') in 0.011839 seconds
Number of updated asset objects reloaded before import = 0
Number of asset objects unloaded after import = 1
========================================================================
Received Import Request.
  Time since last request: 0.000117 seconds.
  path: Assets/TestTask_MobileGame/Assets/Plugins/Zenject/OptionalExtras/ReflectionBaking/Common/ReflectionBakingModuleEditor.cs
  artifactKey: Guid(a664c0011937115449c81d8ca4a2f6c7) Importer(2089858483,0ecaa5967403d082aa24f35e1b516d23)
Start importing Assets/TestTask_MobileGame/Assets/Plugins/Zenject/OptionalExtras/ReflectionBaking/Common/ReflectionBakingModuleEditor.cs using Guid(a664c0011937115449c81d8ca4a2f6c7) Importer(2089858483,0ecaa5967403d082aa24f35e1b516d23) [PhysX] Initialized MultithreadedTaskDispatcher with 8 workers.
 -> (artifact id: 'e554e09b4f3a489c0a4612a18610f199') in 0.016666 seconds
Number of updated asset objects reloaded before import = 0
Number of asset objects unloaded after import = 1
========================================================================
Received Import Request.
  Time since last request: 0.000114 seconds.
  path: Assets/TestTask_MobileGame/Assets/Plugins/Zenject/OptionalExtras/ReflectionBaking/Common/CecilExtensions.cs
  artifactKey: Guid(89602ba5a473d064387392d8d2055aa4) Importer(2089858483,0ecaa5967403d082aa24f35e1b516d23)
Start importing Assets/TestTask_MobileGame/Assets/Plugins/Zenject/OptionalExtras/ReflectionBaking/Common/CecilExtensions.cs using Guid(89602ba5a473d064387392d8d2055aa4) Importer(2089858483,0ecaa5967403d082aa24f35e1b516d23) [PhysX] Initialized MultithreadedTaskDispatcher with 8 workers.
 -> (artifact id: 'ab7d99d7fb87899fd349cd590ab5b7b1') in 0.023834 seconds
Number of updated asset objects reloaded before import = 0
Number of asset objects unloaded after import = 1
========================================================================
Received Import Request.
  Time since last request: 0.000050 seconds.
  path: Assets/TestTask_MobileGame/Assets/Plugins/Zenject/Source/Providers/ComponentProviders/GetFromGameObjectComponentProvider.cs
  artifactKey: Guid(8d5cdba9f2e79364dbf4f3d242fd22da) Importer(2089858483,0ecaa5967403d082aa24f35e1b516d23)
Start importing Assets/TestTask_MobileGame/Assets/Plugins/Zenject/Source/Providers/ComponentProviders/GetFromGameObjectComponentProvider.cs using Guid(8d5cdba9f2e79364dbf4f3d242fd22da) Importer(2089858483,0ecaa5967403d082aa24f35e1b516d23) [PhysX] Initialized MultithreadedTaskDispatcher with 8 workers.
 -> (artifact id: 'ea79034f0f7cdd40c639bf7d72b9e727') in 0.010757 seconds
Number of updated asset objects reloaded before import = 0
Number of asset objects unloaded after import = 1
========================================================================
Received Import Request.
  Time since last request: 0.000055 seconds.
  path: Assets/TestTask_MobileGame/Assets/Plugins/Zenject/OptionalExtras/SampleGame2 (Advanced)/Scripts/Player/PlayerFacade.cs
  artifactKey: Guid(2db4310dd7706af419ae62fb99fac156) Importer(2089858483,0ecaa5967403d082aa24f35e1b516d23)
Start importing Assets/TestTask_MobileGame/Assets/Plugins/Zenject/OptionalExtras/SampleGame2 (Advanced)/Scripts/Player/PlayerFacade.cs using Guid(2db4310dd7706af419ae62fb99fac156) Importer(2089858483,0ecaa5967403d082aa24f35e1b516d23) [PhysX] Initialized MultithreadedTaskDispatcher with 8 workers.
 -> (artifact id: 'e5c5a89e6eb45275f0a30333d8ba3b0e') in 0.019754 seconds
Number of updated asset objects reloaded before import = 0
Number of asset objects unloaded after import = 1
========================================================================
Received Import Request.
  Time since last request: 0.000032 seconds.
  path: Assets/TestTask_MobileGame/Assets/Plugins/Zenject/Source/Binding/Binders/Conventions/ConventionSelectTypesBinder.cs
  artifactKey: Guid(05d17b3e7f09bc44f8be86e01642ee8d) Importer(2089858483,0ecaa5967403d082aa24f35e1b516d23)
Start importing Assets/TestTask_MobileGame/Assets/Plugins/Zenject/Source/Binding/Binders/Conventions/ConventionSelectTypesBinder.cs using Guid(05d17b3e7f09bc44f8be86e01642ee8d) Importer(2089858483,0ecaa5967403d082aa24f35e1b516d23) [PhysX] Initialized MultithreadedTaskDispatcher with 8 workers.
 -> (artifact id: '68389b561a80623d623a02ed449c9bf9') in 0.012232 seconds
Number of updated asset objects reloaded before import = 0
Number of asset objects unloaded after import = 1
========================================================================
Received Import Request.
  Time since last request: 0.000040 seconds.
  path: Assets/TestTask_MobileGame/Assets/Plugins/Zenject/Source/Binding/Binders/ScopeConcreteIdArgConditionCopyNonLazyBinder.cs
  artifactKey: Guid(5a71e3efc6d683d4cbc3b881bc4e2772) Importer(2089858483,0ecaa5967403d082aa24f35e1b516d23)
Start importing Assets/TestTask_MobileGame/Assets/Plugins/Zenject/Source/Binding/Binders/ScopeConcreteIdArgConditionCopyNonLazyBinder.cs using Guid(5a71e3efc6d683d4cbc3b881bc4e2772) Importer(2089858483,0ecaa5967403d082aa24f35e1b516d23) [PhysX] Initialized MultithreadedTaskDispatcher with 8 workers.
 -> (artifact id: 'fcf92863fcfe7c6391047f402381c2b1') in 0.024528 seconds
Number of updated asset objects reloaded before import = 0
Number of asset objects unloaded after import = 1
========================================================================
Received Import Request.
  Time since last request: 0.000032 seconds.
  path: Assets/TestTask_MobileGame/Assets/Plugins/Zenject/OptionalExtras/SampleGame2 (Advanced)/Media/Sounds/explosion.aiff
  artifactKey: Guid(9cb65eb2505fbf443ac876ba177374f9) Importer(2089858483,0ecaa5967403d082aa24f35e1b516d23)
Start importing Assets/TestTask_MobileGame/Assets/Plugins/Zenject/OptionalExtras/SampleGame2 (Advanced)/Media/Sounds/explosion.aiff using Guid(9cb65eb2505fbf443ac876ba177374f9) Importer(2089858483,0ecaa5967403d082aa24f35e1b516d23) [PhysX] Initialized MultithreadedTaskDispatcher with 8 workers.
 -> (artifact id: '723cc5278fd482616ac72cb739cb409e') in 0.162184 seconds
Number of updated asset objects reloaded before import = 0
Number of asset objects unloaded after import = 1
========================================================================
Received Import Request.
  Time since last request: 0.000032 seconds.
  path: Assets/TestTask_MobileGame/Assets/Plugins/Zenject/OptionalExtras/SampleGame1 (Beginner)/Media/Imported/SpaceShip/Textures/1K_TXTR+Spec.tif
  artifactKey: Guid(d502334f478d23c4baaa4781df176eaf) Importer(2089858483,0ecaa5967403d082aa24f35e1b516d23)
Start importing Assets/TestTask_MobileGame/Assets/Plugins/Zenject/OptionalExtras/SampleGame1 (Beginner)/Media/Imported/SpaceShip/Textures/1K_TXTR+Spec.tif using Guid(d502334f478d23c4baaa4781df176eaf) Importer(2089858483,0ecaa5967403d082aa24f35e1b516d23) [PhysX] Initialized MultithreadedTaskDispatcher with 8 workers.
 -> (artifact id: 'b3e166b075e53560c40f35b4c207aa35') in 0.170598 seconds
Number of updated asset objects reloaded before import = 0
Number of asset objects unloaded after import = 1
========================================================================
Received Import Request.
  Time since last request: 0.000322 seconds.
  path: Assets/TestTask_MobileGame/Assets/Plugins/Zenject/Source/Binding/Binders/Factory/FactoryArgumentsToChoiceBinder/FactoryArgumentsToChoiceBinder3.cs
  artifactKey: Guid(667d9c959f8ba004f86c8202d637f9ce) Importer(2089858483,0ecaa5967403d082aa24f35e1b516d23)
Start importing Assets/TestTask_MobileGame/Assets/Plugins/Zenject/Source/Binding/Binders/Factory/FactoryArgumentsToChoiceBinder/FactoryArgumentsToChoiceBinder3.cs using Guid(667d9c959f8ba004f86c8202d637f9ce) Importer(2089858483,0ecaa5967403d082aa24f35e1b516d23) [PhysX] Initialized MultithreadedTaskDispatcher with 8 workers.
 -> (artifact id: 'b21fe491cd0d8e2515104245ba995931') in 0.015478 seconds
Number of updated asset objects reloaded before import = 0
Number of asset objects unloaded after import = 1
========================================================================
Received Import Request.
  Time since last request: 0.000275 seconds.
  path: Assets/TestTask_MobileGame/Assets/Plugins/Zenject/Source/Binding/Binders/Factory/FactoryFromBinder/FactoryFromBinder6.cs
  artifactKey: Guid(b79f4e548e208b1418f013d2fdb0e076) Importer(2089858483,0ecaa5967403d082aa24f35e1b516d23)
Start importing Assets/TestTask_MobileGame/Assets/Plugins/Zenject/Source/Binding/Binders/Factory/FactoryFromBinder/FactoryFromBinder6.cs using Guid(b79f4e548e208b1418f013d2fdb0e076) Importer(2089858483,0ecaa5967403d082aa24f35e1b516d23) [PhysX] Initialized MultithreadedTaskDispatcher with 8 workers.
 -> (artifact id: '33fe4bb38a7446afe5d3d28e85e0afbb') in 0.013939 seconds
Number of updated asset objects reloaded before import = 0
Number of asset objects unloaded after import = 1
========================================================================
Received Import Request.
  Time since last request: 0.000028 seconds.
  path: Assets/TestTask_MobileGame/Assets/Plugins/Zenject/Source/Binding/Binders/GameObject/TransformScopeConcreteIdArgConditionCopyNonLazyBinder.cs
  artifactKey: Guid(d6441d2557329b14b8a80a6d3c490e9b) Importer(2089858483,0ecaa5967403d082aa24f35e1b516d23)
Start importing Assets/TestTask_MobileGame/Assets/Plugins/Zenject/Source/Binding/Binders/GameObject/TransformScopeConcreteIdArgConditionCopyNonLazyBinder.cs using Guid(d6441d2557329b14b8a80a6d3c490e9b) Importer(2089858483,0ecaa5967403d082aa24f35e1b516d23) [PhysX] Initialized MultithreadedTaskDispatcher with 8 workers.
 -> (artifact id: '9a2832adbb6d8b339ca494eb1d4b2619') in 0.026054 seconds
Number of updated asset objects reloaded before import = 0
Number of asset objects unloaded after import = 1
========================================================================
Received Import Request.
  Time since last request: 0.000033 seconds.
  path: Assets/TestTask_MobileGame/Assets/Plugins/Zenject/OptionalExtras/SampleGame1 (Beginner)/Media/Imported/Shaders/Particle Alpha Blend_IgnoreFog.shader
  artifactKey: Guid(7072050308ffe4cc1a908ac897583e2e) Importer(2089858483,0ecaa5967403d082aa24f35e1b516d23)
Start importing Assets/TestTask_MobileGame/Assets/Plugins/Zenject/OptionalExtras/SampleGame1 (Beginner)/Media/Imported/Shaders/Particle Alpha Blend_IgnoreFog.shader using Guid(7072050308ffe4cc1a908ac897583e2e) Importer(2089858483,0ecaa5967403d082aa24f35e1b516d23) [PhysX] Initialized MultithreadedTaskDispatcher with 8 workers.
 -> (artifact id: '0fab844c31f129e1ae0da23ba0b51172') in 0.019104 seconds
Number of updated asset objects reloaded before import = 0
Number of asset objects unloaded after import = 1
========================================================================
Received Import Request.
  Time since last request: 0.000035 seconds.
  path: Assets/TestTask_MobileGame/Assets/Plugins/Zenject/OptionalExtras/SampleGame1 (Beginner)/Media/Imported/Materials/OilSmoke.mat
  artifactKey: Guid(eb5315e2f77c540b6bf545720e84d3a5) Importer(2089858483,0ecaa5967403d082aa24f35e1b516d23)
Start importing Assets/TestTask_MobileGame/Assets/Plugins/Zenject/OptionalExtras/SampleGame1 (Beginner)/Media/Imported/Materials/OilSmoke.mat using Guid(eb5315e2f77c540b6bf545720e84d3a5) Importer(2089858483,0ecaa5967403d082aa24f35e1b516d23) [PhysX] Initialized MultithreadedTaskDispatcher with 8 workers.
 -> (artifact id: '69c5e44117fe6aad1a9a9b199201d735') in 0.020484 seconds
Number of updated asset objects reloaded before import = 0
Number of asset objects unloaded after import = 2
========================================================================
Received Import Request.
  Time since last request: 0.000034 seconds.
  path: Assets/TestTask_MobileGame/Assets/Plugins/Zenject/Source/Binding/Binders/Factory/FactoryToChoiceBinder/FactoryToChoiceBinder4.cs
  artifactKey: Guid(fee2c810a2ee8d2489a6a29177b48d82) Importer(2089858483,0ecaa5967403d082aa24f35e1b516d23)
Start importing Assets/TestTask_MobileGame/Assets/Plugins/Zenject/Source/Binding/Binders/Factory/FactoryToChoiceBinder/FactoryToChoiceBinder4.cs using Guid(fee2c810a2ee8d2489a6a29177b48d82) Importer(2089858483,0ecaa5967403d082aa24f35e1b516d23) [PhysX] Initialized MultithreadedTaskDispatcher with 8 workers.
 -> (artifact id: 'afd90db7d08be909fb8b71ec7598a3a1') in 0.011420 seconds
Number of updated asset objects reloaded before import = 0
Number of asset objects unloaded after import = 1
========================================================================
Received Import Request.
  Time since last request: 0.000577 seconds.
  path: Assets/TestTask_MobileGame/Assets/Plugins/Zenject/Source/Binding/Binders/Factory/FactoryFromBinder/FactoryFromBinder4.cs
  artifactKey: Guid(e67ee9caa78de914a9c727a607c3d8c0) Importer(2089858483,0ecaa5967403d082aa24f35e1b516d23)
Start importing Assets/TestTask_MobileGame/Assets/Plugins/Zenject/Source/Binding/Binders/Factory/FactoryFromBinder/FactoryFromBinder4.cs using Guid(e67ee9caa78de914a9c727a607c3d8c0) Importer(2089858483,0ecaa5967403d082aa24f35e1b516d23) [PhysX] Initialized MultithreadedTaskDispatcher with 8 workers.
 -> (artifact id: 'bc8d6bdb7f18878b9ef52e61e42f6e8b') in 0.014191 seconds
Number of updated asset objects reloaded before import = 0
Number of asset objects unloaded after import = 1
========================================================================
Received Import Request.
  Time since last request: 0.000045 seconds.
  path: Assets/TestTask_MobileGame/Assets/Plugins/Zenject/OptionalExtras/MemoryPoolMonitor/Editor/Resources/Installers/MpmSettingsInstaller.asset
  artifactKey: Guid(b8f181012b3a35f46ab27f3840f85f55) Importer(2089858483,0ecaa5967403d082aa24f35e1b516d23)
Start importing Assets/TestTask_MobileGame/Assets/Plugins/Zenject/OptionalExtras/MemoryPoolMonitor/Editor/Resources/Installers/MpmSettingsInstaller.asset using Guid(b8f181012b3a35f46ab27f3840f85f55) Importer(2089858483,0ecaa5967403d082aa24f35e1b516d23) [PhysX] Initialized MultithreadedTaskDispatcher with 8 workers.
 -> (artifact id: '7eceebe533d7cdec17004147d19463ab') in 0.048974 seconds
Number of updated asset objects reloaded before import = 0
Number of asset objects unloaded after import = 3
========================================================================
Received Import Request.
  Time since last request: 0.000046 seconds.
  path: Assets/TestTask_MobileGame/Assets/Plugins/Zenject/Source/Binding/Binders/Factory/FactoryArgumentsToChoiceBinder/FactoryArgumentsToChoiceBinder5.cs
  artifactKey: Guid(f3c4d5776729d2d4abae523dd6dce595) Importer(2089858483,0ecaa5967403d082aa24f35e1b516d23)
Start importing Assets/TestTask_MobileGame/Assets/Plugins/Zenject/Source/Binding/Binders/Factory/FactoryArgumentsToChoiceBinder/FactoryArgumentsToChoiceBinder5.cs using Guid(f3c4d5776729d2d4abae523dd6dce595) Importer(2089858483,0ecaa5967403d082aa24f35e1b516d23) [PhysX] Initialized MultithreadedTaskDispatcher with 8 workers.
 -> (artifact id: 'd29f8bd5e63b853e21229a225ee796c7') in 0.018065 seconds
Number of updated asset objects reloaded before import = 0
Number of asset objects unloaded after import = 1
========================================================================
Received Import Request.
  Time since last request: 0.000027 seconds.
  path: Assets/TestTask_MobileGame/Assets/Plugins/Zenject/Source/Binding/Binders/Factory/FactoryArgumentsToChoiceBinder/FactoryArgumentsToChoiceBinder4.cs
  artifactKey: Guid(ce44f168dd48e1442b43a43c925abc47) Importer(2089858483,0ecaa5967403d082aa24f35e1b516d23)
Start importing Assets/TestTask_MobileGame/Assets/Plugins/Zenject/Source/Binding/Binders/Factory/FactoryArgumentsToChoiceBinder/FactoryArgumentsToChoiceBinder4.cs using Guid(ce44f168dd48e1442b43a43c925abc47) Importer(2089858483,0ecaa5967403d082aa24f35e1b516d23) [PhysX] Initialized MultithreadedTaskDispatcher with 8 workers.
 -> (artifact id: '8e26d642350e7974987e48416de389e0') in 0.008382 seconds
Number of updated asset objects reloaded before import = 0
Number of asset objects unloaded after import = 1
========================================================================
Received Import Request.
  Time since last request: 0.000060 seconds.
  path: Assets/TestTask_MobileGame/Assets/Plugins/Zenject/Source/Providers/SubContainerCreators/SubContainerCreatorByInstaller.cs
  artifactKey: Guid(d932bdf1cc240394a94c9fd81dfa9218) Importer(2089858483,0ecaa5967403d082aa24f35e1b516d23)
Start importing Assets/TestTask_MobileGame/Assets/Plugins/Zenject/Source/Providers/SubContainerCreators/SubContainerCreatorByInstaller.cs using Guid(d932bdf1cc240394a94c9fd81dfa9218) Importer(2089858483,0ecaa5967403d082aa24f35e1b516d23) [PhysX] Initialized MultithreadedTaskDispatcher with 8 workers.
 -> (artifact id: '7af0f1473f757cf44bf796f60edf15ea') in 0.033740 seconds
Number of updated asset objects reloaded before import = 0
Number of asset objects unloaded after import = 1
========================================================================
Received Import Request.
  Time since last request: 0.000029 seconds.
  path: Assets/TestTask_MobileGame/Assets/Plugins/Zenject/Source/Binding/Binders/Factory/FactoryFromBinder/SubContainerBinder/FactorySubContainerBinderWithParams.cs
  artifactKey: Guid(a002e9dce4e8af54d948529d6beda84b) Importer(2089858483,0ecaa5967403d082aa24f35e1b516d23)
Start importing Assets/TestTask_MobileGame/Assets/Plugins/Zenject/Source/Binding/Binders/Factory/FactoryFromBinder/SubContainerBinder/FactorySubContainerBinderWithParams.cs using Guid(a002e9dce4e8af54d948529d6beda84b) Importer(2089858483,0ecaa5967403d082aa24f35e1b516d23) [PhysX] Initialized MultithreadedTaskDispatcher with 8 workers.
 -> (artifact id: '5e401becde6275f87fcab0e313b776e2') in 0.020331 seconds
Number of updated asset objects reloaded before import = 0
Number of asset objects unloaded after import = 1
========================================================================
Received Import Request.
  Time since last request: 0.000119 seconds.
  path: Assets/TestTask_MobileGame/Assets/Plugins/Zenject/Source/Binding/Binders/Factory/FactoryArgumentsToChoiceBinder/FactoryArgumentsToChoiceBinder1.cs
  artifactKey: Guid(a37e124df695f644e87579f08ea443f7) Importer(2089858483,0ecaa5967403d082aa24f35e1b516d23)
Start importing Assets/TestTask_MobileGame/Assets/Plugins/Zenject/Source/Binding/Binders/Factory/FactoryArgumentsToChoiceBinder/FactoryArgumentsToChoiceBinder1.cs using Guid(a37e124df695f644e87579f08ea443f7) Importer(2089858483,0ecaa5967403d082aa24f35e1b516d23) [PhysX] Initialized MultithreadedTaskDispatcher with 8 workers.
 -> (artifact id: '4643dcadcb1a71f8a700c922186a37f7') in 0.011192 seconds
Number of updated asset objects reloaded before import = 0
Number of asset objects unloaded after import = 1
========================================================================
Received Import Request.
  Time since last request: 0.000034 seconds.
  path: Assets/TestTask_MobileGame/Assets/Plugins/UniTask/Runtime/External/DOTween/DOTweenAsyncExtensions.cs
  artifactKey: Guid(1f448d5bc5b232e4f98d89d5d1832e8e) Importer(2089858483,0ecaa5967403d082aa24f35e1b516d23)
Start importing Assets/TestTask_MobileGame/Assets/Plugins/UniTask/Runtime/External/DOTween/DOTweenAsyncExtensions.cs using Guid(1f448d5bc5b232e4f98d89d5d1832e8e) Importer(2089858483,0ecaa5967403d082aa24f35e1b516d23) [PhysX] Initialized MultithreadedTaskDispatcher with 8 workers.
 -> (artifact id: 'dfe7ff8e2b61def4e50c2c0134b6fd5f') in 0.031284 seconds
Number of updated asset objects reloaded before import = 0
Number of asset objects unloaded after import = 1
========================================================================
Received Import Request.
  Time since last request: 0.001766 seconds.
  path: Assets/TestTask_MobileGame/Assets/Plugins/Zenject/OptionalExtras/SampleGame1 (Beginner)/Media/Imported/SpaceShip/Space_Shooter.fbm/1K_Body-NM.jpg
  artifactKey: Guid(9d1afd1910615b04c85c97274b296bb9) Importer(2089858483,0ecaa5967403d082aa24f35e1b516d23)
Start importing Assets/TestTask_MobileGame/Assets/Plugins/Zenject/OptionalExtras/SampleGame1 (Beginner)/Media/Imported/SpaceShip/Space_Shooter.fbm/1K_Body-NM.jpg using Guid(9d1afd1910615b04c85c97274b296bb9) Importer(2089858483,0ecaa5967403d082aa24f35e1b516d23) [PhysX] Initialized MultithreadedTaskDispatcher with 8 workers.
 -> (artifact id: '3f9b47e84562751cafd21226dc059b8b') in 0.079051 seconds
Number of updated asset objects reloaded before import = 0
Number of asset objects unloaded after import = 1
========================================================================
Received Import Request.
  Time since last request: 0.000034 seconds.
  path: Assets/TestTask_MobileGame/Assets/Plugins/UniTask/Runtime/External/Addressables/AddressablesAsyncExtensions.cs
  artifactKey: Guid(3dc6441f9094f354b931dc3c79fb99e5) Importer(2089858483,0ecaa5967403d082aa24f35e1b516d23)
Start importing Assets/TestTask_MobileGame/Assets/Plugins/UniTask/Runtime/External/Addressables/AddressablesAsyncExtensions.cs using Guid(3dc6441f9094f354b931dc3c79fb99e5) Importer(2089858483,0ecaa5967403d082aa24f35e1b516d23) [PhysX] Initialized MultithreadedTaskDispatcher with 8 workers.
 -> (artifact id: '40ee27ed57e96eff33b37b9ad915d764') in 0.015078 seconds
Number of updated asset objects reloaded before import = 0
Number of asset objects unloaded after import = 1
========================================================================
Received Import Request.
  Time since last request: 0.000034 seconds.
  path: Assets/TestTask_MobileGame/Assets/Plugins/Zenject/Source/Binding/Binders/Factory/FactoryFromBinder/SubContainerBinder/FactorySubContainerBinder4.cs
  artifactKey: Guid(b0f061434819b334289a066ab685ab37) Importer(2089858483,0ecaa5967403d082aa24f35e1b516d23)
Start importing Assets/TestTask_MobileGame/Assets/Plugins/Zenject/Source/Binding/Binders/Factory/FactoryFromBinder/SubContainerBinder/FactorySubContainerBinder4.cs using Guid(b0f061434819b334289a066ab685ab37) Importer(2089858483,0ecaa5967403d082aa24f35e1b516d23) [PhysX] Initialized MultithreadedTaskDispatcher with 8 workers.
 -> (artifact id: '8b6e550de8cc604b30a1703ddf33d5da') in 0.030290 seconds
Number of updated asset objects reloaded before import = 0
Number of asset objects unloaded after import = 1
========================================================================
Received Import Request.
  Time since last request: 0.000236 seconds.
  path: Assets/TestTask_MobileGame/Assets/Plugins/Zenject/Source/Providers/PrefabCreators/IPrefabInstantiator.cs
  artifactKey: Guid(45b8fa051fd4fb84b94f6384e6dbe092) Importer(2089858483,0ecaa5967403d082aa24f35e1b516d23)
Start importing Assets/TestTask_MobileGame/Assets/Plugins/Zenject/Source/Providers/PrefabCreators/IPrefabInstantiator.cs using Guid(45b8fa051fd4fb84b94f6384e6dbe092) Importer(2089858483,0ecaa5967403d082aa24f35e1b516d23) [PhysX] Initialized MultithreadedTaskDispatcher with 8 workers.
 -> (artifact id: 'c84b1eb42108f28da90b83948d004cec') in 0.019558 seconds
Number of updated asset objects reloaded before import = 0
Number of asset objects unloaded after import = 1
========================================================================
Received Import Request.
  Time since last request: 0.000044 seconds.
  path: Assets/TestTask_MobileGame/Assets/Plugins/Zenject/Source/Binding/Binders/IdScopeConcreteIdArgConditionCopyNonLazyBinder.cs
  artifactKey: Guid(ba3894c2363faea4480796349be1c939) Importer(2089858483,0ecaa5967403d082aa24f35e1b516d23)
Start importing Assets/TestTask_MobileGame/Assets/Plugins/Zenject/Source/Binding/Binders/IdScopeConcreteIdArgConditionCopyNonLazyBinder.cs using Guid(ba3894c2363faea4480796349be1c939) Importer(2089858483,0ecaa5967403d082aa24f35e1b516d23) [PhysX] Initialized MultithreadedTaskDispatcher with 8 workers.
 -> (artifact id: '5645f46251f456f21afd964e535e7f05') in 0.010367 seconds
Number of updated asset objects reloaded before import = 0
Number of asset objects unloaded after import = 1
========================================================================
Received Import Request.
  Time since last request: 0.000501 seconds.
  path: Assets/TestTask_MobileGame/Assets/Plugins/Zenject/Source/Binding/Binders/Factory/FactoryFromBinder/FactoryFromBinder1.cs
  artifactKey: Guid(57ab0b3d05763f14fb530d07a5acd481) Importer(2089858483,0ecaa5967403d082aa24f35e1b516d23)
Start importing Assets/TestTask_MobileGame/Assets/Plugins/Zenject/Source/Binding/Binders/Factory/FactoryFromBinder/FactoryFromBinder1.cs using Guid(57ab0b3d05763f14fb530d07a5acd481) Importer(2089858483,0ecaa5967403d082aa24f35e1b516d23) [PhysX] Initialized MultithreadedTaskDispatcher with 8 workers.
 -> (artifact id: '28a9cc3c8101fe0d75ecd0a33cd5a1a7') in 0.013241 seconds
Number of updated asset objects reloaded before import = 0
Number of asset objects unloaded after import = 1
========================================================================
Received Import Request.
  Time since last request: 0.000029 seconds.
  path: Assets/TestTask_MobileGame/Assets/Plugins/Zenject/Source/Binding/Binders/Factory/FactoryArgumentsToChoiceBinder/FactoryArgumentsToChoiceBinder6.cs
  artifactKey: Guid(22836272211e07a459544765e2e7c098) Importer(2089858483,0ecaa5967403d082aa24f35e1b516d23)
Start importing Assets/TestTask_MobileGame/Assets/Plugins/Zenject/Source/Binding/Binders/Factory/FactoryArgumentsToChoiceBinder/FactoryArgumentsToChoiceBinder6.cs using Guid(22836272211e07a459544765e2e7c098) Importer(2089858483,0ecaa5967403d082aa24f35e1b516d23) [PhysX] Initialized MultithreadedTaskDispatcher with 8 workers.
 -> (artifact id: '836cae0c5a6cc3b2e999af5b27763ab6') in 0.011726 seconds
Number of updated asset objects reloaded before import = 0
Number of asset objects unloaded after import = 1
========================================================================
Received Import Request.
  Time since last request: 0.000029 seconds.
  path: Assets/TestTask_MobileGame/Assets/Plugins/UniTask/Runtime/Linq/Aggregate.cs
  artifactKey: Guid(5dc68c05a4228c643937f6ebd185bcca) Importer(2089858483,0ecaa5967403d082aa24f35e1b516d23)
Start importing Assets/TestTask_MobileGame/Assets/Plugins/UniTask/Runtime/Linq/Aggregate.cs using Guid(5dc68c05a4228c643937f6ebd185bcca) Importer(2089858483,0ecaa5967403d082aa24f35e1b516d23) [PhysX] Initialized MultithreadedTaskDispatcher with 8 workers.
 -> (artifact id: 'a5f397d0584a12d5f71d6a8a0c4ba8a6') in 0.012489 seconds
Number of updated asset objects reloaded before import = 0
Number of asset objects unloaded after import = 1
========================================================================
Received Import Request.
  Time since last request: 0.000029 seconds.
  path: Assets/TestTask_MobileGame/Assets/Plugins/Zenject/OptionalExtras/SampleGame1 (Beginner)/Media/Imported/Rocks/textures/diffuse.tga
  artifactKey: Guid(abd916b1dc28a7e4caffa584a9f2ee35) Importer(2089858483,0ecaa5967403d082aa24f35e1b516d23)
Start importing Assets/TestTask_MobileGame/Assets/Plugins/Zenject/OptionalExtras/SampleGame1 (Beginner)/Media/Imported/Rocks/textures/diffuse.tga using Guid(abd916b1dc28a7e4caffa584a9f2ee35) Importer(2089858483,0ecaa5967403d082aa24f35e1b516d23) [PhysX] Initialized MultithreadedTaskDispatcher with 8 workers.
 -> (artifact id: '0f56ff9d91674f85157f9ba2e250fc94') in 0.027912 seconds
Number of updated asset objects reloaded before import = 0
Number of asset objects unloaded after import = 1
========================================================================
Received Import Request.
  Time since last request: 0.000031 seconds.
  path: Assets/TestTask_MobileGame/Assets/Plugins/UniTask/Runtime/Linq/ToArray.cs
  artifactKey: Guid(debb010bbb1622e43b94fe70ec0133dd) Importer(2089858483,0ecaa5967403d082aa24f35e1b516d23)
Start importing Assets/TestTask_MobileGame/Assets/Plugins/UniTask/Runtime/Linq/ToArray.cs using Guid(debb010bbb1622e43b94fe70ec0133dd) Importer(2089858483,0ecaa5967403d082aa24f35e1b516d23) [PhysX] Initialized MultithreadedTaskDispatcher with 8 workers.
 -> (artifact id: '4d6cf8280ba3960f504b769771cd7e02') in 0.009190 seconds
Number of updated asset objects reloaded before import = 0
Number of asset objects unloaded after import = 1
========================================================================
Received Import Request.
  Time since last request: 0.000049 seconds.
  path: Assets/TestTask_MobileGame/Assets/Plugins/Zenject/Source/Internal/PreserveAttribute.cs
  artifactKey: Guid(de17d24691e2bfd458a9d10cb1d49098) Importer(2089858483,0ecaa5967403d082aa24f35e1b516d23)
Start importing Assets/TestTask_MobileGame/Assets/Plugins/Zenject/Source/Internal/PreserveAttribute.cs using Guid(de17d24691e2bfd458a9d10cb1d49098) Importer(2089858483,0ecaa5967403d082aa24f35e1b516d23) [PhysX] Initialized MultithreadedTaskDispatcher with 8 workers.
 -> (artifact id: '5445f8559311669357e99bad64112be1') in 0.029566 seconds
Number of updated asset objects reloaded before import = 0
Number of asset objects unloaded after import = 1
========================================================================
Received Import Request.
  Time since last request: 0.000038 seconds.
  path: Assets/TestTask_MobileGame/Assets/Plugins/UniRx/Scripts/InternalUtil/ImmutableList.cs
  artifactKey: Guid(dbafd8a41f556ec40b4bbd46fca2e85c) Importer(2089858483,0ecaa5967403d082aa24f35e1b516d23)
Start importing Assets/TestTask_MobileGame/Assets/Plugins/UniRx/Scripts/InternalUtil/ImmutableList.cs using Guid(dbafd8a41f556ec40b4bbd46fca2e85c) Importer(2089858483,0ecaa5967403d082aa24f35e1b516d23) [PhysX] Initialized MultithreadedTaskDispatcher with 8 workers.
 -> (artifact id: '990701a6421251b2bd74f3ceac8b1cdf') in 0.013911 seconds
Number of updated asset objects reloaded before import = 0
Number of asset objects unloaded after import = 1
========================================================================
Received Import Request.
  Time since last request: 0.000033 seconds.
  path: Assets/TestTask_MobileGame/Assets/Plugins/Zenject/Source/Providers/MethodProvider.cs
  artifactKey: Guid(22a7321581383d141b4c11983b83e67b) Importer(2089858483,0ecaa5967403d082aa24f35e1b516d23)
Start importing Assets/TestTask_MobileGame/Assets/Plugins/Zenject/Source/Providers/MethodProvider.cs using Guid(22a7321581383d141b4c11983b83e67b) Importer(2089858483,0ecaa5967403d082aa24f35e1b516d23) [PhysX] Initialized MultithreadedTaskDispatcher with 8 workers.
 -> (artifact id: '216191fae6a7eef6a4958866d3b6fa4b') in 0.008305 seconds
Number of updated asset objects reloaded before import = 0
Number of asset objects unloaded after import = 1
========================================================================
Received Import Request.
  Time since last request: 0.000046 seconds.
  path: Assets/TestTask_MobileGame/Assets/Plugins/Zenject/OptionalExtras/Signals/Main/SignalBusInstaller.cs
  artifactKey: Guid(2afd112e630107f458140fbe19d4e31c) Importer(2089858483,0ecaa5967403d082aa24f35e1b516d23)
Start importing Assets/TestTask_MobileGame/Assets/Plugins/Zenject/OptionalExtras/Signals/Main/SignalBusInstaller.cs using Guid(2afd112e630107f458140fbe19d4e31c) Importer(2089858483,0ecaa5967403d082aa24f35e1b516d23) [PhysX] Initialized MultithreadedTaskDispatcher with 8 workers.
 -> (artifact id: '6dda3d81f024ab4360e3c4844cbe3ad2') in 0.011779 seconds
Number of updated asset objects reloaded before import = 0
Number of asset objects unloaded after import = 1
========================================================================
Received Import Request.
  Time since last request: 0.000035 seconds.
  path: Assets/TestTask_MobileGame/Assets/Plugins/Zenject/Source/Usage/link.xml
  artifactKey: Guid(78cde942f7000eb41900aa4d3c9249d7) Importer(2089858483,0ecaa5967403d082aa24f35e1b516d23)
Start importing Assets/TestTask_MobileGame/Assets/Plugins/Zenject/Source/Usage/link.xml using Guid(78cde942f7000eb41900aa4d3c9249d7) Importer(2089858483,0ecaa5967403d082aa24f35e1b516d23) [PhysX] Initialized MultithreadedTaskDispatcher with 8 workers.
 -> (artifact id: 'ab65403b1291ed98dc13c318bf32c03a') in 0.033319 seconds
Number of updated asset objects reloaded before import = 0
Number of asset objects unloaded after import = 1
========================================================================
Received Import Request.
  Time since last request: 0.000027 seconds.
  path: Assets/TestTask_MobileGame/Assets/Plugins/UniTask/Runtime/Linq/Distinct.cs
  artifactKey: Guid(8f09903be66e5d943b243d7c19cb3811) Importer(2089858483,0ecaa5967403d082aa24f35e1b516d23)
Start importing Assets/TestTask_MobileGame/Assets/Plugins/UniTask/Runtime/Linq/Distinct.cs using Guid(8f09903be66e5d943b243d7c19cb3811) Importer(2089858483,0ecaa5967403d082aa24f35e1b516d23) [PhysX] Initialized MultithreadedTaskDispatcher with 8 workers.
 -> (artifact id: '0c598cf358459dc1dade7bf883d916bc') in 0.017137 seconds
Number of updated asset objects reloaded before import = 0
Number of asset objects unloaded after import = 1
========================================================================
Received Import Request.
  Time since last request: 0.000073 seconds.
  path: Assets/TestTask_MobileGame/Assets/Plugins/UniRx/Scripts/InternalUtil/PriorityQueue.cs
  artifactKey: Guid(7956b408e24dc5a4884fe4f5a3d7c858) Importer(2089858483,0ecaa5967403d082aa24f35e1b516d23)
Start importing Assets/TestTask_MobileGame/Assets/Plugins/UniRx/Scripts/InternalUtil/PriorityQueue.cs using Guid(7956b408e24dc5a4884fe4f5a3d7c858) Importer(2089858483,0ecaa5967403d082aa24f35e1b516d23) [PhysX] Initialized MultithreadedTaskDispatcher with 8 workers.
 -> (artifact id: 'aa5e05579040938f93fd948f0b5abde9') in 0.011956 seconds
Number of updated asset objects reloaded before import = 0
Number of asset objects unloaded after import = 1
========================================================================
Received Import Request.
  Time since last request: 0.000028 seconds.
  path: Assets/TestTask_MobileGame/Assets/Plugins/Zenject/Source/Util/ZenReflectionTypeAnalyzer.cs
  artifactKey: Guid(046b222c5a2e0994cb5c424ed912f808) Importer(2089858483,0ecaa5967403d082aa24f35e1b516d23)
Start importing Assets/TestTask_MobileGame/Assets/Plugins/Zenject/Source/Util/ZenReflectionTypeAnalyzer.cs using Guid(046b222c5a2e0994cb5c424ed912f808) Importer(2089858483,0ecaa5967403d082aa24f35e1b516d23) [PhysX] Initialized MultithreadedTaskDispatcher with 8 workers.
 -> (artifact id: '62a85edac36d8002ccfca5a046faa808') in 0.012295 seconds
Number of updated asset objects reloaded before import = 0
Number of asset objects unloaded after import = 1
========================================================================
Received Import Request.
  Time since last request: 0.000032 seconds.
  path: Assets/TestTask_MobileGame/Assets/Plugins/Zenject/Source/Runtime/AnimatorInterfaces/AnimatorMoveHandlerManager.cs
  artifactKey: Guid(a07f8d298d010b34ca694d0d124b66d2) Importer(2089858483,0ecaa5967403d082aa24f35e1b516d23)
Start importing Assets/TestTask_MobileGame/Assets/Plugins/Zenject/Source/Runtime/AnimatorInterfaces/AnimatorMoveHandlerManager.cs using Guid(a07f8d298d010b34ca694d0d124b66d2) Importer(2089858483,0ecaa5967403d082aa24f35e1b516d23) [PhysX] Initialized MultithreadedTaskDispatcher with 8 workers.
 -> (artifact id: '7ed1c18080561290be76643d6db96e28') in 0.015352 seconds
Number of updated asset objects reloaded before import = 0
Number of asset objects unloaded after import = 1
========================================================================
Received Import Request.
  Time since last request: 0.000101 seconds.
  path: Assets/TestTask_MobileGame/Assets/Plugins/Zenject/Source/Binding/BindInfo/FactoryBindInfo.cs
  artifactKey: Guid(e69b2b4566e331e44a9f92e4e309816a) Importer(2089858483,0ecaa5967403d082aa24f35e1b516d23)
Start importing Assets/TestTask_MobileGame/Assets/Plugins/Zenject/Source/Binding/BindInfo/FactoryBindInfo.cs using Guid(e69b2b4566e331e44a9f92e4e309816a) Importer(2089858483,0ecaa5967403d082aa24f35e1b516d23) [PhysX] Initialized MultithreadedTaskDispatcher with 8 workers.
 -> (artifact id: '404508cd49ed2da35ae1ed8bf94d16ca') in 0.016016 seconds
Number of updated asset objects reloaded before import = 0
Number of asset objects unloaded after import = 1
========================================================================
Received Prepare
Switching render pipeline 00000000000000000000000000000000 -> 7a47944f5181ed94f94b6ddaec3e3d1a
Refreshing native plugins compatible for Editor in 2.46 ms, found 0 plugins.
Preloading 0 native plugins for Editor in 0.00 ms.
Unloading 53 Unused Serialized files (Serialized files now loaded: 0)
Unloading 13 unused Assets / (0.8 MB). Loaded Objects now: 3567.
Memory consumption went from 87.1 MB to 86.4 MB.
Total: 6.690600 ms (FindLiveObjects: 0.401100 ms CreateObjectMapping: 0.139900 ms MarkObjects: 5.669100 ms  DeleteObjects: 0.479000 ms)

Prepare: number of updated asset objects reloaded= 0
AssetImportParameters requested are different than current active one (requested -> active):
  custom:video-decoder-webm-vp8: 9c59270c3fd7afecdb556c50c9e8de78 -> 
  custom:SearchIndexIgnoredProperties: e643bd26f0fe6173181afceb89e7c659 -> 
  custom:container-demuxer-ogg: 62fdf1f143b41e24485cea50d1cbac27 -> 
  custom:AudioImporter_EditorPlatform: d09bf68614088b80899f8185d706f6e7 -> 
  custom:video-decoder-ogg-theora: a1e56fd34408186e4bbccfd4996cb3dc -> 
  custom:framework-win-MediaFoundation: 216162199b28c13a410421893ffa2e32 -> 
  custom:video-encoder-webm-vp8: eb34c28f22e8b96e1ab97ce403110664 -> 
  custom:audio-decoder-ogg-vorbis: bf7c407c2cedff20999df2af8eb42d56 -> 
  custom:CustomObjectIndexerAttribute: 72b91833f83ae208fae7752999fa3104 -> 
  custom:container-demuxer-webm: 4f35f7cbe854078d1ac9338744f61a02 -> 
  custom:audio-encoder-webm-vorbis: bf7c407c2cedff20999df2af8eb42d56 -> 
  custom:container-muxer-webm: aa71ff27fc2769a1b78a27578f13a17b -> 
========================================================================
Received Prepare
Refreshing native plugins compatible for Editor in 2.90 ms, found 0 plugins.
Preloading 0 native plugins for Editor in 0.00 ms.
Unloading 16 Unused Serialized files (Serialized files now loaded: 0)
Unloading 2 unused Assets / (308.2 KB). Loaded Objects now: 3583.
Memory consumption went from 90.2 MB to 89.9 MB.
Total: 5.489500 ms (FindLiveObjects: 0.318000 ms CreateObjectMapping: 0.129200 ms MarkObjects: 4.959700 ms  DeleteObjects: 0.080800 ms)

Prepare: number of updated asset objects reloaded= 1
AssetImportParameters requested are different than current active one (requested -> active):
  custom:video-decoder-webm-vp8: 9c59270c3fd7afecdb556c50c9e8de78 -> 
  custom:SearchIndexIgnoredProperties: e643bd26f0fe6173181afceb89e7c659 -> 
  custom:container-demuxer-ogg: 62fdf1f143b41e24485cea50d1cbac27 -> 
  custom:AudioImporter_EditorPlatform: d09bf68614088b80899f8185d706f6e7 -> 
  custom:video-decoder-ogg-theora: a1e56fd34408186e4bbccfd4996cb3dc -> 
  custom:framework-win-MediaFoundation: 216162199b28c13a410421893ffa2e32 -> 
  custom:video-encoder-webm-vp8: eb34c28f22e8b96e1ab97ce403110664 -> 
  custom:audio-decoder-ogg-vorbis: bf7c407c2cedff20999df2af8eb42d56 -> 
  custom:CustomObjectIndexerAttribute: 72b91833f83ae208fae7752999fa3104 -> 
  custom:container-demuxer-webm: 4f35f7cbe854078d1ac9338744f61a02 -> 
  custom:audio-encoder-webm-vorbis: bf7c407c2cedff20999df2af8eb42d56 -> 
  custom:container-muxer-webm: aa71ff27fc2769a1b78a27578f13a17b -> 
Editor requested this worker to shutdown with reason: balancing worker count downwards
TcpMessagingSession - receive error: operation aborted. errorcode: 995, details: ќпераци€ ввода/вывода была прервана из-за завершени€ потока команд или по запросу приложени€.
AssetImportWorker is now disconnected from the server
Process exiting
Exiting without the bug reporter. Application will terminate with return code 0