Using pre-set license
Built from '2022.3/staging' branch; Version is '2022.3.38f1 (c5d5a7410213) revision 12965287'; Using compiler version '192829333'; Build Type 'Release'
OS: 'Windows 10  (10.0.19045) 64bit Professional' Language: 'ru' Physical Memory: 16277 MB
BatchMode: 1, IsHumanControllingUs: 0, StartBugReporterOnCrash: 0, Is64bit: 1, IsPro: 1

COMMAND LINE ARGUMENTS:
E:\Unity 2022.3.38f1\Editor\Unity.exe
-adb2
-batchMode
-noUpm
-name
AssetImportWorker4
-projectPath
D:/TerentevaA_GUN36
-logFile
Logs/AssetImportWorker4.log
-srvPort
64644
Successfully changed project path to: D:/TerentevaA_GUN36
D:/TerentevaA_GUN36
[UnityMemory] Configuration Parameters - Can be set up in boot.config
    "memorysetup-bucket-allocator-granularity=16"
    "memorysetup-bucket-allocator-bucket-count=8"
    "memorysetup-bucket-allocator-block-size=33554432"
    "memorysetup-bucket-allocator-block-count=8"
    "memorysetup-main-allocator-block-size=16777216"
    "memorysetup-thread-allocator-block-size=16777216"
    "memorysetup-gfx-main-allocator-block-size=16777216"
    "memorysetup-gfx-thread-allocator-block-size=16777216"
    "memorysetup-cache-allocator-block-size=4194304"
    "memorysetup-typetree-allocator-block-size=2097152"
    "memorysetup-profiler-bucket-allocator-granularity=16"
    "memorysetup-profiler-bucket-allocator-bucket-count=8"
    "memorysetup-profiler-bucket-allocator-block-size=33554432"
    "memorysetup-profiler-bucket-allocator-block-count=8"
    "memorysetup-profiler-allocator-block-size=16777216"
    "memorysetup-profiler-editor-allocator-block-size=1048576"
    "memorysetup-temp-allocator-size-main=16777216"
    "memorysetup-job-temp-allocator-block-size=2097152"
    "memorysetup-job-temp-allocator-block-size-background=1048576"
    "memorysetup-job-temp-allocator-reduction-small-platforms=262144"
    "memorysetup-allocator-temp-initial-block-size-main=262144"
    "memorysetup-allocator-temp-initial-block-size-worker=262144"
    "memorysetup-temp-allocator-size-background-worker=32768"
    "memorysetup-temp-allocator-size-job-worker=262144"
    "memorysetup-temp-allocator-size-preload-manager=33554432"
    "memorysetup-temp-allocator-size-nav-mesh-worker=65536"
    "memorysetup-temp-allocator-size-audio-worker=65536"
    "memorysetup-temp-allocator-size-cloud-worker=32768"
    "memorysetup-temp-allocator-size-gi-baking-worker=262144"
    "memorysetup-temp-allocator-size-gfx=262144"
Player connection [7468]  Target information:

Player connection [7468]  * "[IP] 192.168.1.10 [Port] 0 [Flags] 2 [Guid] 3795137576 [EditorId] 3795137576 [Version] 1048832 [Id] WindowsEditor(7,DESKTOP-D32SDH0) [Debug] 1 [PackageName] WindowsEditor [ProjectName] Editor" 

Player connection [7468]  * "[IP] 26.173.226.218 [Port] 0 [Flags] 2 [Guid] 3795137576 [EditorId] 3795137576 [Version] 1048832 [Id] WindowsEditor(7,DESKTOP-D32SDH0) [Debug] 1 [PackageName] WindowsEditor [ProjectName] Editor" 

Player connection [7468] Host joined multi-casting on [225.0.0.222:54997]...
Player connection [7468] Host joined alternative multi-casting on [225.0.0.222:34997]...
[PhysX] Initialized MultithreadedTaskDispatcher with 8 workers.
Refreshing native plugins compatible for Editor in 18.95 ms, found 0 plugins.
Preloading 0 native plugins for Editor in 0.00 ms.
Initialize engine version: 2022.3.38f1 (c5d5a7410213)
[Subsystems] Discovering subsystems at path E:/Unity 2022.3.38f1/Editor/Data/Resources/UnitySubsystems
[Subsystems] Discovering subsystems at path D:/TerentevaA_GUN36/Assets
GfxDevice: creating device client; threaded=0; jobified=0
Direct3D:
    Version:  Direct3D 11.0 [level 11.1]
    Renderer: NVIDIA GeForce GTX 1660 SUPER (ID=0x21c4)
    Vendor:   NVIDIA
    VRAM:     5966 MB
    Driver:   32.0.16.1088
Initialize mono
Mono path[0] = 'E:/Unity 2022.3.38f1/Editor/Data/Managed'
Mono path[1] = 'E:/Unity 2022.3.38f1/Editor/Data/MonoBleedingEdge/lib/mono/unityjit-win32'
Mono config path = 'E:/Unity 2022.3.38f1/Editor/Data/MonoBleedingEdge/etc'
Using monoOptions --debugger-agent=transport=dt_socket,embedding=1,server=y,suspend=n,address=127.0.0.1:56880
Begin MonoManager ReloadAssembly
Registering precompiled unity dll's ...
Register platform support module: E:/Unity 2022.3.38f1/Editor/Data/PlaybackEngines/WindowsStandaloneSupport/UnityEditor.WindowsStandalone.Extensions.dll
Registered in 0.013449 seconds.
- Loaded All Assemblies, in  1.157 seconds
Native extension for WindowsStandalone target not found
Mono: successfully reloaded assembly
- Finished resetting the current domain, in  0.827 seconds
Domain Reload Profiling: 1982ms
	BeginReloadAssembly (339ms)
		ExecutionOrderSort (0ms)
		DisableScriptedObjects (0ms)
		BackupInstance (0ms)
		ReleaseScriptingObjects (0ms)
		CreateAndSetChildDomain (2ms)
	RebuildCommonClasses (115ms)
	RebuildNativeTypeToScriptingClass (43ms)
	initialDomainReloadingComplete (152ms)
	LoadAllAssembliesAndSetupDomain (505ms)
		LoadAssemblies (336ms)
		RebuildTransferFunctionScriptingTraits (0ms)
		AnalyzeDomain (501ms)
			TypeCache.Refresh (497ms)
				TypeCache.ScanAssembly (463ms)
			ScanForSourceGeneratedMonoScriptInfo (1ms)
			ResolveRequiredComponents (1ms)
	FinalizeReload (828ms)
		ReleaseScriptCaches (0ms)
		RebuildScriptCaches (0ms)
		SetupLoadedEditorAssemblies (654ms)
			LogAssemblyErrors (0ms)
			InitializePlatformSupportModulesInManaged (60ms)
			SetLoadedEditorAssemblies (20ms)
			RefreshPlugins (0ms)
			BeforeProcessingInitializeOnLoad (5ms)
			ProcessInitializeOnLoadAttributes (415ms)
			ProcessInitializeOnLoadMethodAttributes (154ms)
			AfterProcessingInitializeOnLoad (0ms)
			EditorAssembliesLoaded (0ms)
		ExecutionOrderSort2 (0ms)
		AwakeInstancesAfterBackupRestoration (0ms)
========================================================================
Worker process is ready to serve import requests
Begin MonoManager ReloadAssembly
- Loaded All Assemblies, in  1.578 seconds
Refreshing native plugins compatible for Editor in 2.70 ms, found 0 plugins.
Native extension for WindowsStandalone target not found
Mono: successfully reloaded assembly
- Finished resetting the current domain, in  1.404 seconds
Domain Reload Profiling: 2978ms
	BeginReloadAssembly (440ms)
		ExecutionOrderSort (0ms)
		DisableScriptedObjects (31ms)
		BackupInstance (0ms)
		ReleaseScriptingObjects (0ms)
		CreateAndSetChildDomain (53ms)
	RebuildCommonClasses (114ms)
	RebuildNativeTypeToScriptingClass (33ms)
	initialDomainReloadingComplete (121ms)
	LoadAllAssembliesAndSetupDomain (864ms)
		LoadAssemblies (642ms)
		RebuildTransferFunctionScriptingTraits (0ms)
		AnalyzeDomain (474ms)
			TypeCache.Refresh (403ms)
				TypeCache.ScanAssembly (383ms)
			ScanForSourceGeneratedMonoScriptInfo (41ms)
			ResolveRequiredComponents (28ms)
	FinalizeReload (1405ms)
		ReleaseScriptCaches (0ms)
		RebuildScriptCaches (0ms)
		SetupLoadedEditorAssemblies (957ms)
			LogAssemblyErrors (0ms)
			InitializePlatformSupportModulesInManaged (13ms)
			SetLoadedEditorAssemblies (7ms)
			RefreshPlugins (0ms)
			BeforeProcessingInitializeOnLoad (152ms)
			ProcessInitializeOnLoadAttributes (540ms)
			ProcessInitializeOnLoadMethodAttributes (234ms)
			AfterProcessingInitializeOnLoad (11ms)
			EditorAssembliesLoaded (0ms)
		ExecutionOrderSort2 (0ms)
		AwakeInstancesAfterBackupRestoration (25ms)
Launched and connected shader compiler UnityShaderCompiler.exe after 0.18 seconds
Refreshing native plugins compatible for Editor in 2.93 ms, found 0 plugins.
Preloading 0 native plugins for Editor in 0.00 ms.
Unloading 3056 Unused Serialized files (Serialized files now loaded: 0)
Unloading 55 unused Assets / (0.7 MB). Loaded Objects now: 3514.
Memory consumption went from 148.2 MB to 147.5 MB.
Total: 11.557000 ms (FindLiveObjects: 0.642800 ms CreateObjectMapping: 0.204300 ms MarkObjects: 9.760600 ms  DeleteObjects: 0.946800 ms)

AssetImportParameters requested are different than current active one (requested -> active):
  custom:video-decoder-webm-vp8: 9c59270c3fd7afecdb556c50c9e8de78 -> 
  custom:SearchIndexIgnoredProperties: e643bd26f0fe6173181afceb89e7c659 -> 
  custom:container-demuxer-ogg: 62fdf1f143b41e24485cea50d1cbac27 -> 
  custom:AudioImporter_EditorPlatform: d09bf68614088b80899f8185d706f6e7 -> 
  custom:video-decoder-ogg-theora: a1e56fd34408186e4bbccfd4996cb3dc -> 
  custom:framework-win-MediaFoundation: 216162199b28c13a410421893ffa2e32 -> 
  custom:video-encoder-webm-vp8: eb34c28f22e8b96e1ab97ce403110664 -> 
  custom:audio-decoder-ogg-vorbis: bf7c407c2cedff20999df2af8eb42d56 -> 
  custom:CustomObjectIndexerAttribute: 72b91833f83ae208fae7752999fa3104 -> 
  custom:container-demuxer-webm: 4f35f7cbe854078d1ac9338744f61a02 -> 
  custom:audio-encoder-webm-vorbis: bf7c407c2cedff20999df2af8eb42d56 -> 
  custom:container-muxer-webm: aa71ff27fc2769a1b78a27578f13a17b -> 
========================================================================
Received Import Request.
  Time since last request: 6072.249058 seconds.
  path: Assets/TestTask_MobileGame/ProjectSettings/NetworkManager.asset
  artifactKey: Guid(7e849175091368840966790a98d181f2) Importer(2089858483,3d70f49cd1c2eb9ae422958d1c652c6b)
Start importing Assets/TestTask_MobileGame/ProjectSettings/NetworkManager.asset using Guid(7e849175091368840966790a98d181f2) Importer(2089858483,3d70f49cd1c2eb9ae422958d1c652c6b) [PhysX] Initialized MultithreadedTaskDispatcher with 8 workers.
 -> (artifact id: '48764dcee34d08e398baa12ce2405b10') in 0.239065 seconds
Number of updated asset objects reloaded before import = 0
Number of asset objects unloaded after import = 0
========================================================================
Received Import Request.
  Time since last request: 0.000113 seconds.
  path: Assets/TestTask_MobileGame/Assets/Plugins/Zenject/LICENSE.txt
  artifactKey: Guid(75406829aaca6154491302d85b26270a) Importer(2089858483,0ecaa5967403d082aa24f35e1b516d23)
Start importing Assets/TestTask_MobileGame/Assets/Plugins/Zenject/LICENSE.txt using Guid(75406829aaca6154491302d85b26270a) Importer(2089858483,0ecaa5967403d082aa24f35e1b516d23) [PhysX] Initialized MultithreadedTaskDispatcher with 8 workers.
 -> (artifact id: 'fc3782af5d5619f7b9c72023a09ccb6f') in 0.279056 seconds
Number of updated asset objects reloaded before import = 0
Number of asset objects unloaded after import = 1
========================================================================
Received Import Request.
  Time since last request: 0.001898 seconds.
  path: Assets/TestTask_MobileGame/Assets/Scripts/Models/PlayerModel.cs
  artifactKey: Guid(8ea96f3897d34273b4685d83123ff971) Importer(2089858483,0ecaa5967403d082aa24f35e1b516d23)
Start importing Assets/TestTask_MobileGame/Assets/Scripts/Models/PlayerModel.cs using Guid(8ea96f3897d34273b4685d83123ff971) Importer(2089858483,0ecaa5967403d082aa24f35e1b516d23) [PhysX] Initialized MultithreadedTaskDispatcher with 8 workers.
 -> (artifact id: '30d1bdfe34064bc6c692895bafbdd770') in 0.092454 seconds
Number of updated asset objects reloaded before import = 0
Number of asset objects unloaded after import = 1
========================================================================
Received Import Request.
  Time since last request: 0.000031 seconds.
  path: Assets/TestTask_MobileGame/Assets/TextMesh Pro/Resources/Sprite Assets/EmojiOne.asset
  artifactKey: Guid(c41005c129ba4d66911b75229fd70b45) Importer(2089858483,3d70f49cd1c2eb9ae422958d1c652c6b)
Start importing Assets/TestTask_MobileGame/Assets/TextMesh Pro/Resources/Sprite Assets/EmojiOne.asset using Guid(c41005c129ba4d66911b75229fd70b45) Importer(2089858483,3d70f49cd1c2eb9ae422958d1c652c6b) [PhysX] Initialized MultithreadedTaskDispatcher with 8 workers.
 -> (artifact id: '097c104dc83e08e27515fca1c9a1694d') in 0.023219 seconds
Number of updated asset objects reloaded before import = 0
Number of asset objects unloaded after import = 2
========================================================================
Received Import Request.
  Time since last request: 0.000030 seconds.
  path: Assets/TestTask_MobileGame/ProjectSettings/Physics2DSettings.asset
  artifactKey: Guid(2d83d1d426b284e4697051c4f59d1400) Importer(2089858483,0ecaa5967403d082aa24f35e1b516d23)
Start importing Assets/TestTask_MobileGame/ProjectSettings/Physics2DSettings.asset using Guid(2d83d1d426b284e4697051c4f59d1400) Importer(2089858483,0ecaa5967403d082aa24f35e1b516d23) [PhysX] Initialized MultithreadedTaskDispatcher with 8 workers.
 -> (artifact id: 'cea75d9dee94bdd54390f3d2a7f2dd3c') in 0.043531 seconds
Number of updated asset objects reloaded before import = 0
Number of asset objects unloaded after import = 1
========================================================================
Received Import Request.
  Time since last request: 0.000033 seconds.
  path: Assets/PolyOne/Free Modular Terrain/Prefabs/SM_Mountains_12.prefab
  artifactKey: Guid(68faf84d52a4f7e4e87fc77859873fbd) Importer(2089858483,3d70f49cd1c2eb9ae422958d1c652c6b)
Start importing Assets/PolyOne/Free Modular Terrain/Prefabs/SM_Mountains_12.prefab using Guid(68faf84d52a4f7e4e87fc77859873fbd) Importer(2089858483,3d70f49cd1c2eb9ae422958d1c652c6b) [PhysX] Initialized MultithreadedTaskDispatcher with 8 workers.
 -> (artifact id: '350c194733be13a3d21532d46f4d621a') in 0.047578 seconds
Number of updated asset objects reloaded before import = 0
Number of asset objects unloaded after import = 8
========================================================================
Received Import Request.
  Time since last request: 0.000036 seconds.
  path: Assets/TestTask_MobileGame/Assets/TextMesh Pro/Resources/LineBreaking Leading Characters.txt
  artifactKey: Guid(d82c1b31c7e74239bff1220585707d2b) Importer(2089858483,0ecaa5967403d082aa24f35e1b516d23)
Start importing Assets/TestTask_MobileGame/Assets/TextMesh Pro/Resources/LineBreaking Leading Characters.txt using Guid(d82c1b31c7e74239bff1220585707d2b) Importer(2089858483,0ecaa5967403d082aa24f35e1b516d23) [PhysX] Initialized MultithreadedTaskDispatcher with 8 workers.
 -> (artifact id: '7bb338ab8219dd869039a68370a6c94b') in 0.009099 seconds
Number of updated asset objects reloaded before import = 0
Number of asset objects unloaded after import = 1
========================================================================
Received Import Request.
  Time since last request: 0.000161 seconds.
  path: Assets/TestTask_MobileGame/Assets/Plugins/Zenject/OptionalExtras/MemoryPoolMonitor/Editor/Resources/Installers/MpmSettingsInstaller.asset
  artifactKey: Guid(b8f181012b3a35f46ab27f3840f85f55) Importer(2089858483,3d70f49cd1c2eb9ae422958d1c652c6b)
Start importing Assets/TestTask_MobileGame/Assets/Plugins/Zenject/OptionalExtras/MemoryPoolMonitor/Editor/Resources/Installers/MpmSettingsInstaller.asset using Guid(b8f181012b3a35f46ab27f3840f85f55) Importer(2089858483,3d70f49cd1c2eb9ae422958d1c652c6b) [PhysX] Initialized MultithreadedTaskDispatcher with 8 workers.
 -> (artifact id: '6939ef40be3edac10f14b239ae934dbd') in 0.051980 seconds
Number of updated asset objects reloaded before import = 0
Number of asset objects unloaded after import = 2
========================================================================
Received Import Request.
  Time since last request: 0.000035 seconds.
  path: Assets/PolyOne/Free Modular Terrain/Prefabs/SM_Grass_v4_02.prefab
  artifactKey: Guid(a435e309a28d19243ae5c059cbda9ab8) Importer(2089858483,3d70f49cd1c2eb9ae422958d1c652c6b)
Start importing Assets/PolyOne/Free Modular Terrain/Prefabs/SM_Grass_v4_02.prefab using Guid(a435e309a28d19243ae5c059cbda9ab8) Importer(2089858483,3d70f49cd1c2eb9ae422958d1c652c6b) [PhysX] Initialized MultithreadedTaskDispatcher with 8 workers.
 -> (artifact id: 'ab8a70b8c3b295bd67c94099f8e575b3') in 0.014866 seconds
Number of updated asset objects reloaded before import = 0
Number of asset objects unloaded after import = 8
========================================================================
Received Import Request.
  Time since last request: 0.000035 seconds.
  path: Assets/TestTask_MobileGame/Assets/Plugins/UniRx/Examples/Sample13Scene.unity
  artifactKey: Guid(b879645f640b02b43a8e78e210c1da1f) Importer(2089858483,3d70f49cd1c2eb9ae422958d1c652c6b)
Start importing Assets/TestTask_MobileGame/Assets/Plugins/UniRx/Examples/Sample13Scene.unity using Guid(b879645f640b02b43a8e78e210c1da1f) Importer(2089858483,3d70f49cd1c2eb9ae422958d1c652c6b) [PhysX] Initialized MultithreadedTaskDispatcher with 8 workers.
Opening scene 'Assets/TestTask_MobileGame/Assets/Plugins/UniRx/Examples/Sample13Scene.unity additively'
LightingSettings: switching bake backend from 1 to 0.
Loaded scene 'Assets/TestTask_MobileGame/Assets/Plugins/UniRx/Examples/Sample13Scene.unity'
	Deserialize:            52.044 ms
	Integration:            63.541 ms
	Integration of assets:  4.372 ms
	Thread Wait Time:       0.857 ms
	Total Operation Time:   120.815 ms
 -> (artifact id: '1a0e713ff8ce4c30f91fd67d5b5b4352') in 0.264981 seconds
Number of updated asset objects reloaded before import = 0
Number of asset objects unloaded after import = 17
========================================================================
Received Import Request.
  Time since last request: 0.001132 seconds.
  path: Assets/PolyOne/Free Modular Terrain/Materials/M_Plane.mat
  artifactKey: Guid(80d9dda45224dbe4e96f9f807632424f) Importer(2089858483,0ecaa5967403d082aa24f35e1b516d23)
Start importing Assets/PolyOne/Free Modular Terrain/Materials/M_Plane.mat using Guid(80d9dda45224dbe4e96f9f807632424f) Importer(2089858483,0ecaa5967403d082aa24f35e1b516d23) [PhysX] Initialized MultithreadedTaskDispatcher with 8 workers.
 -> (artifact id: '9a95770be9be69e6aed929e1c170c3c6') in 0.050067 seconds
Number of updated asset objects reloaded before import = 0
Number of asset objects unloaded after import = 1
========================================================================
Received Import Request.
  Time since last request: 0.001765 seconds.
  path: Assets/TestTask_MobileGame/Assets/TextMesh Pro/Resources/Fonts & Materials/LiberationSans SDF.asset
  artifactKey: Guid(8f586378b4e144a9851e7b34d9b748ee) Importer(2089858483,3d70f49cd1c2eb9ae422958d1c652c6b)
Start importing Assets/TestTask_MobileGame/Assets/TextMesh Pro/Resources/Fonts & Materials/LiberationSans SDF.asset using Guid(8f586378b4e144a9851e7b34d9b748ee) Importer(2089858483,3d70f49cd1c2eb9ae422958d1c652c6b) [PhysX] Initialized MultithreadedTaskDispatcher with 8 workers.
 -> (artifact id: '470134c2d065fb8e1592294daa08abe7') in 0.111650 seconds
Number of updated asset objects reloaded before import = 0
Number of asset objects unloaded after import = 7
========================================================================
Received Import Request.
  Time since last request: 0.000073 seconds.
  path: Assets/TestTask_MobileGame/Assets/TextMesh Pro/Resources/TMP Settings.asset
  artifactKey: Guid(3f5b5dff67a942289a9defa416b206f3) Importer(2089858483,0ecaa5967403d082aa24f35e1b516d23)
Start importing Assets/TestTask_MobileGame/Assets/TextMesh Pro/Resources/TMP Settings.asset using Guid(3f5b5dff67a942289a9defa416b206f3) Importer(2089858483,0ecaa5967403d082aa24f35e1b516d23) [PhysX] Initialized MultithreadedTaskDispatcher with 8 workers.
 -> (artifact id: 'f669a91fe3065a55e12c0effc9ab977d') in 0.125844 seconds
Number of updated asset objects reloaded before import = 0
Number of asset objects unloaded after import = 15
========================================================================
Received Import Request.
  Time since last request: 0.000040 seconds.
  path: Assets/TestTask_MobileGame/Assets/Materials/Enemy.mat
  artifactKey: Guid(54b4634180d842043bb15ab96006facc) Importer(2089858483,0ecaa5967403d082aa24f35e1b516d23)
Start importing Assets/TestTask_MobileGame/Assets/Materials/Enemy.mat using Guid(54b4634180d842043bb15ab96006facc) Importer(2089858483,0ecaa5967403d082aa24f35e1b516d23) [PhysX] Initialized MultithreadedTaskDispatcher with 8 workers.
 -> (artifact id: '806596d1a6d5c062d534c57365b8d25a') in 0.048595 seconds
Number of updated asset objects reloaded before import = 0
Number of asset objects unloaded after import = 1
========================================================================
Received Import Request.
  Time since last request: 0.000049 seconds.
  path: Assets/TestTask_MobileGame/Assets/Plugins/UniTask/package.json
  artifactKey: Guid(d1a9a71f68bb0d04db91ddaa3329abf9) Importer(2089858483,0ecaa5967403d082aa24f35e1b516d23)
Start importing Assets/TestTask_MobileGame/Assets/Plugins/UniTask/package.json using Guid(d1a9a71f68bb0d04db91ddaa3329abf9) Importer(2089858483,0ecaa5967403d082aa24f35e1b516d23) [PhysX] Initialized MultithreadedTaskDispatcher with 8 workers.
 -> (artifact id: '4fd9a80958a6a2c953d5a5b78057d440') in 0.019761 seconds
Number of updated asset objects reloaded before import = 0
Number of asset objects unloaded after import = 1
========================================================================
Received Import Request.
  Time since last request: 0.000030 seconds.
  path: Assets/TestTask_MobileGame/Packages/manifest.json
  artifactKey: Guid(77eed778ecdeae44c955516790168a50) Importer(2089858483,0ecaa5967403d082aa24f35e1b516d23)
Start importing Assets/TestTask_MobileGame/Packages/manifest.json using Guid(77eed778ecdeae44c955516790168a50) Importer(2089858483,0ecaa5967403d082aa24f35e1b516d23) [PhysX] Initialized MultithreadedTaskDispatcher with 8 workers.
 -> (artifact id: '76dac1dc3dfa4b5eca8b124fd9afe108') in 0.033513 seconds
Number of updated asset objects reloaded before import = 0
Number of asset objects unloaded after import = 1
========================================================================
Received Import Request.
  Time since last request: 0.000029 seconds.
  path: Assets/TestTask_MobileGame/Assets/TextMesh Pro/Shaders/TMPro.cginc
  artifactKey: Guid(407bc68d299748449bbf7f48ee690f8d) Importer(2089858483,0ecaa5967403d082aa24f35e1b516d23)
Start importing Assets/TestTask_MobileGame/Assets/TextMesh Pro/Shaders/TMPro.cginc using Guid(407bc68d299748449bbf7f48ee690f8d) Importer(2089858483,0ecaa5967403d082aa24f35e1b516d23) [PhysX] Initialized MultithreadedTaskDispatcher with 8 workers.
 -> (artifact id: 'c739fb453ad9f7bbd7fd574dbc8e9acf') in 0.026882 seconds
Number of updated asset objects reloaded before import = 0
Number of asset objects unloaded after import = 1
========================================================================
Received Import Request.
  Time since last request: 0.000032 seconds.
  path: Assets/TestTask_MobileGame/ProjectSettings/NavMeshAreas.asset
  artifactKey: Guid(aa784f3d849a0a64db2f528189d5e7d5) Importer(2089858483,3d70f49cd1c2eb9ae422958d1c652c6b)
Start importing Assets/TestTask_MobileGame/ProjectSettings/NavMeshAreas.asset using Guid(aa784f3d849a0a64db2f528189d5e7d5) Importer(2089858483,3d70f49cd1c2eb9ae422958d1c652c6b) [PhysX] Initialized MultithreadedTaskDispatcher with 8 workers.
 -> (artifact id: 'a78cca3636e36bcf2771c223bc97f604') in 0.045722 seconds
Number of updated asset objects reloaded before import = 0
Number of asset objects unloaded after import = 0
========================================================================
Received Import Request.
  Time since last request: 0.000705 seconds.
  path: Assets/TestTask_MobileGame/ProjectSettings/ClusterInputManager.asset
  artifactKey: Guid(a174dc52b60945e4e99625fdc57a5268) Importer(2089858483,3d70f49cd1c2eb9ae422958d1c652c6b)
Start importing Assets/TestTask_MobileGame/ProjectSettings/ClusterInputManager.asset using Guid(a174dc52b60945e4e99625fdc57a5268) Importer(2089858483,3d70f49cd1c2eb9ae422958d1c652c6b) [PhysX] Initialized MultithreadedTaskDispatcher with 8 workers.
 -> (artifact id: 'a86573cd2b6547f72f0c6f9c69a5e65e') in 0.007618 seconds
Number of updated asset objects reloaded before import = 0
Number of asset objects unloaded after import = 0
========================================================================
Received Import Request.
  Time since last request: 0.005441 seconds.
  path: Assets/TestTask_MobileGame/Assets/Plugins/UniRx/Scripts/Observable.Aggregate.cs
  artifactKey: Guid(82339dddb2a9f944785f1555b83d667c) Importer(2089858483,0ecaa5967403d082aa24f35e1b516d23)
Start importing Assets/TestTask_MobileGame/Assets/Plugins/UniRx/Scripts/Observable.Aggregate.cs using Guid(82339dddb2a9f944785f1555b83d667c) Importer(2089858483,0ecaa5967403d082aa24f35e1b516d23) [PhysX] Initialized MultithreadedTaskDispatcher with 8 workers.
 -> (artifact id: '45414cab0b3cd0c5745be5400d83308f') in 0.017349 seconds
Number of updated asset objects reloaded before import = 0
Number of asset objects unloaded after import = 1
========================================================================
Received Import Request.
  Time since last request: 0.000289 seconds.
  path: Assets/TestTask_MobileGame/Assets/Plugins/UniRx/Scripts/Observer.cs
  artifactKey: Guid(57d25c3f6fa1d334e89c384393252b8a) Importer(2089858483,0ecaa5967403d082aa24f35e1b516d23)
Start importing Assets/TestTask_MobileGame/Assets/Plugins/UniRx/Scripts/Observer.cs using Guid(57d25c3f6fa1d334e89c384393252b8a) Importer(2089858483,0ecaa5967403d082aa24f35e1b516d23) [PhysX] Initialized MultithreadedTaskDispatcher with 8 workers.
 -> (artifact id: '400649e8f5c2aeeabe9968f93066dcf5') in 0.035301 seconds
Number of updated asset objects reloaded before import = 0
Number of asset objects unloaded after import = 1
========================================================================
Received Import Request.
  Time since last request: 0.000033 seconds.
  path: Assets/TestTask_MobileGame/Assets/TextMesh Pro/Sprites/EmojiOne Attribution.txt
  artifactKey: Guid(381dcb09d5029d14897e55f98031fca5) Importer(2089858483,0ecaa5967403d082aa24f35e1b516d23)
Start importing Assets/TestTask_MobileGame/Assets/TextMesh Pro/Sprites/EmojiOne Attribution.txt using Guid(381dcb09d5029d14897e55f98031fca5) Importer(2089858483,0ecaa5967403d082aa24f35e1b516d23) [PhysX] Initialized MultithreadedTaskDispatcher with 8 workers.
 -> (artifact id: '54a84ca3f7df0810bbbe2dd9f9c5c4e1') in 0.041422 seconds
Number of updated asset objects reloaded before import = 0
Number of asset objects unloaded after import = 1
========================================================================
Received Import Request.
  Time since last request: 0.000029 seconds.
  path: Assets/TestTask_MobileGame/Assets/TextMesh Pro/Shaders/TMP_SDF SSD.shader
  artifactKey: Guid(14eb328de4b8eb245bb7cea29e4ac00b) Importer(2089858483,0ecaa5967403d082aa24f35e1b516d23)
Start importing Assets/TestTask_MobileGame/Assets/TextMesh Pro/Shaders/TMP_SDF SSD.shader using Guid(14eb328de4b8eb245bb7cea29e4ac00b) Importer(2089858483,0ecaa5967403d082aa24f35e1b516d23) [PhysX] Initialized MultithreadedTaskDispatcher with 8 workers.
 -> (artifact id: '6dc0b8212396df4bf8bd6689b986c71c') in 0.042445 seconds
Number of updated asset objects reloaded before import = 0
Number of asset objects unloaded after import = 1
========================================================================
Received Import Request.
  Time since last request: 0.002235 seconds.
  path: Assets/TestTask_MobileGame/Assets/Plugins/UniRx/Scripts/EventPattern.cs
  artifactKey: Guid(e4b797bfea1999a499309068b7d7a97e) Importer(2089858483,0ecaa5967403d082aa24f35e1b516d23)
Start importing Assets/TestTask_MobileGame/Assets/Plugins/UniRx/Scripts/EventPattern.cs using Guid(e4b797bfea1999a499309068b7d7a97e) Importer(2089858483,0ecaa5967403d082aa24f35e1b516d23) [PhysX] Initialized MultithreadedTaskDispatcher with 8 workers.
 -> (artifact id: 'dbf803fda7644490226e64351e3015b6') in 0.025445 seconds
Number of updated asset objects reloaded before import = 0
Number of asset objects unloaded after import = 1
========================================================================
Received Import Request.
  Time since last request: 0.000588 seconds.
  path: Assets/TestTask_MobileGame/ProjectSettings/PackageManagerSettings.asset
  artifactKey: Guid(aefd3c8be0bbab04ca058321731239de) Importer(2089858483,3d70f49cd1c2eb9ae422958d1c652c6b)
Start importing Assets/TestTask_MobileGame/ProjectSettings/PackageManagerSettings.asset using Guid(aefd3c8be0bbab04ca058321731239de) Importer(2089858483,3d70f49cd1c2eb9ae422958d1c652c6b) [PhysX] Initialized MultithreadedTaskDispatcher with 8 workers.
 -> (artifact id: '81996caf40c4bcf25427baff896147bb') in 0.012119 seconds
Number of updated asset objects reloaded before import = 0
Number of asset objects unloaded after import = 0
========================================================================
Received Import Request.
  Time since last request: 0.000034 seconds.
  path: Assets/TestTask_MobileGame/ProjectSettings/NetworkManager.asset
  artifactKey: Guid(7e849175091368840966790a98d181f2) Importer(2089858483,0ecaa5967403d082aa24f35e1b516d23)
Start importing Assets/TestTask_MobileGame/ProjectSettings/NetworkManager.asset using Guid(7e849175091368840966790a98d181f2) Importer(2089858483,0ecaa5967403d082aa24f35e1b516d23) [PhysX] Initialized MultithreadedTaskDispatcher with 8 workers.
 -> (artifact id: '27e0b8f1dcb6a6d389130502b4e54d6c') in 0.010627 seconds
Number of updated asset objects reloaded before import = 0
Number of asset objects unloaded after import = 1
========================================================================
Received Import Request.
  Time since last request: 0.000034 seconds.
  path: Assets/TestTask_MobileGame/Assets/Plugins/UniRx/Scripts/Observable.ErrorHandling.cs
  artifactKey: Guid(f40cab35efe24e6448ac8455bc7a4eb9) Importer(2089858483,0ecaa5967403d082aa24f35e1b516d23)
Start importing Assets/TestTask_MobileGame/Assets/Plugins/UniRx/Scripts/Observable.ErrorHandling.cs using Guid(f40cab35efe24e6448ac8455bc7a4eb9) Importer(2089858483,0ecaa5967403d082aa24f35e1b516d23) [PhysX] Initialized MultithreadedTaskDispatcher with 8 workers.
 -> (artifact id: '5f18a5b8375516925cad73076fe111d7') in 0.019159 seconds
Number of updated asset objects reloaded before import = 0
Number of asset objects unloaded after import = 1
========================================================================
Received Import Request.
  Time since last request: 0.000259 seconds.
  path: Assets/TestTask_MobileGame/ProjectSettings/BurstAotSettings_Android.json
  artifactKey: Guid(e7f3c28c656f9784aa885ac3a0c5c151) Importer(2089858483,0ecaa5967403d082aa24f35e1b516d23)
Start importing Assets/TestTask_MobileGame/ProjectSettings/BurstAotSettings_Android.json using Guid(e7f3c28c656f9784aa885ac3a0c5c151) Importer(2089858483,0ecaa5967403d082aa24f35e1b516d23) [PhysX] Initialized MultithreadedTaskDispatcher with 8 workers.
 -> (artifact id: '2216b8960228701ff86a0e1c3c9a1c99') in 0.010119 seconds
Number of updated asset objects reloaded before import = 0
Number of asset objects unloaded after import = 1
========================================================================
Received Import Request.
  Time since last request: 0.000077 seconds.
  path: Assets/TestTask_MobileGame/Assets/Plugins/UniRx/Scripts/Observable.Time.cs
  artifactKey: Guid(7da89fcf95f5c364ca62bbb874005d32) Importer(2089858483,0ecaa5967403d082aa24f35e1b516d23)
Start importing Assets/TestTask_MobileGame/Assets/Plugins/UniRx/Scripts/Observable.Time.cs using Guid(7da89fcf95f5c364ca62bbb874005d32) Importer(2089858483,0ecaa5967403d082aa24f35e1b516d23) [PhysX] Initialized MultithreadedTaskDispatcher with 8 workers.
 -> (artifact id: '2e593f5164a9da3a09fc8441c55801cf') in 0.016224 seconds
Number of updated asset objects reloaded before import = 0
Number of asset objects unloaded after import = 1
========================================================================
Received Import Request.
  Time since last request: 0.000038 seconds.
  path: Assets/PolyOne/Free Modular Terrain/Prefabs/SM_Cliffs_03.prefab
  artifactKey: Guid(335c8e3e62b2e0e469351832b0b7aed0) Importer(2089858483,0ecaa5967403d082aa24f35e1b516d23)
Start importing Assets/PolyOne/Free Modular Terrain/Prefabs/SM_Cliffs_03.prefab using Guid(335c8e3e62b2e0e469351832b0b7aed0) Importer(2089858483,0ecaa5967403d082aa24f35e1b516d23) [PhysX] Initialized MultithreadedTaskDispatcher with 8 workers.
 -> (artifact id: '00de3e33efd8131e6bfd6111b4b6c3eb') in 0.075496 seconds
Number of updated asset objects reloaded before import = 0
Number of asset objects unloaded after import = 7
========================================================================
Received Import Request.
  Time since last request: 0.000044 seconds.
  path: Assets/PolyOne/Free Modular Terrain/Prefabs/SM_Hills_01.prefab
  artifactKey: Guid(27a0ce3b6aab1c243bd181d225d35df5) Importer(2089858483,3d70f49cd1c2eb9ae422958d1c652c6b)
Start importing Assets/PolyOne/Free Modular Terrain/Prefabs/SM_Hills_01.prefab using Guid(27a0ce3b6aab1c243bd181d225d35df5) Importer(2089858483,3d70f49cd1c2eb9ae422958d1c652c6b) [PhysX] Initialized MultithreadedTaskDispatcher with 8 workers.
 -> (artifact id: 'c53f301d62f29ff885f6415548fff621') in 0.012924 seconds
Number of updated asset objects reloaded before import = 0
Number of asset objects unloaded after import = 8
========================================================================
Received Import Request.
  Time since last request: 0.000032 seconds.
  path: Assets/TestTask_MobileGame/Assets/Plugins/UniRx/Examples/Sample10_MainThreadDispatcher.cs
  artifactKey: Guid(6a0b959735346af48b772254afc8afdd) Importer(2089858483,0ecaa5967403d082aa24f35e1b516d23)
Start importing Assets/TestTask_MobileGame/Assets/Plugins/UniRx/Examples/Sample10_MainThreadDispatcher.cs using Guid(6a0b959735346af48b772254afc8afdd) Importer(2089858483,0ecaa5967403d082aa24f35e1b516d23) [PhysX] Initialized MultithreadedTaskDispatcher with 8 workers.
 -> (artifact id: '8576dbcf0dcc42ebc2827b929b4b5383') in 0.017528 seconds
Number of updated asset objects reloaded before import = 0
Number of asset objects unloaded after import = 1
========================================================================
Received Import Request.
  Time since last request: 0.000031 seconds.
  path: Assets/PolyOne/Free Modular Terrain/Prefabs/SM_Grass_v8_02.prefab
  artifactKey: Guid(4914800dd2cb66543a3e675c0071d3f0) Importer(2089858483,3d70f49cd1c2eb9ae422958d1c652c6b)
Start importing Assets/PolyOne/Free Modular Terrain/Prefabs/SM_Grass_v8_02.prefab using Guid(4914800dd2cb66543a3e675c0071d3f0) Importer(2089858483,3d70f49cd1c2eb9ae422958d1c652c6b) [PhysX] Initialized MultithreadedTaskDispatcher with 8 workers.
 -> (artifact id: '861e239a3c84f44783ca5badc72b2702') in 0.025603 seconds
Number of updated asset objects reloaded before import = 0
Number of asset objects unloaded after import = 8
========================================================================
Received Import Request.
  Time since last request: 0.000031 seconds.
  path: Assets/TestTask_MobileGame/Assets/TextMesh Pro/Resources/TMP Settings.asset
  artifactKey: Guid(3f5b5dff67a942289a9defa416b206f3) Importer(2089858483,3d70f49cd1c2eb9ae422958d1c652c6b)
Start importing Assets/TestTask_MobileGame/Assets/TextMesh Pro/Resources/TMP Settings.asset using Guid(3f5b5dff67a942289a9defa416b206f3) Importer(2089858483,3d70f49cd1c2eb9ae422958d1c652c6b) [PhysX] Initialized MultithreadedTaskDispatcher with 8 workers.
 -> (artifact id: 'c506f749256a3a4aef64f4c04e1bf188') in 0.080681 seconds
Number of updated asset objects reloaded before import = 0
Number of asset objects unloaded after import = 14
========================================================================
Received Import Request.
  Time since last request: 0.169410 seconds.
  path: Assets/TestTask_MobileGame/Assets/Plugins/UniTask/Editor/UniTaskTrackerWindow.cs
  artifactKey: Guid(5bee3e3860e37484aa3b861bf76d129f) Importer(2089858483,0ecaa5967403d082aa24f35e1b516d23)
Start importing Assets/TestTask_MobileGame/Assets/Plugins/UniTask/Editor/UniTaskTrackerWindow.cs using Guid(5bee3e3860e37484aa3b861bf76d129f) Importer(2089858483,0ecaa5967403d082aa24f35e1b516d23) [PhysX] Initialized MultithreadedTaskDispatcher with 8 workers.
 -> (artifact id: '1355df70887383044691da620f7a517f') in 0.024839 seconds
Number of updated asset objects reloaded before import = 0
Number of asset objects unloaded after import = 1
========================================================================
Received Import Request.
  Time since last request: 0.000432 seconds.
  path: Assets/TestTask_MobileGame/Assets/Scripts/Core/Tweener/ITweener.cs
  artifactKey: Guid(5f24a90a64c54a709e3a53a03b57a035) Importer(2089858483,0ecaa5967403d082aa24f35e1b516d23)
Start importing Assets/TestTask_MobileGame/Assets/Scripts/Core/Tweener/ITweener.cs using Guid(5f24a90a64c54a709e3a53a03b57a035) Importer(2089858483,0ecaa5967403d082aa24f35e1b516d23) [PhysX] Initialized MultithreadedTaskDispatcher with 8 workers.
 -> (artifact id: '0dcfba598b9287c5e764b2716cb62782') in 0.025971 seconds
Number of updated asset objects reloaded before import = 0
Number of asset objects unloaded after import = 1
========================================================================
Received Import Request.
  Time since last request: 0.000036 seconds.
  path: Assets/TestTask_MobileGame/Assets/Scripts/Core/InputSource/TouchInputSource.cs
  artifactKey: Guid(5f4be6cf09af0424a824964552369f35) Importer(2089858483,0ecaa5967403d082aa24f35e1b516d23)
Start importing Assets/TestTask_MobileGame/Assets/Scripts/Core/InputSource/TouchInputSource.cs using Guid(5f4be6cf09af0424a824964552369f35) Importer(2089858483,0ecaa5967403d082aa24f35e1b516d23) [PhysX] Initialized MultithreadedTaskDispatcher with 8 workers.
 -> (artifact id: 'af2a5f884b80e7c753dc4498455dc485') in 0.008770 seconds
Number of updated asset objects reloaded before import = 0
Number of asset objects unloaded after import = 1
========================================================================
Received Import Request.
  Time since last request: 0.000080 seconds.
  path: Assets/TestTask_MobileGame/Assets/Scripts/Models/Interfaces/IGameScoreModel.cs
  artifactKey: Guid(2a39face8ee049a78352e3965677fa9f) Importer(2089858483,0ecaa5967403d082aa24f35e1b516d23)
Start importing Assets/TestTask_MobileGame/Assets/Scripts/Models/Interfaces/IGameScoreModel.cs using Guid(2a39face8ee049a78352e3965677fa9f) Importer(2089858483,0ecaa5967403d082aa24f35e1b516d23) [PhysX] Initialized MultithreadedTaskDispatcher with 8 workers.
 -> (artifact id: 'fbcd062a39c409d9ad36cb5304340c7d') in 0.019984 seconds
Number of updated asset objects reloaded before import = 0
Number of asset objects unloaded after import = 1
========================================================================
Received Import Request.
  Time since last request: 0.000032 seconds.
  path: Assets/TestTask_MobileGame/Assets/Plugins/UniRx/Scripts/Disposables/DisposableExtensions.cs
  artifactKey: Guid(9c4757265ae105441bae71007cbd0184) Importer(2089858483,0ecaa5967403d082aa24f35e1b516d23)
Start importing Assets/TestTask_MobileGame/Assets/Plugins/UniRx/Scripts/Disposables/DisposableExtensions.cs using Guid(9c4757265ae105441bae71007cbd0184) Importer(2089858483,0ecaa5967403d082aa24f35e1b516d23) [PhysX] Initialized MultithreadedTaskDispatcher with 8 workers.
 -> (artifact id: '4820d46aa104eced3bb49b1413d23b88') in 0.011088 seconds
Number of updated asset objects reloaded before import = 0
Number of asset objects unloaded after import = 1
========================================================================
Received Import Request.
  Time since last request: 0.000031 seconds.
  path: Assets/TestTask_MobileGame/Assets/TextMesh Pro/Resources/Fonts & Materials/LiberationSans SDF - Outline.mat
  artifactKey: Guid(79459efec17a4d00a321bdcc27bbc385) Importer(2089858483,0ecaa5967403d082aa24f35e1b516d23)
Start importing Assets/TestTask_MobileGame/Assets/TextMesh Pro/Resources/Fonts & Materials/LiberationSans SDF - Outline.mat using Guid(79459efec17a4d00a321bdcc27bbc385) Importer(2089858483,0ecaa5967403d082aa24f35e1b516d23) [PhysX] Initialized MultithreadedTaskDispatcher with 8 workers.
 -> (artifact id: 'a773a8f2cc09e5d1fe13045bb0c52d0e') in 0.065865 seconds
Number of updated asset objects reloaded before import = 0
Number of asset objects unloaded after import = 2
========================================================================
Received Import Request.
  Time since last request: 0.000896 seconds.
  path: Assets/TestTask_MobileGame/Assets/Scripts/Core/Interfaces/IPresenter.cs
  artifactKey: Guid(37d2df20e15744e490a9ca057ca7183c) Importer(2089858483,0ecaa5967403d082aa24f35e1b516d23)
Start importing Assets/TestTask_MobileGame/Assets/Scripts/Core/Interfaces/IPresenter.cs using Guid(37d2df20e15744e490a9ca057ca7183c) Importer(2089858483,0ecaa5967403d082aa24f35e1b516d23) [PhysX] Initialized MultithreadedTaskDispatcher with 8 workers.
 -> (artifact id: 'd0b4acb42b09dc1a56fe15c2269aadde') in 0.018649 seconds
Number of updated asset objects reloaded before import = 0
Number of asset objects unloaded after import = 1
========================================================================
Received Import Request.
  Time since last request: 0.002519 seconds.
  path: Assets/TestTask_MobileGame/Assets/Scripts/Core/Tweener/MoveCurveTweener.cs
  artifactKey: Guid(78474eb5ce7c4294b42e074f0dec7f2f) Importer(2089858483,0ecaa5967403d082aa24f35e1b516d23)
Start importing Assets/TestTask_MobileGame/Assets/Scripts/Core/Tweener/MoveCurveTweener.cs using Guid(78474eb5ce7c4294b42e074f0dec7f2f) Importer(2089858483,0ecaa5967403d082aa24f35e1b516d23) [PhysX] Initialized MultithreadedTaskDispatcher with 8 workers.
 -> (artifact id: '42ef60ccab51fc17b4aa24cfda75d96b') in 0.020209 seconds
Number of updated asset objects reloaded before import = 0
Number of asset objects unloaded after import = 1
========================================================================
Received Import Request.
  Time since last request: 0.000589 seconds.
  path: Assets/TestTask_MobileGame/Assets/TextMesh Pro/Resources/Fonts & Materials/LiberationSans SDF - Drop Shadow.mat
  artifactKey: Guid(e73a58f6e2794ae7b1b7e50b7fb811b0) Importer(2089858483,0ecaa5967403d082aa24f35e1b516d23)
Start importing Assets/TestTask_MobileGame/Assets/TextMesh Pro/Resources/Fonts & Materials/LiberationSans SDF - Drop Shadow.mat using Guid(e73a58f6e2794ae7b1b7e50b7fb811b0) Importer(2089858483,0ecaa5967403d082aa24f35e1b516d23) [PhysX] Initialized MultithreadedTaskDispatcher with 8 workers.
 -> (artifact id: '0b3871d19b68e24d5ef74def8e7c5806') in 0.058853 seconds
Number of updated asset objects reloaded before import = 0
Number of asset objects unloaded after import = 2
========================================================================
Received Import Request.
  Time since last request: 0.000039 seconds.
  path: Assets/TestTask_MobileGame/Assets/Plugins/UniTask/Runtime/UniTaskExtensions.cs
  artifactKey: Guid(05460c617dae1e440861a7438535389f) Importer(2089858483,0ecaa5967403d082aa24f35e1b516d23)
Start importing Assets/TestTask_MobileGame/Assets/Plugins/UniTask/Runtime/UniTaskExtensions.cs using Guid(05460c617dae1e440861a7438535389f) Importer(2089858483,0ecaa5967403d082aa24f35e1b516d23) [PhysX] Initialized MultithreadedTaskDispatcher with 8 workers.
 -> (artifact id: '85c0fb797886eecbd742e559fe05e087') in 0.015448 seconds
Number of updated asset objects reloaded before import = 0
Number of asset objects unloaded after import = 1
========================================================================
Received Import Request.
  Time since last request: 0.000055 seconds.
  path: Assets/TestTask_MobileGame/Assets/Plugins/UniTask/Runtime/EnumeratorAsyncExtensions.cs
  artifactKey: Guid(bc661232f11e4a741af54ba1c175d5ee) Importer(2089858483,0ecaa5967403d082aa24f35e1b516d23)
Start importing Assets/TestTask_MobileGame/Assets/Plugins/UniTask/Runtime/EnumeratorAsyncExtensions.cs using Guid(bc661232f11e4a741af54ba1c175d5ee) Importer(2089858483,0ecaa5967403d082aa24f35e1b516d23) [PhysX] Initialized MultithreadedTaskDispatcher with 8 workers.
 -> (artifact id: '457e23d4975e87f344ce5d05e0aa6b24') in 0.015555 seconds
Number of updated asset objects reloaded before import = 0
Number of asset objects unloaded after import = 1
========================================================================
Received Import Request.
  Time since last request: 0.000044 seconds.
  path: Assets/TestTask_MobileGame/Assets/Scripts/Models/Interfaces/IStickModel.cs
  artifactKey: Guid(5b646cf6eefe4080996ce1d3d8f2fab3) Importer(2089858483,0ecaa5967403d082aa24f35e1b516d23)
Start importing Assets/TestTask_MobileGame/Assets/Scripts/Models/Interfaces/IStickModel.cs using Guid(5b646cf6eefe4080996ce1d3d8f2fab3) Importer(2089858483,0ecaa5967403d082aa24f35e1b516d23) [PhysX] Initialized MultithreadedTaskDispatcher with 8 workers.
 -> (artifact id: '62d16320b87a2fbbc88e15ca73485dff') in 0.011741 seconds
Number of updated asset objects reloaded before import = 0
Number of asset objects unloaded after import = 1
========================================================================
Received Import Request.
  Time since last request: 0.000054 seconds.
  path: Assets/TestTask_MobileGame/Assets/Scripts/Core/InputSource/ITouchInputSource.cs
  artifactKey: Guid(7bd3e6a064f396646b19b266941708eb) Importer(2089858483,0ecaa5967403d082aa24f35e1b516d23)
Start importing Assets/TestTask_MobileGame/Assets/Scripts/Core/InputSource/ITouchInputSource.cs using Guid(7bd3e6a064f396646b19b266941708eb) Importer(2089858483,0ecaa5967403d082aa24f35e1b516d23) [PhysX] Initialized MultithreadedTaskDispatcher with 8 workers.
 -> (artifact id: '953d155650db9f9571ac99e70d82406f') in 0.024298 seconds
Number of updated asset objects reloaded before import = 0
Number of asset objects unloaded after import = 1
========================================================================
Received Import Request.
  Time since last request: 0.000031 seconds.
  path: Assets/TestTask_MobileGame/Assets/Scripts/Core/Tweener/TweenerBase.cs
  artifactKey: Guid(dc82569d41894dc09d5136c978aa794a) Importer(2089858483,0ecaa5967403d082aa24f35e1b516d23)
Start importing Assets/TestTask_MobileGame/Assets/Scripts/Core/Tweener/TweenerBase.cs using Guid(dc82569d41894dc09d5136c978aa794a) Importer(2089858483,0ecaa5967403d082aa24f35e1b516d23) [PhysX] Initialized MultithreadedTaskDispatcher with 8 workers.
 -> (artifact id: '910a148376e4da6c63241609b4d8572e') in 0.020837 seconds
Number of updated asset objects reloaded before import = 0
Number of asset objects unloaded after import = 1
========================================================================
Received Import Request.
  Time since last request: 0.000916 seconds.
  path: Assets/TestTask_MobileGame/Assets/Scripts/Messages/Input/InputStartedMessage.cs
  artifactKey: Guid(e45712ee110d4857b6504017e2bd2992) Importer(2089858483,0ecaa5967403d082aa24f35e1b516d23)
Start importing Assets/TestTask_MobileGame/Assets/Scripts/Messages/Input/InputStartedMessage.cs using Guid(e45712ee110d4857b6504017e2bd2992) Importer(2089858483,0ecaa5967403d082aa24f35e1b516d23) [PhysX] Initialized MultithreadedTaskDispatcher with 8 workers.
 -> (artifact id: 'd881ad843d1e00630b5709e6b59694e6') in 0.009880 seconds
Number of updated asset objects reloaded before import = 0
Number of asset objects unloaded after import = 1
========================================================================
Received Import Request.
  Time since last request: 0.000034 seconds.
  path: Assets/TestTask_MobileGame/Assets/Plugins/UniTask/Runtime/UniTaskCompletionSource.cs
  artifactKey: Guid(ed03524d09e7eb24a9fb9137198feb84) Importer(2089858483,0ecaa5967403d082aa24f35e1b516d23)
Start importing Assets/TestTask_MobileGame/Assets/Plugins/UniTask/Runtime/UniTaskCompletionSource.cs using Guid(ed03524d09e7eb24a9fb9137198feb84) Importer(2089858483,0ecaa5967403d082aa24f35e1b516d23) [PhysX] Initialized MultithreadedTaskDispatcher with 8 workers.
 -> (artifact id: '8730add28c09db8d9912d3333a339a1d') in 0.012564 seconds
Number of updated asset objects reloaded before import = 0
Number of asset objects unloaded after import = 1
========================================================================
Received Import Request.
  Time since last request: 0.190491 seconds.
  path: Assets/TestTask_MobileGame/Assets/Plugins/UniRx/Scripts/Disposables/ScheduledDisposable.cs
  artifactKey: Guid(db98ce742e859bd4e81db434c3ca3663) Importer(2089858483,0ecaa5967403d082aa24f35e1b516d23)
Start importing Assets/TestTask_MobileGame/Assets/Plugins/UniRx/Scripts/Disposables/ScheduledDisposable.cs using Guid(db98ce742e859bd4e81db434c3ca3663) Importer(2089858483,0ecaa5967403d082aa24f35e1b516d23) [PhysX] Initialized MultithreadedTaskDispatcher with 8 workers.
 -> (artifact id: '1a1b4b35586a118fb18f722e3cca4e81') in 0.010945 seconds
Number of updated asset objects reloaded before import = 0
Number of asset objects unloaded after import = 1
========================================================================
Received Import Request.
  Time since last request: 0.000035 seconds.
  path: Assets/TestTask_MobileGame/Assets/Plugins/UniTask/Runtime/CompilerServices/AsyncUniTaskMethodBuilder.cs
  artifactKey: Guid(68d72a45afdec574ebc26e7de2c38330) Importer(2089858483,0ecaa5967403d082aa24f35e1b516d23)
Start importing Assets/TestTask_MobileGame/Assets/Plugins/UniTask/Runtime/CompilerServices/AsyncUniTaskMethodBuilder.cs using Guid(68d72a45afdec574ebc26e7de2c38330) Importer(2089858483,0ecaa5967403d082aa24f35e1b516d23) [PhysX] Initialized MultithreadedTaskDispatcher with 8 workers.
 -> (artifact id: '6a7cbbe0c635f662f9003d4a3bcd3f8b') in 0.011572 seconds
Number of updated asset objects reloaded before import = 0
Number of asset objects unloaded after import = 1
========================================================================
Received Import Request.
  Time since last request: 0.000482 seconds.
  path: Assets/TestTask_MobileGame/Assets/Plugins/UniRx/Scripts/Operators/OperatorObserverBase.cs
  artifactKey: Guid(258901a4513be8f4a8bfcca91e70bb12) Importer(2089858483,0ecaa5967403d082aa24f35e1b516d23)
Start importing Assets/TestTask_MobileGame/Assets/Plugins/UniRx/Scripts/Operators/OperatorObserverBase.cs using Guid(258901a4513be8f4a8bfcca91e70bb12) Importer(2089858483,0ecaa5967403d082aa24f35e1b516d23) [PhysX] Initialized MultithreadedTaskDispatcher with 8 workers.
 -> (artifact id: '66368ed17f3a282ceb438596d26615aa') in 0.015785 seconds
Number of updated asset objects reloaded before import = 0
Number of asset objects unloaded after import = 1
========================================================================
Received Import Request.
  Time since last request: 0.000047 seconds.
  path: Assets/TestTask_MobileGame/Assets/Plugins/UniRx/Scripts/Operators/TimeInterval.cs
  artifactKey: Guid(065e40ebd4bd4a848b58a7a90dac881d) Importer(2089858483,0ecaa5967403d082aa24f35e1b516d23)
Start importing Assets/TestTask_MobileGame/Assets/Plugins/UniRx/Scripts/Operators/TimeInterval.cs using Guid(065e40ebd4bd4a848b58a7a90dac881d) Importer(2089858483,0ecaa5967403d082aa24f35e1b516d23) [PhysX] Initialized MultithreadedTaskDispatcher with 8 workers.
 -> (artifact id: '7512f5599e719f0cd00838ea491cd29c') in 0.032509 seconds
Number of updated asset objects reloaded before import = 0
Number of asset objects unloaded after import = 1
========================================================================
Received Import Request.
  Time since last request: 0.000564 seconds.
  path: Assets/TestTask_MobileGame/Assets/Plugins/UniRx/Scripts/Operators/Throw.cs
  artifactKey: Guid(1e5623719e9b1f1418aa67a63abed4cc) Importer(2089858483,0ecaa5967403d082aa24f35e1b516d23)
Start importing Assets/TestTask_MobileGame/Assets/Plugins/UniRx/Scripts/Operators/Throw.cs using Guid(1e5623719e9b1f1418aa67a63abed4cc) Importer(2089858483,0ecaa5967403d082aa24f35e1b516d23) [PhysX] Initialized MultithreadedTaskDispatcher with 8 workers.
 -> (artifact id: '70c12bb3365ca41c1e3952964584658e') in 0.015539 seconds
Number of updated asset objects reloaded before import = 0
Number of asset objects unloaded after import = 1
========================================================================
Received Import Request.
  Time since last request: 0.000487 seconds.
  path: Assets/TestTask_MobileGame/Assets/Plugins/UniRx/Scripts/UnityEngineBridge/ScenePlaybackDetector.cs
  artifactKey: Guid(8d380d86e2ef6674c83ca983a1604273) Importer(2089858483,0ecaa5967403d082aa24f35e1b516d23)
Start importing Assets/TestTask_MobileGame/Assets/Plugins/UniRx/Scripts/UnityEngineBridge/ScenePlaybackDetector.cs using Guid(8d380d86e2ef6674c83ca983a1604273) Importer(2089858483,0ecaa5967403d082aa24f35e1b516d23) [PhysX] Initialized MultithreadedTaskDispatcher with 8 workers.
 -> (artifact id: 'd9fa0971feac72ad204279da209f2298') in 0.018332 seconds
Number of updated asset objects reloaded before import = 0
Number of asset objects unloaded after import = 1
========================================================================
Received Import Request.
  Time since last request: 0.000046 seconds.
  path: Assets/TestTask_MobileGame/Assets/Plugins/UniRx/Scripts/Operators/ContinueWith.cs
  artifactKey: Guid(bea59b3eb246d244a99183eeb7f3bad4) Importer(2089858483,0ecaa5967403d082aa24f35e1b516d23)
Start importing Assets/TestTask_MobileGame/Assets/Plugins/UniRx/Scripts/Operators/ContinueWith.cs using Guid(bea59b3eb246d244a99183eeb7f3bad4) Importer(2089858483,0ecaa5967403d082aa24f35e1b516d23) [PhysX] Initialized MultithreadedTaskDispatcher with 8 workers.
 -> (artifact id: 'e88b84f125220d5553ead6be737f07bb') in 0.019475 seconds
Number of updated asset objects reloaded before import = 0
Number of asset objects unloaded after import = 1
========================================================================
Received Import Request.
  Time since last request: 0.000032 seconds.
  path: Assets/TestTask_MobileGame/Assets/Plugins/UniRx/Scripts/Operators/GroupBy.cs
  artifactKey: Guid(7345fc4a6df05ca47ab89ec819bccde6) Importer(2089858483,0ecaa5967403d082aa24f35e1b516d23)
Start importing Assets/TestTask_MobileGame/Assets/Plugins/UniRx/Scripts/Operators/GroupBy.cs using Guid(7345fc4a6df05ca47ab89ec819bccde6) Importer(2089858483,0ecaa5967403d082aa24f35e1b516d23) [PhysX] Initialized MultithreadedTaskDispatcher with 8 workers.
 -> (artifact id: '4cc17f28131065ed2162e3377dbc2f15') in 0.020309 seconds
Number of updated asset objects reloaded before import = 0
Number of asset objects unloaded after import = 1
========================================================================
Received Import Request.
  Time since last request: 0.000716 seconds.
  path: Assets/TestTask_MobileGame/Assets/Plugins/UniTask/Runtime/Internal/DiagnosticsExtensions.cs
  artifactKey: Guid(f80fb1c9ed4c99447be1b0a47a8d980b) Importer(2089858483,0ecaa5967403d082aa24f35e1b516d23)
Start importing Assets/TestTask_MobileGame/Assets/Plugins/UniTask/Runtime/Internal/DiagnosticsExtensions.cs using Guid(f80fb1c9ed4c99447be1b0a47a8d980b) Importer(2089858483,0ecaa5967403d082aa24f35e1b516d23) [PhysX] Initialized MultithreadedTaskDispatcher with 8 workers.
 -> (artifact id: '5b52702801bde88d6910eccc2bccbcdc') in 0.017954 seconds
Number of updated asset objects reloaded before import = 0
Number of asset objects unloaded after import = 1
========================================================================
Received Import Request.
  Time since last request: 0.000097 seconds.
  path: Assets/TestTask_MobileGame/Assets/Plugins/UniRx/Scripts/Operators/Last.cs
  artifactKey: Guid(696780c8759162d4b996683ec13d7e0b) Importer(2089858483,0ecaa5967403d082aa24f35e1b516d23)
Start importing Assets/TestTask_MobileGame/Assets/Plugins/UniRx/Scripts/Operators/Last.cs using Guid(696780c8759162d4b996683ec13d7e0b) Importer(2089858483,0ecaa5967403d082aa24f35e1b516d23) [PhysX] Initialized MultithreadedTaskDispatcher with 8 workers.
 -> (artifact id: '49eb9580ef439d2c6b7821310f56ade4') in 0.015852 seconds
Number of updated asset objects reloaded before import = 0
Number of asset objects unloaded after import = 1
========================================================================
Received Import Request.
  Time since last request: 0.000031 seconds.
  path: Assets/TestTask_MobileGame/Assets/Plugins/UniRx/Scripts/Operators/Aggregate.cs
  artifactKey: Guid(f777fc54ecf275349a3f007e760705b3) Importer(2089858483,0ecaa5967403d082aa24f35e1b516d23)
Start importing Assets/TestTask_MobileGame/Assets/Plugins/UniRx/Scripts/Operators/Aggregate.cs using Guid(f777fc54ecf275349a3f007e760705b3) Importer(2089858483,0ecaa5967403d082aa24f35e1b516d23) [PhysX] Initialized MultithreadedTaskDispatcher with 8 workers.
 -> (artifact id: 'ecee0aaf374072a7d91177f1d0e836d8') in 0.017515 seconds
Number of updated asset objects reloaded before import = 0
Number of asset objects unloaded after import = 1
========================================================================
Received Import Request.
  Time since last request: 0.000047 seconds.
  path: Assets/TestTask_MobileGame/Assets/Plugins/UniRx/Scripts/Operators/WhenAll.cs
  artifactKey: Guid(0af8ada83db8f8a408ee6e9aa994fbbd) Importer(2089858483,0ecaa5967403d082aa24f35e1b516d23)
Start importing Assets/TestTask_MobileGame/Assets/Plugins/UniRx/Scripts/Operators/WhenAll.cs using Guid(0af8ada83db8f8a408ee6e9aa994fbbd) Importer(2089858483,0ecaa5967403d082aa24f35e1b516d23) [PhysX] Initialized MultithreadedTaskDispatcher with 8 workers.
 -> (artifact id: '69c1ff21644a5a2a4f6bb5c4fc67b6fa') in 0.029168 seconds
Number of updated asset objects reloaded before import = 0
Number of asset objects unloaded after import = 1
========================================================================
Received Import Request.
  Time since last request: 0.000032 seconds.
  path: Assets/TestTask_MobileGame/Assets/Plugins/UniRx/Scripts/UnityEngineBridge/ReactiveCommand.cs
  artifactKey: Guid(939b249fde5252f45a4404e7648931ed) Importer(2089858483,0ecaa5967403d082aa24f35e1b516d23)
Start importing Assets/TestTask_MobileGame/Assets/Plugins/UniRx/Scripts/UnityEngineBridge/ReactiveCommand.cs using Guid(939b249fde5252f45a4404e7648931ed) Importer(2089858483,0ecaa5967403d082aa24f35e1b516d23) [PhysX] Initialized MultithreadedTaskDispatcher with 8 workers.
 -> (artifact id: 'c21501e6a3e44e12f204a01cbf5b806f') in 0.015584 seconds
Number of updated asset objects reloaded before import = 0
Number of asset objects unloaded after import = 1
========================================================================
Received Import Request.
  Time since last request: 0.000031 seconds.
  path: Assets/TestTask_MobileGame/Assets/Plugins/UniTask/Runtime/Internal/MinimumQueue.cs
  artifactKey: Guid(7d63add489ccc99498114d79702b904d) Importer(2089858483,0ecaa5967403d082aa24f35e1b516d23)
Start importing Assets/TestTask_MobileGame/Assets/Plugins/UniTask/Runtime/Internal/MinimumQueue.cs using Guid(7d63add489ccc99498114d79702b904d) Importer(2089858483,0ecaa5967403d082aa24f35e1b516d23) [PhysX] Initialized MultithreadedTaskDispatcher with 8 workers.
 -> (artifact id: 'ec606c3cb4b35429cb2b7a502a6eca1f') in 0.015540 seconds
Number of updated asset objects reloaded before import = 0
Number of asset objects unloaded after import = 1
========================================================================
Received Import Request.
  Time since last request: 0.001793 seconds.
  path: Assets/TestTask_MobileGame/Assets/Plugins/UniRx/Scripts/Subjects/ISubject.cs
  artifactKey: Guid(e9dbcd28e4f3965408744e0ee03b7bc8) Importer(2089858483,0ecaa5967403d082aa24f35e1b516d23)
Start importing Assets/TestTask_MobileGame/Assets/Plugins/UniRx/Scripts/Subjects/ISubject.cs using Guid(e9dbcd28e4f3965408744e0ee03b7bc8) Importer(2089858483,0ecaa5967403d082aa24f35e1b516d23) [PhysX] Initialized MultithreadedTaskDispatcher with 8 workers.
 -> (artifact id: '6d91b2cb86e78c3a071a45e311744727') in 0.020811 seconds
Number of updated asset objects reloaded before import = 0
Number of asset objects unloaded after import = 1
========================================================================
Received Import Request.
  Time since last request: 0.000036 seconds.
  path: Assets/TestTask_MobileGame/Assets/Plugins/UniRx/Scripts/Operators/Take.cs
  artifactKey: Guid(5275fc8bb6611984781d8ccd56b9b572) Importer(2089858483,0ecaa5967403d082aa24f35e1b516d23)
Start importing Assets/TestTask_MobileGame/Assets/Plugins/UniRx/Scripts/Operators/Take.cs using Guid(5275fc8bb6611984781d8ccd56b9b572) Importer(2089858483,0ecaa5967403d082aa24f35e1b516d23) [PhysX] Initialized MultithreadedTaskDispatcher with 8 workers.
 -> (artifact id: 'a1ef05d431cd3df592869f95dcf9e5c4') in 0.019122 seconds
Number of updated asset objects reloaded before import = 0
Number of asset objects unloaded after import = 1
========================================================================
Received Import Request.
  Time since last request: 0.000031 seconds.
  path: Assets/TestTask_MobileGame/Assets/Plugins/UniRx/Scripts/Operators/TakeUntil.cs
  artifactKey: Guid(163e3eab299b735418c94e634fecd811) Importer(2089858483,0ecaa5967403d082aa24f35e1b516d23)
Start importing Assets/TestTask_MobileGame/Assets/Plugins/UniRx/Scripts/Operators/TakeUntil.cs using Guid(163e3eab299b735418c94e634fecd811) Importer(2089858483,0ecaa5967403d082aa24f35e1b516d23) [PhysX] Initialized MultithreadedTaskDispatcher with 8 workers.
 -> (artifact id: '229d85bced2aca869dd8914ea82f583e') in 0.026676 seconds
Number of updated asset objects reloaded before import = 0
Number of asset objects unloaded after import = 1
========================================================================
Received Import Request.
  Time since last request: 0.004069 seconds.
  path: Assets/TestTask_MobileGame/Assets/Plugins/UniRx/Scripts/Operators/WhereSelect.cs
  artifactKey: Guid(f7453a184d42aa34c854977496f381b9) Importer(2089858483,0ecaa5967403d082aa24f35e1b516d23)
Start importing Assets/TestTask_MobileGame/Assets/Plugins/UniRx/Scripts/Operators/WhereSelect.cs using Guid(f7453a184d42aa34c854977496f381b9) Importer(2089858483,0ecaa5967403d082aa24f35e1b516d23) [PhysX] Initialized MultithreadedTaskDispatcher with 8 workers.
 -> (artifact id: 'fdf467385252ab254f7449469e2529b2') in 0.147628 seconds
Number of updated asset objects reloaded before import = 0
Number of asset objects unloaded after import = 1
========================================================================
Received Import Request.
  Time since last request: 0.000091 seconds.
  path: Assets/TestTask_MobileGame/Assets/Plugins/UniTask/Runtime/Linq/Min.cs
  artifactKey: Guid(57ac9da21d3457849a8e45548290a508) Importer(2089858483,0ecaa5967403d082aa24f35e1b516d23)
Start importing Assets/TestTask_MobileGame/Assets/Plugins/UniTask/Runtime/Linq/Min.cs using Guid(57ac9da21d3457849a8e45548290a508) Importer(2089858483,0ecaa5967403d082aa24f35e1b516d23) [PhysX] Initialized MultithreadedTaskDispatcher with 8 workers.
 -> (artifact id: 'c14c6d168a086d05ac41633efd24f0f7') in 0.011596 seconds
Number of updated asset objects reloaded before import = 0
Number of asset objects unloaded after import = 1
========================================================================
Received Import Request.
  Time since last request: 0.000024 seconds.
  path: Assets/TestTask_MobileGame/Assets/Plugins/UniTask/Runtime/Linq/Return.cs
  artifactKey: Guid(4313cd8ecf705e44f9064ce46e293c2c) Importer(2089858483,0ecaa5967403d082aa24f35e1b516d23)
Start importing Assets/TestTask_MobileGame/Assets/Plugins/UniTask/Runtime/Linq/Return.cs using Guid(4313cd8ecf705e44f9064ce46e293c2c) Importer(2089858483,0ecaa5967403d082aa24f35e1b516d23) [PhysX] Initialized MultithreadedTaskDispatcher with 8 workers.
 -> (artifact id: '5b325cc84da956f0dc265745f1d5ac6a') in 0.009844 seconds
Number of updated asset objects reloaded before import = 0
Number of asset objects unloaded after import = 1
========================================================================
Received Import Request.
  Time since last request: 0.000036 seconds.
  path: Assets/TestTask_MobileGame/Assets/Plugins/Zenject/Source/Factories/PlaceholderFactoryBase.cs
  artifactKey: Guid(2a15cf923ae4d72418e9951480e9f178) Importer(2089858483,0ecaa5967403d082aa24f35e1b516d23)
Start importing Assets/TestTask_MobileGame/Assets/Plugins/Zenject/Source/Factories/PlaceholderFactoryBase.cs using Guid(2a15cf923ae4d72418e9951480e9f178) Importer(2089858483,0ecaa5967403d082aa24f35e1b516d23) [PhysX] Initialized MultithreadedTaskDispatcher with 8 workers.
 -> (artifact id: '03e286c5da01990f2f38f2e01f427fb8') in 0.017494 seconds
Number of updated asset objects reloaded before import = 0
Number of asset objects unloaded after import = 1
========================================================================
Received Import Request.
  Time since last request: 0.000044 seconds.
  path: Assets/TestTask_MobileGame/Assets/Plugins/UniTask/Runtime/Linq/Subscribe.cs
  artifactKey: Guid(263479eb04c189741931fc0e2f615c2d) Importer(2089858483,0ecaa5967403d082aa24f35e1b516d23)
Start importing Assets/TestTask_MobileGame/Assets/Plugins/UniTask/Runtime/Linq/Subscribe.cs using Guid(263479eb04c189741931fc0e2f615c2d) Importer(2089858483,0ecaa5967403d082aa24f35e1b516d23) [PhysX] Initialized MultithreadedTaskDispatcher with 8 workers.
 -> (artifact id: '88fce5c54aeee681c97fe806a2c6f939') in 0.016543 seconds
Number of updated asset objects reloaded before import = 0
Number of asset objects unloaded after import = 1
========================================================================
Received Import Request.
  Time since last request: 0.000034 seconds.
  path: Assets/TestTask_MobileGame/Assets/Plugins/Zenject/Source/Editor/Zenject-Editor.asmdef
  artifactKey: Guid(d0acddb179989574c8355991596bd3e6) Importer(2089858483,0ecaa5967403d082aa24f35e1b516d23)
Start importing Assets/TestTask_MobileGame/Assets/Plugins/Zenject/Source/Editor/Zenject-Editor.asmdef using Guid(d0acddb179989574c8355991596bd3e6) Importer(2089858483,0ecaa5967403d082aa24f35e1b516d23) [PhysX] Initialized MultithreadedTaskDispatcher with 8 workers.
 -> (artifact id: 'c066d5bcece3f64a67f4523c4c458e9f') in 0.027471 seconds
Number of updated asset objects reloaded before import = 0
Number of asset objects unloaded after import = 1
========================================================================
Received Import Request.
  Time since last request: 0.000026 seconds.
  path: Assets/TestTask_MobileGame/Assets/Plugins/UniTask/Runtime/Linq/Reverse.cs
  artifactKey: Guid(b2769e65c729b4f4ca6af9826d9c7b90) Importer(2089858483,0ecaa5967403d082aa24f35e1b516d23)
Start importing Assets/TestTask_MobileGame/Assets/Plugins/UniTask/Runtime/Linq/Reverse.cs using Guid(b2769e65c729b4f4ca6af9826d9c7b90) Importer(2089858483,0ecaa5967403d082aa24f35e1b516d23) [PhysX] Initialized MultithreadedTaskDispatcher with 8 workers.
 -> (artifact id: 'e5ba7a6e9d4192282c92eddabf6a0231') in 0.020203 seconds
Number of updated asset objects reloaded before import = 0
Number of asset objects unloaded after import = 1
========================================================================
Received Import Request.
  Time since last request: 0.000029 seconds.
  path: Assets/TestTask_MobileGame/Assets/Plugins/UniTask/Runtime/Linq/ToDictionary.cs
  artifactKey: Guid(03b109b1fe1f2df46aa56ffb26747654) Importer(2089858483,0ecaa5967403d082aa24f35e1b516d23)
Start importing Assets/TestTask_MobileGame/Assets/Plugins/UniTask/Runtime/Linq/ToDictionary.cs using Guid(03b109b1fe1f2df46aa56ffb26747654) Importer(2089858483,0ecaa5967403d082aa24f35e1b516d23) [PhysX] Initialized MultithreadedTaskDispatcher with 8 workers.
 -> (artifact id: '217418eba33c9e7b83568b547c3c52c6') in 0.031564 seconds
Number of updated asset objects reloaded before import = 0
Number of asset objects unloaded after import = 1
========================================================================
Received Import Request.
  Time since last request: 0.000032 seconds.
  path: Assets/TestTask_MobileGame/Assets/Plugins/Zenject/Source/Factories/PrefabFactory.cs
  artifactKey: Guid(39782cb4430018d459f5707002dff73c) Importer(2089858483,0ecaa5967403d082aa24f35e1b516d23)
Start importing Assets/TestTask_MobileGame/Assets/Plugins/Zenject/Source/Factories/PrefabFactory.cs using Guid(39782cb4430018d459f5707002dff73c) Importer(2089858483,0ecaa5967403d082aa24f35e1b516d23) [PhysX] Initialized MultithreadedTaskDispatcher with 8 workers.
 -> (artifact id: '439a084dd04eb2b1968edb51972acca8') in 0.041111 seconds
Number of updated asset objects reloaded before import = 0
Number of asset objects unloaded after import = 1
========================================================================
Received Import Request.
  Time since last request: 0.003019 seconds.
  path: Assets/TestTask_MobileGame/Assets/Plugins/UniRx/Scripts/UnityEngineBridge/ReactiveCollection.cs
  artifactKey: Guid(2e22185fb1dbcef42bc613efd4769011) Importer(2089858483,0ecaa5967403d082aa24f35e1b516d23)
Start importing Assets/TestTask_MobileGame/Assets/Plugins/UniRx/Scripts/UnityEngineBridge/ReactiveCollection.cs using Guid(2e22185fb1dbcef42bc613efd4769011) Importer(2089858483,0ecaa5967403d082aa24f35e1b516d23) [PhysX] Initialized MultithreadedTaskDispatcher with 8 workers.
 -> (artifact id: 'ce8dbaa7f4ad333ccec0586f9eab96e9') in 0.029779 seconds
Number of updated asset objects reloaded before import = 0
Number of asset objects unloaded after import = 1
========================================================================
Received Import Request.
  Time since last request: 0.000392 seconds.
  path: Assets/TestTask_MobileGame/Assets/Plugins/UniTask/Runtime/Internal/ValueStopwatch.cs
  artifactKey: Guid(f16fb466974ad034c8732c79c7fd67ea) Importer(2089858483,0ecaa5967403d082aa24f35e1b516d23)
Start importing Assets/TestTask_MobileGame/Assets/Plugins/UniTask/Runtime/Internal/ValueStopwatch.cs using Guid(f16fb466974ad034c8732c79c7fd67ea) Importer(2089858483,0ecaa5967403d082aa24f35e1b516d23) [PhysX] Initialized MultithreadedTaskDispatcher with 8 workers.
 -> (artifact id: 'd5fa1312f34758856558c8ee381ef031') in 0.020431 seconds
Number of updated asset objects reloaded before import = 0
Number of asset objects unloaded after import = 1
========================================================================
Received Import Request.
  Time since last request: 0.000034 seconds.
  path: Assets/TestTask_MobileGame/Assets/Plugins/UniRx/Scripts/Operators/StartWith.cs
  artifactKey: Guid(05df6719453543e458dc3e0d29ac7fa8) Importer(2089858483,0ecaa5967403d082aa24f35e1b516d23)
Start importing Assets/TestTask_MobileGame/Assets/Plugins/UniRx/Scripts/Operators/StartWith.cs using Guid(05df6719453543e458dc3e0d29ac7fa8) Importer(2089858483,0ecaa5967403d082aa24f35e1b516d23) [PhysX] Initialized MultithreadedTaskDispatcher with 8 workers.
 -> (artifact id: '831a0b392cf46de1ab010f5b21b6d2f1') in 0.011561 seconds
Number of updated asset objects reloaded before import = 0
Number of asset objects unloaded after import = 1
========================================================================
Received Import Request.
  Time since last request: 0.000053 seconds.
  path: Assets/TestTask_MobileGame/Assets/Plugins/Zenject/OptionalExtras/SampleGame1 (Beginner)/Asteroids.unity
  artifactKey: Guid(1fbbab4d6f8dcbd4eb46075a8f4a68e4) Importer(2089858483,0ecaa5967403d082aa24f35e1b516d23)
Start importing Assets/TestTask_MobileGame/Assets/Plugins/Zenject/OptionalExtras/SampleGame1 (Beginner)/Asteroids.unity using Guid(1fbbab4d6f8dcbd4eb46075a8f4a68e4) Importer(2089858483,0ecaa5967403d082aa24f35e1b516d23) [PhysX] Initialized MultithreadedTaskDispatcher with 8 workers.
 -> (artifact id: '72c5e48850817b1a93a4c6095bd82caa') in 0.016236 seconds
Number of updated asset objects reloaded before import = 0
Number of asset objects unloaded after import = 1
========================================================================
Received Import Request.
  Time since last request: 0.000031 seconds.
  path: Assets/TestTask_MobileGame/Assets/Plugins/Zenject/Source/Internal/ValuePair.cs
  artifactKey: Guid(a3c968adce0a9a24e949dc4eedb496e8) Importer(2089858483,0ecaa5967403d082aa24f35e1b516d23)
Start importing Assets/TestTask_MobileGame/Assets/Plugins/Zenject/Source/Internal/ValuePair.cs using Guid(a3c968adce0a9a24e949dc4eedb496e8) Importer(2089858483,0ecaa5967403d082aa24f35e1b516d23) [PhysX] Initialized MultithreadedTaskDispatcher with 8 workers.
 -> (artifact id: 'bd1122c2641d7f87a997d49e2b58d89f') in 0.011988 seconds
Number of updated asset objects reloaded before import = 0
Number of asset objects unloaded after import = 1
========================================================================
Received Import Request.
  Time since last request: 0.000098 seconds.
  path: Assets/TestTask_MobileGame/Assets/Plugins/Zenject/Source/Util/ValidationUtil.cs
  artifactKey: Guid(018820e0bcd9a4049a305127c0cf1407) Importer(2089858483,0ecaa5967403d082aa24f35e1b516d23)
Start importing Assets/TestTask_MobileGame/Assets/Plugins/Zenject/Source/Util/ValidationUtil.cs using Guid(018820e0bcd9a4049a305127c0cf1407) Importer(2089858483,0ecaa5967403d082aa24f35e1b516d23) [PhysX] Initialized MultithreadedTaskDispatcher with 8 workers.
 -> (artifact id: '6afe761fde848176659ebc08fea72c8e') in 0.021341 seconds
Number of updated asset objects reloaded before import = 0
Number of asset objects unloaded after import = 1
========================================================================
Received Import Request.
  Time since last request: 0.000043 seconds.
  path: Assets/TestTask_MobileGame/Assets/Plugins/Zenject/Source/Util/ZenjectSceneLoader.cs
  artifactKey: Guid(097ddf2608210fe44a9d215a1721d857) Importer(2089858483,0ecaa5967403d082aa24f35e1b516d23)
Start importing Assets/TestTask_MobileGame/Assets/Plugins/Zenject/Source/Util/ZenjectSceneLoader.cs using Guid(097ddf2608210fe44a9d215a1721d857) Importer(2089858483,0ecaa5967403d082aa24f35e1b516d23) [PhysX] Initialized MultithreadedTaskDispatcher with 8 workers.
 -> (artifact id: '30628ccdc744e725ee4240b8756f2708') in 0.012457 seconds
Number of updated asset objects reloaded before import = 0
Number of asset objects unloaded after import = 1
========================================================================
Received Import Request.
  Time since last request: 0.000035 seconds.
  path: Assets/TestTask_MobileGame/Assets/Plugins/Zenject/Source/Install/ZenjectBinding.cs
  artifactKey: Guid(0166d8ff8d905b048b2448179e1f5d11) Importer(2089858483,0ecaa5967403d082aa24f35e1b516d23)
Start importing Assets/TestTask_MobileGame/Assets/Plugins/Zenject/Source/Install/ZenjectBinding.cs using Guid(0166d8ff8d905b048b2448179e1f5d11) Importer(2089858483,0ecaa5967403d082aa24f35e1b516d23) [PhysX] Initialized MultithreadedTaskDispatcher with 8 workers.
 -> (artifact id: 'd60d6a45a86eec97df14aaa3ea2c3d89') in 0.010044 seconds
Number of updated asset objects reloaded before import = 0
Number of asset objects unloaded after import = 1
========================================================================
Received Import Request.
  Time since last request: 0.000031 seconds.
  path: Assets/TestTask_MobileGame/Assets/Plugins/UniRx/Scripts/UnityEngineBridge/Diagnostics/UnityDebugSink.cs
  artifactKey: Guid(882166c30c3bff841b1e12d62c392e02) Importer(2089858483,0ecaa5967403d082aa24f35e1b516d23)
Start importing Assets/TestTask_MobileGame/Assets/Plugins/UniRx/Scripts/UnityEngineBridge/Diagnostics/UnityDebugSink.cs using Guid(882166c30c3bff841b1e12d62c392e02) Importer(2089858483,0ecaa5967403d082aa24f35e1b516d23) [PhysX] Initialized MultithreadedTaskDispatcher with 8 workers.
 -> (artifact id: '5e4fb1a64e3ca0a04bc1955d19b777cc') in 0.011210 seconds
Number of updated asset objects reloaded before import = 0
Number of asset objects unloaded after import = 1
========================================================================
Received Import Request.
  Time since last request: 0.000046 seconds.
  path: Assets/TestTask_MobileGame/Assets/Plugins/UniTask/Runtime/Linq/Empty.cs
  artifactKey: Guid(4fa123ad6258abb4184721b719a13810) Importer(2089858483,0ecaa5967403d082aa24f35e1b516d23)
Start importing Assets/TestTask_MobileGame/Assets/Plugins/UniTask/Runtime/Linq/Empty.cs using Guid(4fa123ad6258abb4184721b719a13810) Importer(2089858483,0ecaa5967403d082aa24f35e1b516d23) [PhysX] Initialized MultithreadedTaskDispatcher with 8 workers.
 -> (artifact id: '335ace948b9e781a5dee4cd1539fddeb') in 0.012044 seconds
Number of updated asset objects reloaded before import = 0
Number of asset objects unloaded after import = 1
========================================================================
Received Import Request.
  Time since last request: 0.000035 seconds.
  path: Assets/TestTask_MobileGame/Assets/Plugins/UniRx/Scripts/UnityEngineBridge/Triggers/ObservablePointerExitTrigger.cs
  artifactKey: Guid(9643e74593988274bbed9adf40384e48) Importer(2089858483,0ecaa5967403d082aa24f35e1b516d23)
Start importing Assets/TestTask_MobileGame/Assets/Plugins/UniRx/Scripts/UnityEngineBridge/Triggers/ObservablePointerExitTrigger.cs using Guid(9643e74593988274bbed9adf40384e48) Importer(2089858483,0ecaa5967403d082aa24f35e1b516d23) [PhysX] Initialized MultithreadedTaskDispatcher with 8 workers.
 -> (artifact id: 'c0059d4335153d2782a5227a7036de5c') in 0.010002 seconds
Number of updated asset objects reloaded before import = 0
Number of asset objects unloaded after import = 1
========================================================================
Received Import Request.
  Time since last request: 0.000029 seconds.
  path: Assets/TestTask_MobileGame/Assets/Plugins/UniRx/Scripts/UnityEngineBridge/Triggers/ObservableCancelTrigger.cs
  artifactKey: Guid(4c0a9070b7cc23746b2c0e2db3ec16cd) Importer(2089858483,0ecaa5967403d082aa24f35e1b516d23)
Start importing Assets/TestTask_MobileGame/Assets/Plugins/UniRx/Scripts/UnityEngineBridge/Triggers/ObservableCancelTrigger.cs using Guid(4c0a9070b7cc23746b2c0e2db3ec16cd) Importer(2089858483,0ecaa5967403d082aa24f35e1b516d23) [PhysX] Initialized MultithreadedTaskDispatcher with 8 workers.
 -> (artifact id: 'fe67aece4cbe6697af372a97e5875cf2') in 0.028493 seconds
Number of updated asset objects reloaded before import = 0
Number of asset objects unloaded after import = 1
========================================================================
Received Import Request.
  Time since last request: 0.000032 seconds.
  path: Assets/TestTask_MobileGame/Assets/Plugins/Zenject/Source/Install/ZenjectManagersInstaller.cs
  artifactKey: Guid(b05e95f8fed82b244b78a5e2df541713) Importer(2089858483,0ecaa5967403d082aa24f35e1b516d23)
Start importing Assets/TestTask_MobileGame/Assets/Plugins/Zenject/Source/Install/ZenjectManagersInstaller.cs using Guid(b05e95f8fed82b244b78a5e2df541713) Importer(2089858483,0ecaa5967403d082aa24f35e1b516d23) [PhysX] Initialized MultithreadedTaskDispatcher with 8 workers.
 -> (artifact id: '631222c65c5ff1c779c6ccceb6f82b16') in 0.010983 seconds
Number of updated asset objects reloaded before import = 0
Number of asset objects unloaded after import = 1
========================================================================
Received Import Request.
  Time since last request: 0.000035 seconds.
  path: Assets/TestTask_MobileGame/Assets/Plugins/UniRx/Scripts/UnityEngineBridge/Triggers/ObservableEventTrigger.cs
  artifactKey: Guid(48e93426b16d5454c89e8d47ccded1c5) Importer(2089858483,0ecaa5967403d082aa24f35e1b516d23)
Start importing Assets/TestTask_MobileGame/Assets/Plugins/UniRx/Scripts/UnityEngineBridge/Triggers/ObservableEventTrigger.cs using Guid(48e93426b16d5454c89e8d47ccded1c5) Importer(2089858483,0ecaa5967403d082aa24f35e1b516d23) [PhysX] Initialized MultithreadedTaskDispatcher with 8 workers.
 -> (artifact id: '722a91bde2593385f569565319484da0') in 0.031360 seconds
Number of updated asset objects reloaded before import = 0
Number of asset objects unloaded after import = 1
========================================================================
Received Import Request.
  Time since last request: 0.000839 seconds.
  path: Assets/TestTask_MobileGame/Assets/Plugins/Zenject/OptionalExtras/ReflectionBaking/Zenject-ReflectionBaking-Editor.asmdef
  artifactKey: Guid(14f8b558cd941e545961d1d8d31254f0) Importer(2089858483,0ecaa5967403d082aa24f35e1b516d23)
Start importing Assets/TestTask_MobileGame/Assets/Plugins/Zenject/OptionalExtras/ReflectionBaking/Zenject-ReflectionBaking-Editor.asmdef using Guid(14f8b558cd941e545961d1d8d31254f0) Importer(2089858483,0ecaa5967403d082aa24f35e1b516d23) [PhysX] Initialized MultithreadedTaskDispatcher with 8 workers.
 -> (artifact id: '89b6cd1692954d22a1365c5ba8eb5206') in 0.030591 seconds
Number of updated asset objects reloaded before import = 0
Number of asset objects unloaded after import = 1
========================================================================
Received Import Request.
  Time since last request: 0.000028 seconds.
  path: Assets/TestTask_MobileGame/Assets/Plugins/Zenject/Source/Internal/MiscExtensions.cs
  artifactKey: Guid(da4e9bf39c1ac464d84d2f743a25f8d1) Importer(2089858483,0ecaa5967403d082aa24f35e1b516d23)
Start importing Assets/TestTask_MobileGame/Assets/Plugins/Zenject/Source/Internal/MiscExtensions.cs using Guid(da4e9bf39c1ac464d84d2f743a25f8d1) Importer(2089858483,0ecaa5967403d082aa24f35e1b516d23) [PhysX] Initialized MultithreadedTaskDispatcher with 8 workers.
 -> (artifact id: 'ea8e1426b463e4c4b3e1991bbce3058b') in 0.011695 seconds
Number of updated asset objects reloaded before import = 0
Number of asset objects unloaded after import = 1
========================================================================
Received Import Request.
  Time since last request: 0.000041 seconds.
  path: Assets/TestTask_MobileGame/Assets/Plugins/UniRx/Scripts/UnityEngineBridge/Operators/DelayFrame.cs
  artifactKey: Guid(868f75a703f1a944a801ab9c9b4512aa) Importer(2089858483,0ecaa5967403d082aa24f35e1b516d23)
Start importing Assets/TestTask_MobileGame/Assets/Plugins/UniRx/Scripts/UnityEngineBridge/Operators/DelayFrame.cs using Guid(868f75a703f1a944a801ab9c9b4512aa) Importer(2089858483,0ecaa5967403d082aa24f35e1b516d23) [PhysX] Initialized MultithreadedTaskDispatcher with 8 workers.
 -> (artifact id: '950efc471f6a83836c5fc6d841192087') in 0.012422 seconds
Number of updated asset objects reloaded before import = 0
Number of asset objects unloaded after import = 1
========================================================================
Received Import Request.
  Time since last request: 0.000028 seconds.
  path: Assets/TestTask_MobileGame/Assets/Plugins/Zenject/Source/Util/ZenjectStateMachineBehaviourAutoInjecter.cs
  artifactKey: Guid(486c69818dffcd14f96ce64502516bbb) Importer(2089858483,0ecaa5967403d082aa24f35e1b516d23)
Start importing Assets/TestTask_MobileGame/Assets/Plugins/Zenject/Source/Util/ZenjectStateMachineBehaviourAutoInjecter.cs using Guid(486c69818dffcd14f96ce64502516bbb) Importer(2089858483,0ecaa5967403d082aa24f35e1b516d23) [PhysX] Initialized MultithreadedTaskDispatcher with 8 workers.
 -> (artifact id: '1b4d0f341068a5538b15a2674f89f7ff') in 0.017623 seconds
Number of updated asset objects reloaded before import = 0
Number of asset objects unloaded after import = 1
========================================================================
Received Import Request.
  Time since last request: 0.000049 seconds.
  path: Assets/TestTask_MobileGame/Assets/Plugins/Zenject/Source/Providers/ResourceProvider.cs
  artifactKey: Guid(f16c8e5eed02ac8478e8c236c1677db3) Importer(2089858483,0ecaa5967403d082aa24f35e1b516d23)
Start importing Assets/TestTask_MobileGame/Assets/Plugins/Zenject/Source/Providers/ResourceProvider.cs using Guid(f16c8e5eed02ac8478e8c236c1677db3) Importer(2089858483,0ecaa5967403d082aa24f35e1b516d23) [PhysX] Initialized MultithreadedTaskDispatcher with 8 workers.
 -> (artifact id: '9d97643d8bbf18ac0a6b37b2419d7a16') in 0.017180 seconds
Number of updated asset objects reloaded before import = 0
Number of asset objects unloaded after import = 1
========================================================================
Received Import Request.
  Time since last request: 0.000030 seconds.
  path: Assets/TestTask_MobileGame/Assets/Plugins/Zenject/Source/Install/MonoInstallerBase.cs
  artifactKey: Guid(93d53e91e1ef3484a99feb7aa58f2b63) Importer(2089858483,0ecaa5967403d082aa24f35e1b516d23)
Start importing Assets/TestTask_MobileGame/Assets/Plugins/Zenject/Source/Install/MonoInstallerBase.cs using Guid(93d53e91e1ef3484a99feb7aa58f2b63) Importer(2089858483,0ecaa5967403d082aa24f35e1b516d23) [PhysX] Initialized MultithreadedTaskDispatcher with 8 workers.
 -> (artifact id: 'a901ffb240af679687b30f1337adfdb2') in 0.024702 seconds
Number of updated asset objects reloaded before import = 0
Number of asset objects unloaded after import = 1
========================================================================
Received Import Request.
  Time since last request: 0.000030 seconds.
  path: Assets/TestTask_MobileGame/Assets/Plugins/Zenject/Source/Runtime/DisposableManager.cs
  artifactKey: Guid(e62fabfe4695e4a439003c1c1fd5d008) Importer(2089858483,0ecaa5967403d082aa24f35e1b516d23)
Start importing Assets/TestTask_MobileGame/Assets/Plugins/Zenject/Source/Runtime/DisposableManager.cs using Guid(e62fabfe4695e4a439003c1c1fd5d008) Importer(2089858483,0ecaa5967403d082aa24f35e1b516d23) [PhysX] Initialized MultithreadedTaskDispatcher with 8 workers.
 -> (artifact id: '0240fb0c9a9c094de6390eddb5a49734') in 0.017611 seconds
Number of updated asset objects reloaded before import = 0
Number of asset objects unloaded after import = 1
========================================================================
Received Import Request.
  Time since last request: 0.000187 seconds.
  path: Assets/TestTask_MobileGame/Assets/Plugins/UniRx/Scripts/UnityEngineBridge/Triggers/ObservableEnableTrigger.cs
  artifactKey: Guid(0d9c7eb607af1fd4aa0e15f52cc0543b) Importer(2089858483,0ecaa5967403d082aa24f35e1b516d23)
Start importing Assets/TestTask_MobileGame/Assets/Plugins/UniRx/Scripts/UnityEngineBridge/Triggers/ObservableEnableTrigger.cs using Guid(0d9c7eb607af1fd4aa0e15f52cc0543b) Importer(2089858483,0ecaa5967403d082aa24f35e1b516d23) [PhysX] Initialized MultithreadedTaskDispatcher with 8 workers.
 -> (artifact id: '241f21adfd662fdd0e2a8c2c070393b4') in 0.027851 seconds
Number of updated asset objects reloaded before import = 0
Number of asset objects unloaded after import = 1
========================================================================
Received Import Request.
  Time since last request: 0.000034 seconds.
  path: Assets/TestTask_MobileGame/Assets/Plugins/Zenject/Source/Providers/IProvider.cs
  artifactKey: Guid(438b6366f2f1221448e9a71e09ac0329) Importer(2089858483,0ecaa5967403d082aa24f35e1b516d23)
Start importing Assets/TestTask_MobileGame/Assets/Plugins/Zenject/Source/Providers/IProvider.cs using Guid(438b6366f2f1221448e9a71e09ac0329) Importer(2089858483,0ecaa5967403d082aa24f35e1b516d23) [PhysX] Initialized MultithreadedTaskDispatcher with 8 workers.
 -> (artifact id: '3bd8b159fffcee8aa1b6df0c72e8b8df') in 0.019134 seconds
Number of updated asset objects reloaded before import = 0
Number of asset objects unloaded after import = 1
========================================================================
Received Import Request.
  Time since last request: 0.000046 seconds.
  path: Assets/TestTask_MobileGame/Assets/Plugins/Zenject/Source/Factories/Pooling/MemoryPoolBase.cs
  artifactKey: Guid(ba9d727a5d866fb46a576ab76012b727) Importer(2089858483,0ecaa5967403d082aa24f35e1b516d23)
Start importing Assets/TestTask_MobileGame/Assets/Plugins/Zenject/Source/Factories/Pooling/MemoryPoolBase.cs using Guid(ba9d727a5d866fb46a576ab76012b727) Importer(2089858483,0ecaa5967403d082aa24f35e1b516d23) [PhysX] Initialized MultithreadedTaskDispatcher with 8 workers.
 -> (artifact id: 'ff7d7c4cdda08ea13a0bfc8489cfb16a') in 0.015068 seconds
Number of updated asset objects reloaded before import = 0
Number of asset objects unloaded after import = 1
========================================================================
Received Import Request.
  Time since last request: 0.000032 seconds.
  path: Assets/TestTask_MobileGame/Assets/Plugins/Zenject/Source/Providers/SubContainerCreators/SubContainerCreatorByInstance.cs
  artifactKey: Guid(1ea58c024bbd4e846be07059bf23c524) Importer(2089858483,0ecaa5967403d082aa24f35e1b516d23)
Start importing Assets/TestTask_MobileGame/Assets/Plugins/Zenject/Source/Providers/SubContainerCreators/SubContainerCreatorByInstance.cs using Guid(1ea58c024bbd4e846be07059bf23c524) Importer(2089858483,0ecaa5967403d082aa24f35e1b516d23) [PhysX] Initialized MultithreadedTaskDispatcher with 8 workers.
 -> (artifact id: '7c3593b274dec5067fc81eca181ac6ad') in 0.012219 seconds
Number of updated asset objects reloaded before import = 0
Number of asset objects unloaded after import = 1
========================================================================
Received Import Request.
  Time since last request: 0.000034 seconds.
  path: Assets/TestTask_MobileGame/Assets/Plugins/Zenject/Source/Providers/GameObjectProviders/EmptyGameObjectProvider.cs
  artifactKey: Guid(f8f4db421196f5849b2139200fdea1a3) Importer(2089858483,0ecaa5967403d082aa24f35e1b516d23)
Start importing Assets/TestTask_MobileGame/Assets/Plugins/Zenject/Source/Providers/GameObjectProviders/EmptyGameObjectProvider.cs using Guid(f8f4db421196f5849b2139200fdea1a3) Importer(2089858483,0ecaa5967403d082aa24f35e1b516d23) [PhysX] Initialized MultithreadedTaskDispatcher with 8 workers.
 -> (artifact id: 'd878788d57a01f8f84fe7fd520f8050a') in 0.017594 seconds
Number of updated asset objects reloaded before import = 0
Number of asset objects unloaded after import = 1
========================================================================
Received Import Request.
  Time since last request: 0.000028 seconds.
  path: Assets/TestTask_MobileGame/Assets/Plugins/Zenject/Source/Binding/BindInfo/BindInfo.cs
  artifactKey: Guid(647e28e377c50e549b443131ce6163fc) Importer(2089858483,0ecaa5967403d082aa24f35e1b516d23)
Start importing Assets/TestTask_MobileGame/Assets/Plugins/Zenject/Source/Binding/BindInfo/BindInfo.cs using Guid(647e28e377c50e549b443131ce6163fc) Importer(2089858483,0ecaa5967403d082aa24f35e1b516d23) [PhysX] Initialized MultithreadedTaskDispatcher with 8 workers.
 -> (artifact id: '8a15660acd3765f26730260daabb5975') in 0.030498 seconds
Number of updated asset objects reloaded before import = 0
Number of asset objects unloaded after import = 1
========================================================================
Received Import Request.
  Time since last request: 0.000034 seconds.
  path: Assets/TestTask_MobileGame/Assets/Plugins/Zenject/OptionalExtras/SampleGame1 (Beginner)/Prefabs/Ship.prefab
  artifactKey: Guid(f4cdd74364fb9d6448ecf7663dd0cfe9) Importer(2089858483,0ecaa5967403d082aa24f35e1b516d23)
Start importing Assets/TestTask_MobileGame/Assets/Plugins/Zenject/OptionalExtras/SampleGame1 (Beginner)/Prefabs/Ship.prefab using Guid(f4cdd74364fb9d6448ecf7663dd0cfe9) Importer(2089858483,0ecaa5967403d082aa24f35e1b516d23) [PhysX] Initialized MultithreadedTaskDispatcher with 8 workers.
 -> (artifact id: '2c353982271e1254fe91db134b8cb65e') in 0.053102 seconds
Number of updated asset objects reloaded before import = 0
Number of asset objects unloaded after import = 16
========================================================================
Received Import Request.
  Time since last request: 0.000031 seconds.
  path: Assets/TestTask_MobileGame/Assets/Plugins/Zenject/OptionalExtras/MemoryPoolMonitor/Editor/TriangleDown.png
  artifactKey: Guid(fd2add38dc259eb49a3e7fc331758b7e) Importer(2089858483,0ecaa5967403d082aa24f35e1b516d23)
Start importing Assets/TestTask_MobileGame/Assets/Plugins/Zenject/OptionalExtras/MemoryPoolMonitor/Editor/TriangleDown.png using Guid(fd2add38dc259eb49a3e7fc331758b7e) Importer(2089858483,0ecaa5967403d082aa24f35e1b516d23) [PhysX] Initialized MultithreadedTaskDispatcher with 8 workers.
 -> (artifact id: '6dfbe89ccdef81d6538618c3b919c9aa') in 0.168914 seconds
Number of updated asset objects reloaded before import = 0
Number of asset objects unloaded after import = 1
========================================================================
Received Import Request.
  Time since last request: 0.000090 seconds.
  path: Assets/TestTask_MobileGame/Assets/Plugins/Zenject/OptionalExtras/SampleGame1 (Beginner)/Scripts/Installers/GameInstaller.cs
  artifactKey: Guid(ac59283f2813c5643a2495056b74c1c0) Importer(2089858483,0ecaa5967403d082aa24f35e1b516d23)
Start importing Assets/TestTask_MobileGame/Assets/Plugins/Zenject/OptionalExtras/SampleGame1 (Beginner)/Scripts/Installers/GameInstaller.cs using Guid(ac59283f2813c5643a2495056b74c1c0) Importer(2089858483,0ecaa5967403d082aa24f35e1b516d23) [PhysX] Initialized MultithreadedTaskDispatcher with 8 workers.
 -> (artifact id: '3fa226cff2b490f2189e9b75aefe88e3') in 0.013619 seconds
Number of updated asset objects reloaded before import = 0
Number of asset objects unloaded after import = 1
========================================================================
Received Import Request.
  Time since last request: 0.000179 seconds.
  path: Assets/TestTask_MobileGame/Assets/Plugins/Zenject/Source/Binding/Binders/IdBinder.cs
  artifactKey: Guid(371e1c0b9a8ff664f993cbe2a547eeae) Importer(2089858483,0ecaa5967403d082aa24f35e1b516d23)
Start importing Assets/TestTask_MobileGame/Assets/Plugins/Zenject/Source/Binding/Binders/IdBinder.cs using Guid(371e1c0b9a8ff664f993cbe2a547eeae) Importer(2089858483,0ecaa5967403d082aa24f35e1b516d23) [PhysX] Initialized MultithreadedTaskDispatcher with 8 workers.
 -> (artifact id: '0d6b60a4b930c412d7bd4cc48f289f0d') in 0.011803 seconds
Number of updated asset objects reloaded before import = 0
Number of asset objects unloaded after import = 1
========================================================================
Received Import Request.
  Time since last request: 0.000039 seconds.
  path: Assets/TestTask_MobileGame/Assets/Plugins/Zenject/Source/Binding/Binders/ConcreteIdArgConditionCopyNonLazyBinder.cs
  artifactKey: Guid(5803a20c252d8ae4498e79e8b3bb09e0) Importer(2089858483,0ecaa5967403d082aa24f35e1b516d23)
Start importing Assets/TestTask_MobileGame/Assets/Plugins/Zenject/Source/Binding/Binders/ConcreteIdArgConditionCopyNonLazyBinder.cs using Guid(5803a20c252d8ae4498e79e8b3bb09e0) Importer(2089858483,0ecaa5967403d082aa24f35e1b516d23) [PhysX] Initialized MultithreadedTaskDispatcher with 8 workers.
 -> (artifact id: '9c5e901447de8413803d3a0fb4e53f12') in 0.010472 seconds
Number of updated asset objects reloaded before import = 0
Number of asset objects unloaded after import = 1
========================================================================
Received Import Request.
  Time since last request: 0.000034 seconds.
  path: Assets/TestTask_MobileGame/Assets/Plugins/Zenject/Source/Editor/Editors/GameObjectContextEditor.cs
  artifactKey: Guid(b0873c763efd1e94fb3a56ff80843cf1) Importer(2089858483,0ecaa5967403d082aa24f35e1b516d23)
Start importing Assets/TestTask_MobileGame/Assets/Plugins/Zenject/Source/Editor/Editors/GameObjectContextEditor.cs using Guid(b0873c763efd1e94fb3a56ff80843cf1) Importer(2089858483,0ecaa5967403d082aa24f35e1b516d23) [PhysX] Initialized MultithreadedTaskDispatcher with 8 workers.
 -> (artifact id: '28639c908bc558835d58b6d87c5c03ec') in 0.017778 seconds
Number of updated asset objects reloaded before import = 0
Number of asset objects unloaded after import = 1
========================================================================
Received Import Request.
  Time since last request: 0.000034 seconds.
  path: Assets/TestTask_MobileGame/Assets/Plugins/Zenject/Source/Install/Contexts/GameObjectContext.cs
  artifactKey: Guid(08eca9f7688a0a24685b89133b020c8e) Importer(2089858483,0ecaa5967403d082aa24f35e1b516d23)
Start importing Assets/TestTask_MobileGame/Assets/Plugins/Zenject/Source/Install/Contexts/GameObjectContext.cs using Guid(08eca9f7688a0a24685b89133b020c8e) Importer(2089858483,0ecaa5967403d082aa24f35e1b516d23) [PhysX] Initialized MultithreadedTaskDispatcher with 8 workers.
 -> (artifact id: '0a596fc66cf4f639568a1f3a3b2fd436') in 0.008354 seconds
Number of updated asset objects reloaded before import = 0
Number of asset objects unloaded after import = 1
========================================================================
Received Import Request.
  Time since last request: 0.000030 seconds.
  path: Assets/TestTask_MobileGame/Assets/Plugins/Zenject/OptionalExtras/SampleGame2 (Advanced)/Media/Materials/Background.mat
  artifactKey: Guid(d2b89dae86aac9a4d9b52881cf3be975) Importer(2089858483,0ecaa5967403d082aa24f35e1b516d23)
Start importing Assets/TestTask_MobileGame/Assets/Plugins/Zenject/OptionalExtras/SampleGame2 (Advanced)/Media/Materials/Background.mat using Guid(d2b89dae86aac9a4d9b52881cf3be975) Importer(2089858483,0ecaa5967403d082aa24f35e1b516d23) [PhysX] Initialized MultithreadedTaskDispatcher with 8 workers.
 -> (artifact id: '9fbe8c42a786a9e7106c97134c10dc9a') in 0.039731 seconds
Number of updated asset objects reloaded before import = 0
Number of asset objects unloaded after import = 2
========================================================================
Received Import Request.
  Time since last request: 0.000818 seconds.
  path: Assets/TestTask_MobileGame/Assets/Plugins/Zenject/Source/Binding/Binders/ConcreteBinders/ConcreteIdBinderNonGeneric.cs
  artifactKey: Guid(1251d518904c9574897614d756f76756) Importer(2089858483,0ecaa5967403d082aa24f35e1b516d23)
Start importing Assets/TestTask_MobileGame/Assets/Plugins/Zenject/Source/Binding/Binders/ConcreteBinders/ConcreteIdBinderNonGeneric.cs using Guid(1251d518904c9574897614d756f76756) Importer(2089858483,0ecaa5967403d082aa24f35e1b516d23) [PhysX] Initialized MultithreadedTaskDispatcher with 8 workers.
 -> (artifact id: 'f2cb5fa127585c6815f3d6835ad92e47') in 0.012135 seconds
Number of updated asset objects reloaded before import = 0
Number of asset objects unloaded after import = 1
========================================================================
Received Import Request.
  Time since last request: 0.000030 seconds.
  path: Assets/TestTask_MobileGame/Assets/Plugins/Zenject/OptionalExtras/SampleGame2 (Advanced)/Media/Physics/Enemy.physicMaterial
  artifactKey: Guid(3ba31e708eff4af47b2892effb58e466) Importer(2089858483,0ecaa5967403d082aa24f35e1b516d23)
Start importing Assets/TestTask_MobileGame/Assets/Plugins/Zenject/OptionalExtras/SampleGame2 (Advanced)/Media/Physics/Enemy.physicMaterial using Guid(3ba31e708eff4af47b2892effb58e466) Importer(2089858483,0ecaa5967403d082aa24f35e1b516d23) [PhysX] Initialized MultithreadedTaskDispatcher with 8 workers.
 -> (artifact id: 'd0974ab26747e9a878f0da87acf8b143') in 0.010406 seconds
Number of updated asset objects reloaded before import = 0
Number of asset objects unloaded after import = 1
========================================================================
Received Import Request.
  Time since last request: 0.000042 seconds.
  path: Assets/TestTask_MobileGame/Assets/Plugins/Zenject/OptionalExtras/SampleGame2 (Advanced)/Scripts/Installers/EnemyInstaller.cs
  artifactKey: Guid(ba7d60db0911cee42bd0cba6d4ed9b85) Importer(2089858483,0ecaa5967403d082aa24f35e1b516d23)
Start importing Assets/TestTask_MobileGame/Assets/Plugins/Zenject/OptionalExtras/SampleGame2 (Advanced)/Scripts/Installers/EnemyInstaller.cs using Guid(ba7d60db0911cee42bd0cba6d4ed9b85) Importer(2089858483,0ecaa5967403d082aa24f35e1b516d23) [PhysX] Initialized MultithreadedTaskDispatcher with 8 workers.
 -> (artifact id: '8a32eb8e2e7824a8f26f691c9bd62671') in 0.018930 seconds
Number of updated asset objects reloaded before import = 0
Number of asset objects unloaded after import = 1
========================================================================
Received Import Request.
  Time since last request: 0.000033 seconds.
  path: Assets/TestTask_MobileGame/Assets/Plugins/Zenject/OptionalExtras/SampleGame2 (Advanced)/Media/Materials/Player.mat
  artifactKey: Guid(8f4cc0ab4d6d85f4ea468f16219910a1) Importer(2089858483,0ecaa5967403d082aa24f35e1b516d23)
Start importing Assets/TestTask_MobileGame/Assets/Plugins/Zenject/OptionalExtras/SampleGame2 (Advanced)/Media/Materials/Player.mat using Guid(8f4cc0ab4d6d85f4ea468f16219910a1) Importer(2089858483,0ecaa5967403d082aa24f35e1b516d23) [PhysX] Initialized MultithreadedTaskDispatcher with 8 workers.
 -> (artifact id: 'f7e9a6fd074af56e70db5d0c518948a0') in 0.010802 seconds
Number of updated asset objects reloaded before import = 0
Number of asset objects unloaded after import = 1
========================================================================
Received Import Request.
  Time since last request: 0.000028 seconds.
  path: Assets/TestTask_MobileGame/Assets/Plugins/Zenject/OptionalExtras/SampleGame2 (Advanced)/Media/Sounds/laser.wav
  artifactKey: Guid(34c638d8d99ccfd44a261f13505ab317) Importer(2089858483,0ecaa5967403d082aa24f35e1b516d23)
Start importing Assets/TestTask_MobileGame/Assets/Plugins/Zenject/OptionalExtras/SampleGame2 (Advanced)/Media/Sounds/laser.wav using Guid(34c638d8d99ccfd44a261f13505ab317) Importer(2089858483,0ecaa5967403d082aa24f35e1b516d23) [PhysX] Initialized MultithreadedTaskDispatcher with 8 workers.
 -> (artifact id: '6cbc0a8a0818ddf50c51f5438a015a3f') in 0.189487 seconds
Number of updated asset objects reloaded before import = 0
Number of asset objects unloaded after import = 1
========================================================================
Received Import Request.
  Time since last request: 0.000034 seconds.
  path: Assets/TestTask_MobileGame/Assets/Plugins/Zenject/Source/Runtime/AnimatorInterfaces/IAnimatorMoveHandler.cs
  artifactKey: Guid(8e42d79e9a3ccae46b54d9b173778a17) Importer(2089858483,0ecaa5967403d082aa24f35e1b516d23)
Start importing Assets/TestTask_MobileGame/Assets/Plugins/Zenject/Source/Runtime/AnimatorInterfaces/IAnimatorMoveHandler.cs using Guid(8e42d79e9a3ccae46b54d9b173778a17) Importer(2089858483,0ecaa5967403d082aa24f35e1b516d23) [PhysX] Initialized MultithreadedTaskDispatcher with 8 workers.
 -> (artifact id: '0449ac7ea8e63ac4b03b5a32d881307c') in 0.015519 seconds
Number of updated asset objects reloaded before import = 0
Number of asset objects unloaded after import = 1
========================================================================
Received Import Request.
  Time since last request: 0.000681 seconds.
  path: Assets/TestTask_MobileGame/Assets/Plugins/Zenject/Source/Binding/Binders/ConditionCopyNonLazyBinder.cs
  artifactKey: Guid(a638543bf618ed94fb418f48d9ea9329) Importer(2089858483,0ecaa5967403d082aa24f35e1b516d23)
Start importing Assets/TestTask_MobileGame/Assets/Plugins/Zenject/Source/Binding/Binders/ConditionCopyNonLazyBinder.cs using Guid(a638543bf618ed94fb418f48d9ea9329) Importer(2089858483,0ecaa5967403d082aa24f35e1b516d23) [PhysX] Initialized MultithreadedTaskDispatcher with 8 workers.
 -> (artifact id: 'bfb3202a34b2b73093d1f92ac3aa9857') in 0.017739 seconds
Number of updated asset objects reloaded before import = 0
Number of asset objects unloaded after import = 1
========================================================================
Received Import Request.
  Time since last request: 0.000377 seconds.
  path: Assets/TestTask_MobileGame/Assets/Plugins/Zenject/Source/Install/Contexts/ProjectContext.cs
  artifactKey: Guid(a4e6589720da476459dc6dd71624b071) Importer(2089858483,0ecaa5967403d082aa24f35e1b516d23)
Start importing Assets/TestTask_MobileGame/Assets/Plugins/Zenject/Source/Install/Contexts/ProjectContext.cs using Guid(a4e6589720da476459dc6dd71624b071) Importer(2089858483,0ecaa5967403d082aa24f35e1b516d23) [PhysX] Initialized MultithreadedTaskDispatcher with 8 workers.
 -> (artifact id: '4fb385c895a2b426f2a6c343ad077652') in 0.010445 seconds
Number of updated asset objects reloaded before import = 0
Number of asset objects unloaded after import = 1
========================================================================
Received Import Request.
  Time since last request: 0.000032 seconds.
  path: Assets/TestTask_MobileGame/Assets/Plugins/Zenject/Source/Binding/Binders/ArgConditionCopyNonLazyBinder.cs
  artifactKey: Guid(d0eff25a90fc7a4479dbb9a1f74dddc2) Importer(2089858483,0ecaa5967403d082aa24f35e1b516d23)
Start importing Assets/TestTask_MobileGame/Assets/Plugins/Zenject/Source/Binding/Binders/ArgConditionCopyNonLazyBinder.cs using Guid(d0eff25a90fc7a4479dbb9a1f74dddc2) Importer(2089858483,0ecaa5967403d082aa24f35e1b516d23) [PhysX] Initialized MultithreadedTaskDispatcher with 8 workers.
 -> (artifact id: '0548c8ec98d065681145661272a08165') in 0.019130 seconds
Number of updated asset objects reloaded before import = 0
Number of asset objects unloaded after import = 1
========================================================================
Received Import Request.
  Time since last request: 0.000045 seconds.
  path: Assets/TestTask_MobileGame/Assets/Plugins/Zenject/OptionalExtras/Signals/Internal/SignalDeclaration.cs
  artifactKey: Guid(1246007cc9cfbc04cb83b9bde4c34995) Importer(2089858483,0ecaa5967403d082aa24f35e1b516d23)
Start importing Assets/TestTask_MobileGame/Assets/Plugins/Zenject/OptionalExtras/Signals/Internal/SignalDeclaration.cs using Guid(1246007cc9cfbc04cb83b9bde4c34995) Importer(2089858483,0ecaa5967403d082aa24f35e1b516d23) [PhysX] Initialized MultithreadedTaskDispatcher with 8 workers.
 -> (artifact id: '1f04b4871165e12ea7714c1f52001084') in 0.009726 seconds
Number of updated asset objects reloaded before import = 0
Number of asset objects unloaded after import = 1
========================================================================
Received Import Request.
  Time since last request: 0.000033 seconds.
  path: Assets/TestTask_MobileGame/Assets/Plugins/Zenject/Source/Providers/PrefabProviders/PrefabProviderResource.cs
  artifactKey: Guid(6fa6b8670ec5932489c4102d45d987ff) Importer(2089858483,0ecaa5967403d082aa24f35e1b516d23)
Start importing Assets/TestTask_MobileGame/Assets/Plugins/Zenject/Source/Providers/PrefabProviders/PrefabProviderResource.cs using Guid(6fa6b8670ec5932489c4102d45d987ff) Importer(2089858483,0ecaa5967403d082aa24f35e1b516d23) [PhysX] Initialized MultithreadedTaskDispatcher with 8 workers.
 -> (artifact id: '74b908bafb9603c12f4217e21e0cc1f0') in 0.008537 seconds
Number of updated asset objects reloaded before import = 0
Number of asset objects unloaded after import = 1
========================================================================
Received Import Request.
  Time since last request: 0.000030 seconds.
  path: Assets/TestTask_MobileGame/Assets/Plugins/Zenject/OptionalExtras/SampleGame2 (Advanced)/Media/Materials/Enemy1.mat
  artifactKey: Guid(50755dee91b8d2142a777c6b00ad6923) Importer(2089858483,0ecaa5967403d082aa24f35e1b516d23)
Start importing Assets/TestTask_MobileGame/Assets/Plugins/Zenject/OptionalExtras/SampleGame2 (Advanced)/Media/Materials/Enemy1.mat using Guid(50755dee91b8d2142a777c6b00ad6923) Importer(2089858483,0ecaa5967403d082aa24f35e1b516d23) [PhysX] Initialized MultithreadedTaskDispatcher with 8 workers.
 -> (artifact id: '99f43d7cfc3b2a4bfea61d1cbe3f10a9') in 0.014545 seconds
Number of updated asset objects reloaded before import = 0
Number of asset objects unloaded after import = 1
========================================================================
Received Import Request.
  Time since last request: 0.000070 seconds.
  path: Assets/TestTask_MobileGame/Assets/Plugins/Zenject/OptionalExtras/Signals/Internal/Binders/SignalCopyBinder.cs
  artifactKey: Guid(604fe2d23cc79c7498be851b6970af1b) Importer(2089858483,0ecaa5967403d082aa24f35e1b516d23)
Start importing Assets/TestTask_MobileGame/Assets/Plugins/Zenject/OptionalExtras/Signals/Internal/Binders/SignalCopyBinder.cs using Guid(604fe2d23cc79c7498be851b6970af1b) Importer(2089858483,0ecaa5967403d082aa24f35e1b516d23) [PhysX] Initialized MultithreadedTaskDispatcher with 8 workers.
 -> (artifact id: 'c20102d16d96831ce9053ffaa02f87ef') in 0.023889 seconds
Number of updated asset objects reloaded before import = 0
Number of asset objects unloaded after import = 1
========================================================================
Received Import Request.
  Time since last request: 0.000026 seconds.
  path: Assets/TestTask_MobileGame/Assets/Plugins/Zenject/Source/Factories/Pooling/Static/PoolableStaticMemoryPool.cs
  artifactKey: Guid(3bf78918a4d09d44695230ef305b6e1a) Importer(2089858483,0ecaa5967403d082aa24f35e1b516d23)
Start importing Assets/TestTask_MobileGame/Assets/Plugins/Zenject/Source/Factories/Pooling/Static/PoolableStaticMemoryPool.cs using Guid(3bf78918a4d09d44695230ef305b6e1a) Importer(2089858483,0ecaa5967403d082aa24f35e1b516d23) [PhysX] Initialized MultithreadedTaskDispatcher with 8 workers.
 -> (artifact id: '23cacc8c0b6bc88d168c490f14075061') in 0.011686 seconds
Number of updated asset objects reloaded before import = 0
Number of asset objects unloaded after import = 1
========================================================================
Received Import Request.
  Time since last request: 0.000028 seconds.
  path: Assets/TestTask_MobileGame/Assets/Plugins/Zenject/Source/Binding/Binders/Factory/FactoryToChoiceIdBinder/FactoryToChoiceIdBinder1.cs
  artifactKey: Guid(a005e8d2a91ae2647927c047c663d046) Importer(2089858483,0ecaa5967403d082aa24f35e1b516d23)
Start importing Assets/TestTask_MobileGame/Assets/Plugins/Zenject/Source/Binding/Binders/Factory/FactoryToChoiceIdBinder/FactoryToChoiceIdBinder1.cs using Guid(a005e8d2a91ae2647927c047c663d046) Importer(2089858483,0ecaa5967403d082aa24f35e1b516d23) [PhysX] Initialized MultithreadedTaskDispatcher with 8 workers.
 -> (artifact id: '2b1e2e4ae0142de9bd00a55d2e92a369') in 0.008953 seconds
Number of updated asset objects reloaded before import = 0
Number of asset objects unloaded after import = 1
========================================================================
Received Import Request.
  Time since last request: 0.000042 seconds.
  path: Assets/TestTask_MobileGame/Assets/Plugins/Zenject/OptionalExtras/Signals/Internal/Binders/DeclareSignal/SignalBindingBindInfo.cs
  artifactKey: Guid(054ec2c1e404fd04f99dcab4d9012db2) Importer(2089858483,0ecaa5967403d082aa24f35e1b516d23)
Start importing Assets/TestTask_MobileGame/Assets/Plugins/Zenject/OptionalExtras/Signals/Internal/Binders/DeclareSignal/SignalBindingBindInfo.cs using Guid(054ec2c1e404fd04f99dcab4d9012db2) Importer(2089858483,0ecaa5967403d082aa24f35e1b516d23) [PhysX] Initialized MultithreadedTaskDispatcher with 8 workers.
 -> (artifact id: 'af217737bffda3861a78f88406be5840') in 0.040574 seconds
Number of updated asset objects reloaded before import = 0
Number of asset objects unloaded after import = 1
========================================================================
Received Import Request.
  Time since last request: 0.000077 seconds.
  path: Assets/TestTask_MobileGame/Assets/Plugins/Zenject/OptionalExtras/SampleGame1 (Beginner)/Media/Imported/Textures/CampfireLeft.psd
  artifactKey: Guid(a72df340b82eb4fd2afbb9dbe634f4bc) Importer(2089858483,0ecaa5967403d082aa24f35e1b516d23)
Start importing Assets/TestTask_MobileGame/Assets/Plugins/Zenject/OptionalExtras/SampleGame1 (Beginner)/Media/Imported/Textures/CampfireLeft.psd using Guid(a72df340b82eb4fd2afbb9dbe634f4bc) Importer(2089858483,0ecaa5967403d082aa24f35e1b516d23) [PhysX] Initialized MultithreadedTaskDispatcher with 8 workers.
 -> (artifact id: '18d33c6b8b8a05921f80ed8742aa457c') in 0.082901 seconds
Number of updated asset objects reloaded before import = 0
Number of asset objects unloaded after import = 1
========================================================================
Received Import Request.
  Time since last request: 0.000052 seconds.
  path: Assets/TestTask_MobileGame/Assets/Plugins/Zenject/OptionalExtras/SampleGame1 (Beginner)/Media/Imported/SpaceShip/Materials/Space_Shooter_Material.mat
  artifactKey: Guid(a514b444dba54df418424449041a3aa6) Importer(2089858483,0ecaa5967403d082aa24f35e1b516d23)
Start importing Assets/TestTask_MobileGame/Assets/Plugins/Zenject/OptionalExtras/SampleGame1 (Beginner)/Media/Imported/SpaceShip/Materials/Space_Shooter_Material.mat using Guid(a514b444dba54df418424449041a3aa6) Importer(2089858483,0ecaa5967403d082aa24f35e1b516d23) [PhysX] Initialized MultithreadedTaskDispatcher with 8 workers.
 -> (artifact id: '0c0e72eb69e642f76353b058a7f4a98f') in 0.088036 seconds
Number of updated asset objects reloaded before import = 0
Number of asset objects unloaded after import = 3
========================================================================
Received Import Request.
  Time since last request: 0.002332 seconds.
  path: Assets/TestTask_MobileGame/Assets/Plugins/Zenject/Source/Binding/Binders/Factory/Pooling/MemoryPoolExpandBinder.cs
  artifactKey: Guid(95b7c7be81364a740b952460f5a07bbf) Importer(2089858483,0ecaa5967403d082aa24f35e1b516d23)
Start importing Assets/TestTask_MobileGame/Assets/Plugins/Zenject/Source/Binding/Binders/Factory/Pooling/MemoryPoolExpandBinder.cs using Guid(95b7c7be81364a740b952460f5a07bbf) Importer(2089858483,0ecaa5967403d082aa24f35e1b516d23) [PhysX] Initialized MultithreadedTaskDispatcher with 8 workers.
 -> (artifact id: '4c4c07cc6706295f1c47f8aca3a99b1c') in 0.014921 seconds
Number of updated asset objects reloaded before import = 0
Number of asset objects unloaded after import = 1
========================================================================
Received Import Request.
  Time since last request: 0.000026 seconds.
  path: Assets/TestTask_MobileGame/Assets/Plugins/Zenject/Source/Factories/Pooling/Util/DictionaryPool.cs
  artifactKey: Guid(031a0490d1684424e9e33b22106cb178) Importer(2089858483,0ecaa5967403d082aa24f35e1b516d23)
Start importing Assets/TestTask_MobileGame/Assets/Plugins/Zenject/Source/Factories/Pooling/Util/DictionaryPool.cs using Guid(031a0490d1684424e9e33b22106cb178) Importer(2089858483,0ecaa5967403d082aa24f35e1b516d23) [PhysX] Initialized MultithreadedTaskDispatcher with 8 workers.
 -> (artifact id: '692ae5b2fafb676929e33a127eff08f1') in 0.009142 seconds
Number of updated asset objects reloaded before import = 0
Number of asset objects unloaded after import = 1
========================================================================
Received Import Request.
  Time since last request: 0.000040 seconds.
  path: Assets/TestTask_MobileGame/Assets/Plugins/Zenject/OptionalExtras/SampleGame1 (Beginner)/Scripts/Ship/States/ShipStateWaitingToStart.cs
  artifactKey: Guid(ce3520353cbeb084691b14a57a7bec93) Importer(2089858483,0ecaa5967403d082aa24f35e1b516d23)
Start importing Assets/TestTask_MobileGame/Assets/Plugins/Zenject/OptionalExtras/SampleGame1 (Beginner)/Scripts/Ship/States/ShipStateWaitingToStart.cs using Guid(ce3520353cbeb084691b14a57a7bec93) Importer(2089858483,0ecaa5967403d082aa24f35e1b516d23) [PhysX] Initialized MultithreadedTaskDispatcher with 8 workers.
 -> (artifact id: '6bb0763711a1f1ee52af937c95a7ad44') in 0.012742 seconds
Number of updated asset objects reloaded before import = 0
Number of asset objects unloaded after import = 1
========================================================================
Received Import Request.
  Time since last request: 0.000337 seconds.
  path: Assets/TestTask_MobileGame/Assets/Plugins/Zenject/Source/Factories/Pooling/Util/ListPool.cs
  artifactKey: Guid(f30364d1ac067164ea56051cd000b49f) Importer(2089858483,0ecaa5967403d082aa24f35e1b516d23)
Start importing Assets/TestTask_MobileGame/Assets/Plugins/Zenject/Source/Factories/Pooling/Util/ListPool.cs using Guid(f30364d1ac067164ea56051cd000b49f) Importer(2089858483,0ecaa5967403d082aa24f35e1b516d23) [PhysX] Initialized MultithreadedTaskDispatcher with 8 workers.
 -> (artifact id: '4c31035029aee8b1254231b17fa667ad') in 0.008762 seconds
Number of updated asset objects reloaded before import = 0
Number of asset objects unloaded after import = 1
========================================================================
Received Import Request.
  Time since last request: 0.000027 seconds.
  path: Assets/TestTask_MobileGame/Assets/Plugins/Zenject/Source/Binding/Binders/Factory/FactoryToChoiceBinder/FactoryToChoiceBinder0.cs
  artifactKey: Guid(98bc5c26f28a00544afe116adee67cc2) Importer(2089858483,0ecaa5967403d082aa24f35e1b516d23)
Start importing Assets/TestTask_MobileGame/Assets/Plugins/Zenject/Source/Binding/Binders/Factory/FactoryToChoiceBinder/FactoryToChoiceBinder0.cs using Guid(98bc5c26f28a00544afe116adee67cc2) Importer(2089858483,0ecaa5967403d082aa24f35e1b516d23) [PhysX] Initialized MultithreadedTaskDispatcher with 8 workers.
 -> (artifact id: 'c217559eaf55520754401a7357651de4') in 0.018176 seconds
Number of updated asset objects reloaded before import = 0
Number of asset objects unloaded after import = 1
========================================================================
Received Import Request.
  Time since last request: 0.000028 seconds.
  path: Assets/TestTask_MobileGame/Assets/Plugins/Zenject/OptionalExtras/SampleGame1 (Beginner)/Scripts/Ship/States/ShipStateDead.cs
  artifactKey: Guid(379e1c748b9152a449b52cd01e25a642) Importer(2089858483,0ecaa5967403d082aa24f35e1b516d23)
Start importing Assets/TestTask_MobileGame/Assets/Plugins/Zenject/OptionalExtras/SampleGame1 (Beginner)/Scripts/Ship/States/ShipStateDead.cs using Guid(379e1c748b9152a449b52cd01e25a642) Importer(2089858483,0ecaa5967403d082aa24f35e1b516d23) [PhysX] Initialized MultithreadedTaskDispatcher with 8 workers.
 -> (artifact id: '81c4f8854db15110e9cf72bf07033942') in 0.022733 seconds
Number of updated asset objects reloaded before import = 0
Number of asset objects unloaded after import = 1
========================================================================
Received Import Request.
  Time since last request: 0.000045 seconds.
  path: Assets/TestTask_MobileGame/Assets/Plugins/Zenject/OptionalExtras/SampleGame1 (Beginner)/Media/Imported/SpaceShip/Space_Shooter.fbm/1K_Spec.jpg
  artifactKey: Guid(655ab62be1e02e34e88e39ed8c91a0c4) Importer(2089858483,0ecaa5967403d082aa24f35e1b516d23)
Start importing Assets/TestTask_MobileGame/Assets/Plugins/Zenject/OptionalExtras/SampleGame1 (Beginner)/Media/Imported/SpaceShip/Space_Shooter.fbm/1K_Spec.jpg using Guid(655ab62be1e02e34e88e39ed8c91a0c4) Importer(2089858483,0ecaa5967403d082aa24f35e1b516d23) [PhysX] Initialized MultithreadedTaskDispatcher with 8 workers.
 -> (artifact id: '25d3009833b63a9d25afc83b144281eb') in 0.059466 seconds
Number of updated asset objects reloaded before import = 0
Number of asset objects unloaded after import = 1
========================================================================
Received Import Request.
  Time since last request: 0.000040 seconds.
  path: Assets/TestTask_MobileGame/Assets/Plugins/UniTask/Runtime/External/DOTween/UniTask.DOTween.asmdef
  artifactKey: Guid(029c1c1b674aaae47a6841a0b89ad80e) Importer(2089858483,0ecaa5967403d082aa24f35e1b516d23)
Start importing Assets/TestTask_MobileGame/Assets/Plugins/UniTask/Runtime/External/DOTween/UniTask.DOTween.asmdef using Guid(029c1c1b674aaae47a6841a0b89ad80e) Importer(2089858483,0ecaa5967403d082aa24f35e1b516d23) [PhysX] Initialized MultithreadedTaskDispatcher with 8 workers.
 -> (artifact id: '98952b3702a33e186b662d59e5269ef9') in 0.051355 seconds
Number of updated asset objects reloaded before import = 0
Number of asset objects unloaded after import = 1
========================================================================
Received Import Request.
  Time since last request: 0.000041 seconds.
  path: Assets/TestTask_MobileGame/Assets/Plugins/Zenject/Source/Factories/Pooling/Util/ArrayPool.cs
  artifactKey: Guid(891d6e713fcfdfc4a95271fdee018e94) Importer(2089858483,0ecaa5967403d082aa24f35e1b516d23)
Start importing Assets/TestTask_MobileGame/Assets/Plugins/Zenject/Source/Factories/Pooling/Util/ArrayPool.cs using Guid(891d6e713fcfdfc4a95271fdee018e94) Importer(2089858483,0ecaa5967403d082aa24f35e1b516d23) [PhysX] Initialized MultithreadedTaskDispatcher with 8 workers.
 -> (artifact id: '40c4da287f401d75aecb32eb11c7b77a') in 0.007903 seconds
Number of updated asset objects reloaded before import = 0
Number of asset objects unloaded after import = 1
========================================================================
Received Import Request.
  Time since last request: 0.000039 seconds.
  path: Assets/TestTask_MobileGame/Assets/Plugins/Zenject/Source/Binding/Binders/Factory/FactoryFromBinder/SubContainerBinder/FactorySubContainerBinderBase.cs
  artifactKey: Guid(387c12fd770c48e49bcefe4c0723d511) Importer(2089858483,0ecaa5967403d082aa24f35e1b516d23)
Start importing Assets/TestTask_MobileGame/Assets/Plugins/Zenject/Source/Binding/Binders/Factory/FactoryFromBinder/SubContainerBinder/FactorySubContainerBinderBase.cs using Guid(387c12fd770c48e49bcefe4c0723d511) Importer(2089858483,0ecaa5967403d082aa24f35e1b516d23) [PhysX] Initialized MultithreadedTaskDispatcher with 8 workers.
 -> (artifact id: '0c46616972f6a8b02b270a286c5cd647') in 0.012936 seconds
Number of updated asset objects reloaded before import = 0
Number of asset objects unloaded after import = 1
========================================================================
Received Import Request.
  Time since last request: 0.000035 seconds.
  path: Assets/TestTask_MobileGame/Assets/Plugins/Zenject/OptionalExtras/SampleGame1 (Beginner)/Media/Textures/Background/Materials/Free_Shmup_Sprites_Starfield 1.mat
  artifactKey: Guid(f96f18654fcb0a742b51183dab201105) Importer(2089858483,0ecaa5967403d082aa24f35e1b516d23)
Start importing Assets/TestTask_MobileGame/Assets/Plugins/Zenject/OptionalExtras/SampleGame1 (Beginner)/Media/Textures/Background/Materials/Free_Shmup_Sprites_Starfield 1.mat using Guid(f96f18654fcb0a742b51183dab201105) Importer(2089858483,0ecaa5967403d082aa24f35e1b516d23) [PhysX] Initialized MultithreadedTaskDispatcher with 8 workers.
 -> (artifact id: '5b70997c5c81312177f9e9626c001d6c') in 0.017901 seconds
Number of updated asset objects reloaded before import = 0
Number of asset objects unloaded after import = 2
========================================================================
Received Import Request.
  Time since last request: 0.000030 seconds.
  path: Assets/TestTask_MobileGame/Assets/Plugins/Zenject/Source/Binding/Finalizers/IBindingFinalizer.cs
  artifactKey: Guid(d0c24b30b6678884db62f15947ec943c) Importer(2089858483,0ecaa5967403d082aa24f35e1b516d23)
Start importing Assets/TestTask_MobileGame/Assets/Plugins/Zenject/Source/Binding/Finalizers/IBindingFinalizer.cs using Guid(d0c24b30b6678884db62f15947ec943c) Importer(2089858483,0ecaa5967403d082aa24f35e1b516d23) [PhysX] Initialized MultithreadedTaskDispatcher with 8 workers.
 -> (artifact id: 'a260019830051606a8f2faa04095f1d8') in 0.009668 seconds
Number of updated asset objects reloaded before import = 0
Number of asset objects unloaded after import = 1
========================================================================
Received Import Request.
  Time since last request: 0.000029 seconds.
  path: Assets/TestTask_MobileGame/Assets/Plugins/Zenject/Source/Binding/Binders/Factory/FactoryFromBinder/SubContainerBinder/FactorySubContainerBinder2.cs
  artifactKey: Guid(5f32bdc495dbe204caab18bace045515) Importer(2089858483,0ecaa5967403d082aa24f35e1b516d23)
Start importing Assets/TestTask_MobileGame/Assets/Plugins/Zenject/Source/Binding/Binders/Factory/FactoryFromBinder/SubContainerBinder/FactorySubContainerBinder2.cs using Guid(5f32bdc495dbe204caab18bace045515) Importer(2089858483,0ecaa5967403d082aa24f35e1b516d23) [PhysX] Initialized MultithreadedTaskDispatcher with 8 workers.
 -> (artifact id: '860100e6c1bdba4a4d2ed9d24929cd6f') in 0.009373 seconds
Number of updated asset objects reloaded before import = 0
Number of asset objects unloaded after import = 1
========================================================================
Received Import Request.
  Time since last request: 0.000027 seconds.
  path: Assets/TestTask_MobileGame/Assets/Plugins/Zenject/OptionalExtras/SampleGame2 (Advanced)/Scripts/Installers/PlayerInstaller.cs
  artifactKey: Guid(ff1b44a433bb75344a686526fba7452b) Importer(2089858483,0ecaa5967403d082aa24f35e1b516d23)
Start importing Assets/TestTask_MobileGame/Assets/Plugins/Zenject/OptionalExtras/SampleGame2 (Advanced)/Scripts/Installers/PlayerInstaller.cs using Guid(ff1b44a433bb75344a686526fba7452b) Importer(2089858483,0ecaa5967403d082aa24f35e1b516d23) [PhysX] Initialized MultithreadedTaskDispatcher with 8 workers.
 -> (artifact id: '147eaddee048baeb06b1a47e30f85902') in 0.011720 seconds
Number of updated asset objects reloaded before import = 0
Number of asset objects unloaded after import = 1
========================================================================
Received Import Request.
  Time since last request: 0.000032 seconds.
  path: Assets/TestTask_MobileGame/Assets/Plugins/Zenject/Source/Providers/SubContainerCreators/SubContainerCreatorCached.cs
  artifactKey: Guid(64db75da3b9de56409556af4513979c2) Importer(2089858483,0ecaa5967403d082aa24f35e1b516d23)
Start importing Assets/TestTask_MobileGame/Assets/Plugins/Zenject/Source/Providers/SubContainerCreators/SubContainerCreatorCached.cs using Guid(64db75da3b9de56409556af4513979c2) Importer(2089858483,0ecaa5967403d082aa24f35e1b516d23) [PhysX] Initialized MultithreadedTaskDispatcher with 8 workers.
 -> (artifact id: 'b2e69a2b7e4ecfb9859577ce9d6b0078') in 0.034635 seconds
Number of updated asset objects reloaded before import = 0
Number of asset objects unloaded after import = 1
========================================================================
Received Import Request.
  Time since last request: 0.000056 seconds.
  path: Assets/TestTask_MobileGame/Assets/Plugins/Zenject/Source/Factories/Pooling/Util/HashSetPool.cs
  artifactKey: Guid(89c66035001289a4199cb04e17d0bc28) Importer(2089858483,0ecaa5967403d082aa24f35e1b516d23)
Start importing Assets/TestTask_MobileGame/Assets/Plugins/Zenject/Source/Factories/Pooling/Util/HashSetPool.cs using Guid(89c66035001289a4199cb04e17d0bc28) Importer(2089858483,0ecaa5967403d082aa24f35e1b516d23) [PhysX] Initialized MultithreadedTaskDispatcher with 8 workers.
 -> (artifact id: 'bc90ee07fd680127f25e5f0961d15242') in 0.012234 seconds
Number of updated asset objects reloaded before import = 0
Number of asset objects unloaded after import = 1
========================================================================
Received Import Request.
  Time since last request: 0.000042 seconds.
  path: Assets/TestTask_MobileGame/Assets/Plugins/Zenject/OptionalExtras/SampleGame2 (Advanced)/Scripts/Enemy/GameEvents.cs
  artifactKey: Guid(432f74bf3abdd7e4facd4bba2a8fe60b) Importer(2089858483,0ecaa5967403d082aa24f35e1b516d23)
Start importing Assets/TestTask_MobileGame/Assets/Plugins/Zenject/OptionalExtras/SampleGame2 (Advanced)/Scripts/Enemy/GameEvents.cs using Guid(432f74bf3abdd7e4facd4bba2a8fe60b) Importer(2089858483,0ecaa5967403d082aa24f35e1b516d23) [PhysX] Initialized MultithreadedTaskDispatcher with 8 workers.
 -> (artifact id: '14ff30de78dcccc87de60cf1362f8e8c') in 0.014630 seconds
Number of updated asset objects reloaded before import = 0
Number of asset objects unloaded after import = 1
========================================================================
Received Import Request.
  Time since last request: 0.000034 seconds.
  path: Assets/TestTask_MobileGame/Assets/Plugins/Zenject/OptionalExtras/SampleGame1 (Beginner)/Resources/Installers/GameSettingsInstaller.asset
  artifactKey: Guid(48da99ff693be7b4d89b133042973796) Importer(2089858483,0ecaa5967403d082aa24f35e1b516d23)
Start importing Assets/TestTask_MobileGame/Assets/Plugins/Zenject/OptionalExtras/SampleGame1 (Beginner)/Resources/Installers/GameSettingsInstaller.asset using Guid(48da99ff693be7b4d89b133042973796) Importer(2089858483,0ecaa5967403d082aa24f35e1b516d23) [PhysX] Initialized MultithreadedTaskDispatcher with 8 workers.
 -> (artifact id: 'e71999430b7403a34f1dc6671f43a233') in 0.056779 seconds
Number of updated asset objects reloaded before import = 0
Number of asset objects unloaded after import = 72
========================================================================
Received Import Request.
  Time since last request: 0.000036 seconds.
  path: Assets/TestTask_MobileGame/Assets/Plugins/Zenject/OptionalExtras/Signals/Internal/Binders/BindSignal/BindSignalToBinder.cs
  artifactKey: Guid(6df1bca64a984074fb4af41dc1d42a07) Importer(2089858483,0ecaa5967403d082aa24f35e1b516d23)
Start importing Assets/TestTask_MobileGame/Assets/Plugins/Zenject/OptionalExtras/Signals/Internal/Binders/BindSignal/BindSignalToBinder.cs using Guid(6df1bca64a984074fb4af41dc1d42a07) Importer(2089858483,0ecaa5967403d082aa24f35e1b516d23) [PhysX] Initialized MultithreadedTaskDispatcher with 8 workers.
 -> (artifact id: '41a6dee0927a2d7a96467de9f2406b35') in 0.015209 seconds
Number of updated asset objects reloaded before import = 0
Number of asset objects unloaded after import = 1
========================================================================
Received Import Request.
  Time since last request: 0.000033 seconds.
  path: Assets/TestTask_MobileGame/Assets/Plugins/Zenject/OptionalExtras/SampleGame2 (Advanced)/Scripts/Enemy/States/EnemyStateIdle.cs
  artifactKey: Guid(7a99ffa8c241c8a4e97392c7903712f0) Importer(2089858483,0ecaa5967403d082aa24f35e1b516d23)
Start importing Assets/TestTask_MobileGame/Assets/Plugins/Zenject/OptionalExtras/SampleGame2 (Advanced)/Scripts/Enemy/States/EnemyStateIdle.cs using Guid(7a99ffa8c241c8a4e97392c7903712f0) Importer(2089858483,0ecaa5967403d082aa24f35e1b516d23) [PhysX] Initialized MultithreadedTaskDispatcher with 8 workers.
 -> (artifact id: '659153cdf706abc443eb1dae4b89828f') in 0.011633 seconds
Number of updated asset objects reloaded before import = 0
Number of asset objects unloaded after import = 1
========================================================================
Received Import Request.
  Time since last request: 0.000053 seconds.
  path: Assets/TestTask_MobileGame/Assets/Plugins/Zenject/Source/Binding/Binders/Factory/FactoryArgumentsToChoiceBinder/FactoryArgumentsToChoiceBinder10.cs
  artifactKey: Guid(614bb4e31afa5154487c94e128e9461a) Importer(2089858483,0ecaa5967403d082aa24f35e1b516d23)
Start importing Assets/TestTask_MobileGame/Assets/Plugins/Zenject/Source/Binding/Binders/Factory/FactoryArgumentsToChoiceBinder/FactoryArgumentsToChoiceBinder10.cs using Guid(614bb4e31afa5154487c94e128e9461a) Importer(2089858483,0ecaa5967403d082aa24f35e1b516d23) [PhysX] Initialized MultithreadedTaskDispatcher with 8 workers.
 -> (artifact id: 'b5e76e436a109ed992ae8c00c9b32e9b') in 0.013204 seconds
Number of updated asset objects reloaded before import = 0
Number of asset objects unloaded after import = 1
========================================================================
Received Import Request.
  Time since last request: 0.000033 seconds.
  path: Assets/TestTask_MobileGame/Assets/Plugins/Zenject/Source/Binding/Binders/Factory/FactoryToChoiceIdBinder/FactoryToChoiceIdBinder5.cs
  artifactKey: Guid(20b01a4cfa147764a9e52134e2a32bb4) Importer(2089858483,0ecaa5967403d082aa24f35e1b516d23)
Start importing Assets/TestTask_MobileGame/Assets/Plugins/Zenject/Source/Binding/Binders/Factory/FactoryToChoiceIdBinder/FactoryToChoiceIdBinder5.cs using Guid(20b01a4cfa147764a9e52134e2a32bb4) Importer(2089858483,0ecaa5967403d082aa24f35e1b516d23) [PhysX] Initialized MultithreadedTaskDispatcher with 8 workers.
 -> (artifact id: '4821782caa03f8a31cdb7efed7d90105') in 0.012767 seconds
Number of updated asset objects reloaded before import = 0
Number of asset objects unloaded after import = 1
========================================================================
Received Import Request.
  Time since last request: 0.000049 seconds.
  path: Assets/TestTask_MobileGame/Assets/Plugins/Zenject/Source/Binding/Binders/Factory/Pooling/MemoryPoolBindingFinalizer.cs
  artifactKey: Guid(41eb30ac64078db4090dd136ccaf1fbe) Importer(2089858483,0ecaa5967403d082aa24f35e1b516d23)
Start importing Assets/TestTask_MobileGame/Assets/Plugins/Zenject/Source/Binding/Binders/Factory/Pooling/MemoryPoolBindingFinalizer.cs using Guid(41eb30ac64078db4090dd136ccaf1fbe) Importer(2089858483,0ecaa5967403d082aa24f35e1b516d23) [PhysX] Initialized MultithreadedTaskDispatcher with 8 workers.
 -> (artifact id: '012c464cf8044191148ad6e2a0d3b7f5') in 0.010203 seconds
Number of updated asset objects reloaded before import = 0
Number of asset objects unloaded after import = 1
========================================================================
Received Import Request.
  Time since last request: 0.000031 seconds.
  path: Assets/TestTask_MobileGame/Assets/Plugins/UniTask/Runtime/Linq/Take.cs
  artifactKey: Guid(42f02cb84e5875b488304755d0e1383d) Importer(2089858483,0ecaa5967403d082aa24f35e1b516d23)
Start importing Assets/TestTask_MobileGame/Assets/Plugins/UniTask/Runtime/Linq/Take.cs using Guid(42f02cb84e5875b488304755d0e1383d) Importer(2089858483,0ecaa5967403d082aa24f35e1b516d23) [PhysX] Initialized MultithreadedTaskDispatcher with 8 workers.
 -> (artifact id: 'eb623120f1655223a6fd92c15b5f3c84') in 0.038319 seconds
Number of updated asset objects reloaded before import = 0
Number of asset objects unloaded after import = 1
========================================================================
Received Import Request.
  Time since last request: 0.000298 seconds.
  path: Assets/TestTask_MobileGame/Assets/Plugins/UniRx/Scripts/System/Tuple.cs
  artifactKey: Guid(be811500a5640704b92de622c9202d48) Importer(2089858483,0ecaa5967403d082aa24f35e1b516d23)
Start importing Assets/TestTask_MobileGame/Assets/Plugins/UniRx/Scripts/System/Tuple.cs using Guid(be811500a5640704b92de622c9202d48) Importer(2089858483,0ecaa5967403d082aa24f35e1b516d23) [PhysX] Initialized MultithreadedTaskDispatcher with 8 workers.
 -> (artifact id: '552ec8d663a1ed0d13845b1c54bb010d') in 0.023207 seconds
Number of updated asset objects reloaded before import = 0
Number of asset objects unloaded after import = 1
========================================================================
Received Import Request.
  Time since last request: 0.000032 seconds.
  path: Assets/TestTask_MobileGame/Assets/Plugins/UniRx/Scripts/Operators/ToObservable.cs
  artifactKey: Guid(7cd3ae084c8ca754f9aceca2e18c3af9) Importer(2089858483,0ecaa5967403d082aa24f35e1b516d23)
Start importing Assets/TestTask_MobileGame/Assets/Plugins/UniRx/Scripts/Operators/ToObservable.cs using Guid(7cd3ae084c8ca754f9aceca2e18c3af9) Importer(2089858483,0ecaa5967403d082aa24f35e1b516d23) [PhysX] Initialized MultithreadedTaskDispatcher with 8 workers.
 -> (artifact id: 'a567e1c8cc449492ae26534cbc9d85d9') in 0.024438 seconds
Number of updated asset objects reloaded before import = 0
Number of asset objects unloaded after import = 1
========================================================================
Received Import Request.
  Time since last request: 0.000968 seconds.
  path: Assets/TestTask_MobileGame/Assets/Plugins/UniTask/Runtime/Linq/Count.cs
  artifactKey: Guid(e606d38eed688574bb2ba89d983cc9bb) Importer(2089858483,0ecaa5967403d082aa24f35e1b516d23)
Start importing Assets/TestTask_MobileGame/Assets/Plugins/UniTask/Runtime/Linq/Count.cs using Guid(e606d38eed688574bb2ba89d983cc9bb) Importer(2089858483,0ecaa5967403d082aa24f35e1b516d23) [PhysX] Initialized MultithreadedTaskDispatcher with 8 workers.
 -> (artifact id: '5e6655909486f2ca1814401123174ae7') in 0.012125 seconds
Number of updated asset objects reloaded before import = 0
Number of asset objects unloaded after import = 1
========================================================================
Received Import Request.
  Time since last request: 0.000027 seconds.
  path: Assets/TestTask_MobileGame/Assets/Plugins/UniTask/Runtime/Linq/First.cs
  artifactKey: Guid(417946e97e9eed84db6f840f57037ca6) Importer(2089858483,0ecaa5967403d082aa24f35e1b516d23)
Start importing Assets/TestTask_MobileGame/Assets/Plugins/UniTask/Runtime/Linq/First.cs using Guid(417946e97e9eed84db6f840f57037ca6) Importer(2089858483,0ecaa5967403d082aa24f35e1b516d23) [PhysX] Initialized MultithreadedTaskDispatcher with 8 workers.
 -> (artifact id: '1b5cc80d91f50b782fd53bb8aecca2a1') in 0.010962 seconds
Number of updated asset objects reloaded before import = 0
Number of asset objects unloaded after import = 1
========================================================================
Received Import Request.
  Time since last request: 0.000176 seconds.
  path: Assets/TestTask_MobileGame/Assets/Plugins/UniTask/Runtime/Linq/Buffer.cs
  artifactKey: Guid(951310243334a3148a7872977cb31c5c) Importer(2089858483,0ecaa5967403d082aa24f35e1b516d23)
Start importing Assets/TestTask_MobileGame/Assets/Plugins/UniTask/Runtime/Linq/Buffer.cs using Guid(951310243334a3148a7872977cb31c5c) Importer(2089858483,0ecaa5967403d082aa24f35e1b516d23) [PhysX] Initialized MultithreadedTaskDispatcher with 8 workers.
 -> (artifact id: '2a13d07874d64530fb6e7c107000cbd9') in 0.013270 seconds
Number of updated asset objects reloaded before import = 0
Number of asset objects unloaded after import = 1
========================================================================
Received Import Request.
  Time since last request: 0.000048 seconds.
  path: Assets/TestTask_MobileGame/Assets/Plugins/UniRx/Scripts/InternalUtil/ListObserver.cs
  artifactKey: Guid(889dc2f3c5f44d24a98a2c25510b4346) Importer(2089858483,0ecaa5967403d082aa24f35e1b516d23)
Start importing Assets/TestTask_MobileGame/Assets/Plugins/UniRx/Scripts/InternalUtil/ListObserver.cs using Guid(889dc2f3c5f44d24a98a2c25510b4346) Importer(2089858483,0ecaa5967403d082aa24f35e1b516d23) [PhysX] Initialized MultithreadedTaskDispatcher with 8 workers.
 -> (artifact id: 'e0d94072fc716b0d533407ce8ee030c5') in 0.008905 seconds
Number of updated asset objects reloaded before import = 0
Number of asset objects unloaded after import = 1
========================================================================
Received Import Request.
  Time since last request: 0.000029 seconds.
  path: Assets/TestTask_MobileGame/Assets/Plugins/UniRx/Scripts/Operators/Range.cs
  artifactKey: Guid(2249fbe589c8d3042ac201c1ab4be76f) Importer(2089858483,0ecaa5967403d082aa24f35e1b516d23)
Start importing Assets/TestTask_MobileGame/Assets/Plugins/UniRx/Scripts/Operators/Range.cs using Guid(2249fbe589c8d3042ac201c1ab4be76f) Importer(2089858483,0ecaa5967403d082aa24f35e1b516d23) [PhysX] Initialized MultithreadedTaskDispatcher with 8 workers.
 -> (artifact id: 'b8d9842ceefd930308a04ff3dcf0eb33') in 0.009600 seconds
Number of updated asset objects reloaded before import = 0
Number of asset objects unloaded after import = 1
========================================================================
Received Import Request.
  Time since last request: 0.000029 seconds.
  path: Assets/TestTask_MobileGame/Assets/Plugins/UniRx/Scripts/Operators/Wait.cs
  artifactKey: Guid(ea55c5647aa075b4f894dd37abf5e469) Importer(2089858483,0ecaa5967403d082aa24f35e1b516d23)
Start importing Assets/TestTask_MobileGame/Assets/Plugins/UniRx/Scripts/Operators/Wait.cs using Guid(ea55c5647aa075b4f894dd37abf5e469) Importer(2089858483,0ecaa5967403d082aa24f35e1b516d23) [PhysX] Initialized MultithreadedTaskDispatcher with 8 workers.
 -> (artifact id: '36007a8e901d77f54b1c6e9b390635f7') in 0.020680 seconds
Number of updated asset objects reloaded before import = 0
Number of asset objects unloaded after import = 1
========================================================================
Received Import Request.
  Time since last request: 0.000029 seconds.
  path: Assets/TestTask_MobileGame/Assets/Plugins/UniRx/Scripts/Operators/Return.cs
  artifactKey: Guid(25648117feeec6043bd39468bfab62b7) Importer(2089858483,0ecaa5967403d082aa24f35e1b516d23)
Start importing Assets/TestTask_MobileGame/Assets/Plugins/UniRx/Scripts/Operators/Return.cs using Guid(25648117feeec6043bd39468bfab62b7) Importer(2089858483,0ecaa5967403d082aa24f35e1b516d23) [PhysX] Initialized MultithreadedTaskDispatcher with 8 workers.
 -> (artifact id: 'f5f55f2b92191489819ad3c05d5b9d54') in 0.012910 seconds
Number of updated asset objects reloaded before import = 0
Number of asset objects unloaded after import = 1
========================================================================
Received Import Request.
  Time since last request: 0.000031 seconds.
  path: Assets/TestTask_MobileGame/Assets/Plugins/UniRx/Scripts/Notifiers/ScheduledNotifier.cs
  artifactKey: Guid(e6f53242e655cbe4e889538216dc9e17) Importer(2089858483,0ecaa5967403d082aa24f35e1b516d23)
Start importing Assets/TestTask_MobileGame/Assets/Plugins/UniRx/Scripts/Notifiers/ScheduledNotifier.cs using Guid(e6f53242e655cbe4e889538216dc9e17) Importer(2089858483,0ecaa5967403d082aa24f35e1b516d23) [PhysX] Initialized MultithreadedTaskDispatcher with 8 workers.
 -> (artifact id: '9e6f78be4439225f5894138739c12a1e') in 0.019040 seconds
Number of updated asset objects reloaded before import = 0
Number of asset objects unloaded after import = 1
========================================================================
Received Import Request.
  Time since last request: 0.000044 seconds.
  path: Assets/TestTask_MobileGame/Assets/Scripts/Core/Tweener/Decorator/SequenceTweener.cs
  artifactKey: Guid(93f8da67750341d6a3a37eeefc38f63c) Importer(2089858483,0ecaa5967403d082aa24f35e1b516d23)
Start importing Assets/TestTask_MobileGame/Assets/Scripts/Core/Tweener/Decorator/SequenceTweener.cs using Guid(93f8da67750341d6a3a37eeefc38f63c) Importer(2089858483,0ecaa5967403d082aa24f35e1b516d23) [PhysX] Initialized MultithreadedTaskDispatcher with 8 workers.
 -> (artifact id: 'c8626036be0b264f3ce7b653c1bcdf30') in 0.009069 seconds
Number of updated asset objects reloaded before import = 0
Number of asset objects unloaded after import = 1
========================================================================
Received Import Request.
  Time since last request: 0.000029 seconds.
  path: Assets/TestTask_MobileGame/Assets/Plugins/Zenject/Source/Editor/SceneParentLoading/SceneParentAutomaticLoader.cs
  artifactKey: Guid(c9f09e0752f64214ba3413d7fdc47736) Importer(2089858483,0ecaa5967403d082aa24f35e1b516d23)
Start importing Assets/TestTask_MobileGame/Assets/Plugins/Zenject/Source/Editor/SceneParentLoading/SceneParentAutomaticLoader.cs using Guid(c9f09e0752f64214ba3413d7fdc47736) Importer(2089858483,0ecaa5967403d082aa24f35e1b516d23) [PhysX] Initialized MultithreadedTaskDispatcher with 8 workers.
 -> (artifact id: '13b962b76dcec03cc50f86cc4e56926e') in 0.015532 seconds
Number of updated asset objects reloaded before import = 0
Number of asset objects unloaded after import = 1
========================================================================
Received Import Request.
  Time since last request: 0.000032 seconds.
  path: Assets/TestTask_MobileGame/Assets/Plugins/UniRx/Scripts/Operators/ObserveOn.cs
  artifactKey: Guid(39df784f492c7404286d05b09a840705) Importer(2089858483,0ecaa5967403d082aa24f35e1b516d23)
Start importing Assets/TestTask_MobileGame/Assets/Plugins/UniRx/Scripts/Operators/ObserveOn.cs using Guid(39df784f492c7404286d05b09a840705) Importer(2089858483,0ecaa5967403d082aa24f35e1b516d23) [PhysX] Initialized MultithreadedTaskDispatcher with 8 workers.
 -> (artifact id: 'a7737bbcc403c8b9a85d5a2161d722c6') in 0.006362 seconds
Number of updated asset objects reloaded before import = 0
Number of asset objects unloaded after import = 1
========================================================================
Received Prepare
Switching render pipeline 00000000000000000000000000000000 -> 7a47944f5181ed94f94b6ddaec3e3d1a
Refreshing native plugins compatible for Editor in 3.10 ms, found 0 plugins.
Preloading 0 native plugins for Editor in 0.00 ms.
Unloading 53 Unused Serialized files (Serialized files now loaded: 0)
Unloading 15 unused Assets / (0.8 MB). Loaded Objects now: 3568.
Memory consumption went from 87.7 MB to 86.9 MB.
Total: 7.062600 ms (FindLiveObjects: 0.493200 ms CreateObjectMapping: 0.136200 ms MarkObjects: 5.897600 ms  DeleteObjects: 0.533900 ms)

Prepare: number of updated asset objects reloaded= 0
AssetImportParameters requested are different than current active one (requested -> active):
  custom:video-decoder-webm-vp8: 9c59270c3fd7afecdb556c50c9e8de78 -> 
  custom:SearchIndexIgnoredProperties: e643bd26f0fe6173181afceb89e7c659 -> 
  custom:container-demuxer-ogg: 62fdf1f143b41e24485cea50d1cbac27 -> 
  custom:AudioImporter_EditorPlatform: d09bf68614088b80899f8185d706f6e7 -> 
  custom:video-decoder-ogg-theora: a1e56fd34408186e4bbccfd4996cb3dc -> 
  custom:framework-win-MediaFoundation: 216162199b28c13a410421893ffa2e32 -> 
  custom:video-encoder-webm-vp8: eb34c28f22e8b96e1ab97ce403110664 -> 
  custom:audio-decoder-ogg-vorbis: bf7c407c2cedff20999df2af8eb42d56 -> 
  custom:CustomObjectIndexerAttribute: 72b91833f83ae208fae7752999fa3104 -> 
  custom:container-demuxer-webm: 4f35f7cbe854078d1ac9338744f61a02 -> 
  custom:audio-encoder-webm-vorbis: bf7c407c2cedff20999df2af8eb42d56 -> 
  custom:container-muxer-webm: aa71ff27fc2769a1b78a27578f13a17b -> 
========================================================================
Received Prepare
Refreshing native plugins compatible for Editor in 2.82 ms, found 0 plugins.
Preloading 0 native plugins for Editor in 0.00 ms.
Unloading 16 Unused Serialized files (Serialized files now loaded: 0)
Unloading 2 unused Assets / (308.1 KB). Loaded Objects now: 3584.
Memory consumption went from 90.8 MB to 90.5 MB.
Total: 8.482700 ms (FindLiveObjects: 0.588300 ms CreateObjectMapping: 0.200300 ms MarkObjects: 7.596700 ms  DeleteObjects: 0.095700 ms)

Prepare: number of updated asset objects reloaded= 1
AssetImportParameters requested are different than current active one (requested -> active):
  custom:video-decoder-webm-vp8: 9c59270c3fd7afecdb556c50c9e8de78 -> 
  custom:SearchIndexIgnoredProperties: e643bd26f0fe6173181afceb89e7c659 -> 
  custom:container-demuxer-ogg: 62fdf1f143b41e24485cea50d1cbac27 -> 
  custom:AudioImporter_EditorPlatform: d09bf68614088b80899f8185d706f6e7 -> 
  custom:video-decoder-ogg-theora: a1e56fd34408186e4bbccfd4996cb3dc -> 
  custom:framework-win-MediaFoundation: 216162199b28c13a410421893ffa2e32 -> 
  custom:video-encoder-webm-vp8: eb34c28f22e8b96e1ab97ce403110664 -> 
  custom:audio-decoder-ogg-vorbis: bf7c407c2cedff20999df2af8eb42d56 -> 
  custom:CustomObjectIndexerAttribute: 72b91833f83ae208fae7752999fa3104 -> 
  custom:container-demuxer-webm: 4f35f7cbe854078d1ac9338744f61a02 -> 
  custom:audio-encoder-webm-vorbis: bf7c407c2cedff20999df2af8eb42d56 -> 
  custom:container-muxer-webm: aa71ff27fc2769a1b78a27578f13a17b -> 
Editor requested this worker to shutdown with reason: balancing worker count downwards
TcpMessagingSession - receive error: operation aborted. errorcode: 995, details: ќпераци€ ввода/вывода была прервана из-за завершени€ потока команд или по запросу приложени€.
AssetImportWorker is now disconnected from the server
Process exiting
Exiting without the bug reporter. Application will terminate with return code 0