Using pre-set license
Built from '2022.3/staging' branch; Version is '2022.3.38f1 (c5d5a7410213) revision 12965287'; Using compiler version '192829333'; Build Type 'Release'
OS: 'Windows 10  (10.0.19045) 64bit Professional' Language: 'ru' Physical Memory: 16277 MB
BatchMode: 1, IsHumanControllingUs: 0, StartBugReporterOnCrash: 0, Is64bit: 1, IsPro: 1

COMMAND LINE ARGUMENTS:
E:\Unity 2022.3.38f1\Editor\Unity.exe
-adb2
-batchMode
-noUpm
-name
AssetImportWorker6
-projectPath
D:/TerentevaA_GUN36
-logFile
Logs/AssetImportWorker6.log
-srvPort
64644
Successfully changed project path to: D:/TerentevaA_GUN36
D:/TerentevaA_GUN36
[UnityMemory] Configuration Parameters - Can be set up in boot.config
    "memorysetup-bucket-allocator-granularity=16"
    "memorysetup-bucket-allocator-bucket-count=8"
    "memorysetup-bucket-allocator-block-size=33554432"
    "memorysetup-bucket-allocator-block-count=8"
    "memorysetup-main-allocator-block-size=16777216"
    "memorysetup-thread-allocator-block-size=16777216"
    "memorysetup-gfx-main-allocator-block-size=16777216"
    "memorysetup-gfx-thread-allocator-block-size=16777216"
    "memorysetup-cache-allocator-block-size=4194304"
    "memorysetup-typetree-allocator-block-size=2097152"
    "memorysetup-profiler-bucket-allocator-granularity=16"
    "memorysetup-profiler-bucket-allocator-bucket-count=8"
    "memorysetup-profiler-bucket-allocator-block-size=33554432"
    "memorysetup-profiler-bucket-allocator-block-count=8"
    "memorysetup-profiler-allocator-block-size=16777216"
    "memorysetup-profiler-editor-allocator-block-size=1048576"
    "memorysetup-temp-allocator-size-main=16777216"
    "memorysetup-job-temp-allocator-block-size=2097152"
    "memorysetup-job-temp-allocator-block-size-background=1048576"
    "memorysetup-job-temp-allocator-reduction-small-platforms=262144"
    "memorysetup-allocator-temp-initial-block-size-main=262144"
    "memorysetup-allocator-temp-initial-block-size-worker=262144"
    "memorysetup-temp-allocator-size-background-worker=32768"
    "memorysetup-temp-allocator-size-job-worker=262144"
    "memorysetup-temp-allocator-size-preload-manager=33554432"
    "memorysetup-temp-allocator-size-nav-mesh-worker=65536"
    "memorysetup-temp-allocator-size-audio-worker=65536"
    "memorysetup-temp-allocator-size-cloud-worker=32768"
    "memorysetup-temp-allocator-size-gi-baking-worker=262144"
    "memorysetup-temp-allocator-size-gfx=262144"
Player connection [15432]  Target information:

Player connection [15432]  * "[IP] 192.168.1.10 [Port] 0 [Flags] 2 [Guid] 2183101891 [EditorId] 2183101891 [Version] 1048832 [Id] WindowsEditor(7,DESKTOP-D32SDH0) [Debug] 1 [PackageName] WindowsEditor [ProjectName] Editor" 

Player connection [15432]  * "[IP] 26.173.226.218 [Port] 0 [Flags] 2 [Guid] 2183101891 [EditorId] 2183101891 [Version] 1048832 [Id] WindowsEditor(7,DESKTOP-D32SDH0) [Debug] 1 [PackageName] WindowsEditor [ProjectName] Editor" 

Player connection [15432] Host joined multi-casting on [225.0.0.222:54997]...
Player connection [15432] Host joined alternative multi-casting on [225.0.0.222:34997]...
[PhysX] Initialized MultithreadedTaskDispatcher with 8 workers.
Refreshing native plugins compatible for Editor in 13.31 ms, found 0 plugins.
Preloading 0 native plugins for Editor in 0.00 ms.
Initialize engine version: 2022.3.38f1 (c5d5a7410213)
[Subsystems] Discovering subsystems at path E:/Unity 2022.3.38f1/Editor/Data/Resources/UnitySubsystems
[Subsystems] Discovering subsystems at path D:/TerentevaA_GUN36/Assets
GfxDevice: creating device client; threaded=0; jobified=0
Direct3D:
    Version:  Direct3D 11.0 [level 11.1]
    Renderer: NVIDIA GeForce GTX 1660 SUPER (ID=0x21c4)
    Vendor:   NVIDIA
    VRAM:     5966 MB
    Driver:   32.0.16.1088
Initialize mono
Mono path[0] = 'E:/Unity 2022.3.38f1/Editor/Data/Managed'
Mono path[1] = 'E:/Unity 2022.3.38f1/Editor/Data/MonoBleedingEdge/lib/mono/unityjit-win32'
Mono config path = 'E:/Unity 2022.3.38f1/Editor/Data/MonoBleedingEdge/etc'
Using monoOptions --debugger-agent=transport=dt_socket,embedding=1,server=y,suspend=n,address=127.0.0.1:56988
Begin MonoManager ReloadAssembly
Registering precompiled unity dll's ...
Register platform support module: E:/Unity 2022.3.38f1/Editor/Data/PlaybackEngines/WindowsStandaloneSupport/UnityEditor.WindowsStandalone.Extensions.dll
Registered in 0.019837 seconds.
- Loaded All Assemblies, in  1.127 seconds
Native extension for WindowsStandalone target not found
Mono: successfully reloaded assembly
- Finished resetting the current domain, in  0.853 seconds
Domain Reload Profiling: 1979ms
	BeginReloadAssembly (318ms)
		ExecutionOrderSort (0ms)
		DisableScriptedObjects (0ms)
		BackupInstance (0ms)
		ReleaseScriptingObjects (0ms)
		CreateAndSetChildDomain (4ms)
	RebuildCommonClasses (102ms)
	RebuildNativeTypeToScriptingClass (31ms)
	initialDomainReloadingComplete (146ms)
	LoadAllAssembliesAndSetupDomain (528ms)
		LoadAssemblies (310ms)
		RebuildTransferFunctionScriptingTraits (0ms)
		AnalyzeDomain (523ms)
			TypeCache.Refresh (515ms)
				TypeCache.ScanAssembly (477ms)
			ScanForSourceGeneratedMonoScriptInfo (5ms)
			ResolveRequiredComponents (1ms)
	FinalizeReload (854ms)
		ReleaseScriptCaches (0ms)
		RebuildScriptCaches (0ms)
		SetupLoadedEditorAssemblies (683ms)
			LogAssemblyErrors (0ms)
			InitializePlatformSupportModulesInManaged (31ms)
			SetLoadedEditorAssemblies (17ms)
			RefreshPlugins (0ms)
			BeforeProcessingInitializeOnLoad (5ms)
			ProcessInitializeOnLoadAttributes (445ms)
			ProcessInitializeOnLoadMethodAttributes (185ms)
			AfterProcessingInitializeOnLoad (0ms)
			EditorAssembliesLoaded (0ms)
		ExecutionOrderSort2 (0ms)
		AwakeInstancesAfterBackupRestoration (0ms)
========================================================================
Worker process is ready to serve import requests
Begin MonoManager ReloadAssembly
- Loaded All Assemblies, in  1.623 seconds
Refreshing native plugins compatible for Editor in 3.46 ms, found 0 plugins.
Native extension for WindowsStandalone target not found
Mono: successfully reloaded assembly
- Finished resetting the current domain, in  1.458 seconds
Domain Reload Profiling: 3078ms
	BeginReloadAssembly (440ms)
		ExecutionOrderSort (0ms)
		DisableScriptedObjects (14ms)
		BackupInstance (0ms)
		ReleaseScriptingObjects (0ms)
		CreateAndSetChildDomain (54ms)
	RebuildCommonClasses (119ms)
	RebuildNativeTypeToScriptingClass (52ms)
	initialDomainReloadingComplete (122ms)
	LoadAllAssembliesAndSetupDomain (886ms)
		LoadAssemblies (672ms)
		RebuildTransferFunctionScriptingTraits (0ms)
		AnalyzeDomain (459ms)
			TypeCache.Refresh (380ms)
				TypeCache.ScanAssembly (356ms)
			ScanForSourceGeneratedMonoScriptInfo (41ms)
			ResolveRequiredComponents (36ms)
	FinalizeReload (1458ms)
		ReleaseScriptCaches (0ms)
		RebuildScriptCaches (0ms)
		SetupLoadedEditorAssemblies (990ms)
			LogAssemblyErrors (0ms)
			InitializePlatformSupportModulesInManaged (67ms)
			SetLoadedEditorAssemblies (8ms)
			RefreshPlugins (0ms)
			BeforeProcessingInitializeOnLoad (198ms)
			ProcessInitializeOnLoadAttributes (449ms)
			ProcessInitializeOnLoadMethodAttributes (256ms)
			AfterProcessingInitializeOnLoad (11ms)
			EditorAssembliesLoaded (0ms)
		ExecutionOrderSort2 (0ms)
		AwakeInstancesAfterBackupRestoration (26ms)
Launched and connected shader compiler UnityShaderCompiler.exe after 0.22 seconds
Refreshing native plugins compatible for Editor in 5.85 ms, found 0 plugins.
Preloading 0 native plugins for Editor in 0.00 ms.
Unloading 3056 Unused Serialized files (Serialized files now loaded: 0)
Unloading 55 unused Assets / (0.7 MB). Loaded Objects now: 3514.
Memory consumption went from 148.8 MB to 148.1 MB.
Total: 8.694300 ms (FindLiveObjects: 0.884900 ms CreateObjectMapping: 0.174400 ms MarkObjects: 6.891500 ms  DeleteObjects: 0.740900 ms)

AssetImportParameters requested are different than current active one (requested -> active):
  custom:video-decoder-webm-vp8: 9c59270c3fd7afecdb556c50c9e8de78 -> 
  custom:SearchIndexIgnoredProperties: e643bd26f0fe6173181afceb89e7c659 -> 
  custom:container-demuxer-ogg: 62fdf1f143b41e24485cea50d1cbac27 -> 
  custom:AudioImporter_EditorPlatform: d09bf68614088b80899f8185d706f6e7 -> 
  custom:video-decoder-ogg-theora: a1e56fd34408186e4bbccfd4996cb3dc -> 
  custom:framework-win-MediaFoundation: 216162199b28c13a410421893ffa2e32 -> 
  custom:video-encoder-webm-vp8: eb34c28f22e8b96e1ab97ce403110664 -> 
  custom:audio-decoder-ogg-vorbis: bf7c407c2cedff20999df2af8eb42d56 -> 
  custom:CustomObjectIndexerAttribute: 72b91833f83ae208fae7752999fa3104 -> 
  custom:container-demuxer-webm: 4f35f7cbe854078d1ac9338744f61a02 -> 
  custom:audio-encoder-webm-vorbis: bf7c407c2cedff20999df2af8eb42d56 -> 
  custom:container-muxer-webm: aa71ff27fc2769a1b78a27578f13a17b -> 
========================================================================
Received Import Request.
  Time since last request: 6072.563854 seconds.
  path: Assets/PolyOne/Free Modular Terrain/Texture/T_BaseColor_v02.png
  artifactKey: Guid(98a5f7b937a308e478c396dc246d63a9) Importer(2089858483,0ecaa5967403d082aa24f35e1b516d23)
Start importing Assets/PolyOne/Free Modular Terrain/Texture/T_BaseColor_v02.png using Guid(98a5f7b937a308e478c396dc246d63a9) Importer(2089858483,0ecaa5967403d082aa24f35e1b516d23) [PhysX] Initialized MultithreadedTaskDispatcher with 8 workers.
 -> (artifact id: 'a5f253190414b02ce0b6b4d1271e9a18') in 0.761340 seconds
Number of updated asset objects reloaded before import = 0
Number of asset objects unloaded after import = 1
========================================================================
Received Import Request.
  Time since last request: 0.000585 seconds.
  path: Assets/TestTask_MobileGame/Assets/Scripts/BaseEntity.cs
  artifactKey: Guid(a14f9498e623d934cafe59a8e2ff3f97) Importer(2089858483,0ecaa5967403d082aa24f35e1b516d23)
Start importing Assets/TestTask_MobileGame/Assets/Scripts/BaseEntity.cs using Guid(a14f9498e623d934cafe59a8e2ff3f97) Importer(2089858483,0ecaa5967403d082aa24f35e1b516d23) [PhysX] Initialized MultithreadedTaskDispatcher with 8 workers.
 -> (artifact id: '2e00421302de6d46b82691ab8310e0c1') in 0.028171 seconds
Number of updated asset objects reloaded before import = 0
Number of asset objects unloaded after import = 1
========================================================================
Received Import Request.
  Time since last request: 0.003564 seconds.
  path: Assets/TestTask_MobileGame/Assets/Scripts/InputType/IInputProcessor.cs
  artifactKey: Guid(63daba62cafc1524ea46944d30b37f34) Importer(2089858483,0ecaa5967403d082aa24f35e1b516d23)
Start importing Assets/TestTask_MobileGame/Assets/Scripts/InputType/IInputProcessor.cs using Guid(63daba62cafc1524ea46944d30b37f34) Importer(2089858483,0ecaa5967403d082aa24f35e1b516d23) [PhysX] Initialized MultithreadedTaskDispatcher with 8 workers.
 -> (artifact id: 'a44b32eb55df027e6439ce3f675d4d75') in 0.013702 seconds
Number of updated asset objects reloaded before import = 0
Number of asset objects unloaded after import = 1
========================================================================
Received Import Request.
  Time since last request: 0.000181 seconds.
  path: Assets/PolyOne/Free Modular Terrain/Prefabs/SM_Hills_01.prefab
  artifactKey: Guid(27a0ce3b6aab1c243bd181d225d35df5) Importer(2089858483,0ecaa5967403d082aa24f35e1b516d23)
Start importing Assets/PolyOne/Free Modular Terrain/Prefabs/SM_Hills_01.prefab using Guid(27a0ce3b6aab1c243bd181d225d35df5) Importer(2089858483,0ecaa5967403d082aa24f35e1b516d23) [PhysX] Initialized MultithreadedTaskDispatcher with 8 workers.
 -> (artifact id: '0559d43b4eab6d32fc413867b3facddb') in 0.091777 seconds
Number of updated asset objects reloaded before import = 0
Number of asset objects unloaded after import = 7
========================================================================
Received Import Request.
  Time since last request: 0.000806 seconds.
  path: Assets/TestTask_MobileGame/ProjectSettings/CommonBurstAotSettings.json
  artifactKey: Guid(8c38735f890478549942d9bdd0ac93f3) Importer(2089858483,0ecaa5967403d082aa24f35e1b516d23)
Start importing Assets/TestTask_MobileGame/ProjectSettings/CommonBurstAotSettings.json using Guid(8c38735f890478549942d9bdd0ac93f3) Importer(2089858483,0ecaa5967403d082aa24f35e1b516d23) [PhysX] Initialized MultithreadedTaskDispatcher with 8 workers.
 -> (artifact id: '2b74473308a7a5865ed8ce321655d3f7') in 0.010860 seconds
Number of updated asset objects reloaded before import = 0
Number of asset objects unloaded after import = 1
========================================================================
Received Import Request.
  Time since last request: 0.000097 seconds.
  path: Assets/TestTask_MobileGame/Assets/Plugins/Zenject/OptionalExtras/SampleGame1 (Beginner)/Prefabs/Ship.prefab
  artifactKey: Guid(f4cdd74364fb9d6448ecf7663dd0cfe9) Importer(2089858483,3d70f49cd1c2eb9ae422958d1c652c6b)
Start importing Assets/TestTask_MobileGame/Assets/Plugins/Zenject/OptionalExtras/SampleGame1 (Beginner)/Prefabs/Ship.prefab using Guid(f4cdd74364fb9d6448ecf7663dd0cfe9) Importer(2089858483,3d70f49cd1c2eb9ae422958d1c652c6b) [PhysX] Initialized MultithreadedTaskDispatcher with 8 workers.
 -> (artifact id: '3e584344121e06575e32b229d5132c99') in 0.081163 seconds
Number of updated asset objects reloaded before import = 0
Number of asset objects unloaded after import = 18
========================================================================
Received Import Request.
  Time since last request: 0.000053 seconds.
  path: Assets/PolyOne/Free Modular Terrain/Prefabs/SM_Terrain_05.prefab
  artifactKey: Guid(9be0a3c94d6c6d141a4f5bed91c6df0a) Importer(2089858483,0ecaa5967403d082aa24f35e1b516d23)
Start importing Assets/PolyOne/Free Modular Terrain/Prefabs/SM_Terrain_05.prefab using Guid(9be0a3c94d6c6d141a4f5bed91c6df0a) Importer(2089858483,0ecaa5967403d082aa24f35e1b516d23) [PhysX] Initialized MultithreadedTaskDispatcher with 8 workers.
 -> (artifact id: 'a937db1b3a2f0003830facf307c2d4b0') in 0.036527 seconds
Number of updated asset objects reloaded before import = 0
Number of asset objects unloaded after import = 7
========================================================================
Received Import Request.
  Time since last request: 0.001206 seconds.
  path: Assets/TestTask_MobileGame/ProjectSettings/EditorBuildSettings.asset
  artifactKey: Guid(7f2594581bc80ac429cc836bc5ba4503) Importer(2089858483,3d70f49cd1c2eb9ae422958d1c652c6b)
Start importing Assets/TestTask_MobileGame/ProjectSettings/EditorBuildSettings.asset using Guid(7f2594581bc80ac429cc836bc5ba4503) Importer(2089858483,3d70f49cd1c2eb9ae422958d1c652c6b) [PhysX] Initialized MultithreadedTaskDispatcher with 8 workers.
 -> (artifact id: 'ee2d35f07a44c56f47985089dbf39ad8') in 0.018332 seconds
Number of updated asset objects reloaded before import = 0
Number of asset objects unloaded after import = 0
========================================================================
Received Import Request.
  Time since last request: 0.000564 seconds.
  path: Assets/TestTask_MobileGame/Assets/Scripts/Messages/StickFallCompletedMessage.cs
  artifactKey: Guid(101a2e30e99846ec9c3c2e018cfe3c4a) Importer(2089858483,0ecaa5967403d082aa24f35e1b516d23)
Start importing Assets/TestTask_MobileGame/Assets/Scripts/Messages/StickFallCompletedMessage.cs using Guid(101a2e30e99846ec9c3c2e018cfe3c4a) Importer(2089858483,0ecaa5967403d082aa24f35e1b516d23) [PhysX] Initialized MultithreadedTaskDispatcher with 8 workers.
 -> (artifact id: '42b9ff89afcb9128bc12551701362612') in 0.010822 seconds
Number of updated asset objects reloaded before import = 0
Number of asset objects unloaded after import = 1
========================================================================
Received Import Request.
  Time since last request: 0.000030 seconds.
  path: Assets/TestTask_MobileGame/Assets/Plugins/Zenject/OptionalExtras/SampleGame1 (Beginner)/Prefabs/Explosion.prefab
  artifactKey: Guid(185972cb8011a1449b7360c07a62fdf2) Importer(2089858483,3d70f49cd1c2eb9ae422958d1c652c6b)
Start importing Assets/TestTask_MobileGame/Assets/Plugins/Zenject/OptionalExtras/SampleGame1 (Beginner)/Prefabs/Explosion.prefab using Guid(185972cb8011a1449b7360c07a62fdf2) Importer(2089858483,3d70f49cd1c2eb9ae422958d1c652c6b) [PhysX] Initialized MultithreadedTaskDispatcher with 8 workers.
 -> (artifact id: 'a1dd5ffb0c3c9913d4b0086db3a33a18') in 0.064963 seconds
Number of updated asset objects reloaded before import = 0
Number of asset objects unloaded after import = 12
========================================================================
Received Import Request.
  Time since last request: 0.000033 seconds.
  path: Assets/TestTask_MobileGame/Assets/Plugins/Zenject/OptionalExtras/SampleGame2 (Advanced)/Resources/SpaceFighter/GameSettings.asset
  artifactKey: Guid(91a82aa816bb01d4cb9396481c2614a1) Importer(2089858483,3d70f49cd1c2eb9ae422958d1c652c6b)
Start importing Assets/TestTask_MobileGame/Assets/Plugins/Zenject/OptionalExtras/SampleGame2 (Advanced)/Resources/SpaceFighter/GameSettings.asset using Guid(91a82aa816bb01d4cb9396481c2614a1) Importer(2089858483,3d70f49cd1c2eb9ae422958d1c652c6b) [PhysX] Initialized MultithreadedTaskDispatcher with 8 workers.
 -> (artifact id: 'ca1082f2a152533770be467e2639f5b2') in 0.058321 seconds
Number of updated asset objects reloaded before import = 0
Number of asset objects unloaded after import = 34
========================================================================
Received Import Request.
  Time since last request: 0.000041 seconds.
  path: Assets/TestTask_MobileGame/Assets/Plugins/Zenject/package.json
  artifactKey: Guid(b5ee7f1788474bd44a48b0a201461151) Importer(2089858483,0ecaa5967403d082aa24f35e1b516d23)
Start importing Assets/TestTask_MobileGame/Assets/Plugins/Zenject/package.json using Guid(b5ee7f1788474bd44a48b0a201461151) Importer(2089858483,0ecaa5967403d082aa24f35e1b516d23) [PhysX] Initialized MultithreadedTaskDispatcher with 8 workers.
 -> (artifact id: '99f5a9feb41d1d4515c010b5c14dcef5') in 0.009022 seconds
Number of updated asset objects reloaded before import = 0
Number of asset objects unloaded after import = 1
========================================================================
Received Import Request.
  Time since last request: 0.000047 seconds.
  path: Assets/TestTask_MobileGame/Assets/TextMesh Pro/Shaders/TMPro_Mobile.cginc
  artifactKey: Guid(c334973cef89a9840b0b0c507e0377ab) Importer(2089858483,0ecaa5967403d082aa24f35e1b516d23)
Start importing Assets/TestTask_MobileGame/Assets/TextMesh Pro/Shaders/TMPro_Mobile.cginc using Guid(c334973cef89a9840b0b0c507e0377ab) Importer(2089858483,0ecaa5967403d082aa24f35e1b516d23) [PhysX] Initialized MultithreadedTaskDispatcher with 8 workers.
 -> (artifact id: '651dd3eb62c66bce14317a87652055d2') in 0.041159 seconds
Number of updated asset objects reloaded before import = 0
Number of asset objects unloaded after import = 1
========================================================================
Received Import Request.
  Time since last request: 0.000033 seconds.
  path: Assets/TestTask_MobileGame/ProjectSettings/DynamicsManager.asset
  artifactKey: Guid(5ed3a307ac1752f49a241be1891045a1) Importer(2089858483,3d70f49cd1c2eb9ae422958d1c652c6b)
Start importing Assets/TestTask_MobileGame/ProjectSettings/DynamicsManager.asset using Guid(5ed3a307ac1752f49a241be1891045a1) Importer(2089858483,3d70f49cd1c2eb9ae422958d1c652c6b) [PhysX] Initialized MultithreadedTaskDispatcher with 8 workers.
 -> (artifact id: '5003727bbef62106cc0d0bd43916a7c5') in 0.033680 seconds
Number of updated asset objects reloaded before import = 0
Number of asset objects unloaded after import = 0
========================================================================
Received Import Request.
  Time since last request: 0.001497 seconds.
  path: Assets/TestTask_MobileGame/ProjectSettings/PresetManager.asset
  artifactKey: Guid(bd3f108cc2089d341a449b95080dff53) Importer(2089858483,3d70f49cd1c2eb9ae422958d1c652c6b)
Start importing Assets/TestTask_MobileGame/ProjectSettings/PresetManager.asset using Guid(bd3f108cc2089d341a449b95080dff53) Importer(2089858483,3d70f49cd1c2eb9ae422958d1c652c6b) [PhysX] Initialized MultithreadedTaskDispatcher with 8 workers.
 -> (artifact id: '48379b5ec95121382c5ca9a72f8c824c') in 0.011031 seconds
Number of updated asset objects reloaded before import = 0
Number of asset objects unloaded after import = 0
========================================================================
Received Import Request.
  Time since last request: 0.001131 seconds.
  path: Assets/TestTask_MobileGame/Assets/Plugins/UniRx/Examples/Sample13_ToDoApp.cs
  artifactKey: Guid(022ecfa555367154c8cf87d61465f7e2) Importer(2089858483,0ecaa5967403d082aa24f35e1b516d23)
Start importing Assets/TestTask_MobileGame/Assets/Plugins/UniRx/Examples/Sample13_ToDoApp.cs using Guid(022ecfa555367154c8cf87d61465f7e2) Importer(2089858483,0ecaa5967403d082aa24f35e1b516d23) [PhysX] Initialized MultithreadedTaskDispatcher with 8 workers.
 -> (artifact id: '54767fb0309d63a85d68bccc01acfbd2') in 0.018401 seconds
Number of updated asset objects reloaded before import = 0
Number of asset objects unloaded after import = 1
========================================================================
Received Import Request.
  Time since last request: 0.000031 seconds.
  path: Assets/TestTask_MobileGame/Assets/TextMesh Pro/Sprites/EmojiOne.png
  artifactKey: Guid(dffef66376be4fa480fb02b19edbe903) Importer(2089858483,0ecaa5967403d082aa24f35e1b516d23)
Start importing Assets/TestTask_MobileGame/Assets/TextMesh Pro/Sprites/EmojiOne.png using Guid(dffef66376be4fa480fb02b19edbe903) Importer(2089858483,0ecaa5967403d082aa24f35e1b516d23) [PhysX] Initialized MultithreadedTaskDispatcher with 8 workers.
 -> (artifact id: '1321f422b23c573374a0956cc76cc9b3') in 0.054602 seconds
Number of updated asset objects reloaded before import = 0
Number of asset objects unloaded after import = 1
========================================================================
Received Import Request.
  Time since last request: 0.000625 seconds.
  path: Assets/TestTask_MobileGame/Assets/TextMesh Pro/Shaders/TMP_SDF-Mobile Masking.shader
  artifactKey: Guid(bc1ede39bf3643ee8e493720e4259791) Importer(2089858483,0ecaa5967403d082aa24f35e1b516d23)
Start importing Assets/TestTask_MobileGame/Assets/TextMesh Pro/Shaders/TMP_SDF-Mobile Masking.shader using Guid(bc1ede39bf3643ee8e493720e4259791) Importer(2089858483,0ecaa5967403d082aa24f35e1b516d23) [PhysX] Initialized MultithreadedTaskDispatcher with 8 workers.
 -> (artifact id: '9d0ab4ba14b3e618b3b17df01f5c251b') in 0.043212 seconds
Number of updated asset objects reloaded before import = 0
Number of asset objects unloaded after import = 1
========================================================================
Received Import Request.
  Time since last request: 0.000687 seconds.
  path: Assets/TestTask_MobileGame/Assets/Plugins/UniRx/Examples/Sample12_ReactiveProperty.cs
  artifactKey: Guid(18e34490a83a27e44adf93dd4ffd1f22) Importer(2089858483,0ecaa5967403d082aa24f35e1b516d23)
Start importing Assets/TestTask_MobileGame/Assets/Plugins/UniRx/Examples/Sample12_ReactiveProperty.cs using Guid(18e34490a83a27e44adf93dd4ffd1f22) Importer(2089858483,0ecaa5967403d082aa24f35e1b516d23) [PhysX] Initialized MultithreadedTaskDispatcher with 8 workers.
 -> (artifact id: '9c933710d76717932b5eb43296ede733') in 0.017549 seconds
Number of updated asset objects reloaded before import = 0
Number of asset objects unloaded after import = 1
========================================================================
Received Import Request.
  Time since last request: 0.000029 seconds.
  path: Assets/TestTask_MobileGame/Assets/TextMesh Pro/Shaders/TMP_SDF-Surface.shader
  artifactKey: Guid(f7ada0af4f174f0694ca6a487b8f543d) Importer(2089858483,0ecaa5967403d082aa24f35e1b516d23)
Start importing Assets/TestTask_MobileGame/Assets/TextMesh Pro/Shaders/TMP_SDF-Surface.shader using Guid(f7ada0af4f174f0694ca6a487b8f543d) Importer(2089858483,0ecaa5967403d082aa24f35e1b516d23) [PhysX] Initialized MultithreadedTaskDispatcher with 8 workers.
 -> (artifact id: '707466a684503f5a547427815431e093') in 0.021557 seconds
Number of updated asset objects reloaded before import = 0
Number of asset objects unloaded after import = 1
========================================================================
Received Import Request.
  Time since last request: 0.000681 seconds.
  path: Assets/TestTask_MobileGame/Assets/Plugins/UniRx/Examples/Sample13Scene.unity
  artifactKey: Guid(b879645f640b02b43a8e78e210c1da1f) Importer(2089858483,0ecaa5967403d082aa24f35e1b516d23)
Start importing Assets/TestTask_MobileGame/Assets/Plugins/UniRx/Examples/Sample13Scene.unity using Guid(b879645f640b02b43a8e78e210c1da1f) Importer(2089858483,0ecaa5967403d082aa24f35e1b516d23) [PhysX] Initialized MultithreadedTaskDispatcher with 8 workers.
 -> (artifact id: 'cbd8c1282fbe6869f64a79b508c0ad2e') in 0.011478 seconds
Number of updated asset objects reloaded before import = 0
Number of asset objects unloaded after import = 1
========================================================================
Received Import Request.
  Time since last request: 0.000481 seconds.
  path: Assets/TestTask_MobileGame/Assets/Scripts/Models/BuildingModel.cs
  artifactKey: Guid(d1ceab88ce9241ba9ed3407d87f711ff) Importer(2089858483,0ecaa5967403d082aa24f35e1b516d23)
Start importing Assets/TestTask_MobileGame/Assets/Scripts/Models/BuildingModel.cs using Guid(d1ceab88ce9241ba9ed3407d87f711ff) Importer(2089858483,0ecaa5967403d082aa24f35e1b516d23) [PhysX] Initialized MultithreadedTaskDispatcher with 8 workers.
 -> (artifact id: 'a2874caaf14b01528bcf21200b588760') in 0.039059 seconds
Number of updated asset objects reloaded before import = 0
Number of asset objects unloaded after import = 1
========================================================================
Received Import Request.
  Time since last request: 0.004051 seconds.
  path: Assets/TestTask_MobileGame/Assets/Plugins/UniRx/Examples/Sample03_GameObjectAsObservable.cs
  artifactKey: Guid(005e349e5ccdd2b47bddc813b81afe40) Importer(2089858483,0ecaa5967403d082aa24f35e1b516d23)
Start importing Assets/TestTask_MobileGame/Assets/Plugins/UniRx/Examples/Sample03_GameObjectAsObservable.cs using Guid(005e349e5ccdd2b47bddc813b81afe40) Importer(2089858483,0ecaa5967403d082aa24f35e1b516d23) [PhysX] Initialized MultithreadedTaskDispatcher with 8 workers.
 -> (artifact id: '85f9527e5303617eba6fdcf8b7fdd8e9') in 0.011913 seconds
Number of updated asset objects reloaded before import = 0
Number of asset objects unloaded after import = 1
========================================================================
Received Import Request.
  Time since last request: 0.000037 seconds.
  path: Assets/TestTask_MobileGame/ProjectSettings/InputManager.asset
  artifactKey: Guid(6f644dcea69490e4d815b738f97d6e25) Importer(2089858483,0ecaa5967403d082aa24f35e1b516d23)
Start importing Assets/TestTask_MobileGame/ProjectSettings/InputManager.asset using Guid(6f644dcea69490e4d815b738f97d6e25) Importer(2089858483,0ecaa5967403d082aa24f35e1b516d23) [PhysX] Initialized MultithreadedTaskDispatcher with 8 workers.
 -> (artifact id: '1d182b0cdae79f17c49107ec9dd63c29') in 0.023868 seconds
Number of updated asset objects reloaded before import = 0
Number of asset objects unloaded after import = 1
========================================================================
Received Import Request.
  Time since last request: 0.000501 seconds.
  path: Assets/TestTask_MobileGame/Assets/Scripts/Presenters/InputPresenter.cs
  artifactKey: Guid(2e15c1bf356c8ed4f840914fc3e5ffc4) Importer(2089858483,0ecaa5967403d082aa24f35e1b516d23)
Start importing Assets/TestTask_MobileGame/Assets/Scripts/Presenters/InputPresenter.cs using Guid(2e15c1bf356c8ed4f840914fc3e5ffc4) Importer(2089858483,0ecaa5967403d082aa24f35e1b516d23) [PhysX] Initialized MultithreadedTaskDispatcher with 8 workers.
 -> (artifact id: '4dfdb40314edfeb6fa541532bdb7ee38') in 0.012040 seconds
Number of updated asset objects reloaded before import = 0
Number of asset objects unloaded after import = 1
========================================================================
Received Import Request.
  Time since last request: 0.000049 seconds.
  path: Assets/TestTask_MobileGame/Assets/Resources/Building.prefab
  artifactKey: Guid(68e2711d938b7d446b1077ad156ab6bb) Importer(2089858483,0ecaa5967403d082aa24f35e1b516d23)
Start importing Assets/TestTask_MobileGame/Assets/Resources/Building.prefab using Guid(68e2711d938b7d446b1077ad156ab6bb) Importer(2089858483,0ecaa5967403d082aa24f35e1b516d23) [PhysX] Initialized MultithreadedTaskDispatcher with 8 workers.
 -> (artifact id: '2fea02fd4406ca2c6fd3a9e9e7abcb49') in 0.052908 seconds
Number of updated asset objects reloaded before import = 0
Number of asset objects unloaded after import = 5
========================================================================
Received Import Request.
  Time since last request: 0.000028 seconds.
  path: Assets/TestTask_MobileGame/Assets/Plugins/UniRx/Scripts/Observable.Events.cs
  artifactKey: Guid(e591aafff0492c94590cf9702f6c408f) Importer(2089858483,0ecaa5967403d082aa24f35e1b516d23)
Start importing Assets/TestTask_MobileGame/Assets/Plugins/UniRx/Scripts/Observable.Events.cs using Guid(e591aafff0492c94590cf9702f6c408f) Importer(2089858483,0ecaa5967403d082aa24f35e1b516d23) [PhysX] Initialized MultithreadedTaskDispatcher with 8 workers.
 -> (artifact id: '137bad9e520e4e81cef3dd5ae2ff6105') in 0.016926 seconds
Number of updated asset objects reloaded before import = 0
Number of asset objects unloaded after import = 1
========================================================================
Received Import Request.
  Time since last request: 0.000035 seconds.
  path: Assets/TestTask_MobileGame/ProjectSettings/VFXManager.asset
  artifactKey: Guid(0b3da6ec3bd05434ba6ec234caf84336) Importer(2089858483,0ecaa5967403d082aa24f35e1b516d23)
Start importing Assets/TestTask_MobileGame/ProjectSettings/VFXManager.asset using Guid(0b3da6ec3bd05434ba6ec234caf84336) Importer(2089858483,0ecaa5967403d082aa24f35e1b516d23) [PhysX] Initialized MultithreadedTaskDispatcher with 8 workers.
 -> (artifact id: '3ec331244ee87b816782e13fb7509797') in 0.009203 seconds
Number of updated asset objects reloaded before import = 0
Number of asset objects unloaded after import = 1
========================================================================
Received Import Request.
  Time since last request: 0.000042 seconds.
  path: Assets/TestTask_MobileGame/Packages/packages-lock.json
  artifactKey: Guid(51df2b34c3d7c8844805fcbf50b9e695) Importer(2089858483,0ecaa5967403d082aa24f35e1b516d23)
Start importing Assets/TestTask_MobileGame/Packages/packages-lock.json using Guid(51df2b34c3d7c8844805fcbf50b9e695) Importer(2089858483,0ecaa5967403d082aa24f35e1b516d23) [PhysX] Initialized MultithreadedTaskDispatcher with 8 workers.
 -> (artifact id: 'bd2b0162be5b00844cbb085cec1b1b5e') in 0.010205 seconds
Number of updated asset objects reloaded before import = 0
Number of asset objects unloaded after import = 1
========================================================================
Received Import Request.
  Time since last request: 0.000046 seconds.
  path: Assets/TestTask_MobileGame/Assets/Plugins/UniRx/Scripts/Observable.Awaiter.cs
  artifactKey: Guid(ec3ea3f22d061964c8f06eb9ea78ec42) Importer(2089858483,0ecaa5967403d082aa24f35e1b516d23)
Start importing Assets/TestTask_MobileGame/Assets/Plugins/UniRx/Scripts/Observable.Awaiter.cs using Guid(ec3ea3f22d061964c8f06eb9ea78ec42) Importer(2089858483,0ecaa5967403d082aa24f35e1b516d23) [PhysX] Initialized MultithreadedTaskDispatcher with 8 workers.
 -> (artifact id: '11a5d9d1ef5ccd58b36140d7c290f940') in 0.010931 seconds
Number of updated asset objects reloaded before import = 0
Number of asset objects unloaded after import = 1
========================================================================
Received Import Request.
  Time since last request: 0.000032 seconds.
  path: Assets/TestTask_MobileGame/Assets/TextMesh Pro/Fonts/LiberationSans - OFL.txt
  artifactKey: Guid(6e59c59b81ab47f9b6ec5781fa725d2c) Importer(2089858483,0ecaa5967403d082aa24f35e1b516d23)
Start importing Assets/TestTask_MobileGame/Assets/TextMesh Pro/Fonts/LiberationSans - OFL.txt using Guid(6e59c59b81ab47f9b6ec5781fa725d2c) Importer(2089858483,0ecaa5967403d082aa24f35e1b516d23) [PhysX] Initialized MultithreadedTaskDispatcher with 8 workers.
 -> (artifact id: 'f46a1ba8b4ffdc724aa10f7b387e1108') in 0.009738 seconds
Number of updated asset objects reloaded before import = 0
Number of asset objects unloaded after import = 1
========================================================================
Received Import Request.
  Time since last request: 0.000034 seconds.
  path: Assets/PolyOne/Free Modular Terrain/Prefabs/SM_Terrain_05.prefab
  artifactKey: Guid(9be0a3c94d6c6d141a4f5bed91c6df0a) Importer(2089858483,3d70f49cd1c2eb9ae422958d1c652c6b)
Start importing Assets/PolyOne/Free Modular Terrain/Prefabs/SM_Terrain_05.prefab using Guid(9be0a3c94d6c6d141a4f5bed91c6df0a) Importer(2089858483,3d70f49cd1c2eb9ae422958d1c652c6b) [PhysX] Initialized MultithreadedTaskDispatcher with 8 workers.
 -> (artifact id: '94355c438ecec5d70fa1e3f46c1a6f22') in 0.010161 seconds
Number of updated asset objects reloaded before import = 0
Number of asset objects unloaded after import = 8
========================================================================
Received Import Request.
  Time since last request: 0.000026 seconds.
  path: Assets/TestTask_MobileGame/Assets/Scripts/Presenters/GameLoopPresenter.cs
  artifactKey: Guid(e8e6ab5a752d440ca765bad4b415e48e) Importer(2089858483,0ecaa5967403d082aa24f35e1b516d23)
Start importing Assets/TestTask_MobileGame/Assets/Scripts/Presenters/GameLoopPresenter.cs using Guid(e8e6ab5a752d440ca765bad4b415e48e) Importer(2089858483,0ecaa5967403d082aa24f35e1b516d23) [PhysX] Initialized MultithreadedTaskDispatcher with 8 workers.
 -> (artifact id: '0dc4339deb966c85010f443be144f7be') in 0.010653 seconds
Number of updated asset objects reloaded before import = 0
Number of asset objects unloaded after import = 1
========================================================================
Received Import Request.
  Time since last request: 0.000032 seconds.
  path: Assets/TestTask_MobileGame/Assets/Scripts/Messages/MoveSuccessfulMessage.cs
  artifactKey: Guid(5bfa2fdfb62b427b944853381289053a) Importer(2089858483,0ecaa5967403d082aa24f35e1b516d23)
Start importing Assets/TestTask_MobileGame/Assets/Scripts/Messages/MoveSuccessfulMessage.cs using Guid(5bfa2fdfb62b427b944853381289053a) Importer(2089858483,0ecaa5967403d082aa24f35e1b516d23) [PhysX] Initialized MultithreadedTaskDispatcher with 8 workers.
 -> (artifact id: '0e70b5930a234980297ccc2b421fb624') in 0.016013 seconds
Number of updated asset objects reloaded before import = 0
Number of asset objects unloaded after import = 1
========================================================================
Received Import Request.
  Time since last request: 0.000044 seconds.
  path: Assets/TestTask_MobileGame/ProjectSettings/DynamicsManager.asset
  artifactKey: Guid(5ed3a307ac1752f49a241be1891045a1) Importer(2089858483,0ecaa5967403d082aa24f35e1b516d23)
Start importing Assets/TestTask_MobileGame/ProjectSettings/DynamicsManager.asset using Guid(5ed3a307ac1752f49a241be1891045a1) Importer(2089858483,0ecaa5967403d082aa24f35e1b516d23) [PhysX] Initialized MultithreadedTaskDispatcher with 8 workers.
 -> (artifact id: '7866044513569fb047f05720276d0f26') in 0.014440 seconds
Number of updated asset objects reloaded before import = 0
Number of asset objects unloaded after import = 1
========================================================================
Received Import Request.
  Time since last request: 0.153603 seconds.
  path: Assets/TestTask_MobileGame/Assets/Plugins/UniTask/Runtime/CancellationTokenEqualityComparer.cs
  artifactKey: Guid(7d739f510b125b74fa7290ac4335e46e) Importer(2089858483,0ecaa5967403d082aa24f35e1b516d23)
Start importing Assets/TestTask_MobileGame/Assets/Plugins/UniTask/Runtime/CancellationTokenEqualityComparer.cs using Guid(7d739f510b125b74fa7290ac4335e46e) Importer(2089858483,0ecaa5967403d082aa24f35e1b516d23) [PhysX] Initialized MultithreadedTaskDispatcher with 8 workers.
 -> (artifact id: '3a35e6bf27024bffe83b9bae59e8b10b') in 0.024065 seconds
Number of updated asset objects reloaded before import = 0
Number of asset objects unloaded after import = 1
========================================================================
Received Import Request.
  Time since last request: 0.000034 seconds.
  path: Assets/TestTask_MobileGame/Assets/Plugins/UniTask/Runtime/UniTask.Factory.cs
  artifactKey: Guid(4e12b66d6b9bd7845b04a594cbe386b4) Importer(2089858483,0ecaa5967403d082aa24f35e1b516d23)
Start importing Assets/TestTask_MobileGame/Assets/Plugins/UniTask/Runtime/UniTask.Factory.cs using Guid(4e12b66d6b9bd7845b04a594cbe386b4) Importer(2089858483,0ecaa5967403d082aa24f35e1b516d23) [PhysX] Initialized MultithreadedTaskDispatcher with 8 workers.
 -> (artifact id: '4d61bdffcfea510d4600a8a118cf1f98') in 0.043963 seconds
Number of updated asset objects reloaded before import = 0
Number of asset objects unloaded after import = 1
========================================================================
Received Import Request.
  Time since last request: 0.000037 seconds.
  path: Assets/TestTask_MobileGame/Assets/Scripts/Presenters/Menu/GameScorePresenter.cs
  artifactKey: Guid(8e9b41e1fe2244378ab273474cbc034f) Importer(2089858483,0ecaa5967403d082aa24f35e1b516d23)
Start importing Assets/TestTask_MobileGame/Assets/Scripts/Presenters/Menu/GameScorePresenter.cs using Guid(8e9b41e1fe2244378ab273474cbc034f) Importer(2089858483,0ecaa5967403d082aa24f35e1b516d23) [PhysX] Initialized MultithreadedTaskDispatcher with 8 workers.
 -> (artifact id: 'f29c83af44c8ecff0631eac204f8610a') in 0.015344 seconds
Number of updated asset objects reloaded before import = 0
Number of asset objects unloaded after import = 1
========================================================================
Received Import Request.
  Time since last request: 0.000039 seconds.
  path: Assets/TestTask_MobileGame/Assets/Plugins/UniRx/Scripts/Disposables/CancellationDisposable.cs
  artifactKey: Guid(6c675907554bfa24d8bd411f386e410d) Importer(2089858483,0ecaa5967403d082aa24f35e1b516d23)
Start importing Assets/TestTask_MobileGame/Assets/Plugins/UniRx/Scripts/Disposables/CancellationDisposable.cs using Guid(6c675907554bfa24d8bd411f386e410d) Importer(2089858483,0ecaa5967403d082aa24f35e1b516d23) [PhysX] Initialized MultithreadedTaskDispatcher with 8 workers.
 -> (artifact id: '726c6978497385ff618f4eba17b3006e') in 0.039291 seconds
Number of updated asset objects reloaded before import = 0
Number of asset objects unloaded after import = 1
========================================================================
Received Import Request.
  Time since last request: 0.000031 seconds.
  path: Assets/TestTask_MobileGame/Assets/Scripts/Models/Interfaces/IPlayerModel.cs
  artifactKey: Guid(39bc1cdf682e4ca2a9a834ed9d26346d) Importer(2089858483,0ecaa5967403d082aa24f35e1b516d23)
Start importing Assets/TestTask_MobileGame/Assets/Scripts/Models/Interfaces/IPlayerModel.cs using Guid(39bc1cdf682e4ca2a9a834ed9d26346d) Importer(2089858483,0ecaa5967403d082aa24f35e1b516d23) [PhysX] Initialized MultithreadedTaskDispatcher with 8 workers.
 -> (artifact id: 'e680813f8de70d93d37a5e10e041c078') in 0.008656 seconds
Number of updated asset objects reloaded before import = 0
Number of asset objects unloaded after import = 1
========================================================================
Received Import Request.
  Time since last request: 0.000034 seconds.
  path: Assets/TestTask_MobileGame/Assets/Plugins/UniTask/Runtime/UniTaskObservableExtensions.cs
  artifactKey: Guid(eaea262a5ad393d419c15b3b2901d664) Importer(2089858483,0ecaa5967403d082aa24f35e1b516d23)
Start importing Assets/TestTask_MobileGame/Assets/Plugins/UniTask/Runtime/UniTaskObservableExtensions.cs using Guid(eaea262a5ad393d419c15b3b2901d664) Importer(2089858483,0ecaa5967403d082aa24f35e1b516d23) [PhysX] Initialized MultithreadedTaskDispatcher with 8 workers.
 -> (artifact id: '20ac02d03269866a6a6869845730acc2') in 0.017327 seconds
Number of updated asset objects reloaded before import = 0
Number of asset objects unloaded after import = 1
========================================================================
Received Import Request.
  Time since last request: 0.000028 seconds.
  path: Assets/TestTask_MobileGame/Assets/Scripts/Core/InputSource/MouseInput.cs
  artifactKey: Guid(d1b583c1c3a342b7adfb06be96188b3c) Importer(2089858483,0ecaa5967403d082aa24f35e1b516d23)
Start importing Assets/TestTask_MobileGame/Assets/Scripts/Core/InputSource/MouseInput.cs using Guid(d1b583c1c3a342b7adfb06be96188b3c) Importer(2089858483,0ecaa5967403d082aa24f35e1b516d23) [PhysX] Initialized MultithreadedTaskDispatcher with 8 workers.
 -> (artifact id: '535249f60d46d063e73e41141391fad4') in 0.021766 seconds
Number of updated asset objects reloaded before import = 0
Number of asset objects unloaded after import = 1
========================================================================
Received Import Request.
  Time since last request: 0.000073 seconds.
  path: Assets/TestTask_MobileGame/Assets/Plugins/UniRx/Scripts/Asynchronous/WebRequestExtensions.cs
  artifactKey: Guid(457f0007b2c70e34e9929ec8f0e2c4e6) Importer(2089858483,0ecaa5967403d082aa24f35e1b516d23)
Start importing Assets/TestTask_MobileGame/Assets/Plugins/UniRx/Scripts/Asynchronous/WebRequestExtensions.cs using Guid(457f0007b2c70e34e9929ec8f0e2c4e6) Importer(2089858483,0ecaa5967403d082aa24f35e1b516d23) [PhysX] Initialized MultithreadedTaskDispatcher with 8 workers.
 -> (artifact id: '70062c9c56da964c901cae163a059bba') in 0.012406 seconds
Number of updated asset objects reloaded before import = 0
Number of asset objects unloaded after import = 1
========================================================================
Received Import Request.
  Time since last request: 0.000125 seconds.
  path: Assets/TestTask_MobileGame/Assets/Plugins/UniTask/Runtime/UnityAsyncExtensions.Jobs.cs
  artifactKey: Guid(30979a768fbd4b94f8694eee8a305c99) Importer(2089858483,0ecaa5967403d082aa24f35e1b516d23)
Start importing Assets/TestTask_MobileGame/Assets/Plugins/UniTask/Runtime/UnityAsyncExtensions.Jobs.cs using Guid(30979a768fbd4b94f8694eee8a305c99) Importer(2089858483,0ecaa5967403d082aa24f35e1b516d23) [PhysX] Initialized MultithreadedTaskDispatcher with 8 workers.
 -> (artifact id: 'c393ed1039b8d12bef4848934b913c8f') in 0.017840 seconds
Number of updated asset objects reloaded before import = 0
Number of asset objects unloaded after import = 1
========================================================================
Received Import Request.
  Time since last request: 0.000049 seconds.
  path: Assets/TestTask_MobileGame/Assets/Plugins/UniTask/Runtime/UnityBindingExtensions.cs
  artifactKey: Guid(090b20e3528552b4a8d751f7df525c2b) Importer(2089858483,0ecaa5967403d082aa24f35e1b516d23)
Start importing Assets/TestTask_MobileGame/Assets/Plugins/UniTask/Runtime/UnityBindingExtensions.cs using Guid(090b20e3528552b4a8d751f7df525c2b) Importer(2089858483,0ecaa5967403d082aa24f35e1b516d23) [PhysX] Initialized MultithreadedTaskDispatcher with 8 workers.
 -> (artifact id: 'd998553f4a1fb7d094768f0b8b66dd60') in 0.011756 seconds
Number of updated asset objects reloaded before import = 0
Number of asset objects unloaded after import = 1
========================================================================
Received Import Request.
  Time since last request: 0.000042 seconds.
  path: Assets/TestTask_MobileGame/Assets/Plugins/UniTask/Runtime/UnityAsyncExtensions.AssetBundleRequestAllAssets.cs
  artifactKey: Guid(e9147caba40da434da95b39709c13784) Importer(2089858483,0ecaa5967403d082aa24f35e1b516d23)
Start importing Assets/TestTask_MobileGame/Assets/Plugins/UniTask/Runtime/UnityAsyncExtensions.AssetBundleRequestAllAssets.cs using Guid(e9147caba40da434da95b39709c13784) Importer(2089858483,0ecaa5967403d082aa24f35e1b516d23) [PhysX] Initialized MultithreadedTaskDispatcher with 8 workers.
 -> (artifact id: '03aab60661f39f349d5f538917c54511') in 0.031472 seconds
Number of updated asset objects reloaded before import = 0
Number of asset objects unloaded after import = 1
========================================================================
Received Import Request.
  Time since last request: 0.000029 seconds.
  path: Assets/TestTask_MobileGame/Assets/Plugins/UniRx/Scripts/Disposables/Disposable.cs
  artifactKey: Guid(958f291bb8f434740a6d2c08ad5182a0) Importer(2089858483,0ecaa5967403d082aa24f35e1b516d23)
Start importing Assets/TestTask_MobileGame/Assets/Plugins/UniRx/Scripts/Disposables/Disposable.cs using Guid(958f291bb8f434740a6d2c08ad5182a0) Importer(2089858483,0ecaa5967403d082aa24f35e1b516d23) [PhysX] Initialized MultithreadedTaskDispatcher with 8 workers.
 -> (artifact id: '59c96c262be4e1d28a9dab13b73b28c3') in 0.049465 seconds
Number of updated asset objects reloaded before import = 0
Number of asset objects unloaded after import = 1
========================================================================
Received Import Request.
  Time since last request: 0.000324 seconds.
  path: Assets/TestTask_MobileGame/Assets/Scripts/Core/Tweener/RotateTweener.cs
  artifactKey: Guid(fea2f3a7405840d8a0a949f720637d00) Importer(2089858483,0ecaa5967403d082aa24f35e1b516d23)
Start importing Assets/TestTask_MobileGame/Assets/Scripts/Core/Tweener/RotateTweener.cs using Guid(fea2f3a7405840d8a0a949f720637d00) Importer(2089858483,0ecaa5967403d082aa24f35e1b516d23) [PhysX] Initialized MultithreadedTaskDispatcher with 8 workers.
 -> (artifact id: '11ac57409b510017fea8dee0a8c0445a') in 0.012469 seconds
Number of updated asset objects reloaded before import = 0
Number of asset objects unloaded after import = 1
========================================================================
Received Import Request.
  Time since last request: 0.000094 seconds.
  path: Assets/TestTask_MobileGame/Assets/TextMesh Pro/Resources/Sprite Assets/EmojiOne.asset
  artifactKey: Guid(c41005c129ba4d66911b75229fd70b45) Importer(2089858483,0ecaa5967403d082aa24f35e1b516d23)
Start importing Assets/TestTask_MobileGame/Assets/TextMesh Pro/Resources/Sprite Assets/EmojiOne.asset using Guid(c41005c129ba4d66911b75229fd70b45) Importer(2089858483,0ecaa5967403d082aa24f35e1b516d23) [PhysX] Initialized MultithreadedTaskDispatcher with 8 workers.
 -> (artifact id: 'bdd0eb8469032cb5d381d39c8058533d') in 0.099295 seconds
Number of updated asset objects reloaded before import = 0
Number of asset objects unloaded after import = 3
========================================================================
Received Import Request.
  Time since last request: 0.199938 seconds.
  path: Assets/TestTask_MobileGame/Assets/Plugins/UniRx/Scripts/InternalUtil/AscynLock.cs
  artifactKey: Guid(23dbd656cfe9c5e47b02c3c263e476aa) Importer(2089858483,0ecaa5967403d082aa24f35e1b516d23)
Start importing Assets/TestTask_MobileGame/Assets/Plugins/UniRx/Scripts/InternalUtil/AscynLock.cs using Guid(23dbd656cfe9c5e47b02c3c263e476aa) Importer(2089858483,0ecaa5967403d082aa24f35e1b516d23) [PhysX] Initialized MultithreadedTaskDispatcher with 8 workers.
 -> (artifact id: 'c917f181196dcb7bd73e0a1efe5c445e') in 0.021572 seconds
Number of updated asset objects reloaded before import = 0
Number of asset objects unloaded after import = 1
========================================================================
Received Import Request.
  Time since last request: 0.000049 seconds.
  path: Assets/TestTask_MobileGame/Assets/Plugins/UniRx/Scripts/UnityEngineBridge/LifetimeDisposableExtensions.cs
  artifactKey: Guid(a7474e4acdc541340a1f566b2df46355) Importer(2089858483,0ecaa5967403d082aa24f35e1b516d23)
Start importing Assets/TestTask_MobileGame/Assets/Plugins/UniRx/Scripts/UnityEngineBridge/LifetimeDisposableExtensions.cs using Guid(a7474e4acdc541340a1f566b2df46355) Importer(2089858483,0ecaa5967403d082aa24f35e1b516d23) [PhysX] Initialized MultithreadedTaskDispatcher with 8 workers.
 -> (artifact id: '79425adb6da4b629469d60fabec70ad1') in 0.023658 seconds
Number of updated asset objects reloaded before import = 0
Number of asset objects unloaded after import = 1
========================================================================
Received Import Request.
  Time since last request: 0.000030 seconds.
  path: Assets/TestTask_MobileGame/Assets/Plugins/UniRx/Scripts/Operators/Throttle.cs
  artifactKey: Guid(dc296a61927394b4b908b385087f23d0) Importer(2089858483,0ecaa5967403d082aa24f35e1b516d23)
Start importing Assets/TestTask_MobileGame/Assets/Plugins/UniRx/Scripts/Operators/Throttle.cs using Guid(dc296a61927394b4b908b385087f23d0) Importer(2089858483,0ecaa5967403d082aa24f35e1b516d23) [PhysX] Initialized MultithreadedTaskDispatcher with 8 workers.
 -> (artifact id: 'a1fbf882f9ca85a4ca861a8f3d9610af') in 0.013769 seconds
Number of updated asset objects reloaded before import = 0
Number of asset objects unloaded after import = 1
========================================================================
Received Import Request.
  Time since last request: 0.000032 seconds.
  path: Assets/TestTask_MobileGame/Assets/Plugins/UniRx/Scripts/System/IOptimizedObservable.cs
  artifactKey: Guid(5a2d3a7c73260e14a875d62586ae28f9) Importer(2089858483,0ecaa5967403d082aa24f35e1b516d23)
Start importing Assets/TestTask_MobileGame/Assets/Plugins/UniRx/Scripts/System/IOptimizedObservable.cs using Guid(5a2d3a7c73260e14a875d62586ae28f9) Importer(2089858483,0ecaa5967403d082aa24f35e1b516d23) [PhysX] Initialized MultithreadedTaskDispatcher with 8 workers.
 -> (artifact id: 'ec0ebefecea23216129830f003cae19e') in 0.022725 seconds
Number of updated asset objects reloaded before import = 0
Number of asset objects unloaded after import = 1
========================================================================
Received Import Request.
  Time since last request: 0.000041 seconds.
  path: Assets/TestTask_MobileGame/Assets/Plugins/UniRx/Scripts/Operators/Never.cs
  artifactKey: Guid(b5db8d5c73883214abaf3715002da256) Importer(2089858483,0ecaa5967403d082aa24f35e1b516d23)
Start importing Assets/TestTask_MobileGame/Assets/Plugins/UniRx/Scripts/Operators/Never.cs using Guid(b5db8d5c73883214abaf3715002da256) Importer(2089858483,0ecaa5967403d082aa24f35e1b516d23) [PhysX] Initialized MultithreadedTaskDispatcher with 8 workers.
 -> (artifact id: '43474f3e374d0c6954b62867c66f3146') in 0.021187 seconds
Number of updated asset objects reloaded before import = 0
Number of asset objects unloaded after import = 1
========================================================================
Received Import Request.
  Time since last request: 0.000033 seconds.
  path: Assets/TestTask_MobileGame/Assets/Plugins/UniRx/Scripts/UnityEngineBridge/FrameInterval.cs
  artifactKey: Guid(266d1e44d71e7774c9abc5b23773e3f1) Importer(2089858483,0ecaa5967403d082aa24f35e1b516d23)
Start importing Assets/TestTask_MobileGame/Assets/Plugins/UniRx/Scripts/UnityEngineBridge/FrameInterval.cs using Guid(266d1e44d71e7774c9abc5b23773e3f1) Importer(2089858483,0ecaa5967403d082aa24f35e1b516d23) [PhysX] Initialized MultithreadedTaskDispatcher with 8 workers.
 -> (artifact id: 'db1dc8df073f219997ceff6fc19085b2') in 0.013704 seconds
Number of updated asset objects reloaded before import = 0
Number of asset objects unloaded after import = 1
========================================================================
Received Import Request.
  Time since last request: 0.000028 seconds.
  path: Assets/TestTask_MobileGame/Assets/Plugins/UniTask/Runtime/Internal/ArrayPool.cs
  artifactKey: Guid(f83ebad81fb89fb4882331616ca6d248) Importer(2089858483,0ecaa5967403d082aa24f35e1b516d23)
Start importing Assets/TestTask_MobileGame/Assets/Plugins/UniTask/Runtime/Internal/ArrayPool.cs using Guid(f83ebad81fb89fb4882331616ca6d248) Importer(2089858483,0ecaa5967403d082aa24f35e1b516d23) [PhysX] Initialized MultithreadedTaskDispatcher with 8 workers.
 -> (artifact id: 'c9d33e46df1f039feeb5cb7127921412') in 0.014636 seconds
Number of updated asset objects reloaded before import = 0
Number of asset objects unloaded after import = 1
========================================================================
Received Import Request.
  Time since last request: 0.000033 seconds.
  path: Assets/TestTask_MobileGame/Assets/Plugins/UniRx/Scripts/System/IProgress.cs
  artifactKey: Guid(a38a024b6babf8d48b7e32f2f8fb8686) Importer(2089858483,0ecaa5967403d082aa24f35e1b516d23)
Start importing Assets/TestTask_MobileGame/Assets/Plugins/UniRx/Scripts/System/IProgress.cs using Guid(a38a024b6babf8d48b7e32f2f8fb8686) Importer(2089858483,0ecaa5967403d082aa24f35e1b516d23) [PhysX] Initialized MultithreadedTaskDispatcher with 8 workers.
 -> (artifact id: '50832d4aac684c9807df6d814c9fa5af') in 0.017363 seconds
Number of updated asset objects reloaded before import = 0
Number of asset objects unloaded after import = 1
========================================================================
Received Import Request.
  Time since last request: 0.000039 seconds.
  path: Assets/TestTask_MobileGame/Assets/Plugins/UniRx/Scripts/Operators/WithLatestFrom.cs
  artifactKey: Guid(eb0bc7125d343ed45bb7e36ff1a53362) Importer(2089858483,0ecaa5967403d082aa24f35e1b516d23)
Start importing Assets/TestTask_MobileGame/Assets/Plugins/UniRx/Scripts/Operators/WithLatestFrom.cs using Guid(eb0bc7125d343ed45bb7e36ff1a53362) Importer(2089858483,0ecaa5967403d082aa24f35e1b516d23) [PhysX] Initialized MultithreadedTaskDispatcher with 8 workers.
 -> (artifact id: '411d4b8225958ac32c6c62fa6be56167') in 0.013062 seconds
Number of updated asset objects reloaded before import = 0
Number of asset objects unloaded after import = 1
========================================================================
Received Import Request.
  Time since last request: 0.000043 seconds.
  path: Assets/TestTask_MobileGame/Assets/Plugins/UniRx/Scripts/Subjects/ReplaySubject.cs
  artifactKey: Guid(d9b0c2f29645e1f468259893bf9afb68) Importer(2089858483,0ecaa5967403d082aa24f35e1b516d23)
Start importing Assets/TestTask_MobileGame/Assets/Plugins/UniRx/Scripts/Subjects/ReplaySubject.cs using Guid(d9b0c2f29645e1f468259893bf9afb68) Importer(2089858483,0ecaa5967403d082aa24f35e1b516d23) [PhysX] Initialized MultithreadedTaskDispatcher with 8 workers.
 -> (artifact id: '2324130bb12bf1601547d9edced08a80') in 0.014185 seconds
Number of updated asset objects reloaded before import = 0
Number of asset objects unloaded after import = 1
========================================================================
Received Import Request.
  Time since last request: 0.000226 seconds.
  path: Assets/TestTask_MobileGame/Assets/Plugins/UniRx/Scripts/Operators/Zip.cs
  artifactKey: Guid(4e92e25f9bb221d478d4af5bcd8b8a2c) Importer(2089858483,0ecaa5967403d082aa24f35e1b516d23)
Start importing Assets/TestTask_MobileGame/Assets/Plugins/UniRx/Scripts/Operators/Zip.cs using Guid(4e92e25f9bb221d478d4af5bcd8b8a2c) Importer(2089858483,0ecaa5967403d082aa24f35e1b516d23) [PhysX] Initialized MultithreadedTaskDispatcher with 8 workers.
 -> (artifact id: '8dde5bdc3acafa922896c59cca6e62c2') in 0.010281 seconds
Number of updated asset objects reloaded before import = 0
Number of asset objects unloaded after import = 1
========================================================================
Received Import Request.
  Time since last request: 0.000031 seconds.
  path: Assets/TestTask_MobileGame/Assets/Plugins/UniRx/Scripts/Tasks/TaskObservableExtensions.cs
  artifactKey: Guid(d4f80d45cec56574e990cc840d1ac16b) Importer(2089858483,0ecaa5967403d082aa24f35e1b516d23)
Start importing Assets/TestTask_MobileGame/Assets/Plugins/UniRx/Scripts/Tasks/TaskObservableExtensions.cs using Guid(d4f80d45cec56574e990cc840d1ac16b) Importer(2089858483,0ecaa5967403d082aa24f35e1b516d23) [PhysX] Initialized MultithreadedTaskDispatcher with 8 workers.
 -> (artifact id: 'ee3a4e84c03b4da710a115c83f0ac427') in 0.025170 seconds
Number of updated asset objects reloaded before import = 0
Number of asset objects unloaded after import = 1
========================================================================
Received Import Request.
  Time since last request: 0.000042 seconds.
  path: Assets/TestTask_MobileGame/Assets/Plugins/UniRx/Scripts/System/IObserver.cs
  artifactKey: Guid(1fc7a9cec9d3b644da7dbcf18ea16270) Importer(2089858483,0ecaa5967403d082aa24f35e1b516d23)
Start importing Assets/TestTask_MobileGame/Assets/Plugins/UniRx/Scripts/System/IObserver.cs using Guid(1fc7a9cec9d3b644da7dbcf18ea16270) Importer(2089858483,0ecaa5967403d082aa24f35e1b516d23) [PhysX] Initialized MultithreadedTaskDispatcher with 8 workers.
 -> (artifact id: 'e4107ab688b24fa117ee1f3ab12942b2') in 0.040427 seconds
Number of updated asset objects reloaded before import = 0
Number of asset objects unloaded after import = 1
========================================================================
Received Import Request.
  Time since last request: 0.000329 seconds.
  path: Assets/TestTask_MobileGame/Assets/Plugins/UniRx/Scripts/Operators/Empty.cs
  artifactKey: Guid(9e9a7050a289d3a4aa17cba89e085135) Importer(2089858483,0ecaa5967403d082aa24f35e1b516d23)
Start importing Assets/TestTask_MobileGame/Assets/Plugins/UniRx/Scripts/Operators/Empty.cs using Guid(9e9a7050a289d3a4aa17cba89e085135) Importer(2089858483,0ecaa5967403d082aa24f35e1b516d23) [PhysX] Initialized MultithreadedTaskDispatcher with 8 workers.
 -> (artifact id: '426bafd2910d650f758d0517755c82f4') in 0.017383 seconds
Number of updated asset objects reloaded before import = 0
Number of asset objects unloaded after import = 1
========================================================================
Received Import Request.
  Time since last request: 0.003742 seconds.
  path: Assets/TestTask_MobileGame/Assets/Plugins/UniRx/Scripts/Subjects/AsyncSubject.cs
  artifactKey: Guid(137cd44250b484d4ba2390d510f8423f) Importer(2089858483,0ecaa5967403d082aa24f35e1b516d23)
Start importing Assets/TestTask_MobileGame/Assets/Plugins/UniRx/Scripts/Subjects/AsyncSubject.cs using Guid(137cd44250b484d4ba2390d510f8423f) Importer(2089858483,0ecaa5967403d082aa24f35e1b516d23) [PhysX] Initialized MultithreadedTaskDispatcher with 8 workers.
 -> (artifact id: 'a3462f0c4ba2786febe0eddddcf38cb0') in 0.039775 seconds
Number of updated asset objects reloaded before import = 0
Number of asset objects unloaded after import = 1
========================================================================
Received Import Request.
  Time since last request: 0.000139 seconds.
  path: Assets/TestTask_MobileGame/Assets/Plugins/UniRx/Scripts/Operators/SkipUntil.cs
  artifactKey: Guid(52314487e375f3d44a49bc5ceb90adab) Importer(2089858483,0ecaa5967403d082aa24f35e1b516d23)
Start importing Assets/TestTask_MobileGame/Assets/Plugins/UniRx/Scripts/Operators/SkipUntil.cs using Guid(52314487e375f3d44a49bc5ceb90adab) Importer(2089858483,0ecaa5967403d082aa24f35e1b516d23) [PhysX] Initialized MultithreadedTaskDispatcher with 8 workers.
 -> (artifact id: '3a621c0d4bbab7a3af0b1ca69a177adc') in 0.013069 seconds
Number of updated asset objects reloaded before import = 0
Number of asset objects unloaded after import = 1
========================================================================
Received Import Request.
  Time since last request: 0.000031 seconds.
  path: Assets/TestTask_MobileGame/Assets/Plugins/UniRx/Scripts/Operators/DelaySubscription.cs
  artifactKey: Guid(4f532fc776d5298439cb8f03d52e1211) Importer(2089858483,0ecaa5967403d082aa24f35e1b516d23)
Start importing Assets/TestTask_MobileGame/Assets/Plugins/UniRx/Scripts/Operators/DelaySubscription.cs using Guid(4f532fc776d5298439cb8f03d52e1211) Importer(2089858483,0ecaa5967403d082aa24f35e1b516d23) [PhysX] Initialized MultithreadedTaskDispatcher with 8 workers.
 -> (artifact id: '1f00ebd4f8ba7a5dc1cca8a789f64fbe') in 0.038037 seconds
Number of updated asset objects reloaded before import = 0
Number of asset objects unloaded after import = 1
========================================================================
Received Import Request.
  Time since last request: 0.000105 seconds.
  path: Assets/TestTask_MobileGame/Assets/Plugins/UniRx/Scripts/Schedulers/ImmediateScheduler.cs
  artifactKey: Guid(87be5fca34f9b44428b7fb1ce9147860) Importer(2089858483,0ecaa5967403d082aa24f35e1b516d23)
Start importing Assets/TestTask_MobileGame/Assets/Plugins/UniRx/Scripts/Schedulers/ImmediateScheduler.cs using Guid(87be5fca34f9b44428b7fb1ce9147860) Importer(2089858483,0ecaa5967403d082aa24f35e1b516d23) [PhysX] Initialized MultithreadedTaskDispatcher with 8 workers.
 -> (artifact id: '0b820afaa5e8f41b6bbc62ced1add58f') in 0.155785 seconds
Number of updated asset objects reloaded before import = 0
Number of asset objects unloaded after import = 1
========================================================================
Received Import Request.
  Time since last request: 0.003886 seconds.
  path: Assets/TestTask_MobileGame/Assets/Plugins/UniTask/Runtime/Linq/ToHashSet.cs
  artifactKey: Guid(7a3e552113af96e4986805ec3c4fc80a) Importer(2089858483,0ecaa5967403d082aa24f35e1b516d23)
Start importing Assets/TestTask_MobileGame/Assets/Plugins/UniTask/Runtime/Linq/ToHashSet.cs using Guid(7a3e552113af96e4986805ec3c4fc80a) Importer(2089858483,0ecaa5967403d082aa24f35e1b516d23) [PhysX] Initialized MultithreadedTaskDispatcher with 8 workers.
 -> (artifact id: '1615867b6806fe74a50a94e1772467c2') in 0.011373 seconds
Number of updated asset objects reloaded before import = 0
Number of asset objects unloaded after import = 1
========================================================================
Received Import Request.
  Time since last request: 0.000029 seconds.
  path: Assets/TestTask_MobileGame/Assets/Plugins/UniTask/Runtime/Linq/Select.cs
  artifactKey: Guid(dc68e598ca44a134b988dfaf5e53bfba) Importer(2089858483,0ecaa5967403d082aa24f35e1b516d23)
Start importing Assets/TestTask_MobileGame/Assets/Plugins/UniTask/Runtime/Linq/Select.cs using Guid(dc68e598ca44a134b988dfaf5e53bfba) Importer(2089858483,0ecaa5967403d082aa24f35e1b516d23) [PhysX] Initialized MultithreadedTaskDispatcher with 8 workers.
 -> (artifact id: '7519a2927a61154e713507166d9ed5b3') in 0.010285 seconds
Number of updated asset objects reloaded before import = 0
Number of asset objects unloaded after import = 1
========================================================================
Received Import Request.
  Time since last request: 0.000035 seconds.
  path: Assets/TestTask_MobileGame/Assets/Plugins/UniTask/Runtime/Triggers/AsyncTriggerBase.cs
  artifactKey: Guid(2c0c2bcee832c6641b25949c412f020f) Importer(2089858483,0ecaa5967403d082aa24f35e1b516d23)
Start importing Assets/TestTask_MobileGame/Assets/Plugins/UniTask/Runtime/Triggers/AsyncTriggerBase.cs using Guid(2c0c2bcee832c6641b25949c412f020f) Importer(2089858483,0ecaa5967403d082aa24f35e1b516d23) [PhysX] Initialized MultithreadedTaskDispatcher with 8 workers.
 -> (artifact id: '66dd04e07f63409038573715466c67ca') in 0.008829 seconds
Number of updated asset objects reloaded before import = 0
Number of asset objects unloaded after import = 1
========================================================================
Received Import Request.
  Time since last request: 0.000029 seconds.
  path: Assets/TestTask_MobileGame/Assets/Plugins/UniTask/Runtime/Linq/ElementAt.cs
  artifactKey: Guid(c835bd2dd8555234c8919c7b8ef3b69a) Importer(2089858483,0ecaa5967403d082aa24f35e1b516d23)
Start importing Assets/TestTask_MobileGame/Assets/Plugins/UniTask/Runtime/Linq/ElementAt.cs using Guid(c835bd2dd8555234c8919c7b8ef3b69a) Importer(2089858483,0ecaa5967403d082aa24f35e1b516d23) [PhysX] Initialized MultithreadedTaskDispatcher with 8 workers.
 -> (artifact id: '4a7f66573e37672a93542783f84565bd') in 0.028487 seconds
Number of updated asset objects reloaded before import = 0
Number of asset objects unloaded after import = 1
========================================================================
Received Import Request.
  Time since last request: 0.000156 seconds.
  path: Assets/TestTask_MobileGame/Assets/Plugins/UniTask/Runtime/Linq/AppendPrepend.cs
  artifactKey: Guid(3268ec424b8055f45aa2a26d17c80468) Importer(2089858483,0ecaa5967403d082aa24f35e1b516d23)
Start importing Assets/TestTask_MobileGame/Assets/Plugins/UniTask/Runtime/Linq/AppendPrepend.cs using Guid(3268ec424b8055f45aa2a26d17c80468) Importer(2089858483,0ecaa5967403d082aa24f35e1b516d23) [PhysX] Initialized MultithreadedTaskDispatcher with 8 workers.
 -> (artifact id: '279a361a17fa60efa339cad628eae922') in 0.013121 seconds
Number of updated asset objects reloaded before import = 0
Number of asset objects unloaded after import = 1
========================================================================
Received Import Request.
  Time since last request: 0.000275 seconds.
  path: Assets/TestTask_MobileGame/Assets/Plugins/Zenject/Source/Editor/EditorStaticInstaller.cs
  artifactKey: Guid(fcb2e11e0ed56de48b0ba9b5e3ae10c9) Importer(2089858483,0ecaa5967403d082aa24f35e1b516d23)
Start importing Assets/TestTask_MobileGame/Assets/Plugins/Zenject/Source/Editor/EditorStaticInstaller.cs using Guid(fcb2e11e0ed56de48b0ba9b5e3ae10c9) Importer(2089858483,0ecaa5967403d082aa24f35e1b516d23) [PhysX] Initialized MultithreadedTaskDispatcher with 8 workers.
 -> (artifact id: '6742c46c3576cc076939c767a725916b') in 0.015147 seconds
Number of updated asset objects reloaded before import = 0
Number of asset objects unloaded after import = 1
========================================================================
Received Import Request.
  Time since last request: 0.000031 seconds.
  path: Assets/TestTask_MobileGame/Assets/Plugins/UniTask/Runtime/Linq/Never.cs
  artifactKey: Guid(8b307c3d3be71a94da251564bcdefa3d) Importer(2089858483,0ecaa5967403d082aa24f35e1b516d23)
Start importing Assets/TestTask_MobileGame/Assets/Plugins/UniTask/Runtime/Linq/Never.cs using Guid(8b307c3d3be71a94da251564bcdefa3d) Importer(2089858483,0ecaa5967403d082aa24f35e1b516d23) [PhysX] Initialized MultithreadedTaskDispatcher with 8 workers.
 -> (artifact id: '353842a30562396a87f5edcc2c13fb55') in 0.010979 seconds
Number of updated asset objects reloaded before import = 0
Number of asset objects unloaded after import = 1
========================================================================
Received Import Request.
  Time since last request: 0.000046 seconds.
  path: Assets/TestTask_MobileGame/Assets/Plugins/Zenject/Source/Editor/ZenUnityEditorUtil.cs
  artifactKey: Guid(f798e3a2f0079b840804c0516d265f03) Importer(2089858483,0ecaa5967403d082aa24f35e1b516d23)
Start importing Assets/TestTask_MobileGame/Assets/Plugins/Zenject/Source/Editor/ZenUnityEditorUtil.cs using Guid(f798e3a2f0079b840804c0516d265f03) Importer(2089858483,0ecaa5967403d082aa24f35e1b516d23) [PhysX] Initialized MultithreadedTaskDispatcher with 8 workers.
 -> (artifact id: '27e8e3bc2c69ae21526faeb28426a2d1') in 0.011290 seconds
Number of updated asset objects reloaded before import = 0
Number of asset objects unloaded after import = 1
========================================================================
Received Import Request.
  Time since last request: 0.000121 seconds.
  path: Assets/TestTask_MobileGame/Assets/Plugins/UniTask/Runtime/Linq/SequenceEqual.cs
  artifactKey: Guid(b382772aba6128842928cdb6b2e034b0) Importer(2089858483,0ecaa5967403d082aa24f35e1b516d23)
Start importing Assets/TestTask_MobileGame/Assets/Plugins/UniTask/Runtime/Linq/SequenceEqual.cs using Guid(b382772aba6128842928cdb6b2e034b0) Importer(2089858483,0ecaa5967403d082aa24f35e1b516d23) [PhysX] Initialized MultithreadedTaskDispatcher with 8 workers.
 -> (artifact id: '8413f25b4603ba9a8b68c733dc716277') in 0.012399 seconds
Number of updated asset objects reloaded before import = 0
Number of asset objects unloaded after import = 1
========================================================================
Received Import Request.
  Time since last request: 0.000044 seconds.
  path: Assets/TestTask_MobileGame/Assets/Plugins/UniTask/Runtime/Linq/Any.cs
  artifactKey: Guid(e2b2e65745263994fbe34f3e0ec8eb12) Importer(2089858483,0ecaa5967403d082aa24f35e1b516d23)
Start importing Assets/TestTask_MobileGame/Assets/Plugins/UniTask/Runtime/Linq/Any.cs using Guid(e2b2e65745263994fbe34f3e0ec8eb12) Importer(2089858483,0ecaa5967403d082aa24f35e1b516d23) [PhysX] Initialized MultithreadedTaskDispatcher with 8 workers.
 -> (artifact id: 'b29d2e559d3ed1142a9bbe2237cbbea5') in 0.014993 seconds
Number of updated asset objects reloaded before import = 0
Number of asset objects unloaded after import = 1
========================================================================
Received Import Request.
  Time since last request: 0.000063 seconds.
  path: Assets/TestTask_MobileGame/Assets/Plugins/UniTask/Runtime/Linq/TakeUntil.cs
  artifactKey: Guid(12bda324162f15349afefc2c152ac07f) Importer(2089858483,0ecaa5967403d082aa24f35e1b516d23)
Start importing Assets/TestTask_MobileGame/Assets/Plugins/UniTask/Runtime/Linq/TakeUntil.cs using Guid(12bda324162f15349afefc2c152ac07f) Importer(2089858483,0ecaa5967403d082aa24f35e1b516d23) [PhysX] Initialized MultithreadedTaskDispatcher with 8 workers.
 -> (artifact id: 'e111bd5dc91c71a9511ae50370bd8614') in 0.019288 seconds
Number of updated asset objects reloaded before import = 0
Number of asset objects unloaded after import = 1
========================================================================
Received Import Request.
  Time since last request: 0.000041 seconds.
  path: Assets/TestTask_MobileGame/Assets/Plugins/UniTask/Runtime/Linq/Publish.cs
  artifactKey: Guid(93c684d1e88c09d4e89b79437d97b810) Importer(2089858483,0ecaa5967403d082aa24f35e1b516d23)
Start importing Assets/TestTask_MobileGame/Assets/Plugins/UniTask/Runtime/Linq/Publish.cs using Guid(93c684d1e88c09d4e89b79437d97b810) Importer(2089858483,0ecaa5967403d082aa24f35e1b516d23) [PhysX] Initialized MultithreadedTaskDispatcher with 8 workers.
 -> (artifact id: 'fc929b5af0cc8f55b09310f6007eb344') in 0.012433 seconds
Number of updated asset objects reloaded before import = 0
Number of asset objects unloaded after import = 1
========================================================================
Received Import Request.
  Time since last request: 0.000032 seconds.
  path: Assets/TestTask_MobileGame/Assets/Plugins/UniTask/Runtime/Linq/Max.cs
  artifactKey: Guid(5c8a118a6b664c441820b8a87d7f6e28) Importer(2089858483,0ecaa5967403d082aa24f35e1b516d23)
Start importing Assets/TestTask_MobileGame/Assets/Plugins/UniTask/Runtime/Linq/Max.cs using Guid(5c8a118a6b664c441820b8a87d7f6e28) Importer(2089858483,0ecaa5967403d082aa24f35e1b516d23) [PhysX] Initialized MultithreadedTaskDispatcher with 8 workers.
 -> (artifact id: '6e0a1f9738167cbe0da6b84a13c8bcf0') in 0.018283 seconds
Number of updated asset objects reloaded before import = 0
Number of asset objects unloaded after import = 1
========================================================================
Received Import Request.
  Time since last request: 0.000051 seconds.
  path: Assets/TestTask_MobileGame/Assets/Plugins/UniTask/Runtime/Linq/GroupBy.cs
  artifactKey: Guid(a2de80df1cc8a1240ab0ee7badd334d0) Importer(2089858483,0ecaa5967403d082aa24f35e1b516d23)
Start importing Assets/TestTask_MobileGame/Assets/Plugins/UniTask/Runtime/Linq/GroupBy.cs using Guid(a2de80df1cc8a1240ab0ee7badd334d0) Importer(2089858483,0ecaa5967403d082aa24f35e1b516d23) [PhysX] Initialized MultithreadedTaskDispatcher with 8 workers.
 -> (artifact id: '19ea8f5542243922ba4644280e17a0b5') in 0.023659 seconds
Number of updated asset objects reloaded before import = 0
Number of asset objects unloaded after import = 1
========================================================================
Received Import Request.
  Time since last request: 0.000076 seconds.
  path: Assets/TestTask_MobileGame/Assets/Plugins/Zenject/Source/Main/IInstantiator.cs
  artifactKey: Guid(27acc83df7708be4185afec9bd506165) Importer(2089858483,0ecaa5967403d082aa24f35e1b516d23)
Start importing Assets/TestTask_MobileGame/Assets/Plugins/Zenject/Source/Main/IInstantiator.cs using Guid(27acc83df7708be4185afec9bd506165) Importer(2089858483,0ecaa5967403d082aa24f35e1b516d23) [PhysX] Initialized MultithreadedTaskDispatcher with 8 workers.
 -> (artifact id: '0e0bd76537435e9ddf999eed74a8d581') in 0.015645 seconds
Number of updated asset objects reloaded before import = 0
Number of asset objects unloaded after import = 1
========================================================================
Received Import Request.
  Time since last request: 0.003473 seconds.
  path: Assets/TestTask_MobileGame/Assets/Plugins/Zenject/Source/Providers/MethodProviderUntyped.cs
  artifactKey: Guid(bddc7ee81ed8fd84cbf60eebf5cb3e41) Importer(2089858483,0ecaa5967403d082aa24f35e1b516d23)
Start importing Assets/TestTask_MobileGame/Assets/Plugins/Zenject/Source/Providers/MethodProviderUntyped.cs using Guid(bddc7ee81ed8fd84cbf60eebf5cb3e41) Importer(2089858483,0ecaa5967403d082aa24f35e1b516d23) [PhysX] Initialized MultithreadedTaskDispatcher with 8 workers.
 -> (artifact id: '2f11f08ca3d664ad998bcf120526a8bb') in 0.013622 seconds
Number of updated asset objects reloaded before import = 0
Number of asset objects unloaded after import = 1
========================================================================
Received Import Request.
  Time since last request: 0.000045 seconds.
  path: Assets/TestTask_MobileGame/Assets/Plugins/Zenject/Source/Providers/IFactoryProvider.cs
  artifactKey: Guid(eaf07c2b7ad9f684dac7f1da2ee67f5c) Importer(2089858483,0ecaa5967403d082aa24f35e1b516d23)
Start importing Assets/TestTask_MobileGame/Assets/Plugins/Zenject/Source/Providers/IFactoryProvider.cs using Guid(eaf07c2b7ad9f684dac7f1da2ee67f5c) Importer(2089858483,0ecaa5967403d082aa24f35e1b516d23) [PhysX] Initialized MultithreadedTaskDispatcher with 8 workers.
 -> (artifact id: '8c39116373ee5089abb601946ab66e68') in 0.009909 seconds
Number of updated asset objects reloaded before import = 0
Number of asset objects unloaded after import = 1
========================================================================
Received Import Request.
  Time since last request: 0.000030 seconds.
  path: Assets/TestTask_MobileGame/Assets/Plugins/Zenject/Source/Internal/TypeStringFormatter.cs
  artifactKey: Guid(94a0a9a58e17e3d438c169678c9795f7) Importer(2089858483,0ecaa5967403d082aa24f35e1b516d23)
Start importing Assets/TestTask_MobileGame/Assets/Plugins/Zenject/Source/Internal/TypeStringFormatter.cs using Guid(94a0a9a58e17e3d438c169678c9795f7) Importer(2089858483,0ecaa5967403d082aa24f35e1b516d23) [PhysX] Initialized MultithreadedTaskDispatcher with 8 workers.
 -> (artifact id: 'a55b070efb6dec4af002d4f5900aae02') in 0.013773 seconds
Number of updated asset objects reloaded before import = 0
Number of asset objects unloaded after import = 1
========================================================================
Received Import Request.
  Time since last request: 0.000031 seconds.
  path: Assets/TestTask_MobileGame/Assets/Plugins/Zenject/Source/Util/ZenAutoInjecter.cs
  artifactKey: Guid(717a02054ef2699498e6bd4234fd7995) Importer(2089858483,0ecaa5967403d082aa24f35e1b516d23)
Start importing Assets/TestTask_MobileGame/Assets/Plugins/Zenject/Source/Util/ZenAutoInjecter.cs using Guid(717a02054ef2699498e6bd4234fd7995) Importer(2089858483,0ecaa5967403d082aa24f35e1b516d23) [PhysX] Initialized MultithreadedTaskDispatcher with 8 workers.
 -> (artifact id: '89e12d89cf8a50ace5780afe8615290b') in 0.015406 seconds
Number of updated asset objects reloaded before import = 0
Number of asset objects unloaded after import = 1
========================================================================
Received Import Request.
  Time since last request: 0.000029 seconds.
  path: Assets/TestTask_MobileGame/Assets/Plugins/Zenject/Source/Util/ZenUtilInternal.cs
  artifactKey: Guid(401238e59d733ab48aaea1a582241b29) Importer(2089858483,0ecaa5967403d082aa24f35e1b516d23)
Start importing Assets/TestTask_MobileGame/Assets/Plugins/Zenject/Source/Util/ZenUtilInternal.cs using Guid(401238e59d733ab48aaea1a582241b29) Importer(2089858483,0ecaa5967403d082aa24f35e1b516d23) [PhysX] Initialized MultithreadedTaskDispatcher with 8 workers.
 -> (artifact id: 'c75d972334f152ef3f8441f10d8d2ee8') in 0.012374 seconds
Number of updated asset objects reloaded before import = 0
Number of asset objects unloaded after import = 1
========================================================================
Received Import Request.
  Time since last request: 0.000026 seconds.
  path: Assets/TestTask_MobileGame/Assets/Plugins/UniRx/Scripts/UnityEngineBridge/Operators/ThrottleFrame.cs
  artifactKey: Guid(2c4ef0bfcfe787543999c7a6cda03c07) Importer(2089858483,0ecaa5967403d082aa24f35e1b516d23)
Start importing Assets/TestTask_MobileGame/Assets/Plugins/UniRx/Scripts/UnityEngineBridge/Operators/ThrottleFrame.cs using Guid(2c4ef0bfcfe787543999c7a6cda03c07) Importer(2089858483,0ecaa5967403d082aa24f35e1b516d23) [PhysX] Initialized MultithreadedTaskDispatcher with 8 workers.
 -> (artifact id: '2c06fe00abb585ec9fe2140e0700327e') in 0.011455 seconds
Number of updated asset objects reloaded before import = 0
Number of asset objects unloaded after import = 1
========================================================================
Received Import Request.
  Time since last request: 0.000536 seconds.
  path: Assets/TestTask_MobileGame/Assets/Plugins/Zenject/Source/Providers/InstanceProvider.cs
  artifactKey: Guid(1d3d5b3bdf966444099f2dfdf3a313fd) Importer(2089858483,0ecaa5967403d082aa24f35e1b516d23)
Start importing Assets/TestTask_MobileGame/Assets/Plugins/Zenject/Source/Providers/InstanceProvider.cs using Guid(1d3d5b3bdf966444099f2dfdf3a313fd) Importer(2089858483,0ecaa5967403d082aa24f35e1b516d23) [PhysX] Initialized MultithreadedTaskDispatcher with 8 workers.
 -> (artifact id: 'a8b0fb7a662eff8e0decc86a66b99083') in 0.018381 seconds
Number of updated asset objects reloaded before import = 0
Number of asset objects unloaded after import = 1
========================================================================
Received Import Request.
  Time since last request: 0.000082 seconds.
  path: Assets/TestTask_MobileGame/Assets/Plugins/UniTask/Runtime/Linq/LongCount.cs
  artifactKey: Guid(198b39e58ced3ab4f97ccbe0916787d5) Importer(2089858483,0ecaa5967403d082aa24f35e1b516d23)
Start importing Assets/TestTask_MobileGame/Assets/Plugins/UniTask/Runtime/Linq/LongCount.cs using Guid(198b39e58ced3ab4f97ccbe0916787d5) Importer(2089858483,0ecaa5967403d082aa24f35e1b516d23) [PhysX] Initialized MultithreadedTaskDispatcher with 8 workers.
 -> (artifact id: 'dc0d61aa7655ef24a2d9458b427a3be9') in 0.017931 seconds
Number of updated asset objects reloaded before import = 0
Number of asset objects unloaded after import = 1
========================================================================
Received Import Request.
  Time since last request: 0.000033 seconds.
  path: Assets/TestTask_MobileGame/Assets/Plugins/Zenject/Source/Runtime/TickableManager.cs
  artifactKey: Guid(2fa54cf0e36bd194faa8f877e9f699a4) Importer(2089858483,0ecaa5967403d082aa24f35e1b516d23)
Start importing Assets/TestTask_MobileGame/Assets/Plugins/Zenject/Source/Runtime/TickableManager.cs using Guid(2fa54cf0e36bd194faa8f877e9f699a4) Importer(2089858483,0ecaa5967403d082aa24f35e1b516d23) [PhysX] Initialized MultithreadedTaskDispatcher with 8 workers.
 -> (artifact id: '626c55e0b23e784afc2efe5fd2063bcd') in 0.013659 seconds
Number of updated asset objects reloaded before import = 0
Number of asset objects unloaded after import = 1
========================================================================
Received Import Request.
  Time since last request: 0.000029 seconds.
  path: Assets/TestTask_MobileGame/Assets/Plugins/Zenject/Source/Injection/InjectUtil.cs
  artifactKey: Guid(0ebfddbd9452a9c4cb6c9dfe7a25ea53) Importer(2089858483,0ecaa5967403d082aa24f35e1b516d23)
Start importing Assets/TestTask_MobileGame/Assets/Plugins/Zenject/Source/Injection/InjectUtil.cs using Guid(0ebfddbd9452a9c4cb6c9dfe7a25ea53) Importer(2089858483,0ecaa5967403d082aa24f35e1b516d23) [PhysX] Initialized MultithreadedTaskDispatcher with 8 workers.
 -> (artifact id: '2150fcca4fc3cbbd39ee7b73634ba34a') in 0.015492 seconds
Number of updated asset objects reloaded before import = 0
Number of asset objects unloaded after import = 1
========================================================================
Received Import Request.
  Time since last request: 0.000028 seconds.
  path: Assets/TestTask_MobileGame/Assets/Plugins/UniTask/Runtime/Linq/CombineLatest.cs
  artifactKey: Guid(6cb07f6e88287e34d9b9301a572284a5) Importer(2089858483,0ecaa5967403d082aa24f35e1b516d23)
Start importing Assets/TestTask_MobileGame/Assets/Plugins/UniTask/Runtime/Linq/CombineLatest.cs using Guid(6cb07f6e88287e34d9b9301a572284a5) Importer(2089858483,0ecaa5967403d082aa24f35e1b516d23) [PhysX] Initialized MultithreadedTaskDispatcher with 8 workers.
 -> (artifact id: '9d5732cc17fcbbeae743e3649d03853f') in 0.017666 seconds
Number of updated asset objects reloaded before import = 0
Number of asset objects unloaded after import = 1
========================================================================
Received Import Request.
  Time since last request: 0.000096 seconds.
  path: Assets/TestTask_MobileGame/Assets/Plugins/Zenject/Source/Install/Installer.cs
  artifactKey: Guid(743eef94d86c79e4189b311a7c7528ce) Importer(2089858483,0ecaa5967403d082aa24f35e1b516d23)
Start importing Assets/TestTask_MobileGame/Assets/Plugins/Zenject/Source/Install/Installer.cs using Guid(743eef94d86c79e4189b311a7c7528ce) Importer(2089858483,0ecaa5967403d082aa24f35e1b516d23) [PhysX] Initialized MultithreadedTaskDispatcher with 8 workers.
 -> (artifact id: '5092fecd4014f4016de3e6e9cb8f4e4d') in 0.012948 seconds
Number of updated asset objects reloaded before import = 0
Number of asset objects unloaded after import = 1
========================================================================
Received Import Request.
  Time since last request: 0.000325 seconds.
  path: Assets/TestTask_MobileGame/Assets/Plugins/Zenject/Source/Providers/MethodProviderMultiple.cs
  artifactKey: Guid(0e5a590d4406d6e46ba319046057db53) Importer(2089858483,0ecaa5967403d082aa24f35e1b516d23)
Start importing Assets/TestTask_MobileGame/Assets/Plugins/Zenject/Source/Providers/MethodProviderMultiple.cs using Guid(0e5a590d4406d6e46ba319046057db53) Importer(2089858483,0ecaa5967403d082aa24f35e1b516d23) [PhysX] Initialized MultithreadedTaskDispatcher with 8 workers.
 -> (artifact id: '706a011a3adca8851ad98c95cfa1f8be') in 0.019486 seconds
Number of updated asset objects reloaded before import = 0
Number of asset objects unloaded after import = 1
========================================================================
Received Import Request.
  Time since last request: 0.000036 seconds.
  path: Assets/TestTask_MobileGame/Assets/Plugins/Zenject/Source/Internal/Log.cs
  artifactKey: Guid(622a24d4c6769414495ea1786bfee872) Importer(2089858483,0ecaa5967403d082aa24f35e1b516d23)
Start importing Assets/TestTask_MobileGame/Assets/Plugins/Zenject/Source/Internal/Log.cs using Guid(622a24d4c6769414495ea1786bfee872) Importer(2089858483,0ecaa5967403d082aa24f35e1b516d23) [PhysX] Initialized MultithreadedTaskDispatcher with 8 workers.
 -> (artifact id: '00d65cfc6469ba50b6464b2c396989cb') in 0.015060 seconds
Number of updated asset objects reloaded before import = 0
Number of asset objects unloaded after import = 1
========================================================================
Received Import Request.
  Time since last request: 0.000043 seconds.
  path: Assets/TestTask_MobileGame/Assets/Plugins/Zenject/Source/Usage/Zenject-usage.dll
  artifactKey: Guid(700aed094b237904eb96e963264dd6ff) Importer(2089858483,0ecaa5967403d082aa24f35e1b516d23)
Start importing Assets/TestTask_MobileGame/Assets/Plugins/Zenject/Source/Usage/Zenject-usage.dll using Guid(700aed094b237904eb96e963264dd6ff) Importer(2089858483,0ecaa5967403d082aa24f35e1b516d23) [PhysX] Initialized MultithreadedTaskDispatcher with 8 workers.
 -> (artifact id: 'fb1fa92bc1736bcb34964958d765a568') in 0.013271 seconds
Number of updated asset objects reloaded before import = 0
Number of asset objects unloaded after import = 1
========================================================================
Received Import Request.
  Time since last request: 0.000026 seconds.
  path: Assets/TestTask_MobileGame/Assets/Plugins/UniRx/Scripts/UnityEngineBridge/Triggers/ObservableSelectTrigger.cs
  artifactKey: Guid(1e4cb287d3ab8274885ed05748f26329) Importer(2089858483,0ecaa5967403d082aa24f35e1b516d23)
Start importing Assets/TestTask_MobileGame/Assets/Plugins/UniRx/Scripts/UnityEngineBridge/Triggers/ObservableSelectTrigger.cs using Guid(1e4cb287d3ab8274885ed05748f26329) Importer(2089858483,0ecaa5967403d082aa24f35e1b516d23) [PhysX] Initialized MultithreadedTaskDispatcher with 8 workers.
 -> (artifact id: 'f382a3a2a766d503e8d5dbc7bacbbab6') in 0.018940 seconds
Number of updated asset objects reloaded before import = 0
Number of asset objects unloaded after import = 1
========================================================================
Received Import Request.
  Time since last request: 0.000030 seconds.
  path: Assets/TestTask_MobileGame/Assets/Plugins/UniRx/Scripts/UnityEngineBridge/Triggers/ObservableJointTrigger.cs
  artifactKey: Guid(79b758631951cbc42b40ea87072e1ab3) Importer(2089858483,0ecaa5967403d082aa24f35e1b516d23)
Start importing Assets/TestTask_MobileGame/Assets/Plugins/UniRx/Scripts/UnityEngineBridge/Triggers/ObservableJointTrigger.cs using Guid(79b758631951cbc42b40ea87072e1ab3) Importer(2089858483,0ecaa5967403d082aa24f35e1b516d23) [PhysX] Initialized MultithreadedTaskDispatcher with 8 workers.
 -> (artifact id: 'f4e7c910c5ec2c21170aba97de7a2fbc') in 0.016002 seconds
Number of updated asset objects reloaded before import = 0
Number of asset objects unloaded after import = 1
========================================================================
Received Import Request.
  Time since last request: 0.000032 seconds.
  path: Assets/TestTask_MobileGame/Assets/Plugins/UniRx/Scripts/UnityEngineBridge/Triggers/ObservableBeginDragTrigger.cs
  artifactKey: Guid(3a81a9b6bec6b4f4fba7e0047cd989f6) Importer(2089858483,0ecaa5967403d082aa24f35e1b516d23)
Start importing Assets/TestTask_MobileGame/Assets/Plugins/UniRx/Scripts/UnityEngineBridge/Triggers/ObservableBeginDragTrigger.cs using Guid(3a81a9b6bec6b4f4fba7e0047cd989f6) Importer(2089858483,0ecaa5967403d082aa24f35e1b516d23) [PhysX] Initialized MultithreadedTaskDispatcher with 8 workers.
 -> (artifact id: 'd8b509f3ef20fa3870591978bd4a8cba') in 0.020926 seconds
Number of updated asset objects reloaded before import = 0
Number of asset objects unloaded after import = 1
========================================================================
Received Import Request.
  Time since last request: 0.000028 seconds.
  path: Assets/TestTask_MobileGame/Assets/Plugins/UniRx/Scripts/UnityEngineBridge/Triggers/ObservableTriggerTrigger.cs
  artifactKey: Guid(cadcfd987fed8a044b75709fc19ad0f7) Importer(2089858483,0ecaa5967403d082aa24f35e1b516d23)
Start importing Assets/TestTask_MobileGame/Assets/Plugins/UniRx/Scripts/UnityEngineBridge/Triggers/ObservableTriggerTrigger.cs using Guid(cadcfd987fed8a044b75709fc19ad0f7) Importer(2089858483,0ecaa5967403d082aa24f35e1b516d23) [PhysX] Initialized MultithreadedTaskDispatcher with 8 workers.
 -> (artifact id: 'b4c58955a6553257a0e202be59252bb8') in 0.013008 seconds
Number of updated asset objects reloaded before import = 0
Number of asset objects unloaded after import = 1
========================================================================
Received Import Request.
  Time since last request: 0.000029 seconds.
  path: Assets/TestTask_MobileGame/Assets/Plugins/Zenject/OptionalExtras/SampleGame1 (Beginner)/Media/Fonts/space age.ttf
  artifactKey: Guid(fd8f821504719f7459be663fb8591ada) Importer(2089858483,0ecaa5967403d082aa24f35e1b516d23)
Start importing Assets/TestTask_MobileGame/Assets/Plugins/Zenject/OptionalExtras/SampleGame1 (Beginner)/Media/Fonts/space age.ttf using Guid(fd8f821504719f7459be663fb8591ada) Importer(2089858483,0ecaa5967403d082aa24f35e1b516d23) [PhysX] Initialized MultithreadedTaskDispatcher with 8 workers.
 -> (artifact id: '363b2f8cd9aa70dae1d3e5e386a12bda') in 0.082913 seconds
Number of updated asset objects reloaded before import = 0
Number of asset objects unloaded after import = 3
========================================================================
Received Import Request.
  Time since last request: 0.000430 seconds.
  path: Assets/TestTask_MobileGame/Assets/Plugins/Zenject/Source/Binding/BindInfo/MemoryPoolBindInfo.cs
  artifactKey: Guid(3f8798fbf64bca945a7be04615c08c4f) Importer(2089858483,0ecaa5967403d082aa24f35e1b516d23)
Start importing Assets/TestTask_MobileGame/Assets/Plugins/Zenject/Source/Binding/BindInfo/MemoryPoolBindInfo.cs using Guid(3f8798fbf64bca945a7be04615c08c4f) Importer(2089858483,0ecaa5967403d082aa24f35e1b516d23) [PhysX] Initialized MultithreadedTaskDispatcher with 8 workers.
 -> (artifact id: 'bc0374a528f03f5bb60435398b363a44') in 0.020661 seconds
Number of updated asset objects reloaded before import = 0
Number of asset objects unloaded after import = 1
========================================================================
Received Import Request.
  Time since last request: 0.002353 seconds.
  path: Assets/TestTask_MobileGame/Assets/Plugins/Zenject/OptionalExtras/SampleGame1 (Beginner)/Scripts/Ship/ShipStateFactory.cs
  artifactKey: Guid(732d3e232d9f7084ca4f03e6129bcbb6) Importer(2089858483,0ecaa5967403d082aa24f35e1b516d23)
Start importing Assets/TestTask_MobileGame/Assets/Plugins/Zenject/OptionalExtras/SampleGame1 (Beginner)/Scripts/Ship/ShipStateFactory.cs using Guid(732d3e232d9f7084ca4f03e6129bcbb6) Importer(2089858483,0ecaa5967403d082aa24f35e1b516d23) [PhysX] Initialized MultithreadedTaskDispatcher with 8 workers.
 -> (artifact id: '93b916306f0d187ea754711f64d777b4') in 0.019008 seconds
Number of updated asset objects reloaded before import = 0
Number of asset objects unloaded after import = 1
========================================================================
Received Import Request.
  Time since last request: 0.000462 seconds.
  path: Assets/TestTask_MobileGame/Assets/Plugins/Zenject/OptionalExtras/SampleGame1 (Beginner)/Media/Materials/stars.mat
  artifactKey: Guid(c0f447361fb4285458bb4b25e0cbbff5) Importer(2089858483,0ecaa5967403d082aa24f35e1b516d23)
Start importing Assets/TestTask_MobileGame/Assets/Plugins/Zenject/OptionalExtras/SampleGame1 (Beginner)/Media/Materials/stars.mat using Guid(c0f447361fb4285458bb4b25e0cbbff5) Importer(2089858483,0ecaa5967403d082aa24f35e1b516d23) [PhysX] Initialized MultithreadedTaskDispatcher with 8 workers.
 -> (artifact id: 'dc1cb510e3fdcc018bb6a070482a4f1b') in 0.257465 seconds
Number of updated asset objects reloaded before import = 0
Number of asset objects unloaded after import = 2
========================================================================
Received Import Request.
  Time since last request: 0.000034 seconds.
  path: Assets/TestTask_MobileGame/Assets/Plugins/Zenject/Source/Runtime/Kernels/DecoratableMonoKernel.cs
  artifactKey: Guid(f054684b4d0f44a1904823270ae3f137) Importer(2089858483,0ecaa5967403d082aa24f35e1b516d23)
Start importing Assets/TestTask_MobileGame/Assets/Plugins/Zenject/Source/Runtime/Kernels/DecoratableMonoKernel.cs using Guid(f054684b4d0f44a1904823270ae3f137) Importer(2089858483,0ecaa5967403d082aa24f35e1b516d23) [PhysX] Initialized MultithreadedTaskDispatcher with 8 workers.
 -> (artifact id: 'a4a18f43fe8569f9c1a49f221071b8a4') in 0.023237 seconds
Number of updated asset objects reloaded before import = 0
Number of asset objects unloaded after import = 1
========================================================================
Received Import Request.
  Time since last request: 0.000219 seconds.
  path: Assets/TestTask_MobileGame/Assets/Plugins/Zenject/Source/Providers/SubContainerCreators/SubContainerCreatorByNewGameObjectDynamicContext.cs
  artifactKey: Guid(7c2c6880c82d78140818fe3204a0279b) Importer(2089858483,0ecaa5967403d082aa24f35e1b516d23)
Start importing Assets/TestTask_MobileGame/Assets/Plugins/Zenject/Source/Providers/SubContainerCreators/SubContainerCreatorByNewGameObjectDynamicContext.cs using Guid(7c2c6880c82d78140818fe3204a0279b) Importer(2089858483,0ecaa5967403d082aa24f35e1b516d23) [PhysX] Initialized MultithreadedTaskDispatcher with 8 workers.
 -> (artifact id: '69beabc497b841e7fd4343342f7a082c') in 0.023945 seconds
Number of updated asset objects reloaded before import = 0
Number of asset objects unloaded after import = 1
========================================================================
Received Import Request.
  Time since last request: 0.000028 seconds.
  path: Assets/TestTask_MobileGame/Assets/Plugins/Zenject/OptionalExtras/MemoryPoolMonitor/Editor/DebugWindow/InPlaceStableSort.cs
  artifactKey: Guid(48a8b9cc5fc1b7641ad87f55c4da8788) Importer(2089858483,0ecaa5967403d082aa24f35e1b516d23)
Start importing Assets/TestTask_MobileGame/Assets/Plugins/Zenject/OptionalExtras/MemoryPoolMonitor/Editor/DebugWindow/InPlaceStableSort.cs using Guid(48a8b9cc5fc1b7641ad87f55c4da8788) Importer(2089858483,0ecaa5967403d082aa24f35e1b516d23) [PhysX] Initialized MultithreadedTaskDispatcher with 8 workers.
 -> (artifact id: '88134e7e06aadf7ab8da18aafbeb265c') in 0.020836 seconds
Number of updated asset objects reloaded before import = 0
Number of asset objects unloaded after import = 1
========================================================================
Received Import Request.
  Time since last request: 0.000030 seconds.
  path: Assets/TestTask_MobileGame/Assets/Plugins/Zenject/OptionalExtras/SampleGame2 (Advanced)/Scripts/Player/PlayerInputHandler.cs
  artifactKey: Guid(5b062bb00fc459540964842bdf1068a9) Importer(2089858483,0ecaa5967403d082aa24f35e1b516d23)
Start importing Assets/TestTask_MobileGame/Assets/Plugins/Zenject/OptionalExtras/SampleGame2 (Advanced)/Scripts/Player/PlayerInputHandler.cs using Guid(5b062bb00fc459540964842bdf1068a9) Importer(2089858483,0ecaa5967403d082aa24f35e1b516d23) [PhysX] Initialized MultithreadedTaskDispatcher with 8 workers.
 -> (artifact id: 'c303878329137ea3e6b8f28ec9bd894c') in 0.012780 seconds
Number of updated asset objects reloaded before import = 0
Number of asset objects unloaded after import = 1
========================================================================
Received Import Request.
  Time since last request: 0.000108 seconds.
  path: Assets/TestTask_MobileGame/Assets/Plugins/Zenject/OptionalExtras/SampleGame2 (Advanced)/Media/Models/ship.fbx
  artifactKey: Guid(73637a3b17554e34c9e921d4df1ee609) Importer(2089858483,0ecaa5967403d082aa24f35e1b516d23)
Start importing Assets/TestTask_MobileGame/Assets/Plugins/Zenject/OptionalExtras/SampleGame2 (Advanced)/Media/Models/ship.fbx using Guid(73637a3b17554e34c9e921d4df1ee609) Importer(2089858483,0ecaa5967403d082aa24f35e1b516d23) [PhysX] Initialized MultithreadedTaskDispatcher with 8 workers.
 -> (artifact id: 'c63f486ac8321ca3a0a8b3e3cb631a1e') in 0.145707 seconds
Number of updated asset objects reloaded before import = 0
Number of asset objects unloaded after import = 16
========================================================================
Received Import Request.
  Time since last request: 0.000036 seconds.
  path: Assets/TestTask_MobileGame/Assets/Plugins/Zenject/Source/Binding/Binders/Factory/PlaceholderFactoryBindingFinalizer.cs
  artifactKey: Guid(2a3880a3063c56747b32995b66a8a1ca) Importer(2089858483,0ecaa5967403d082aa24f35e1b516d23)
Start importing Assets/TestTask_MobileGame/Assets/Plugins/Zenject/Source/Binding/Binders/Factory/PlaceholderFactoryBindingFinalizer.cs using Guid(2a3880a3063c56747b32995b66a8a1ca) Importer(2089858483,0ecaa5967403d082aa24f35e1b516d23) [PhysX] Initialized MultithreadedTaskDispatcher with 8 workers.
 -> (artifact id: '08d0eaabb66acb565e9f52ea17544ce5') in 0.021082 seconds
Number of updated asset objects reloaded before import = 0
Number of asset objects unloaded after import = 1
========================================================================
Received Import Request.
  Time since last request: 0.000101 seconds.
  path: Assets/TestTask_MobileGame/Assets/Plugins/Zenject/Source/Runtime/AnimatorInterfaces/AnimatorIkHandlerManager.cs
  artifactKey: Guid(34ee2459debfb734d968c54ced01b9af) Importer(2089858483,0ecaa5967403d082aa24f35e1b516d23)
Start importing Assets/TestTask_MobileGame/Assets/Plugins/Zenject/Source/Runtime/AnimatorInterfaces/AnimatorIkHandlerManager.cs using Guid(34ee2459debfb734d968c54ced01b9af) Importer(2089858483,0ecaa5967403d082aa24f35e1b516d23) [PhysX] Initialized MultithreadedTaskDispatcher with 8 workers.
 -> (artifact id: '85c54a2b9f61f8393217a50bcd9db30d') in 0.016269 seconds
Number of updated asset objects reloaded before import = 0
Number of asset objects unloaded after import = 1
========================================================================
Received Import Request.
  Time since last request: 0.000029 seconds.
  path: Assets/TestTask_MobileGame/Assets/Plugins/Zenject/Source/Editor/EditorWindow/ZenjectEditorWindow.cs
  artifactKey: Guid(bc25e694ccedbed4893d980ee61d1c8f) Importer(2089858483,0ecaa5967403d082aa24f35e1b516d23)
Start importing Assets/TestTask_MobileGame/Assets/Plugins/Zenject/Source/Editor/EditorWindow/ZenjectEditorWindow.cs using Guid(bc25e694ccedbed4893d980ee61d1c8f) Importer(2089858483,0ecaa5967403d082aa24f35e1b516d23) [PhysX] Initialized MultithreadedTaskDispatcher with 8 workers.
 -> (artifact id: '91a510fdff48562e46feda3fe50d0e6b') in 0.014049 seconds
Number of updated asset objects reloaded before import = 0
Number of asset objects unloaded after import = 1
========================================================================
Received Import Request.
  Time since last request: 0.000031 seconds.
  path: Assets/TestTask_MobileGame/Assets/Plugins/Zenject/OptionalExtras/SampleGame1 (Beginner)/Prefabs/Asteroid.prefab
  artifactKey: Guid(972561acbe31e7147b76d1a430caf37d) Importer(2089858483,0ecaa5967403d082aa24f35e1b516d23)
Start importing Assets/TestTask_MobileGame/Assets/Plugins/Zenject/OptionalExtras/SampleGame1 (Beginner)/Prefabs/Asteroid.prefab using Guid(972561acbe31e7147b76d1a430caf37d) Importer(2089858483,0ecaa5967403d082aa24f35e1b516d23) [PhysX] Initialized MultithreadedTaskDispatcher with 8 workers.
 -> (artifact id: '3e2577a0307e569d56bf8d97b3f55ef4') in 0.033807 seconds
Number of updated asset objects reloaded before import = 0
Number of asset objects unloaded after import = 11
========================================================================
Received Import Request.
  Time since last request: 0.000029 seconds.
  path: Assets/TestTask_MobileGame/Assets/Plugins/Zenject/Source/Binding/Binders/FromBinders/FromBinderGeneric.cs
  artifactKey: Guid(97eaa55248b4c824a887df4db7cf888d) Importer(2089858483,0ecaa5967403d082aa24f35e1b516d23)
Start importing Assets/TestTask_MobileGame/Assets/Plugins/Zenject/Source/Binding/Binders/FromBinders/FromBinderGeneric.cs using Guid(97eaa55248b4c824a887df4db7cf888d) Importer(2089858483,0ecaa5967403d082aa24f35e1b516d23) [PhysX] Initialized MultithreadedTaskDispatcher with 8 workers.
 -> (artifact id: '236eb58f915f06458fc1d131475b448a') in 0.017138 seconds
Number of updated asset objects reloaded before import = 0
Number of asset objects unloaded after import = 1
========================================================================
Received Import Request.
  Time since last request: 0.000029 seconds.
  path: Assets/TestTask_MobileGame/Assets/Plugins/Zenject/OptionalExtras/ReflectionBaking/Lib/Zenject.ReflectionBaking.Mono.Cecil.Pdb.dll
  artifactKey: Guid(b6433e8939bdf284693b7fa9b719bfcd) Importer(2089858483,0ecaa5967403d082aa24f35e1b516d23)
Start importing Assets/TestTask_MobileGame/Assets/Plugins/Zenject/OptionalExtras/ReflectionBaking/Lib/Zenject.ReflectionBaking.Mono.Cecil.Pdb.dll using Guid(b6433e8939bdf284693b7fa9b719bfcd) Importer(2089858483,0ecaa5967403d082aa24f35e1b516d23) [PhysX] Initialized MultithreadedTaskDispatcher with 8 workers.
 -> (artifact id: '7313430e0aa805d3b8876064fbe6f5c9') in 0.013317 seconds
Number of updated asset objects reloaded before import = 0
Number of asset objects unloaded after import = 1
========================================================================
Received Import Request.
  Time since last request: 0.000031 seconds.
  path: Assets/TestTask_MobileGame/Assets/Plugins/Zenject/OptionalExtras/SampleGame1 (Beginner)/Media/Textures/target.png
  artifactKey: Guid(be34ee1d3a3899d49a43310b45415ed3) Importer(2089858483,0ecaa5967403d082aa24f35e1b516d23)
Start importing Assets/TestTask_MobileGame/Assets/Plugins/Zenject/OptionalExtras/SampleGame1 (Beginner)/Media/Textures/target.png using Guid(be34ee1d3a3899d49a43310b45415ed3) Importer(2089858483,0ecaa5967403d082aa24f35e1b516d23) [PhysX] Initialized MultithreadedTaskDispatcher with 8 workers.
 -> (artifact id: '1abc4c07aa73aa80c22acd2cb29b342d') in 0.058828 seconds
Number of updated asset objects reloaded before import = 0
Number of asset objects unloaded after import = 1
========================================================================
Received Import Request.
  Time since last request: 0.000075 seconds.
  path: Assets/TestTask_MobileGame/Assets/Plugins/Zenject/Source/Binding/Binders/DefaultParentScopeConcreteIdArgConditionCopyNonLazyBinder.cs
  artifactKey: Guid(f6b4e164706b85c408cd7e8f28266747) Importer(2089858483,0ecaa5967403d082aa24f35e1b516d23)
Start importing Assets/TestTask_MobileGame/Assets/Plugins/Zenject/Source/Binding/Binders/DefaultParentScopeConcreteIdArgConditionCopyNonLazyBinder.cs using Guid(f6b4e164706b85c408cd7e8f28266747) Importer(2089858483,0ecaa5967403d082aa24f35e1b516d23) [PhysX] Initialized MultithreadedTaskDispatcher with 8 workers.
 -> (artifact id: '975497f23f0a2964a6e7ba29ac9238f2') in 0.016074 seconds
Number of updated asset objects reloaded before import = 0
Number of asset objects unloaded after import = 1
========================================================================
Received Import Request.
  Time since last request: 0.000035 seconds.
  path: Assets/TestTask_MobileGame/Assets/Plugins/Zenject/Source/Binding/Binders/ConcreteBinders/ConcreteBinderGeneric.cs
  artifactKey: Guid(62ec581e8d820a74797d1dabf19d85c3) Importer(2089858483,0ecaa5967403d082aa24f35e1b516d23)
Start importing Assets/TestTask_MobileGame/Assets/Plugins/Zenject/Source/Binding/Binders/ConcreteBinders/ConcreteBinderGeneric.cs using Guid(62ec581e8d820a74797d1dabf19d85c3) Importer(2089858483,0ecaa5967403d082aa24f35e1b516d23) [PhysX] Initialized MultithreadedTaskDispatcher with 8 workers.
 -> (artifact id: '3bba85c709600f783180b8096b4a1ca3') in 0.008498 seconds
Number of updated asset objects reloaded before import = 0
Number of asset objects unloaded after import = 1
========================================================================
Received Import Request.
  Time since last request: 0.000027 seconds.
  path: Assets/TestTask_MobileGame/Assets/Plugins/Zenject/Source/Runtime/Kernels/Kernel.cs
  artifactKey: Guid(8a25347f1a9a6b544b4ef8b643824a6f) Importer(2089858483,0ecaa5967403d082aa24f35e1b516d23)
Start importing Assets/TestTask_MobileGame/Assets/Plugins/Zenject/Source/Runtime/Kernels/Kernel.cs using Guid(8a25347f1a9a6b544b4ef8b643824a6f) Importer(2089858483,0ecaa5967403d082aa24f35e1b516d23) [PhysX] Initialized MultithreadedTaskDispatcher with 8 workers.
 -> (artifact id: '631a279d0c7f8101410f8d420b6cf7fc') in 0.013109 seconds
Number of updated asset objects reloaded before import = 0
Number of asset objects unloaded after import = 1
========================================================================
Received Import Request.
  Time since last request: 0.000027 seconds.
  path: Assets/TestTask_MobileGame/Assets/Plugins/Zenject/OptionalExtras/ReflectionBaking/Unity/ReflectionBakingMenuItems.cs
  artifactKey: Guid(549215a3ba27806449b2b1542fdffc03) Importer(2089858483,0ecaa5967403d082aa24f35e1b516d23)
Start importing Assets/TestTask_MobileGame/Assets/Plugins/Zenject/OptionalExtras/ReflectionBaking/Unity/ReflectionBakingMenuItems.cs using Guid(549215a3ba27806449b2b1542fdffc03) Importer(2089858483,0ecaa5967403d082aa24f35e1b516d23) [PhysX] Initialized MultithreadedTaskDispatcher with 8 workers.
 -> (artifact id: '58b581001c3e12a34d8a526844f0e06a') in 0.015091 seconds
Number of updated asset objects reloaded before import = 0
Number of asset objects unloaded after import = 1
========================================================================
Received Import Request.
  Time since last request: 0.000110 seconds.
  path: Assets/TestTask_MobileGame/Assets/Plugins/Zenject/Source/Binding/Binders/Factory/FactoryToChoiceBinder/FactoryToChoiceBinder1.cs
  artifactKey: Guid(388c17c735861d145903203b31cb190d) Importer(2089858483,0ecaa5967403d082aa24f35e1b516d23)
Start importing Assets/TestTask_MobileGame/Assets/Plugins/Zenject/Source/Binding/Binders/Factory/FactoryToChoiceBinder/FactoryToChoiceBinder1.cs using Guid(388c17c735861d145903203b31cb190d) Importer(2089858483,0ecaa5967403d082aa24f35e1b516d23) [PhysX] Initialized MultithreadedTaskDispatcher with 8 workers.
 -> (artifact id: 'abcbe6de1dc7c5aa5078423be8e24577') in 0.010312 seconds
Number of updated asset objects reloaded before import = 0
Number of asset objects unloaded after import = 1
========================================================================
Received Import Request.
  Time since last request: 0.000029 seconds.
  path: Assets/TestTask_MobileGame/Assets/Plugins/Zenject/OptionalExtras/SampleGame1 (Beginner)/Scripts/Ship/States/ShipState.cs
  artifactKey: Guid(a68789b75fb09ef43b854fd3c59241b0) Importer(2089858483,0ecaa5967403d082aa24f35e1b516d23)
Start importing Assets/TestTask_MobileGame/Assets/Plugins/Zenject/OptionalExtras/SampleGame1 (Beginner)/Scripts/Ship/States/ShipState.cs using Guid(a68789b75fb09ef43b854fd3c59241b0) Importer(2089858483,0ecaa5967403d082aa24f35e1b516d23) [PhysX] Initialized MultithreadedTaskDispatcher with 8 workers.
 -> (artifact id: '69196481403e2530118695718d285dac') in 0.026564 seconds
Number of updated asset objects reloaded before import = 0
Number of asset objects unloaded after import = 1
========================================================================
Received Import Request.
  Time since last request: 0.000031 seconds.
  path: Assets/TestTask_MobileGame/Assets/Plugins/Zenject/OptionalExtras/SampleGame1 (Beginner)/Media/Imported/Rocks/meshes/rock_01.fbx
  artifactKey: Guid(0aee836645b89374583afeb4ca36b969) Importer(2089858483,0ecaa5967403d082aa24f35e1b516d23)
Start importing Assets/TestTask_MobileGame/Assets/Plugins/Zenject/OptionalExtras/SampleGame1 (Beginner)/Media/Imported/Rocks/meshes/rock_01.fbx using Guid(0aee836645b89374583afeb4ca36b969) Importer(2089858483,0ecaa5967403d082aa24f35e1b516d23) [PhysX] Initialized MultithreadedTaskDispatcher with 8 workers.
 -> (artifact id: 'd87d7dabf080b5da151c21ce8bb77078') in 0.025354 seconds
Number of updated asset objects reloaded before import = 0
Number of asset objects unloaded after import = 8
========================================================================
Received Import Request.
  Time since last request: 0.000035 seconds.
  path: Assets/TestTask_MobileGame/Assets/Plugins/Zenject/OptionalExtras/Signals/Internal/Binders/DeclareSignal/DeclareSignalIdRequireHandlerAsyncTickPriorityCopyBinder.cs
  artifactKey: Guid(183994f131b561a43a9967cceb7c949d) Importer(2089858483,0ecaa5967403d082aa24f35e1b516d23)
Start importing Assets/TestTask_MobileGame/Assets/Plugins/Zenject/OptionalExtras/Signals/Internal/Binders/DeclareSignal/DeclareSignalIdRequireHandlerAsyncTickPriorityCopyBinder.cs using Guid(183994f131b561a43a9967cceb7c949d) Importer(2089858483,0ecaa5967403d082aa24f35e1b516d23) [PhysX] Initialized MultithreadedTaskDispatcher with 8 workers.
 -> (artifact id: 'ae8f6479ec260082e316a4e3b2ae68fe') in 0.013574 seconds
Number of updated asset objects reloaded before import = 0
Number of asset objects unloaded after import = 1
========================================================================
Received Import Request.
  Time since last request: 0.000890 seconds.
  path: Assets/TestTask_MobileGame/Assets/Plugins/Zenject/Source/Factories/Pooling/Static/StaticMemoryPool.cs
  artifactKey: Guid(56b2eb81b3385fd47a0500abeac7b60e) Importer(2089858483,0ecaa5967403d082aa24f35e1b516d23)
Start importing Assets/TestTask_MobileGame/Assets/Plugins/Zenject/Source/Factories/Pooling/Static/StaticMemoryPool.cs using Guid(56b2eb81b3385fd47a0500abeac7b60e) Importer(2089858483,0ecaa5967403d082aa24f35e1b516d23) [PhysX] Initialized MultithreadedTaskDispatcher with 8 workers.
 -> (artifact id: 'fc0c3289b23ce5f69395406304aff305') in 0.011082 seconds
Number of updated asset objects reloaded before import = 0
Number of asset objects unloaded after import = 1
========================================================================
Received Import Request.
  Time since last request: 0.000027 seconds.
  path: Assets/TestTask_MobileGame/Assets/Plugins/Zenject/Source/Binding/Binders/Factory/FactoryToChoiceBinder/DecoratorToChoiceFromBinder.cs
  artifactKey: Guid(e70f91cb77703ce42ae6ad721b89d35c) Importer(2089858483,0ecaa5967403d082aa24f35e1b516d23)
Start importing Assets/TestTask_MobileGame/Assets/Plugins/Zenject/Source/Binding/Binders/Factory/FactoryToChoiceBinder/DecoratorToChoiceFromBinder.cs using Guid(e70f91cb77703ce42ae6ad721b89d35c) Importer(2089858483,0ecaa5967403d082aa24f35e1b516d23) [PhysX] Initialized MultithreadedTaskDispatcher with 8 workers.
 -> (artifact id: 'b94d7a716e6c7b4bdd47831bc955c346') in 0.016063 seconds
Number of updated asset objects reloaded before import = 0
Number of asset objects unloaded after import = 1
========================================================================
Received Import Request.
  Time since last request: 0.000030 seconds.
  path: Assets/TestTask_MobileGame/Assets/Plugins/Zenject/OptionalExtras/Signals/Internal/Binders/DeclareSignal/SignalDeclarationBindInfo.cs
  artifactKey: Guid(1e83db91ff836874fb4fcf3ae4e16f0b) Importer(2089858483,0ecaa5967403d082aa24f35e1b516d23)
Start importing Assets/TestTask_MobileGame/Assets/Plugins/Zenject/OptionalExtras/Signals/Internal/Binders/DeclareSignal/SignalDeclarationBindInfo.cs using Guid(1e83db91ff836874fb4fcf3ae4e16f0b) Importer(2089858483,0ecaa5967403d082aa24f35e1b516d23) [PhysX] Initialized MultithreadedTaskDispatcher with 8 workers.
 -> (artifact id: '3992e1fa3e2705d9320bdac275b8e4ea') in 0.016783 seconds
Number of updated asset objects reloaded before import = 0
Number of asset objects unloaded after import = 1
========================================================================
Received Import Request.
  Time since last request: 0.000039 seconds.
  path: Assets/TestTask_MobileGame/Assets/Plugins/Zenject/OptionalExtras/SampleGame1 (Beginner)/Media/Meshes/Materials/Material.mat
  artifactKey: Guid(62155033a16c4eb4ab0878b56d98970f) Importer(2089858483,0ecaa5967403d082aa24f35e1b516d23)
Start importing Assets/TestTask_MobileGame/Assets/Plugins/Zenject/OptionalExtras/SampleGame1 (Beginner)/Media/Meshes/Materials/Material.mat using Guid(62155033a16c4eb4ab0878b56d98970f) Importer(2089858483,0ecaa5967403d082aa24f35e1b516d23) [PhysX] Initialized MultithreadedTaskDispatcher with 8 workers.
 -> (artifact id: 'd56c27ff7d8e4add7bfe80c91270fa3c') in 0.017050 seconds
Number of updated asset objects reloaded before import = 0
Number of asset objects unloaded after import = 1
========================================================================
Received Import Request.
  Time since last request: 0.000033 seconds.
  path: Assets/TestTask_MobileGame/Assets/Plugins/Zenject/Source/Binding/Binders/Factory/FactoryArgumentsToChoiceBinder/FactoryArgumentsToChoiceBinder0.cs
  artifactKey: Guid(ca3197650e9628a45b99e79b8dea27d9) Importer(2089858483,0ecaa5967403d082aa24f35e1b516d23)
Start importing Assets/TestTask_MobileGame/Assets/Plugins/Zenject/Source/Binding/Binders/Factory/FactoryArgumentsToChoiceBinder/FactoryArgumentsToChoiceBinder0.cs using Guid(ca3197650e9628a45b99e79b8dea27d9) Importer(2089858483,0ecaa5967403d082aa24f35e1b516d23) [PhysX] Initialized MultithreadedTaskDispatcher with 8 workers.
 -> (artifact id: 'f7ed9db346b2a7c644cb07524bba51a8') in 0.013413 seconds
Number of updated asset objects reloaded before import = 0
Number of asset objects unloaded after import = 1
========================================================================
Received Import Request.
  Time since last request: 0.000034 seconds.
  path: Assets/TestTask_MobileGame/Assets/Plugins/Zenject/Source/Binding/Binders/Factory/FactoryToChoiceBinder/FactoryToChoiceBinder3.cs
  artifactKey: Guid(a71cc77bd306cca459126294c63080b1) Importer(2089858483,0ecaa5967403d082aa24f35e1b516d23)
Start importing Assets/TestTask_MobileGame/Assets/Plugins/Zenject/Source/Binding/Binders/Factory/FactoryToChoiceBinder/FactoryToChoiceBinder3.cs using Guid(a71cc77bd306cca459126294c63080b1) Importer(2089858483,0ecaa5967403d082aa24f35e1b516d23) [PhysX] Initialized MultithreadedTaskDispatcher with 8 workers.
 -> (artifact id: '88e94874d7a4ea4817e7ebc1d9cf5d21') in 0.020812 seconds
Number of updated asset objects reloaded before import = 0
Number of asset objects unloaded after import = 1
========================================================================
Received Import Request.
  Time since last request: 0.000029 seconds.
  path: Assets/TestTask_MobileGame/Assets/Plugins/Zenject/OptionalExtras/SampleGame1 (Beginner)/Media/Imported/SpaceShip/Materials/1K_Body-TXTR.mat
  artifactKey: Guid(a0e138ce6cd06f74d83cf3884415be92) Importer(2089858483,0ecaa5967403d082aa24f35e1b516d23)
Start importing Assets/TestTask_MobileGame/Assets/Plugins/Zenject/OptionalExtras/SampleGame1 (Beginner)/Media/Imported/SpaceShip/Materials/1K_Body-TXTR.mat using Guid(a0e138ce6cd06f74d83cf3884415be92) Importer(2089858483,0ecaa5967403d082aa24f35e1b516d23) [PhysX] Initialized MultithreadedTaskDispatcher with 8 workers.
 -> (artifact id: '122cf87fb451b9a7073c08d388599fc2') in 0.032566 seconds
Number of updated asset objects reloaded before import = 0
Number of asset objects unloaded after import = 3
========================================================================
Received Import Request.
  Time since last request: 0.000036 seconds.
  path: Assets/TestTask_MobileGame/Assets/Plugins/Zenject/OptionalExtras/SampleGame1 (Beginner)/Media/Imported/Textures/Glow.png
  artifactKey: Guid(9fd0803556af44591a2d3be1bd49a003) Importer(2089858483,0ecaa5967403d082aa24f35e1b516d23)
Start importing Assets/TestTask_MobileGame/Assets/Plugins/Zenject/OptionalExtras/SampleGame1 (Beginner)/Media/Imported/Textures/Glow.png using Guid(9fd0803556af44591a2d3be1bd49a003) Importer(2089858483,0ecaa5967403d082aa24f35e1b516d23) [PhysX] Initialized MultithreadedTaskDispatcher with 8 workers.
 -> (artifact id: '94a2b2fa68a0315a03217ed8136a4d3a') in 0.031704 seconds
Number of updated asset objects reloaded before import = 0
Number of asset objects unloaded after import = 1
========================================================================
Received Import Request.
  Time since last request: 0.002100 seconds.
  path: Assets/TestTask_MobileGame/Assets/Plugins/Zenject/Source/Binding/Binders/Factory/FactoryToChoiceBinder/FactoryToChoiceBinder10.cs
  artifactKey: Guid(4cdcd151f6d139642b7a2a6968c6ebd8) Importer(2089858483,0ecaa5967403d082aa24f35e1b516d23)
Start importing Assets/TestTask_MobileGame/Assets/Plugins/Zenject/Source/Binding/Binders/Factory/FactoryToChoiceBinder/FactoryToChoiceBinder10.cs using Guid(4cdcd151f6d139642b7a2a6968c6ebd8) Importer(2089858483,0ecaa5967403d082aa24f35e1b516d23) [PhysX] Initialized MultithreadedTaskDispatcher with 8 workers.
 -> (artifact id: '5557b574af8b7084466884ec9ea3a1d1') in 0.017998 seconds
Number of updated asset objects reloaded before import = 0
Number of asset objects unloaded after import = 1
========================================================================
Received Import Request.
  Time since last request: 0.001561 seconds.
  path: Assets/TestTask_MobileGame/Assets/Plugins/Zenject/OptionalExtras/SampleGame2 (Advanced)/Media/Models/Materials/Material.mat
  artifactKey: Guid(a9aa4d682c71a304b87783910b8a6ef1) Importer(2089858483,0ecaa5967403d082aa24f35e1b516d23)
Start importing Assets/TestTask_MobileGame/Assets/Plugins/Zenject/OptionalExtras/SampleGame2 (Advanced)/Media/Models/Materials/Material.mat using Guid(a9aa4d682c71a304b87783910b8a6ef1) Importer(2089858483,0ecaa5967403d082aa24f35e1b516d23) [PhysX] Initialized MultithreadedTaskDispatcher with 8 workers.
 -> (artifact id: '952dab749fca2d0b5955461a7c22dd27') in 0.060135 seconds
Number of updated asset objects reloaded before import = 0
Number of asset objects unloaded after import = 1
========================================================================
Received Import Request.
  Time since last request: 0.000028 seconds.
  path: Assets/TestTask_MobileGame/Assets/Plugins/Zenject/Source/Binding/Finalizers/SingleProviderBindingFinalizer.cs
  artifactKey: Guid(deaa9a3ee9e42a8448bba948495b9225) Importer(2089858483,0ecaa5967403d082aa24f35e1b516d23)
Start importing Assets/TestTask_MobileGame/Assets/Plugins/Zenject/Source/Binding/Finalizers/SingleProviderBindingFinalizer.cs using Guid(deaa9a3ee9e42a8448bba948495b9225) Importer(2089858483,0ecaa5967403d082aa24f35e1b516d23) [PhysX] Initialized MultithreadedTaskDispatcher with 8 workers.
 -> (artifact id: 'eb82810f528e3f5435b84311669e6e2f') in 0.037635 seconds
Number of updated asset objects reloaded before import = 0
Number of asset objects unloaded after import = 1
========================================================================
Received Import Request.
  Time since last request: 0.000031 seconds.
  path: Assets/TestTask_MobileGame/Assets/Plugins/Zenject/OptionalExtras/Signals/Internal/Binders/BindSignal/BindSignalFromBinder.cs
  artifactKey: Guid(c779f758eaadfd54fb9c66f7acc75716) Importer(2089858483,0ecaa5967403d082aa24f35e1b516d23)
Start importing Assets/TestTask_MobileGame/Assets/Plugins/Zenject/OptionalExtras/Signals/Internal/Binders/BindSignal/BindSignalFromBinder.cs using Guid(c779f758eaadfd54fb9c66f7acc75716) Importer(2089858483,0ecaa5967403d082aa24f35e1b516d23) [PhysX] Initialized MultithreadedTaskDispatcher with 8 workers.
 -> (artifact id: 'ea1dff6c8c9026a5853c36d3f4c58e1d') in 0.010368 seconds
Number of updated asset objects reloaded before import = 0
Number of asset objects unloaded after import = 1
========================================================================
Received Import Request.
  Time since last request: 0.000034 seconds.
  path: Assets/TestTask_MobileGame/Assets/Plugins/Zenject/OptionalExtras/SampleGame1 (Beginner)/Scripts/Installers/GameSettingsInstaller.cs
  artifactKey: Guid(ed9935f795c01cc498910bae6d24d10a) Importer(2089858483,0ecaa5967403d082aa24f35e1b516d23)
Start importing Assets/TestTask_MobileGame/Assets/Plugins/Zenject/OptionalExtras/SampleGame1 (Beginner)/Scripts/Installers/GameSettingsInstaller.cs using Guid(ed9935f795c01cc498910bae6d24d10a) Importer(2089858483,0ecaa5967403d082aa24f35e1b516d23) [PhysX] Initialized MultithreadedTaskDispatcher with 8 workers.
 -> (artifact id: '6fbdcb9cf864dfc345c26752718ba044') in 0.013319 seconds
Number of updated asset objects reloaded before import = 0
Number of asset objects unloaded after import = 1
========================================================================
Received Import Request.
  Time since last request: 0.000025 seconds.
  path: Assets/TestTask_MobileGame/Assets/Plugins/Zenject/OptionalExtras/SampleGame1 (Beginner)/Media/Textures/Background/Materials/Free_Shmup_Sprites_Starfield.mat
  artifactKey: Guid(b384f014c562cb64093ed03a6e82817f) Importer(2089858483,0ecaa5967403d082aa24f35e1b516d23)
Start importing Assets/TestTask_MobileGame/Assets/Plugins/Zenject/OptionalExtras/SampleGame1 (Beginner)/Media/Textures/Background/Materials/Free_Shmup_Sprites_Starfield.mat using Guid(b384f014c562cb64093ed03a6e82817f) Importer(2089858483,0ecaa5967403d082aa24f35e1b516d23) [PhysX] Initialized MultithreadedTaskDispatcher with 8 workers.
 -> (artifact id: '3d303d7374165e8e852cc8f42e0ae537') in 0.019170 seconds
Number of updated asset objects reloaded before import = 0
Number of asset objects unloaded after import = 1
========================================================================
Received Import Request.
  Time since last request: 0.000032 seconds.
  path: Assets/TestTask_MobileGame/Assets/Plugins/Zenject/Source/Binding/Binders/Factory/FactoryFromBinder/SubContainerBinder/FactorySubContainerBinder6.cs
  artifactKey: Guid(6bc525cf91bd29644ab941902ab4a8d2) Importer(2089858483,0ecaa5967403d082aa24f35e1b516d23)
Start importing Assets/TestTask_MobileGame/Assets/Plugins/Zenject/Source/Binding/Binders/Factory/FactoryFromBinder/SubContainerBinder/FactorySubContainerBinder6.cs using Guid(6bc525cf91bd29644ab941902ab4a8d2) Importer(2089858483,0ecaa5967403d082aa24f35e1b516d23) [PhysX] Initialized MultithreadedTaskDispatcher with 8 workers.
 -> (artifact id: '6a249a79bf149ea641ecd8cfc5c4729b') in 0.017668 seconds
Number of updated asset objects reloaded before import = 0
Number of asset objects unloaded after import = 1
========================================================================
Received Import Request.
  Time since last request: 0.000058 seconds.
  path: Assets/TestTask_MobileGame/Assets/Plugins/Zenject/Source/Binding/Finalizers/PrefabBindingFinalizer.cs
  artifactKey: Guid(10487121a4674d74884ee65e70762e35) Importer(2089858483,0ecaa5967403d082aa24f35e1b516d23)
Start importing Assets/TestTask_MobileGame/Assets/Plugins/Zenject/Source/Binding/Finalizers/PrefabBindingFinalizer.cs using Guid(10487121a4674d74884ee65e70762e35) Importer(2089858483,0ecaa5967403d082aa24f35e1b516d23) [PhysX] Initialized MultithreadedTaskDispatcher with 8 workers.
 -> (artifact id: '0323e385c4e3da259d11ea4fced5adef') in 0.013502 seconds
Number of updated asset objects reloaded before import = 0
Number of asset objects unloaded after import = 1
========================================================================
Received Import Request.
  Time since last request: 0.000025 seconds.
  path: Assets/TestTask_MobileGame/Assets/Plugins/Zenject/OptionalExtras/SampleGame2 (Advanced)/Scripts/Misc/Bullet.cs
  artifactKey: Guid(4bcfdc0e00dba5645b88ed3608c61161) Importer(2089858483,0ecaa5967403d082aa24f35e1b516d23)
Start importing Assets/TestTask_MobileGame/Assets/Plugins/Zenject/OptionalExtras/SampleGame2 (Advanced)/Scripts/Misc/Bullet.cs using Guid(4bcfdc0e00dba5645b88ed3608c61161) Importer(2089858483,0ecaa5967403d082aa24f35e1b516d23) [PhysX] Initialized MultithreadedTaskDispatcher with 8 workers.
 -> (artifact id: '9dd41d86c2da300c34d24dbdc16f6bdb') in 0.011794 seconds
Number of updated asset objects reloaded before import = 0
Number of asset objects unloaded after import = 1
========================================================================
Received Import Request.
  Time since last request: 0.000033 seconds.
  path: Assets/TestTask_MobileGame/Assets/Plugins/Zenject/Source/Editor/Editors/SceneContextEditor.cs
  artifactKey: Guid(c04ae1d59f53f514f96e284ba43122f7) Importer(2089858483,0ecaa5967403d082aa24f35e1b516d23)
Start importing Assets/TestTask_MobileGame/Assets/Plugins/Zenject/Source/Editor/Editors/SceneContextEditor.cs using Guid(c04ae1d59f53f514f96e284ba43122f7) Importer(2089858483,0ecaa5967403d082aa24f35e1b516d23) [PhysX] Initialized MultithreadedTaskDispatcher with 8 workers.
 -> (artifact id: 'fd56d2abad6b3e62c597ee1a44851d74') in 0.015152 seconds
Number of updated asset objects reloaded before import = 0
Number of asset objects unloaded after import = 1
========================================================================
Received Import Request.
  Time since last request: 0.000026 seconds.
  path: Assets/TestTask_MobileGame/Assets/Plugins/Zenject/OptionalExtras/SampleGame1 (Beginner)/Media/Imported/Textures/fire.png
  artifactKey: Guid(d1f484f58ddfa4341a6e72ce14adc083) Importer(2089858483,0ecaa5967403d082aa24f35e1b516d23)
Start importing Assets/TestTask_MobileGame/Assets/Plugins/Zenject/OptionalExtras/SampleGame1 (Beginner)/Media/Imported/Textures/fire.png using Guid(d1f484f58ddfa4341a6e72ce14adc083) Importer(2089858483,0ecaa5967403d082aa24f35e1b516d23) [PhysX] Initialized MultithreadedTaskDispatcher with 8 workers.
 -> (artifact id: 'e8498a50ff184bb5aef03c4a56460045') in 0.088292 seconds
Number of updated asset objects reloaded before import = 0
Number of asset objects unloaded after import = 1
========================================================================
Received Import Request.
  Time since last request: 0.000032 seconds.
  path: Assets/TestTask_MobileGame/Assets/Plugins/Zenject/OptionalExtras/SampleGame1 (Beginner)/Prefabs/Explosion.prefab
  artifactKey: Guid(185972cb8011a1449b7360c07a62fdf2) Importer(2089858483,0ecaa5967403d082aa24f35e1b516d23)
Start importing Assets/TestTask_MobileGame/Assets/Plugins/Zenject/OptionalExtras/SampleGame1 (Beginner)/Prefabs/Explosion.prefab using Guid(185972cb8011a1449b7360c07a62fdf2) Importer(2089858483,0ecaa5967403d082aa24f35e1b516d23) [PhysX] Initialized MultithreadedTaskDispatcher with 8 workers.
 -> (artifact id: '13f1aae16e8b37ee1613ead8323de28b') in 0.244497 seconds
Number of updated asset objects reloaded before import = 0
Number of asset objects unloaded after import = 11
========================================================================
Received Import Request.
  Time since last request: 0.000036 seconds.
  path: Assets/TestTask_MobileGame/Assets/Plugins/Zenject/OptionalExtras/SampleGame1 (Beginner)/Prefabs/ShipBroken.prefab
  artifactKey: Guid(5b84466ca2cdf93418bd1e3234edb0e1) Importer(2089858483,0ecaa5967403d082aa24f35e1b516d23)
Start importing Assets/TestTask_MobileGame/Assets/Plugins/Zenject/OptionalExtras/SampleGame1 (Beginner)/Prefabs/ShipBroken.prefab using Guid(5b84466ca2cdf93418bd1e3234edb0e1) Importer(2089858483,0ecaa5967403d082aa24f35e1b516d23) [PhysX] Initialized MultithreadedTaskDispatcher with 8 workers.
 -> (artifact id: '6ffa0c5b2a4552d3485e7a41d8b443e2') in 0.023710 seconds
Number of updated asset objects reloaded before import = 0
Number of asset objects unloaded after import = 37
========================================================================
Received Import Request.
  Time since last request: 0.000049 seconds.
  path: Assets/TestTask_MobileGame/Assets/Plugins/UniRx/Scripts/UnityEngineBridge/Triggers/ObservableDropTrigger.cs
  artifactKey: Guid(f2ffa8b5af3474446a310bb6aa0b180a) Importer(2089858483,0ecaa5967403d082aa24f35e1b516d23)
Start importing Assets/TestTask_MobileGame/Assets/Plugins/UniRx/Scripts/UnityEngineBridge/Triggers/ObservableDropTrigger.cs using Guid(f2ffa8b5af3474446a310bb6aa0b180a) Importer(2089858483,0ecaa5967403d082aa24f35e1b516d23) [PhysX] Initialized MultithreadedTaskDispatcher with 8 workers.
 -> (artifact id: '406d3cd601a0747677fc79f7dccd6fb3') in 0.020804 seconds
Number of updated asset objects reloaded before import = 0
Number of asset objects unloaded after import = 1
========================================================================
Received Import Request.
  Time since last request: 0.000034 seconds.
  path: Assets/TestTask_MobileGame/Assets/Plugins/Zenject/OptionalExtras/SampleGame1 (Beginner)/Media/Imported/Textures/Candle.psd
  artifactKey: Guid(ea3fc985fb308433eb7ea824447f0426) Importer(2089858483,0ecaa5967403d082aa24f35e1b516d23)
Start importing Assets/TestTask_MobileGame/Assets/Plugins/Zenject/OptionalExtras/SampleGame1 (Beginner)/Media/Imported/Textures/Candle.psd using Guid(ea3fc985fb308433eb7ea824447f0426) Importer(2089858483,0ecaa5967403d082aa24f35e1b516d23) [PhysX] Initialized MultithreadedTaskDispatcher with 8 workers.
 -> (artifact id: '92d682f8adf2c5fede846af5d8d2af52') in 0.048303 seconds
Number of updated asset objects reloaded before import = 0
Number of asset objects unloaded after import = 1
========================================================================
Received Import Request.
  Time since last request: 0.000284 seconds.
  path: Assets/TestTask_MobileGame/Assets/Plugins/Zenject/Source/Util/ReflectionTypeInfo.cs
  artifactKey: Guid(5490313f008f146458b6228165838735) Importer(2089858483,0ecaa5967403d082aa24f35e1b516d23)
Start importing Assets/TestTask_MobileGame/Assets/Plugins/Zenject/Source/Util/ReflectionTypeInfo.cs using Guid(5490313f008f146458b6228165838735) Importer(2089858483,0ecaa5967403d082aa24f35e1b516d23) [PhysX] Initialized MultithreadedTaskDispatcher with 8 workers.
 -> (artifact id: 'a27cba0575dcb2e2fd930a82f0a5440a') in 0.018123 seconds
Number of updated asset objects reloaded before import = 0
Number of asset objects unloaded after import = 1
========================================================================
Received Import Request.
  Time since last request: 0.000030 seconds.
  path: Assets/TestTask_MobileGame/Assets/Plugins/Zenject/Source/Providers/ComponentProviders/AddToGameObjectComponentProviders/AddToExistingGameObjectComponentProvider.cs
  artifactKey: Guid(669e8af5b17774d45acea73d348e6dca) Importer(2089858483,0ecaa5967403d082aa24f35e1b516d23)
Start importing Assets/TestTask_MobileGame/Assets/Plugins/Zenject/Source/Providers/ComponentProviders/AddToGameObjectComponentProviders/AddToExistingGameObjectComponentProvider.cs using Guid(669e8af5b17774d45acea73d348e6dca) Importer(2089858483,0ecaa5967403d082aa24f35e1b516d23) [PhysX] Initialized MultithreadedTaskDispatcher with 8 workers.
 -> (artifact id: '9832bbabc1dc4f2306fa20c7c7d89f06') in 0.013850 seconds
Number of updated asset objects reloaded before import = 0
Number of asset objects unloaded after import = 1
========================================================================
Received Import Request.
  Time since last request: 0.000068 seconds.
  path: Assets/TestTask_MobileGame/Assets/Plugins/UniRx/Scripts/System/Unit.cs
  artifactKey: Guid(14f6907c0ae17e64c8fc34f08c3038a4) Importer(2089858483,0ecaa5967403d082aa24f35e1b516d23)
Start importing Assets/TestTask_MobileGame/Assets/Plugins/UniRx/Scripts/System/Unit.cs using Guid(14f6907c0ae17e64c8fc34f08c3038a4) Importer(2089858483,0ecaa5967403d082aa24f35e1b516d23) [PhysX] Initialized MultithreadedTaskDispatcher with 8 workers.
 -> (artifact id: '0f435efe03778388f47253f6d1cbc4a3') in 0.010418 seconds
Number of updated asset objects reloaded before import = 0
Number of asset objects unloaded after import = 1
========================================================================
Received Import Request.
  Time since last request: 0.000037 seconds.
  path: Assets/TestTask_MobileGame/Assets/Plugins/Zenject/Source/Util/ZenPools.cs
  artifactKey: Guid(14ff296505fe79448b0c79ec09977477) Importer(2089858483,0ecaa5967403d082aa24f35e1b516d23)
Start importing Assets/TestTask_MobileGame/Assets/Plugins/Zenject/Source/Util/ZenPools.cs using Guid(14ff296505fe79448b0c79ec09977477) Importer(2089858483,0ecaa5967403d082aa24f35e1b516d23) [PhysX] Initialized MultithreadedTaskDispatcher with 8 workers.
 -> (artifact id: '8b34b01f0bfd3c72074df190ebabafa3') in 0.016595 seconds
Number of updated asset objects reloaded before import = 0
Number of asset objects unloaded after import = 1
========================================================================
Received Import Request.
  Time since last request: 0.000031 seconds.
  path: Assets/TestTask_MobileGame/Assets/Plugins/Zenject/OptionalExtras/ReflectionBaking/Unity/ReflectionBakingBuildObserver.cs
  artifactKey: Guid(374dbffd3e3c6504489ada7d14aa4006) Importer(2089858483,0ecaa5967403d082aa24f35e1b516d23)
Start importing Assets/TestTask_MobileGame/Assets/Plugins/Zenject/OptionalExtras/ReflectionBaking/Unity/ReflectionBakingBuildObserver.cs using Guid(374dbffd3e3c6504489ada7d14aa4006) Importer(2089858483,0ecaa5967403d082aa24f35e1b516d23) [PhysX] Initialized MultithreadedTaskDispatcher with 8 workers.
 -> (artifact id: 'c323b4251a4504904e839ac1247e461f') in 0.028563 seconds
Number of updated asset objects reloaded before import = 0
Number of asset objects unloaded after import = 1
========================================================================
Received Import Request.
  Time since last request: 0.001056 seconds.
  path: Assets/TestTask_MobileGame/Assets/Plugins/Zenject/Source/Main/SingletonMarkRegistry.cs
  artifactKey: Guid(3844511961cf2ee40948fbe1569a2f31) Importer(2089858483,0ecaa5967403d082aa24f35e1b516d23)
Start importing Assets/TestTask_MobileGame/Assets/Plugins/Zenject/Source/Main/SingletonMarkRegistry.cs using Guid(3844511961cf2ee40948fbe1569a2f31) Importer(2089858483,0ecaa5967403d082aa24f35e1b516d23) [PhysX] Initialized MultithreadedTaskDispatcher with 8 workers.
 -> (artifact id: '26583b86f8f4cb5a16399c072c63ab1c') in 0.011661 seconds
Number of updated asset objects reloaded before import = 0
Number of asset objects unloaded after import = 1
========================================================================
Received Prepare
Switching render pipeline 00000000000000000000000000000000 -> 7a47944f5181ed94f94b6ddaec3e3d1a
Refreshing native plugins compatible for Editor in 3.65 ms, found 0 plugins.
Preloading 0 native plugins for Editor in 0.00 ms.
Unloading 53 Unused Serialized files (Serialized files now loaded: 0)
Unloading 9 unused Assets / (0.8 MB). Loaded Objects now: 3570.
Memory consumption went from 89.0 MB to 88.2 MB.
Total: 9.844300 ms (FindLiveObjects: 0.986800 ms CreateObjectMapping: 0.182800 ms MarkObjects: 7.565000 ms  DeleteObjects: 1.107400 ms)

Prepare: number of updated asset objects reloaded= 0
AssetImportParameters requested are different than current active one (requested -> active):
  custom:video-decoder-webm-vp8: 9c59270c3fd7afecdb556c50c9e8de78 -> 
  custom:SearchIndexIgnoredProperties: e643bd26f0fe6173181afceb89e7c659 -> 
  custom:container-demuxer-ogg: 62fdf1f143b41e24485cea50d1cbac27 -> 
  custom:AudioImporter_EditorPlatform: d09bf68614088b80899f8185d706f6e7 -> 
  custom:video-decoder-ogg-theora: a1e56fd34408186e4bbccfd4996cb3dc -> 
  custom:framework-win-MediaFoundation: 216162199b28c13a410421893ffa2e32 -> 
  custom:video-encoder-webm-vp8: eb34c28f22e8b96e1ab97ce403110664 -> 
  custom:audio-decoder-ogg-vorbis: bf7c407c2cedff20999df2af8eb42d56 -> 
  custom:CustomObjectIndexerAttribute: 72b91833f83ae208fae7752999fa3104 -> 
  custom:container-demuxer-webm: 4f35f7cbe854078d1ac9338744f61a02 -> 
  custom:audio-encoder-webm-vorbis: bf7c407c2cedff20999df2af8eb42d56 -> 
  custom:container-muxer-webm: aa71ff27fc2769a1b78a27578f13a17b -> 
========================================================================
Received Prepare
Refreshing native plugins compatible for Editor in 3.18 ms, found 0 plugins.
Preloading 0 native plugins for Editor in 0.00 ms.
Unloading 16 Unused Serialized files (Serialized files now loaded: 0)
Unloading 2 unused Assets / (308.1 KB). Loaded Objects now: 3586.
Memory consumption went from 92.0 MB to 91.7 MB.
Total: 9.395200 ms (FindLiveObjects: 0.787900 ms CreateObjectMapping: 0.295700 ms MarkObjects: 8.164900 ms  DeleteObjects: 0.144600 ms)

Prepare: number of updated asset objects reloaded= 1
AssetImportParameters requested are different than current active one (requested -> active):
  custom:video-decoder-webm-vp8: 9c59270c3fd7afecdb556c50c9e8de78 -> 
  custom:SearchIndexIgnoredProperties: e643bd26f0fe6173181afceb89e7c659 -> 
  custom:container-demuxer-ogg: 62fdf1f143b41e24485cea50d1cbac27 -> 
  custom:AudioImporter_EditorPlatform: d09bf68614088b80899f8185d706f6e7 -> 
  custom:video-decoder-ogg-theora: a1e56fd34408186e4bbccfd4996cb3dc -> 
  custom:framework-win-MediaFoundation: 216162199b28c13a410421893ffa2e32 -> 
  custom:video-encoder-webm-vp8: eb34c28f22e8b96e1ab97ce403110664 -> 
  custom:audio-decoder-ogg-vorbis: bf7c407c2cedff20999df2af8eb42d56 -> 
  custom:CustomObjectIndexerAttribute: 72b91833f83ae208fae7752999fa3104 -> 
  custom:container-demuxer-webm: 4f35f7cbe854078d1ac9338744f61a02 -> 
  custom:audio-encoder-webm-vorbis: bf7c407c2cedff20999df2af8eb42d56 -> 
  custom:container-muxer-webm: aa71ff27fc2769a1b78a27578f13a17b -> 
Editor requested this worker to shutdown with reason: balancing worker count downwards
TcpMessagingSession - receive error: operation aborted. errorcode: 995, details: ќпераци€ ввода/вывода была прервана из-за завершени€ потока команд или по запросу приложени€.
AssetImportWorker is now disconnected from the server
Process exiting
Exiting without the bug reporter. Application will terminate with return code 0