Using pre-set license
Built from '2022.3/staging' branch; Version is '2022.3.38f1 (c5d5a7410213) revision 12965287'; Using compiler version '192829333'; Build Type 'Release'
OS: 'Windows 10  (10.0.19045) 64bit Professional' Language: 'ru' Physical Memory: 16277 MB
BatchMode: 1, IsHumanControllingUs: 0, StartBugReporterOnCrash: 0, Is64bit: 1, IsPro: 1

COMMAND LINE ARGUMENTS:
E:\Unity 2022.3.38f1\Editor\Unity.exe
-adb2
-batchMode
-noUpm
-name
AssetImportWorker0
-projectPath
D:/TerentevaA_GUN36
-logFile
Logs/AssetImportWorker0.log
-srvPort
52510
Successfully changed project path to: D:/TerentevaA_GUN36
D:/TerentevaA_GUN36
[UnityMemory] Configuration Parameters - Can be set up in boot.config
    "memorysetup-bucket-allocator-granularity=16"
    "memorysetup-bucket-allocator-bucket-count=8"
    "memorysetup-bucket-allocator-block-size=33554432"
    "memorysetup-bucket-allocator-block-count=8"
    "memorysetup-main-allocator-block-size=16777216"
    "memorysetup-thread-allocator-block-size=16777216"
    "memorysetup-gfx-main-allocator-block-size=16777216"
    "memorysetup-gfx-thread-allocator-block-size=16777216"
    "memorysetup-cache-allocator-block-size=4194304"
    "memorysetup-typetree-allocator-block-size=2097152"
    "memorysetup-profiler-bucket-allocator-granularity=16"
    "memorysetup-profiler-bucket-allocator-bucket-count=8"
    "memorysetup-profiler-bucket-allocator-block-size=33554432"
    "memorysetup-profiler-bucket-allocator-block-count=8"
    "memorysetup-profiler-allocator-block-size=16777216"
    "memorysetup-profiler-editor-allocator-block-size=1048576"
    "memorysetup-temp-allocator-size-main=16777216"
    "memorysetup-job-temp-allocator-block-size=2097152"
    "memorysetup-job-temp-allocator-block-size-background=1048576"
    "memorysetup-job-temp-allocator-reduction-small-platforms=262144"
    "memorysetup-allocator-temp-initial-block-size-main=262144"
    "memorysetup-allocator-temp-initial-block-size-worker=262144"
    "memorysetup-temp-allocator-size-background-worker=32768"
    "memorysetup-temp-allocator-size-job-worker=262144"
    "memorysetup-temp-allocator-size-preload-manager=33554432"
    "memorysetup-temp-allocator-size-nav-mesh-worker=65536"
    "memorysetup-temp-allocator-size-audio-worker=65536"
    "memorysetup-temp-allocator-size-cloud-worker=32768"
    "memorysetup-temp-allocator-size-gi-baking-worker=262144"
    "memorysetup-temp-allocator-size-gfx=262144"
Player connection [24052]  Target information:

Player connection [24052]  * "[IP] 192.168.1.10 [Port] 0 [Flags] 2 [Guid] 1451811504 [EditorId] 1451811504 [Version] 1048832 [Id] WindowsEditor(7,DESKTOP-D32SDH0) [Debug] 1 [PackageName] WindowsEditor [ProjectName] Editor" 

Player connection [24052]  * "[IP] 26.173.226.218 [Port] 0 [Flags] 2 [Guid] 1451811504 [EditorId] 1451811504 [Version] 1048832 [Id] WindowsEditor(7,DESKTOP-D32SDH0) [Debug] 1 [PackageName] WindowsEditor [ProjectName] Editor" 

Player connection [24052] Host joined multi-casting on [225.0.0.222:54997]...
Player connection [24052] Host joined alternative multi-casting on [225.0.0.222:34997]...
[PhysX] Initialized MultithreadedTaskDispatcher with 8 workers.
Refreshing native plugins compatible for Editor in 16.90 ms, found 1 plugins.
Preloading 0 native plugins for Editor in 0.00 ms.
Initialize engine version: 2022.3.38f1 (c5d5a7410213)
[Subsystems] Discovering subsystems at path E:/Unity 2022.3.38f1/Editor/Data/Resources/UnitySubsystems
[Subsystems] Discovering subsystems at path D:/TerentevaA_GUN36/Assets
GfxDevice: creating device client; threaded=0; jobified=0
Direct3D:
    Version:  Direct3D 11.0 [level 11.1]
    Renderer: NVIDIA GeForce GTX 1660 SUPER (ID=0x21c4)
    Vendor:   NVIDIA
    VRAM:     5966 MB
    Driver:   32.0.16.1088
Initialize mono
Mono path[0] = 'E:/Unity 2022.3.38f1/Editor/Data/Managed'
Mono path[1] = 'E:/Unity 2022.3.38f1/Editor/Data/MonoBleedingEdge/lib/mono/unityjit-win32'
Mono config path = 'E:/Unity 2022.3.38f1/Editor/Data/MonoBleedingEdge/etc'
Using monoOptions --debugger-agent=transport=dt_socket,embedding=1,server=y,suspend=n,address=127.0.0.1:56100
Begin MonoManager ReloadAssembly
Registering precompiled unity dll's ...
Register platform support module: E:/Unity 2022.3.38f1/Editor/Data/PlaybackEngines/WindowsStandaloneSupport/UnityEditor.WindowsStandalone.Extensions.dll
Registered in 0.007521 seconds.
- Loaded All Assemblies, in  0.599 seconds
Native extension for WindowsStandalone target not found
Mono: successfully reloaded assembly
- Finished resetting the current domain, in  0.499 seconds
Domain Reload Profiling: 1097ms
	BeginReloadAssembly (162ms)
		ExecutionOrderSort (0ms)
		DisableScriptedObjects (0ms)
		BackupInstance (0ms)
		ReleaseScriptingObjects (0ms)
		CreateAndSetChildDomain (1ms)
	RebuildCommonClasses (69ms)
	RebuildNativeTypeToScriptingClass (18ms)
	initialDomainReloadingComplete (87ms)
	LoadAllAssembliesAndSetupDomain (263ms)
		LoadAssemblies (160ms)
		RebuildTransferFunctionScriptingTraits (0ms)
		AnalyzeDomain (260ms)
			TypeCache.Refresh (258ms)
				TypeCache.ScanAssembly (235ms)
			ScanForSourceGeneratedMonoScriptInfo (0ms)
			ResolveRequiredComponents (1ms)
	FinalizeReload (499ms)
		ReleaseScriptCaches (0ms)
		RebuildScriptCaches (0ms)
		SetupLoadedEditorAssemblies (407ms)
			LogAssemblyErrors (0ms)
			InitializePlatformSupportModulesInManaged (15ms)
			SetLoadedEditorAssemblies (11ms)
			RefreshPlugins (0ms)
			BeforeProcessingInitializeOnLoad (4ms)
			ProcessInitializeOnLoadAttributes (284ms)
			ProcessInitializeOnLoadMethodAttributes (93ms)
			AfterProcessingInitializeOnLoad (0ms)
			EditorAssembliesLoaded (0ms)
		ExecutionOrderSort2 (0ms)
		AwakeInstancesAfterBackupRestoration (0ms)
========================================================================
Worker process is ready to serve import requests
Begin MonoManager ReloadAssembly
- Loaded All Assemblies, in  1.128 seconds
Refreshing native plugins compatible for Editor in 4.42 ms, found 1 plugins.
Native extension for WindowsStandalone target not found
Launched and connected shader compiler UnityShaderCompiler.exe after 0.09 seconds
Mono: successfully reloaded assembly
- Finished resetting the current domain, in  2.620 seconds
Domain Reload Profiling: 3748ms
	BeginReloadAssembly (285ms)
		ExecutionOrderSort (0ms)
		DisableScriptedObjects (14ms)
		BackupInstance (0ms)
		ReleaseScriptingObjects (0ms)
		CreateAndSetChildDomain (39ms)
	RebuildCommonClasses (83ms)
	RebuildNativeTypeToScriptingClass (24ms)
	initialDomainReloadingComplete (90ms)
	LoadAllAssembliesAndSetupDomain (644ms)
		LoadAssemblies (499ms)
		RebuildTransferFunctionScriptingTraits (0ms)
		AnalyzeDomain (310ms)
			TypeCache.Refresh (261ms)
				TypeCache.ScanAssembly (242ms)
			ScanForSourceGeneratedMonoScriptInfo (29ms)
			ResolveRequiredComponents (17ms)
	FinalizeReload (2623ms)
		ReleaseScriptCaches (0ms)
		RebuildScriptCaches (0ms)
		SetupLoadedEditorAssemblies (2242ms)
			LogAssemblyErrors (0ms)
			InitializePlatformSupportModulesInManaged (10ms)
			SetLoadedEditorAssemblies (8ms)
			RefreshPlugins (0ms)
			BeforeProcessingInitializeOnLoad (120ms)
			ProcessInitializeOnLoadAttributes (612ms)
			ProcessInitializeOnLoadMethodAttributes (1480ms)
			AfterProcessingInitializeOnLoad (12ms)
			EditorAssembliesLoaded (0ms)
		ExecutionOrderSort2 (0ms)
		AwakeInstancesAfterBackupRestoration (26ms)
Refreshing native plugins compatible for Editor in 5.97 ms, found 1 plugins.
Preloading 0 native plugins for Editor in 0.00 ms.
Unloading 4391 Unused Serialized files (Serialized files now loaded: 0)
Unloading 64 unused Assets / (338.4 KB). Loaded Objects now: 4908.
Memory consumption went from 196.3 MB to 196.0 MB.
Total: 34.612400 ms (FindLiveObjects: 0.427600 ms CreateObjectMapping: 0.195400 ms MarkObjects: 33.630700 ms  DeleteObjects: 0.356500 ms)

AssetImportParameters requested are different than current active one (requested -> active):
  custom:container-demuxer-ogg: 62fdf1f143b41e24485cea50d1cbac27 -> 
  custom:video-decoder-ogg-theora: a1e56fd34408186e4bbccfd4996cb3dc -> 
  custom:framework-win-MediaFoundation: 216162199b28c13a410421893ffa2e32 -> 
  custom:CustomObjectIndexerAttribute: 72b91833f83ae208fae7752999fa3104 -> 
  custom:container-demuxer-webm: 4f35f7cbe854078d1ac9338744f61a02 -> 
  custom:container-muxer-webm: aa71ff27fc2769a1b78a27578f13a17b -> 
  custom:video-decoder-webm-vp8: 9c59270c3fd7afecdb556c50c9e8de78 -> 
  custom:SearchIndexIgnoredProperties: e643bd26f0fe6173181afceb89e7c659 -> 
  custom:AudioImporter_EditorPlatform: d09bf68614088b80899f8185d706f6e7 -> 
  custom:video-encoder-webm-vp8: eb34c28f22e8b96e1ab97ce403110664 -> 
  custom:audio-decoder-ogg-vorbis: bf7c407c2cedff20999df2af8eb42d56 -> 
  custom:audio-encoder-webm-vorbis: bf7c407c2cedff20999df2af8eb42d56 -> 
========================================================================
Received Prepare
Begin MonoManager ReloadAssembly
- Loaded All Assemblies, in  0.790 seconds
Refreshing native plugins compatible for Editor in 4.34 ms, found 1 plugins.
Native extension for WindowsStandalone target not found
Mono: successfully reloaded assembly
- Finished resetting the current domain, in  2.808 seconds
Domain Reload Profiling: 3593ms
	BeginReloadAssembly (305ms)
		ExecutionOrderSort (0ms)
		DisableScriptedObjects (10ms)
		BackupInstance (0ms)
		ReleaseScriptingObjects (0ms)
		CreateAndSetChildDomain (57ms)
	RebuildCommonClasses (83ms)
	RebuildNativeTypeToScriptingClass (26ms)
	initialDomainReloadingComplete (54ms)
	LoadAllAssembliesAndSetupDomain (316ms)
		LoadAssemblies (459ms)
		RebuildTransferFunctionScriptingTraits (0ms)
		AnalyzeDomain (27ms)
			TypeCache.Refresh (8ms)
				TypeCache.ScanAssembly (0ms)
			ScanForSourceGeneratedMonoScriptInfo (0ms)
			ResolveRequiredComponents (18ms)
	FinalizeReload (2809ms)
		ReleaseScriptCaches (0ms)
		RebuildScriptCaches (0ms)
		SetupLoadedEditorAssemblies (1992ms)
			LogAssemblyErrors (0ms)
			InitializePlatformSupportModulesInManaged (7ms)
			SetLoadedEditorAssemblies (4ms)
			RefreshPlugins (0ms)
			BeforeProcessingInitializeOnLoad (125ms)
			ProcessInitializeOnLoadAttributes (521ms)
			ProcessInitializeOnLoadMethodAttributes (1309ms)
			AfterProcessingInitializeOnLoad (11ms)
			EditorAssembliesLoaded (13ms)
		ExecutionOrderSort2 (0ms)
		AwakeInstancesAfterBackupRestoration (93ms)
Refreshing native plugins compatible for Editor in 4.99 ms, found 1 plugins.
Preloading 0 native plugins for Editor in 0.00 ms.
Unloading 4244 Unused Serialized files (Serialized files now loaded: 0)
Unloading 37 unused Assets / (315.0 KB). Loaded Objects now: 4909.
Memory consumption went from 170.8 MB to 170.5 MB.
Total: 37.115400 ms (FindLiveObjects: 0.409300 ms CreateObjectMapping: 0.198300 ms MarkObjects: 36.377800 ms  DeleteObjects: 0.128300 ms)

Prepare: number of updated asset objects reloaded= 0
AssetImportParameters requested are different than current active one (requested -> active):
  custom:container-demuxer-ogg: 62fdf1f143b41e24485cea50d1cbac27 -> 
  custom:video-decoder-ogg-theora: a1e56fd34408186e4bbccfd4996cb3dc -> 
  custom:framework-win-MediaFoundation: 216162199b28c13a410421893ffa2e32 -> 
  custom:CustomObjectIndexerAttribute: 72b91833f83ae208fae7752999fa3104 -> 
  custom:container-demuxer-webm: 4f35f7cbe854078d1ac9338744f61a02 -> 
  custom:container-muxer-webm: aa71ff27fc2769a1b78a27578f13a17b -> 
  custom:video-decoder-webm-vp8: 9c59270c3fd7afecdb556c50c9e8de78 -> 
  custom:SearchIndexIgnoredProperties: e643bd26f0fe6173181afceb89e7c659 -> 
  custom:AudioImporter_EditorPlatform: d09bf68614088b80899f8185d706f6e7 -> 
  custom:video-encoder-webm-vp8: eb34c28f22e8b96e1ab97ce403110664 -> 
  custom:audio-decoder-ogg-vorbis: bf7c407c2cedff20999df2af8eb42d56 -> 
  custom:audio-encoder-webm-vorbis: bf7c407c2cedff20999df2af8eb42d56 -> 
========================================================================
Received Import Request.
  Time since last request: 250825.493853 seconds.
  path: Assets/Game/Gameplay/Prefabs/Resource.prefab
  artifactKey: Guid(4b242e242f97944c78cb32f7daf75d94) Importer(815301076,1909f56bfc062723c751e8b465ee728b)
Start importing Assets/Game/Gameplay/Prefabs/Resource.prefab using Guid(4b242e242f97944c78cb32f7daf75d94) Importer(815301076,1909f56bfc062723c751e8b465ee728b) [PhysX] Initialized MultithreadedTaskDispatcher with 8 workers.
[PhysX] Initialized MultithreadedTaskDispatcher with 8 workers.
 -> (artifact id: '281d7ed05bdb6c3f78099e2600f22d1f') in 0.951256 seconds
Number of updated asset objects reloaded before import = 0
Number of asset objects unloaded after import = 30
========================================================================
Received Import Request.
  Time since last request: 5.568686 seconds.
  path: ProjectSettings/TagManager.asset
  artifactKey: Guid(00000000000000003000000000000000) Importer(815301076,1909f56bfc062723c751e8b465ee728b)
Start importing ProjectSettings/TagManager.asset using Guid(00000000000000003000000000000000) Importer(815301076,1909f56bfc062723c751e8b465ee728b) [PhysX] Initialized MultithreadedTaskDispatcher with 8 workers.
 -> (artifact id: 'f026a868c80747133b3239441aba4f21') in 0.000936 seconds
Number of updated asset objects reloaded before import = 0
Number of asset objects unloaded after import = 0
========================================================================
Received Import Request.
  Time since last request: 24.365133 seconds.
  path: Assets/Game/Gameplay/Prefabs/Character.prefab
  artifactKey: Guid(3f54c90f0808a4b32854a621ea4c4965) Importer(815301076,1909f56bfc062723c751e8b465ee728b)
Start importing Assets/Game/Gameplay/Prefabs/Character.prefab using Guid(3f54c90f0808a4b32854a621ea4c4965) Importer(815301076,1909f56bfc062723c751e8b465ee728b) [PhysX] Initialized MultithreadedTaskDispatcher with 8 workers.
[PhysX] Initialized MultithreadedTaskDispatcher with 8 workers.
 -> (artifact id: '7fac022dca4250043df6fbd345a10982') in 0.180622 seconds
Number of updated asset objects reloaded before import = 0
Number of asset objects unloaded after import = 191
========================================================================
Received Import Request.
  Time since last request: 36.500049 seconds.
  path: Assets/AssetPacks/Tiles/Prefabs/Tile1.prefab
  artifactKey: Guid(ed3b7e8f9a8ee47049c077a11a511173) Importer(815301076,1909f56bfc062723c751e8b465ee728b)
Start importing Assets/AssetPacks/Tiles/Prefabs/Tile1.prefab using Guid(ed3b7e8f9a8ee47049c077a11a511173) Importer(815301076,1909f56bfc062723c751e8b465ee728b) [PhysX] Initialized MultithreadedTaskDispatcher with 8 workers.
[PhysX] Initialized MultithreadedTaskDispatcher with 8 workers.
 -> (artifact id: 'e652cd5729a1d6f48ac94d401e35c9dd') in 0.043359 seconds
Number of updated asset objects reloaded before import = 0
Number of asset objects unloaded after import = 68
========================================================================
Received Import Request.
  Time since last request: 0.564067 seconds.
  path: Assets/AssetPacks/Tiles/Prefabs/Tile2.prefab
  artifactKey: Guid(10f1bf41765e249159189508bfe07030) Importer(815301076,1909f56bfc062723c751e8b465ee728b)
Start importing Assets/AssetPacks/Tiles/Prefabs/Tile2.prefab using Guid(10f1bf41765e249159189508bfe07030) Importer(815301076,1909f56bfc062723c751e8b465ee728b) [PhysX] Initialized MultithreadedTaskDispatcher with 8 workers.
[PhysX] Initialized MultithreadedTaskDispatcher with 8 workers.
 -> (artifact id: '89902843606ee58d823b282ca0c0840e') in 0.034205 seconds
Number of updated asset objects reloaded before import = 0
Number of asset objects unloaded after import = 70
========================================================================
Received Import Request.
  Time since last request: 0.313341 seconds.
  path: Assets/AssetPacks/Tiles/Prefabs/Tile3.prefab
  artifactKey: Guid(c44f84217f3044c18a9c7327de3fd2af) Importer(815301076,1909f56bfc062723c751e8b465ee728b)
Start importing Assets/AssetPacks/Tiles/Prefabs/Tile3.prefab using Guid(c44f84217f3044c18a9c7327de3fd2af) Importer(815301076,1909f56bfc062723c751e8b465ee728b) [PhysX] Initialized MultithreadedTaskDispatcher with 8 workers.
[PhysX] Initialized MultithreadedTaskDispatcher with 8 workers.
 -> (artifact id: '0c50d654739ff8004698facd848cc9cc') in 0.026206 seconds
Number of updated asset objects reloaded before import = 0
Number of asset objects unloaded after import = 70
========================================================================
Received Import Request.
  Time since last request: 0.360424 seconds.
  path: Assets/AssetPacks/Tiles/Prefabs/Tile4.prefab
  artifactKey: Guid(b3a9cadcabeff458d8dd0bd6b7f485dc) Importer(815301076,1909f56bfc062723c751e8b465ee728b)
Start importing Assets/AssetPacks/Tiles/Prefabs/Tile4.prefab using Guid(b3a9cadcabeff458d8dd0bd6b7f485dc) Importer(815301076,1909f56bfc062723c751e8b465ee728b) [PhysX] Initialized MultithreadedTaskDispatcher with 8 workers.
[PhysX] Initialized MultithreadedTaskDispatcher with 8 workers.
 -> (artifact id: 'a65aa9cb000f1e4bb1552a657db7a5b7') in 0.037577 seconds
Number of updated asset objects reloaded before import = 0
Number of asset objects unloaded after import = 70
========================================================================
Received Import Request.
  Time since last request: 1.648010 seconds.
  path: Assets/AssetPacks/Tiles/Prefabs/Tile.prefab
  artifactKey: Guid(513f7e548b1864e9191b993e98d583e7) Importer(815301076,1909f56bfc062723c751e8b465ee728b)
Start importing Assets/AssetPacks/Tiles/Prefabs/Tile.prefab using Guid(513f7e548b1864e9191b993e98d583e7) Importer(815301076,1909f56bfc062723c751e8b465ee728b) [PhysX] Initialized MultithreadedTaskDispatcher with 8 workers.
[PhysX] Initialized MultithreadedTaskDispatcher with 8 workers.
 -> (artifact id: 'd3584a9f00d9a9ff12c7f5d547c43917') in 0.014716 seconds
Number of updated asset objects reloaded before import = 0
Number of asset objects unloaded after import = 51
========================================================================
Received Prepare
Begin MonoManager ReloadAssembly
- Loaded All Assemblies, in  0.728 seconds
Refreshing native plugins compatible for Editor in 4.31 ms, found 1 plugins.
Native extension for WindowsStandalone target not found
Mono: successfully reloaded assembly
- Finished resetting the current domain, in  2.797 seconds
Domain Reload Profiling: 3523ms
	BeginReloadAssembly (263ms)
		ExecutionOrderSort (0ms)
		DisableScriptedObjects (16ms)
		BackupInstance (0ms)
		ReleaseScriptingObjects (0ms)
		CreateAndSetChildDomain (66ms)
	RebuildCommonClasses (65ms)
	RebuildNativeTypeToScriptingClass (18ms)
	initialDomainReloadingComplete (47ms)
	LoadAllAssembliesAndSetupDomain (332ms)
		LoadAssemblies (395ms)
		RebuildTransferFunctionScriptingTraits (0ms)
		AnalyzeDomain (71ms)
			TypeCache.Refresh (15ms)
				TypeCache.ScanAssembly (2ms)
			ScanForSourceGeneratedMonoScriptInfo (32ms)
			ResolveRequiredComponents (22ms)
	FinalizeReload (2798ms)
		ReleaseScriptCaches (0ms)
		RebuildScriptCaches (0ms)
		SetupLoadedEditorAssemblies (2079ms)
			LogAssemblyErrors (0ms)
			InitializePlatformSupportModulesInManaged (7ms)
			SetLoadedEditorAssemblies (4ms)
			RefreshPlugins (0ms)
			BeforeProcessingInitializeOnLoad (117ms)
			ProcessInitializeOnLoadAttributes (616ms)
			ProcessInitializeOnLoadMethodAttributes (1294ms)
			AfterProcessingInitializeOnLoad (10ms)
			EditorAssembliesLoaded (30ms)
		ExecutionOrderSort2 (0ms)
		AwakeInstancesAfterBackupRestoration (59ms)
Refreshing native plugins compatible for Editor in 4.54 ms, found 1 plugins.
Preloading 0 native plugins for Editor in 0.00 ms.
Unloading 4244 Unused Serialized files (Serialized files now loaded: 0)
Unloading 37 unused Assets / (315.0 KB). Loaded Objects now: 4958.
Memory consumption went from 176.0 MB to 175.7 MB.
Total: 34.591300 ms (FindLiveObjects: 0.474400 ms CreateObjectMapping: 0.201200 ms MarkObjects: 33.787400 ms  DeleteObjects: 0.126400 ms)

Prepare: number of updated asset objects reloaded= 0
AssetImportParameters requested are different than current active one (requested -> active):
  custom:container-demuxer-ogg: 62fdf1f143b41e24485cea50d1cbac27 -> 
  custom:video-decoder-ogg-theora: a1e56fd34408186e4bbccfd4996cb3dc -> 
  custom:framework-win-MediaFoundation: 216162199b28c13a410421893ffa2e32 -> 
  custom:CustomObjectIndexerAttribute: 72b91833f83ae208fae7752999fa3104 -> 
  custom:container-demuxer-webm: 4f35f7cbe854078d1ac9338744f61a02 -> 
  custom:container-muxer-webm: aa71ff27fc2769a1b78a27578f13a17b -> 
  custom:video-decoder-webm-vp8: 9c59270c3fd7afecdb556c50c9e8de78 -> 
  custom:SearchIndexIgnoredProperties: e643bd26f0fe6173181afceb89e7c659 -> 
  custom:AudioImporter_EditorPlatform: d09bf68614088b80899f8185d706f6e7 -> 
  custom:video-encoder-webm-vp8: eb34c28f22e8b96e1ab97ce403110664 -> 
  custom:audio-decoder-ogg-vorbis: bf7c407c2cedff20999df2af8eb42d56 -> 
  custom:audio-encoder-webm-vorbis: bf7c407c2cedff20999df2af8eb42d56 -> 
========================================================================
Received Prepare
Begin MonoManager ReloadAssembly
- Loaded All Assemblies, in  0.686 seconds
Refreshing native plugins compatible for Editor in 7.77 ms, found 1 plugins.
Native extension for WindowsStandalone target not found
Mono: successfully reloaded assembly
- Finished resetting the current domain, in  2.780 seconds
Domain Reload Profiling: 3466ms
	BeginReloadAssembly (271ms)
		ExecutionOrderSort (0ms)
		DisableScriptedObjects (11ms)
		BackupInstance (0ms)
		ReleaseScriptingObjects (0ms)
		CreateAndSetChildDomain (65ms)
	RebuildCommonClasses (69ms)
	RebuildNativeTypeToScriptingClass (21ms)
	initialDomainReloadingComplete (40ms)
	LoadAllAssembliesAndSetupDomain (282ms)
		LoadAssemblies (386ms)
		RebuildTransferFunctionScriptingTraits (0ms)
		AnalyzeDomain (31ms)
			TypeCache.Refresh (9ms)
				TypeCache.ScanAssembly (0ms)
			ScanForSourceGeneratedMonoScriptInfo (0ms)
			ResolveRequiredComponents (20ms)
	FinalizeReload (2783ms)
		ReleaseScriptCaches (0ms)
		RebuildScriptCaches (0ms)
		SetupLoadedEditorAssemblies (1713ms)
			LogAssemblyErrors (0ms)
			InitializePlatformSupportModulesInManaged (8ms)
			SetLoadedEditorAssemblies (4ms)
			RefreshPlugins (0ms)
			BeforeProcessingInitializeOnLoad (107ms)
			ProcessInitializeOnLoadAttributes (500ms)
			ProcessInitializeOnLoadMethodAttributes (1078ms)
			AfterProcessingInitializeOnLoad (10ms)
			EditorAssembliesLoaded (7ms)
		ExecutionOrderSort2 (0ms)
		AwakeInstancesAfterBackupRestoration (330ms)
Refreshing native plugins compatible for Editor in 6.85 ms, found 1 plugins.
Preloading 0 native plugins for Editor in 0.00 ms.
Unloading 4244 Unused Serialized files (Serialized files now loaded: 0)
Unloading 37 unused Assets / (315.0 KB). Loaded Objects now: 4959.
Memory consumption went from 175.9 MB to 175.6 MB.
Total: 40.636100 ms (FindLiveObjects: 0.672000 ms CreateObjectMapping: 0.212100 ms MarkObjects: 39.567200 ms  DeleteObjects: 0.183000 ms)

Prepare: number of updated asset objects reloaded= 0
AssetImportParameters requested are different than current active one (requested -> active):
  custom:container-demuxer-ogg: 62fdf1f143b41e24485cea50d1cbac27 -> 
  custom:video-decoder-ogg-theora: a1e56fd34408186e4bbccfd4996cb3dc -> 
  custom:framework-win-MediaFoundation: 216162199b28c13a410421893ffa2e32 -> 
  custom:CustomObjectIndexerAttribute: 72b91833f83ae208fae7752999fa3104 -> 
  custom:container-demuxer-webm: 4f35f7cbe854078d1ac9338744f61a02 -> 
  custom:container-muxer-webm: aa71ff27fc2769a1b78a27578f13a17b -> 
  custom:video-decoder-webm-vp8: 9c59270c3fd7afecdb556c50c9e8de78 -> 
  custom:SearchIndexIgnoredProperties: e643bd26f0fe6173181afceb89e7c659 -> 
  custom:AudioImporter_EditorPlatform: d09bf68614088b80899f8185d706f6e7 -> 
  custom:video-encoder-webm-vp8: eb34c28f22e8b96e1ab97ce403110664 -> 
  custom:audio-decoder-ogg-vorbis: bf7c407c2cedff20999df2af8eb42d56 -> 
  custom:audio-encoder-webm-vorbis: bf7c407c2cedff20999df2af8eb42d56 -> 
========================================================================
Received Import Request.
  Time since last request: 93.470494 seconds.
  path: Assets/Game/Gameplay/Scripts/RtsControls.cs
  artifactKey: Guid(cc26190e4dc2e194e9a7d2458c906981) Importer(815301076,1909f56bfc062723c751e8b465ee728b)
Start importing Assets/Game/Gameplay/Scripts/RtsControls.cs using Guid(cc26190e4dc2e194e9a7d2458c906981) Importer(815301076,1909f56bfc062723c751e8b465ee728b) [PhysX] Initialized MultithreadedTaskDispatcher with 8 workers.
 -> (artifact id: 'ce47a134306bd719dc0a923cf0825825') in 0.004408 seconds
Number of updated asset objects reloaded before import = 0
Number of asset objects unloaded after import = 0
========================================================================
Received Prepare
Begin MonoManager ReloadAssembly
- Loaded All Assemblies, in  0.885 seconds
Refreshing native plugins compatible for Editor in 5.79 ms, found 1 plugins.
Native extension for WindowsStandalone target not found
Mono: successfully reloaded assembly
- Finished resetting the current domain, in  3.182 seconds
Domain Reload Profiling: 4067ms
	BeginReloadAssembly (327ms)
		ExecutionOrderSort (0ms)
		DisableScriptedObjects (13ms)
		BackupInstance (0ms)
		ReleaseScriptingObjects (0ms)
		CreateAndSetChildDomain (81ms)
	RebuildCommonClasses (76ms)
	RebuildNativeTypeToScriptingClass (30ms)
	initialDomainReloadingComplete (58ms)
	LoadAllAssembliesAndSetupDomain (389ms)
		LoadAssemblies (518ms)
		RebuildTransferFunctionScriptingTraits (0ms)
		AnalyzeDomain (40ms)
			TypeCache.Refresh (10ms)
				TypeCache.ScanAssembly (0ms)
			ScanForSourceGeneratedMonoScriptInfo (0ms)
			ResolveRequiredComponents (28ms)
	FinalizeReload (3186ms)
		ReleaseScriptCaches (0ms)
		RebuildScriptCaches (0ms)
		SetupLoadedEditorAssemblies (1955ms)
			LogAssemblyErrors (0ms)
			InitializePlatformSupportModulesInManaged (11ms)
			SetLoadedEditorAssemblies (7ms)
			RefreshPlugins (0ms)
			BeforeProcessingInitializeOnLoad (114ms)
			ProcessInitializeOnLoadAttributes (543ms)
			ProcessInitializeOnLoadMethodAttributes (1260ms)
			AfterProcessingInitializeOnLoad (10ms)
			EditorAssembliesLoaded (10ms)
		ExecutionOrderSort2 (0ms)
		AwakeInstancesAfterBackupRestoration (334ms)
Refreshing native plugins compatible for Editor in 6.26 ms, found 1 plugins.
Preloading 0 native plugins for Editor in 0.00 ms.
Unloading 4244 Unused Serialized files (Serialized files now loaded: 0)
Unloading 37 unused Assets / (315.1 KB). Loaded Objects now: 4960.
Memory consumption went from 175.9 MB to 175.6 MB.
Total: 45.561500 ms (FindLiveObjects: 0.784600 ms CreateObjectMapping: 0.287000 ms MarkObjects: 44.358400 ms  DeleteObjects: 0.129500 ms)

Prepare: number of updated asset objects reloaded= 0
AssetImportParameters requested are different than current active one (requested -> active):
  custom:container-demuxer-ogg: 62fdf1f143b41e24485cea50d1cbac27 -> 
  custom:video-decoder-ogg-theora: a1e56fd34408186e4bbccfd4996cb3dc -> 
  custom:framework-win-MediaFoundation: 216162199b28c13a410421893ffa2e32 -> 
  custom:CustomObjectIndexerAttribute: 72b91833f83ae208fae7752999fa3104 -> 
  custom:container-demuxer-webm: 4f35f7cbe854078d1ac9338744f61a02 -> 
  custom:container-muxer-webm: aa71ff27fc2769a1b78a27578f13a17b -> 
  custom:video-decoder-webm-vp8: 9c59270c3fd7afecdb556c50c9e8de78 -> 
  custom:SearchIndexIgnoredProperties: e643bd26f0fe6173181afceb89e7c659 -> 
  custom:AudioImporter_EditorPlatform: d09bf68614088b80899f8185d706f6e7 -> 
  custom:video-encoder-webm-vp8: eb34c28f22e8b96e1ab97ce403110664 -> 
  custom:audio-decoder-ogg-vorbis: bf7c407c2cedff20999df2af8eb42d56 -> 
  custom:audio-encoder-webm-vorbis: bf7c407c2cedff20999df2af8eb42d56 -> 
========================================================================
Received Import Request.
  Time since last request: 76.341861 seconds.
  path: Assets/Game/Gameplay/Prefabs/Resource.prefab
  artifactKey: Guid(4b242e242f97944c78cb32f7daf75d94) Importer(815301076,1909f56bfc062723c751e8b465ee728b)
Start importing Assets/Game/Gameplay/Prefabs/Resource.prefab using Guid(4b242e242f97944c78cb32f7daf75d94) Importer(815301076,1909f56bfc062723c751e8b465ee728b) [PhysX] Initialized MultithreadedTaskDispatcher with 8 workers.
[PhysX] Initialized MultithreadedTaskDispatcher with 8 workers.
 -> (artifact id: '780a8da27ad5b38288c9c535a908da25') in 0.383761 seconds
Number of updated asset objects reloaded before import = 0
Number of asset objects unloaded after import = 30
========================================================================
Received Prepare
Begin MonoManager ReloadAssembly
- Loaded All Assemblies, in  0.669 seconds
Refreshing native plugins compatible for Editor in 4.12 ms, found 1 plugins.
Native extension for WindowsStandalone target not found
Mono: successfully reloaded assembly
- Finished resetting the current domain, in  2.683 seconds
Domain Reload Profiling: 3351ms
	BeginReloadAssembly (258ms)
		ExecutionOrderSort (0ms)
		DisableScriptedObjects (18ms)
		BackupInstance (0ms)
		ReleaseScriptingObjects (0ms)
		CreateAndSetChildDomain (71ms)
	RebuildCommonClasses (57ms)
	RebuildNativeTypeToScriptingClass (16ms)
	initialDomainReloadingComplete (42ms)
	LoadAllAssembliesAndSetupDomain (294ms)
		LoadAssemblies (388ms)
		RebuildTransferFunctionScriptingTraits (0ms)
		AnalyzeDomain (29ms)
			TypeCache.Refresh (9ms)
				TypeCache.ScanAssembly (0ms)
			ScanForSourceGeneratedMonoScriptInfo (0ms)
			ResolveRequiredComponents (18ms)
	FinalizeReload (2684ms)
		ReleaseScriptCaches (0ms)
		RebuildScriptCaches (0ms)
		SetupLoadedEditorAssemblies (1852ms)
			LogAssemblyErrors (0ms)
			InitializePlatformSupportModulesInManaged (11ms)
			SetLoadedEditorAssemblies (5ms)
			RefreshPlugins (0ms)
			BeforeProcessingInitializeOnLoad (103ms)
			ProcessInitializeOnLoadAttributes (525ms)
			ProcessInitializeOnLoadMethodAttributes (1196ms)
			AfterProcessingInitializeOnLoad (8ms)
			EditorAssembliesLoaded (4ms)
		ExecutionOrderSort2 (0ms)
		AwakeInstancesAfterBackupRestoration (149ms)
Refreshing native plugins compatible for Editor in 4.90 ms, found 1 plugins.
Preloading 0 native plugins for Editor in 0.00 ms.
Unloading 4244 Unused Serialized files (Serialized files now loaded: 0)
Unloading 37 unused Assets / (314.6 KB). Loaded Objects now: 4998.
Memory consumption went from 176.1 MB to 175.8 MB.
Total: 26.988900 ms (FindLiveObjects: 0.397900 ms CreateObjectMapping: 0.190700 ms MarkObjects: 26.271600 ms  DeleteObjects: 0.126900 ms)

Prepare: number of updated asset objects reloaded= 0
AssetImportParameters requested are different than current active one (requested -> active):
  custom:container-demuxer-ogg: 62fdf1f143b41e24485cea50d1cbac27 -> 
  custom:video-decoder-ogg-theora: a1e56fd34408186e4bbccfd4996cb3dc -> 
  custom:framework-win-MediaFoundation: 216162199b28c13a410421893ffa2e32 -> 
  custom:CustomObjectIndexerAttribute: 72b91833f83ae208fae7752999fa3104 -> 
  custom:container-demuxer-webm: 4f35f7cbe854078d1ac9338744f61a02 -> 
  custom:container-muxer-webm: aa71ff27fc2769a1b78a27578f13a17b -> 
  custom:video-decoder-webm-vp8: 9c59270c3fd7afecdb556c50c9e8de78 -> 
  custom:SearchIndexIgnoredProperties: e643bd26f0fe6173181afceb89e7c659 -> 
  custom:AudioImporter_EditorPlatform: d09bf68614088b80899f8185d706f6e7 -> 
  custom:video-encoder-webm-vp8: eb34c28f22e8b96e1ab97ce403110664 -> 
  custom:audio-decoder-ogg-vorbis: bf7c407c2cedff20999df2af8eb42d56 -> 
  custom:audio-encoder-webm-vorbis: bf7c407c2cedff20999df2af8eb42d56 -> 
========================================================================
Received Prepare
Begin MonoManager ReloadAssembly
- Loaded All Assemblies, in  0.642 seconds
Refreshing native plugins compatible for Editor in 4.50 ms, found 1 plugins.
Native extension for WindowsStandalone target not found
Mono: successfully reloaded assembly
- Finished resetting the current domain, in  2.679 seconds
Domain Reload Profiling: 3319ms
	BeginReloadAssembly (242ms)
		ExecutionOrderSort (0ms)
		DisableScriptedObjects (8ms)
		BackupInstance (0ms)
		ReleaseScriptingObjects (0ms)
		CreateAndSetChildDomain (59ms)
	RebuildCommonClasses (57ms)
	RebuildNativeTypeToScriptingClass (16ms)
	initialDomainReloadingComplete (45ms)
	LoadAllAssembliesAndSetupDomain (279ms)
		LoadAssemblies (382ms)
		RebuildTransferFunctionScriptingTraits (0ms)
		AnalyzeDomain (27ms)
			TypeCache.Refresh (7ms)
				TypeCache.ScanAssembly (0ms)
			ScanForSourceGeneratedMonoScriptInfo (0ms)
			ResolveRequiredComponents (17ms)
	FinalizeReload (2680ms)
		ReleaseScriptCaches (0ms)
		RebuildScriptCaches (0ms)
		SetupLoadedEditorAssemblies (1797ms)
			LogAssemblyErrors (0ms)
			InitializePlatformSupportModulesInManaged (9ms)
			SetLoadedEditorAssemblies (7ms)
			RefreshPlugins (0ms)
			BeforeProcessingInitializeOnLoad (96ms)
			ProcessInitializeOnLoadAttributes (501ms)
			ProcessInitializeOnLoadMethodAttributes (1173ms)
			AfterProcessingInitializeOnLoad (9ms)
			EditorAssembliesLoaded (3ms)
		ExecutionOrderSort2 (0ms)
		AwakeInstancesAfterBackupRestoration (180ms)
Refreshing native plugins compatible for Editor in 5.84 ms, found 1 plugins.
Preloading 0 native plugins for Editor in 0.00 ms.
Unloading 4244 Unused Serialized files (Serialized files now loaded: 0)
Unloading 37 unused Assets / (314.5 KB). Loaded Objects now: 4999.
Memory consumption went from 176.0 MB to 175.7 MB.
Total: 37.053800 ms (FindLiveObjects: 0.520600 ms CreateObjectMapping: 0.195500 ms MarkObjects: 36.206000 ms  DeleteObjects: 0.130100 ms)

Prepare: number of updated asset objects reloaded= 0
AssetImportParameters requested are different than current active one (requested -> active):
  custom:container-demuxer-ogg: 62fdf1f143b41e24485cea50d1cbac27 -> 
  custom:video-decoder-ogg-theora: a1e56fd34408186e4bbccfd4996cb3dc -> 
  custom:framework-win-MediaFoundation: 216162199b28c13a410421893ffa2e32 -> 
  custom:CustomObjectIndexerAttribute: 72b91833f83ae208fae7752999fa3104 -> 
  custom:container-demuxer-webm: 4f35f7cbe854078d1ac9338744f61a02 -> 
  custom:container-muxer-webm: aa71ff27fc2769a1b78a27578f13a17b -> 
  custom:video-decoder-webm-vp8: 9c59270c3fd7afecdb556c50c9e8de78 -> 
  custom:SearchIndexIgnoredProperties: e643bd26f0fe6173181afceb89e7c659 -> 
  custom:AudioImporter_EditorPlatform: d09bf68614088b80899f8185d706f6e7 -> 
  custom:video-encoder-webm-vp8: eb34c28f22e8b96e1ab97ce403110664 -> 
  custom:audio-decoder-ogg-vorbis: bf7c407c2cedff20999df2af8eb42d56 -> 
  custom:audio-encoder-webm-vorbis: bf7c407c2cedff20999df2af8eb42d56 -> 
========================================================================
Received Prepare
Begin MonoManager ReloadAssembly
- Loaded All Assemblies, in  0.668 seconds
Refreshing native plugins compatible for Editor in 4.16 ms, found 1 plugins.
Native extension for WindowsStandalone target not found
Mono: successfully reloaded assembly
- Finished resetting the current domain, in  2.584 seconds
Domain Reload Profiling: 3249ms
	BeginReloadAssembly (248ms)
		ExecutionOrderSort (0ms)
		DisableScriptedObjects (8ms)
		BackupInstance (0ms)
		ReleaseScriptingObjects (0ms)
		CreateAndSetChildDomain (61ms)
	RebuildCommonClasses (50ms)
	RebuildNativeTypeToScriptingClass (16ms)
	initialDomainReloadingComplete (47ms)
	LoadAllAssembliesAndSetupDomain (302ms)
		LoadAssemblies (407ms)
		RebuildTransferFunctionScriptingTraits (0ms)
		AnalyzeDomain (27ms)
			TypeCache.Refresh (7ms)
				TypeCache.ScanAssembly (0ms)
			ScanForSourceGeneratedMonoScriptInfo (0ms)
			ResolveRequiredComponents (17ms)
	FinalizeReload (2585ms)
		ReleaseScriptCaches (0ms)
		RebuildScriptCaches (0ms)
		SetupLoadedEditorAssemblies (1895ms)
			LogAssemblyErrors (0ms)
			InitializePlatformSupportModulesInManaged (7ms)
			SetLoadedEditorAssemblies (4ms)
			RefreshPlugins (0ms)
			BeforeProcessingInitializeOnLoad (99ms)
			ProcessInitializeOnLoadAttributes (464ms)
			ProcessInitializeOnLoadMethodAttributes (1310ms)
			AfterProcessingInitializeOnLoad (9ms)
			EditorAssembliesLoaded (0ms)
		ExecutionOrderSort2 (0ms)
		AwakeInstancesAfterBackupRestoration (42ms)
Refreshing native plugins compatible for Editor in 5.64 ms, found 1 plugins.
Preloading 0 native plugins for Editor in 0.00 ms.
Unloading 4244 Unused Serialized files (Serialized files now loaded: 0)
Unloading 37 unused Assets / (315.0 KB). Loaded Objects now: 5000.
Memory consumption went from 176.0 MB to 175.7 MB.
Total: 36.447700 ms (FindLiveObjects: 0.455400 ms CreateObjectMapping: 0.192000 ms MarkObjects: 35.643800 ms  DeleteObjects: 0.154800 ms)

Prepare: number of updated asset objects reloaded= 0
AssetImportParameters requested are different than current active one (requested -> active):
  custom:container-demuxer-ogg: 62fdf1f143b41e24485cea50d1cbac27 -> 
  custom:video-decoder-ogg-theora: a1e56fd34408186e4bbccfd4996cb3dc -> 
  custom:framework-win-MediaFoundation: 216162199b28c13a410421893ffa2e32 -> 
  custom:CustomObjectIndexerAttribute: 72b91833f83ae208fae7752999fa3104 -> 
  custom:container-demuxer-webm: 4f35f7cbe854078d1ac9338744f61a02 -> 
  custom:container-muxer-webm: aa71ff27fc2769a1b78a27578f13a17b -> 
  custom:video-decoder-webm-vp8: 9c59270c3fd7afecdb556c50c9e8de78 -> 
  custom:SearchIndexIgnoredProperties: e643bd26f0fe6173181afceb89e7c659 -> 
  custom:AudioImporter_EditorPlatform: d09bf68614088b80899f8185d706f6e7 -> 
  custom:video-encoder-webm-vp8: eb34c28f22e8b96e1ab97ce403110664 -> 
  custom:audio-decoder-ogg-vorbis: bf7c407c2cedff20999df2af8eb42d56 -> 
  custom:audio-encoder-webm-vorbis: bf7c407c2cedff20999df2af8eb42d56 -> 
========================================================================
Received Prepare
Begin MonoManager ReloadAssembly
- Loaded All Assemblies, in  0.665 seconds
Refreshing native plugins compatible for Editor in 4.57 ms, found 1 plugins.
Native extension for WindowsStandalone target not found
Mono: successfully reloaded assembly
- Finished resetting the current domain, in  2.564 seconds
Domain Reload Profiling: 3229ms
	BeginReloadAssembly (268ms)
		ExecutionOrderSort (0ms)
		DisableScriptedObjects (9ms)
		BackupInstance (0ms)
		ReleaseScriptingObjects (0ms)
		CreateAndSetChildDomain (69ms)
	RebuildCommonClasses (53ms)
	RebuildNativeTypeToScriptingClass (16ms)
	initialDomainReloadingComplete (38ms)
	LoadAllAssembliesAndSetupDomain (286ms)
		LoadAssemblies (402ms)
		RebuildTransferFunctionScriptingTraits (0ms)
		AnalyzeDomain (29ms)
			TypeCache.Refresh (7ms)
				TypeCache.ScanAssembly (0ms)
			ScanForSourceGeneratedMonoScriptInfo (0ms)
			ResolveRequiredComponents (19ms)
	FinalizeReload (2566ms)
		ReleaseScriptCaches (0ms)
		RebuildScriptCaches (0ms)
		SetupLoadedEditorAssemblies (1568ms)
			LogAssemblyErrors (0ms)
			InitializePlatformSupportModulesInManaged (11ms)
			SetLoadedEditorAssemblies (6ms)
			RefreshPlugins (0ms)
			BeforeProcessingInitializeOnLoad (101ms)
			ProcessInitializeOnLoadAttributes (458ms)
			ProcessInitializeOnLoadMethodAttributes (983ms)
			AfterProcessingInitializeOnLoad (8ms)
			EditorAssembliesLoaded (2ms)
		ExecutionOrderSort2 (0ms)
		AwakeInstancesAfterBackupRestoration (262ms)
Refreshing native plugins compatible for Editor in 5.13 ms, found 1 plugins.
Preloading 0 native plugins for Editor in 0.00 ms.
Unloading 4244 Unused Serialized files (Serialized files now loaded: 0)
Unloading 37 unused Assets / (314.6 KB). Loaded Objects now: 5001.
Memory consumption went from 176.0 MB to 175.7 MB.
Total: 37.721400 ms (FindLiveObjects: 0.758100 ms CreateObjectMapping: 0.334200 ms MarkObjects: 36.495500 ms  DeleteObjects: 0.132000 ms)

Prepare: number of updated asset objects reloaded= 0
AssetImportParameters requested are different than current active one (requested -> active):
  custom:container-demuxer-ogg: 62fdf1f143b41e24485cea50d1cbac27 -> 
  custom:video-decoder-ogg-theora: a1e56fd34408186e4bbccfd4996cb3dc -> 
  custom:framework-win-MediaFoundation: 216162199b28c13a410421893ffa2e32 -> 
  custom:CustomObjectIndexerAttribute: 72b91833f83ae208fae7752999fa3104 -> 
  custom:container-demuxer-webm: 4f35f7cbe854078d1ac9338744f61a02 -> 
  custom:container-muxer-webm: aa71ff27fc2769a1b78a27578f13a17b -> 
  custom:video-decoder-webm-vp8: 9c59270c3fd7afecdb556c50c9e8de78 -> 
  custom:SearchIndexIgnoredProperties: e643bd26f0fe6173181afceb89e7c659 -> 
  custom:AudioImporter_EditorPlatform: d09bf68614088b80899f8185d706f6e7 -> 
  custom:video-encoder-webm-vp8: eb34c28f22e8b96e1ab97ce403110664 -> 
  custom:audio-decoder-ogg-vorbis: bf7c407c2cedff20999df2af8eb42d56 -> 
  custom:audio-encoder-webm-vorbis: bf7c407c2cedff20999df2af8eb42d56 -> 
========================================================================
Received Prepare
Begin MonoManager ReloadAssembly
- Loaded All Assemblies, in  0.689 seconds
Refreshing native plugins compatible for Editor in 4.18 ms, found 1 plugins.
Native extension for WindowsStandalone target not found
Mono: successfully reloaded assembly
- Finished resetting the current domain, in  2.472 seconds
Domain Reload Profiling: 3162ms
	BeginReloadAssembly (232ms)
		ExecutionOrderSort (0ms)
		DisableScriptedObjects (9ms)
		BackupInstance (0ms)
		ReleaseScriptingObjects (0ms)
		CreateAndSetChildDomain (54ms)
	RebuildCommonClasses (60ms)
	RebuildNativeTypeToScriptingClass (19ms)
	initialDomainReloadingComplete (54ms)
	LoadAllAssembliesAndSetupDomain (322ms)
		LoadAssemblies (381ms)
		RebuildTransferFunctionScriptingTraits (0ms)
		AnalyzeDomain (65ms)
			TypeCache.Refresh (12ms)
				TypeCache.ScanAssembly (1ms)
			ScanForSourceGeneratedMonoScriptInfo (35ms)
			ResolveRequiredComponents (16ms)
	FinalizeReload (2476ms)
		ReleaseScriptCaches (0ms)
		RebuildScriptCaches (0ms)
		SetupLoadedEditorAssemblies (1702ms)
			LogAssemblyErrors (0ms)
			InitializePlatformSupportModulesInManaged (7ms)
			SetLoadedEditorAssemblies (4ms)
			RefreshPlugins (0ms)
			BeforeProcessingInitializeOnLoad (103ms)
			ProcessInitializeOnLoadAttributes (506ms)
			ProcessInitializeOnLoadMethodAttributes (1071ms)
			AfterProcessingInitializeOnLoad (9ms)
			EditorAssembliesLoaded (1ms)
		ExecutionOrderSort2 (0ms)
		AwakeInstancesAfterBackupRestoration (129ms)
Refreshing native plugins compatible for Editor in 4.57 ms, found 1 plugins.
Preloading 0 native plugins for Editor in 0.00 ms.
Unloading 4244 Unused Serialized files (Serialized files now loaded: 0)
Unloading 37 unused Assets / (315.1 KB). Loaded Objects now: 5002.
Memory consumption went from 176.0 MB to 175.7 MB.
Total: 32.232800 ms (FindLiveObjects: 0.761000 ms CreateObjectMapping: 0.353900 ms MarkObjects: 30.995000 ms  DeleteObjects: 0.120900 ms)

Prepare: number of updated asset objects reloaded= 0
AssetImportParameters requested are different than current active one (requested -> active):
  custom:container-demuxer-ogg: 62fdf1f143b41e24485cea50d1cbac27 -> 
  custom:video-decoder-ogg-theora: a1e56fd34408186e4bbccfd4996cb3dc -> 
  custom:framework-win-MediaFoundation: 216162199b28c13a410421893ffa2e32 -> 
  custom:CustomObjectIndexerAttribute: 72b91833f83ae208fae7752999fa3104 -> 
  custom:container-demuxer-webm: 4f35f7cbe854078d1ac9338744f61a02 -> 
  custom:container-muxer-webm: aa71ff27fc2769a1b78a27578f13a17b -> 
  custom:video-decoder-webm-vp8: 9c59270c3fd7afecdb556c50c9e8de78 -> 
  custom:SearchIndexIgnoredProperties: e643bd26f0fe6173181afceb89e7c659 -> 
  custom:AudioImporter_EditorPlatform: d09bf68614088b80899f8185d706f6e7 -> 
  custom:video-encoder-webm-vp8: eb34c28f22e8b96e1ab97ce403110664 -> 
  custom:audio-decoder-ogg-vorbis: bf7c407c2cedff20999df2af8eb42d56 -> 
  custom:audio-encoder-webm-vorbis: bf7c407c2cedff20999df2af8eb42d56 -> 
========================================================================
Received Prepare
Begin MonoManager ReloadAssembly
- Loaded All Assemblies, in  0.621 seconds
Refreshing native plugins compatible for Editor in 5.89 ms, found 1 plugins.
Native extension for WindowsStandalone target not found
Mono: successfully reloaded assembly
- Finished resetting the current domain, in  2.583 seconds
Domain Reload Profiling: 3201ms
	BeginReloadAssembly (232ms)
		ExecutionOrderSort (0ms)
		DisableScriptedObjects (8ms)
		BackupInstance (0ms)
		ReleaseScriptingObjects (0ms)
		CreateAndSetChildDomain (54ms)
	RebuildCommonClasses (51ms)
	RebuildNativeTypeToScriptingClass (16ms)
	initialDomainReloadingComplete (41ms)
	LoadAllAssembliesAndSetupDomain (278ms)
		LoadAssemblies (375ms)
		RebuildTransferFunctionScriptingTraits (0ms)
		AnalyzeDomain (28ms)
			TypeCache.Refresh (7ms)
				TypeCache.ScanAssembly (0ms)
			ScanForSourceGeneratedMonoScriptInfo (0ms)
			ResolveRequiredComponents (18ms)
	FinalizeReload (2584ms)
		ReleaseScriptCaches (0ms)
		RebuildScriptCaches (0ms)
		SetupLoadedEditorAssemblies (1585ms)
			LogAssemblyErrors (0ms)
			InitializePlatformSupportModulesInManaged (7ms)
			SetLoadedEditorAssemblies (4ms)
			RefreshPlugins (0ms)
			BeforeProcessingInitializeOnLoad (96ms)
			ProcessInitializeOnLoadAttributes (450ms)
			ProcessInitializeOnLoadMethodAttributes (1018ms)
			AfterProcessingInitializeOnLoad (7ms)
			EditorAssembliesLoaded (3ms)
		ExecutionOrderSort2 (0ms)
		AwakeInstancesAfterBackupRestoration (328ms)
Refreshing native plugins compatible for Editor in 4.85 ms, found 1 plugins.
Preloading 0 native plugins for Editor in 0.00 ms.
Unloading 4244 Unused Serialized files (Serialized files now loaded: 0)
Unloading 37 unused Assets / (315.2 KB). Loaded Objects now: 5003.
Memory consumption went from 176.0 MB to 175.7 MB.
Total: 36.586000 ms (FindLiveObjects: 0.409200 ms CreateObjectMapping: 0.188300 ms MarkObjects: 35.829400 ms  DeleteObjects: 0.157600 ms)

Prepare: number of updated asset objects reloaded= 0
AssetImportParameters requested are different than current active one (requested -> active):
  custom:container-demuxer-ogg: 62fdf1f143b41e24485cea50d1cbac27 -> 
  custom:video-decoder-ogg-theora: a1e56fd34408186e4bbccfd4996cb3dc -> 
  custom:framework-win-MediaFoundation: 216162199b28c13a410421893ffa2e32 -> 
  custom:CustomObjectIndexerAttribute: 72b91833f83ae208fae7752999fa3104 -> 
  custom:container-demuxer-webm: 4f35f7cbe854078d1ac9338744f61a02 -> 
  custom:container-muxer-webm: aa71ff27fc2769a1b78a27578f13a17b -> 
  custom:video-decoder-webm-vp8: 9c59270c3fd7afecdb556c50c9e8de78 -> 
  custom:SearchIndexIgnoredProperties: e643bd26f0fe6173181afceb89e7c659 -> 
  custom:AudioImporter_EditorPlatform: d09bf68614088b80899f8185d706f6e7 -> 
  custom:video-encoder-webm-vp8: eb34c28f22e8b96e1ab97ce403110664 -> 
  custom:audio-decoder-ogg-vorbis: bf7c407c2cedff20999df2af8eb42d56 -> 
  custom:audio-encoder-webm-vorbis: bf7c407c2cedff20999df2af8eb42d56 -> 
========================================================================
Received Import Request.
  Time since last request: 560.211857 seconds.
  path: Assets/Game/Gameplay/Prefabs/Resource.prefab
  artifactKey: Guid(4b242e242f97944c78cb32f7daf75d94) Importer(815301076,1909f56bfc062723c751e8b465ee728b)
Start importing Assets/Game/Gameplay/Prefabs/Resource.prefab using Guid(4b242e242f97944c78cb32f7daf75d94) Importer(815301076,1909f56bfc062723c751e8b465ee728b) [PhysX] Initialized MultithreadedTaskDispatcher with 8 workers.
[PhysX] Initialized MultithreadedTaskDispatcher with 8 workers.
 -> (artifact id: '437694af3ebe4b71f628b5321a76fd09') in 0.363366 seconds
Number of updated asset objects reloaded before import = 0
Number of asset objects unloaded after import = 30
========================================================================
Received Prepare
Begin MonoManager ReloadAssembly
- Loaded All Assemblies, in  0.722 seconds
Refreshing native plugins compatible for Editor in 5.96 ms, found 1 plugins.
Native extension for WindowsStandalone target not found
Mono: successfully reloaded assembly
- Finished resetting the current domain, in  2.803 seconds
Domain Reload Profiling: 3523ms
	BeginReloadAssembly (276ms)
		ExecutionOrderSort (0ms)
		DisableScriptedObjects (22ms)
		BackupInstance (0ms)
		ReleaseScriptingObjects (0ms)
		CreateAndSetChildDomain (59ms)
	RebuildCommonClasses (52ms)
	RebuildNativeTypeToScriptingClass (22ms)
	initialDomainReloadingComplete (40ms)
	LoadAllAssembliesAndSetupDomain (329ms)
		LoadAssemblies (416ms)
		RebuildTransferFunctionScriptingTraits (0ms)
		AnalyzeDomain (64ms)
			TypeCache.Refresh (14ms)
				TypeCache.ScanAssembly (1ms)
			ScanForSourceGeneratedMonoScriptInfo (29ms)
			ResolveRequiredComponents (17ms)
	FinalizeReload (2804ms)
		ReleaseScriptCaches (0ms)
		RebuildScriptCaches (0ms)
		SetupLoadedEditorAssemblies (1896ms)
			LogAssemblyErrors (0ms)
			InitializePlatformSupportModulesInManaged (8ms)
			SetLoadedEditorAssemblies (4ms)
			RefreshPlugins (0ms)
			BeforeProcessingInitializeOnLoad (101ms)
			ProcessInitializeOnLoadAttributes (581ms)
			ProcessInitializeOnLoadMethodAttributes (1180ms)
			AfterProcessingInitializeOnLoad (10ms)
			EditorAssembliesLoaded (14ms)
		ExecutionOrderSort2 (0ms)
		AwakeInstancesAfterBackupRestoration (268ms)
Refreshing native plugins compatible for Editor in 4.35 ms, found 1 plugins.
Preloading 0 native plugins for Editor in 0.00 ms.
Unloading 4244 Unused Serialized files (Serialized files now loaded: 0)
Unloading 37 unused Assets / (314.7 KB). Loaded Objects now: 5041.
Memory consumption went from 176.1 MB to 175.8 MB.
Total: 34.575700 ms (FindLiveObjects: 0.408000 ms CreateObjectMapping: 0.188300 ms MarkObjects: 33.857300 ms  DeleteObjects: 0.120100 ms)

Prepare: number of updated asset objects reloaded= 0
AssetImportParameters requested are different than current active one (requested -> active):
  custom:container-demuxer-ogg: 62fdf1f143b41e24485cea50d1cbac27 -> 
  custom:video-decoder-ogg-theora: a1e56fd34408186e4bbccfd4996cb3dc -> 
  custom:framework-win-MediaFoundation: 216162199b28c13a410421893ffa2e32 -> 
  custom:CustomObjectIndexerAttribute: 72b91833f83ae208fae7752999fa3104 -> 
  custom:container-demuxer-webm: 4f35f7cbe854078d1ac9338744f61a02 -> 
  custom:container-muxer-webm: aa71ff27fc2769a1b78a27578f13a17b -> 
  custom:video-decoder-webm-vp8: 9c59270c3fd7afecdb556c50c9e8de78 -> 
  custom:SearchIndexIgnoredProperties: e643bd26f0fe6173181afceb89e7c659 -> 
  custom:AudioImporter_EditorPlatform: d09bf68614088b80899f8185d706f6e7 -> 
  custom:video-encoder-webm-vp8: eb34c28f22e8b96e1ab97ce403110664 -> 
  custom:audio-decoder-ogg-vorbis: bf7c407c2cedff20999df2af8eb42d56 -> 
  custom:audio-encoder-webm-vorbis: bf7c407c2cedff20999df2af8eb42d56 -> 
========================================================================
Received Prepare
Begin MonoManager ReloadAssembly
- Loaded All Assemblies, in  0.749 seconds
Refreshing native plugins compatible for Editor in 4.36 ms, found 1 plugins.
Native extension for WindowsStandalone target not found
Mono: successfully reloaded assembly
- Finished resetting the current domain, in  2.668 seconds
Domain Reload Profiling: 3415ms
	BeginReloadAssembly (250ms)
		ExecutionOrderSort (0ms)
		DisableScriptedObjects (10ms)
		BackupInstance (0ms)
		ReleaseScriptingObjects (0ms)
		CreateAndSetChildDomain (60ms)
	RebuildCommonClasses (71ms)
	RebuildNativeTypeToScriptingClass (18ms)
	initialDomainReloadingComplete (50ms)
	LoadAllAssembliesAndSetupDomain (358ms)
		LoadAssemblies (415ms)
		RebuildTransferFunctionScriptingTraits (0ms)
		AnalyzeDomain (77ms)
			TypeCache.Refresh (15ms)
				TypeCache.ScanAssembly (2ms)
			ScanForSourceGeneratedMonoScriptInfo (33ms)
			ResolveRequiredComponents (26ms)
	FinalizeReload (2669ms)
		ReleaseScriptCaches (0ms)
		RebuildScriptCaches (0ms)
		SetupLoadedEditorAssemblies (1634ms)
			LogAssemblyErrors (0ms)
			InitializePlatformSupportModulesInManaged (8ms)
			SetLoadedEditorAssemblies (4ms)
			RefreshPlugins (0ms)
			BeforeProcessingInitializeOnLoad (110ms)
			ProcessInitializeOnLoadAttributes (515ms)
			ProcessInitializeOnLoadMethodAttributes (982ms)
			AfterProcessingInitializeOnLoad (10ms)
			EditorAssembliesLoaded (4ms)
		ExecutionOrderSort2 (0ms)
		AwakeInstancesAfterBackupRestoration (253ms)
Refreshing native plugins compatible for Editor in 6.91 ms, found 1 plugins.
Preloading 0 native plugins for Editor in 0.00 ms.
Unloading 4244 Unused Serialized files (Serialized files now loaded: 0)
Unloading 37 unused Assets / (314.6 KB). Loaded Objects now: 5042.
Memory consumption went from 176.1 MB to 175.7 MB.
Total: 36.972200 ms (FindLiveObjects: 0.481600 ms CreateObjectMapping: 0.205700 ms MarkObjects: 36.122000 ms  DeleteObjects: 0.161000 ms)

Prepare: number of updated asset objects reloaded= 0
AssetImportParameters requested are different than current active one (requested -> active):
  custom:container-demuxer-ogg: 62fdf1f143b41e24485cea50d1cbac27 -> 
  custom:video-decoder-ogg-theora: a1e56fd34408186e4bbccfd4996cb3dc -> 
  custom:framework-win-MediaFoundation: 216162199b28c13a410421893ffa2e32 -> 
  custom:CustomObjectIndexerAttribute: 72b91833f83ae208fae7752999fa3104 -> 
  custom:container-demuxer-webm: 4f35f7cbe854078d1ac9338744f61a02 -> 
  custom:container-muxer-webm: aa71ff27fc2769a1b78a27578f13a17b -> 
  custom:video-decoder-webm-vp8: 9c59270c3fd7afecdb556c50c9e8de78 -> 
  custom:SearchIndexIgnoredProperties: e643bd26f0fe6173181afceb89e7c659 -> 
  custom:AudioImporter_EditorPlatform: d09bf68614088b80899f8185d706f6e7 -> 
  custom:video-encoder-webm-vp8: eb34c28f22e8b96e1ab97ce403110664 -> 
  custom:audio-decoder-ogg-vorbis: bf7c407c2cedff20999df2af8eb42d56 -> 
  custom:audio-encoder-webm-vorbis: bf7c407c2cedff20999df2af8eb42d56 -> 
========================================================================
Received Prepare
Begin MonoManager ReloadAssembly
- Loaded All Assemblies, in  0.690 seconds
Refreshing native plugins compatible for Editor in 4.11 ms, found 1 plugins.
Native extension for WindowsStandalone target not found
Mono: successfully reloaded assembly
- Finished resetting the current domain, in  2.671 seconds
Domain Reload Profiling: 3360ms
	BeginReloadAssembly (254ms)
		ExecutionOrderSort (0ms)
		DisableScriptedObjects (8ms)
		BackupInstance (0ms)
		ReleaseScriptingObjects (0ms)
		CreateAndSetChildDomain (65ms)
	RebuildCommonClasses (61ms)
	RebuildNativeTypeToScriptingClass (16ms)
	initialDomainReloadingComplete (43ms)
	LoadAllAssembliesAndSetupDomain (314ms)
		LoadAssemblies (411ms)
		RebuildTransferFunctionScriptingTraits (0ms)
		AnalyzeDomain (40ms)
			TypeCache.Refresh (8ms)
				TypeCache.ScanAssembly (0ms)
			ScanForSourceGeneratedMonoScriptInfo (0ms)
			ResolveRequiredComponents (29ms)
	FinalizeReload (2672ms)
		ReleaseScriptCaches (0ms)
		RebuildScriptCaches (0ms)
		SetupLoadedEditorAssemblies (1701ms)
			LogAssemblyErrors (0ms)
			InitializePlatformSupportModulesInManaged (10ms)
			SetLoadedEditorAssemblies (4ms)
			RefreshPlugins (0ms)
			BeforeProcessingInitializeOnLoad (111ms)
			ProcessInitializeOnLoadAttributes (508ms)
			ProcessInitializeOnLoadMethodAttributes (1044ms)
			AfterProcessingInitializeOnLoad (10ms)
			EditorAssembliesLoaded (14ms)
		ExecutionOrderSort2 (0ms)
		AwakeInstancesAfterBackupRestoration (288ms)
Refreshing native plugins compatible for Editor in 4.55 ms, found 1 plugins.
Preloading 0 native plugins for Editor in 0.00 ms.
Unloading 4244 Unused Serialized files (Serialized files now loaded: 0)
Unloading 37 unused Assets / (314.6 KB). Loaded Objects now: 5043.
Memory consumption went from 176.1 MB to 175.7 MB.
Total: 36.654800 ms (FindLiveObjects: 0.432000 ms CreateObjectMapping: 0.218200 ms MarkObjects: 35.880300 ms  DeleteObjects: 0.122900 ms)

Prepare: number of updated asset objects reloaded= 0
AssetImportParameters requested are different than current active one (requested -> active):
  custom:container-demuxer-ogg: 62fdf1f143b41e24485cea50d1cbac27 -> 
  custom:video-decoder-ogg-theora: a1e56fd34408186e4bbccfd4996cb3dc -> 
  custom:framework-win-MediaFoundation: 216162199b28c13a410421893ffa2e32 -> 
  custom:CustomObjectIndexerAttribute: 72b91833f83ae208fae7752999fa3104 -> 
  custom:container-demuxer-webm: 4f35f7cbe854078d1ac9338744f61a02 -> 
  custom:container-muxer-webm: aa71ff27fc2769a1b78a27578f13a17b -> 
  custom:video-decoder-webm-vp8: 9c59270c3fd7afecdb556c50c9e8de78 -> 
  custom:SearchIndexIgnoredProperties: e643bd26f0fe6173181afceb89e7c659 -> 
  custom:AudioImporter_EditorPlatform: d09bf68614088b80899f8185d706f6e7 -> 
  custom:video-encoder-webm-vp8: eb34c28f22e8b96e1ab97ce403110664 -> 
  custom:audio-decoder-ogg-vorbis: bf7c407c2cedff20999df2af8eb42d56 -> 
  custom:audio-encoder-webm-vorbis: bf7c407c2cedff20999df2af8eb42d56 -> 
========================================================================
Received Prepare
Begin MonoManager ReloadAssembly
- Loaded All Assemblies, in  0.684 seconds
Refreshing native plugins compatible for Editor in 4.52 ms, found 1 plugins.
Native extension for WindowsStandalone target not found
Mono: successfully reloaded assembly
- Finished resetting the current domain, in  2.546 seconds
Domain Reload Profiling: 3227ms
	BeginReloadAssembly (242ms)
		ExecutionOrderSort (0ms)
		DisableScriptedObjects (8ms)
		BackupInstance (0ms)
		ReleaseScriptingObjects (0ms)
		CreateAndSetChildDomain (60ms)
	RebuildCommonClasses (50ms)
	RebuildNativeTypeToScriptingClass (17ms)
	initialDomainReloadingComplete (49ms)
	LoadAllAssembliesAndSetupDomain (323ms)
		LoadAssemblies (378ms)
		RebuildTransferFunctionScriptingTraits (0ms)
		AnalyzeDomain (71ms)
			TypeCache.Refresh (14ms)
				TypeCache.ScanAssembly (2ms)
			ScanForSourceGeneratedMonoScriptInfo (37ms)
			ResolveRequiredComponents (17ms)
	FinalizeReload (2548ms)
		ReleaseScriptCaches (0ms)
		RebuildScriptCaches (0ms)
		SetupLoadedEditorAssemblies (1852ms)
			LogAssemblyErrors (0ms)
			InitializePlatformSupportModulesInManaged (7ms)
			SetLoadedEditorAssemblies (4ms)
			RefreshPlugins (0ms)
			BeforeProcessingInitializeOnLoad (112ms)
			ProcessInitializeOnLoadAttributes (531ms)
			ProcessInitializeOnLoadMethodAttributes (1185ms)
			AfterProcessingInitializeOnLoad (11ms)
			EditorAssembliesLoaded (2ms)
		ExecutionOrderSort2 (0ms)
		AwakeInstancesAfterBackupRestoration (40ms)
Refreshing native plugins compatible for Editor in 4.29 ms, found 1 plugins.
Preloading 0 native plugins for Editor in 0.00 ms.
Unloading 4244 Unused Serialized files (Serialized files now loaded: 0)
Unloading 37 unused Assets / (314.6 KB). Loaded Objects now: 5044.
Memory consumption went from 176.1 MB to 175.7 MB.
Total: 24.836300 ms (FindLiveObjects: 0.392900 ms CreateObjectMapping: 0.189500 ms MarkObjects: 24.134500 ms  DeleteObjects: 0.117900 ms)

Prepare: number of updated asset objects reloaded= 0
AssetImportParameters requested are different than current active one (requested -> active):
  custom:container-demuxer-ogg: 62fdf1f143b41e24485cea50d1cbac27 -> 
  custom:video-decoder-ogg-theora: a1e56fd34408186e4bbccfd4996cb3dc -> 
  custom:framework-win-MediaFoundation: 216162199b28c13a410421893ffa2e32 -> 
  custom:CustomObjectIndexerAttribute: 72b91833f83ae208fae7752999fa3104 -> 
  custom:container-demuxer-webm: 4f35f7cbe854078d1ac9338744f61a02 -> 
  custom:container-muxer-webm: aa71ff27fc2769a1b78a27578f13a17b -> 
  custom:video-decoder-webm-vp8: 9c59270c3fd7afecdb556c50c9e8de78 -> 
  custom:SearchIndexIgnoredProperties: e643bd26f0fe6173181afceb89e7c659 -> 
  custom:AudioImporter_EditorPlatform: d09bf68614088b80899f8185d706f6e7 -> 
  custom:video-encoder-webm-vp8: eb34c28f22e8b96e1ab97ce403110664 -> 
  custom:audio-decoder-ogg-vorbis: bf7c407c2cedff20999df2af8eb42d56 -> 
  custom:audio-encoder-webm-vorbis: bf7c407c2cedff20999df2af8eb42d56 -> 
========================================================================
Received Prepare
Begin MonoManager ReloadAssembly
- Loaded All Assemblies, in  0.665 seconds
Refreshing native plugins compatible for Editor in 4.92 ms, found 1 plugins.
Native extension for WindowsStandalone target not found
Mono: successfully reloaded assembly
- Finished resetting the current domain, in  2.583 seconds
Domain Reload Profiling: 3246ms
	BeginReloadAssembly (251ms)
		ExecutionOrderSort (0ms)
		DisableScriptedObjects (9ms)
		BackupInstance (0ms)
		ReleaseScriptingObjects (0ms)
		CreateAndSetChildDomain (58ms)
	RebuildCommonClasses (68ms)
	RebuildNativeTypeToScriptingClass (16ms)
	initialDomainReloadingComplete (41ms)
	LoadAllAssembliesAndSetupDomain (287ms)
		LoadAssemblies (395ms)
		RebuildTransferFunctionScriptingTraits (0ms)
		AnalyzeDomain (27ms)
			TypeCache.Refresh (7ms)
				TypeCache.ScanAssembly (0ms)
			ScanForSourceGeneratedMonoScriptInfo (0ms)
			ResolveRequiredComponents (17ms)
	FinalizeReload (2584ms)
		ReleaseScriptCaches (0ms)
		RebuildScriptCaches (0ms)
		SetupLoadedEditorAssemblies (1536ms)
			LogAssemblyErrors (0ms)
			InitializePlatformSupportModulesInManaged (7ms)
			SetLoadedEditorAssemblies (4ms)
			RefreshPlugins (0ms)
			BeforeProcessingInitializeOnLoad (97ms)
			ProcessInitializeOnLoadAttributes (442ms)
			ProcessInitializeOnLoadMethodAttributes (973ms)
			AfterProcessingInitializeOnLoad (8ms)
			EditorAssembliesLoaded (5ms)
		ExecutionOrderSort2 (0ms)
		AwakeInstancesAfterBackupRestoration (261ms)
Refreshing native plugins compatible for Editor in 5.68 ms, found 1 plugins.
Preloading 0 native plugins for Editor in 0.00 ms.
Unloading 4244 Unused Serialized files (Serialized files now loaded: 0)
Unloading 37 unused Assets / (315.0 KB). Loaded Objects now: 5045.
Memory consumption went from 176.1 MB to 175.8 MB.
Total: 39.475200 ms (FindLiveObjects: 0.464000 ms CreateObjectMapping: 0.237000 ms MarkObjects: 38.582700 ms  DeleteObjects: 0.189600 ms)

Prepare: number of updated asset objects reloaded= 0
AssetImportParameters requested are different than current active one (requested -> active):
  custom:container-demuxer-ogg: 62fdf1f143b41e24485cea50d1cbac27 -> 
  custom:video-decoder-ogg-theora: a1e56fd34408186e4bbccfd4996cb3dc -> 
  custom:framework-win-MediaFoundation: 216162199b28c13a410421893ffa2e32 -> 
  custom:CustomObjectIndexerAttribute: 72b91833f83ae208fae7752999fa3104 -> 
  custom:container-demuxer-webm: 4f35f7cbe854078d1ac9338744f61a02 -> 
  custom:container-muxer-webm: aa71ff27fc2769a1b78a27578f13a17b -> 
  custom:video-decoder-webm-vp8: 9c59270c3fd7afecdb556c50c9e8de78 -> 
  custom:SearchIndexIgnoredProperties: e643bd26f0fe6173181afceb89e7c659 -> 
  custom:AudioImporter_EditorPlatform: d09bf68614088b80899f8185d706f6e7 -> 
  custom:video-encoder-webm-vp8: eb34c28f22e8b96e1ab97ce403110664 -> 
  custom:audio-decoder-ogg-vorbis: bf7c407c2cedff20999df2af8eb42d56 -> 
  custom:audio-encoder-webm-vorbis: bf7c407c2cedff20999df2af8eb42d56 -> 
========================================================================
Received Prepare
Begin MonoManager ReloadAssembly
- Loaded All Assemblies, in  0.671 seconds
Refreshing native plugins compatible for Editor in 4.22 ms, found 1 plugins.
Native extension for WindowsStandalone target not found
Mono: successfully reloaded assembly
- Finished resetting the current domain, in  2.514 seconds
Domain Reload Profiling: 3184ms
	BeginReloadAssembly (243ms)
		ExecutionOrderSort (0ms)
		DisableScriptedObjects (9ms)
		BackupInstance (0ms)
		ReleaseScriptingObjects (0ms)
		CreateAndSetChildDomain (64ms)
	RebuildCommonClasses (49ms)
	RebuildNativeTypeToScriptingClass (16ms)
	initialDomainReloadingComplete (38ms)
	LoadAllAssembliesAndSetupDomain (323ms)
		LoadAssemblies (379ms)
		RebuildTransferFunctionScriptingTraits (0ms)
		AnalyzeDomain (66ms)
			TypeCache.Refresh (11ms)
				TypeCache.ScanAssembly (1ms)
			ScanForSourceGeneratedMonoScriptInfo (29ms)
			ResolveRequiredComponents (23ms)
	FinalizeReload (2515ms)
		ReleaseScriptCaches (0ms)
		RebuildScriptCaches (0ms)
		SetupLoadedEditorAssemblies (1741ms)
			LogAssemblyErrors (0ms)
			InitializePlatformSupportModulesInManaged (10ms)
			SetLoadedEditorAssemblies (7ms)
			RefreshPlugins (0ms)
			BeforeProcessingInitializeOnLoad (100ms)
			ProcessInitializeOnLoadAttributes (507ms)
			ProcessInitializeOnLoadMethodAttributes (1098ms)
			AfterProcessingInitializeOnLoad (7ms)
			EditorAssembliesLoaded (13ms)
		ExecutionOrderSort2 (0ms)
		AwakeInstancesAfterBackupRestoration (109ms)
Refreshing native plugins compatible for Editor in 6.95 ms, found 1 plugins.
Preloading 0 native plugins for Editor in 0.00 ms.
Unloading 4244 Unused Serialized files (Serialized files now loaded: 0)
Unloading 37 unused Assets / (315.0 KB). Loaded Objects now: 5046.
Memory consumption went from 176.1 MB to 175.8 MB.
Total: 29.467900 ms (FindLiveObjects: 0.417700 ms CreateObjectMapping: 0.195100 ms MarkObjects: 28.730300 ms  DeleteObjects: 0.123200 ms)

Prepare: number of updated asset objects reloaded= 0
AssetImportParameters requested are different than current active one (requested -> active):
  custom:container-demuxer-ogg: 62fdf1f143b41e24485cea50d1cbac27 -> 
  custom:video-decoder-ogg-theora: a1e56fd34408186e4bbccfd4996cb3dc -> 
  custom:framework-win-MediaFoundation: 216162199b28c13a410421893ffa2e32 -> 
  custom:CustomObjectIndexerAttribute: 72b91833f83ae208fae7752999fa3104 -> 
  custom:container-demuxer-webm: 4f35f7cbe854078d1ac9338744f61a02 -> 
  custom:container-muxer-webm: aa71ff27fc2769a1b78a27578f13a17b -> 
  custom:video-decoder-webm-vp8: 9c59270c3fd7afecdb556c50c9e8de78 -> 
  custom:SearchIndexIgnoredProperties: e643bd26f0fe6173181afceb89e7c659 -> 
  custom:AudioImporter_EditorPlatform: d09bf68614088b80899f8185d706f6e7 -> 
  custom:video-encoder-webm-vp8: eb34c28f22e8b96e1ab97ce403110664 -> 
  custom:audio-decoder-ogg-vorbis: bf7c407c2cedff20999df2af8eb42d56 -> 
  custom:audio-encoder-webm-vorbis: bf7c407c2cedff20999df2af8eb42d56 -> 
========================================================================
Received Prepare
Begin MonoManager ReloadAssembly
- Loaded All Assemblies, in  0.662 seconds
Refreshing native plugins compatible for Editor in 4.46 ms, found 1 plugins.
Native extension for WindowsStandalone target not found
Mono: successfully reloaded assembly
- Finished resetting the current domain, in  2.624 seconds
Domain Reload Profiling: 3284ms
	BeginReloadAssembly (248ms)
		ExecutionOrderSort (0ms)
		DisableScriptedObjects (11ms)
		BackupInstance (0ms)
		ReleaseScriptingObjects (0ms)
		CreateAndSetChildDomain (56ms)
	RebuildCommonClasses (61ms)
	RebuildNativeTypeToScriptingClass (16ms)
	initialDomainReloadingComplete (41ms)
	LoadAllAssembliesAndSetupDomain (294ms)
		LoadAssemblies (388ms)
		RebuildTransferFunctionScriptingTraits (0ms)
		AnalyzeDomain (36ms)
			TypeCache.Refresh (9ms)
				TypeCache.ScanAssembly (0ms)
			ScanForSourceGeneratedMonoScriptInfo (0ms)
			ResolveRequiredComponents (23ms)
	FinalizeReload (2625ms)
		ReleaseScriptCaches (0ms)
		RebuildScriptCaches (0ms)
		SetupLoadedEditorAssemblies (1627ms)
			LogAssemblyErrors (0ms)
			InitializePlatformSupportModulesInManaged (10ms)
			SetLoadedEditorAssemblies (5ms)
			RefreshPlugins (0ms)
			BeforeProcessingInitializeOnLoad (104ms)
			ProcessInitializeOnLoadAttributes (490ms)
			ProcessInitializeOnLoadMethodAttributes (1006ms)
			AfterProcessingInitializeOnLoad (7ms)
			EditorAssembliesLoaded (5ms)
		ExecutionOrderSort2 (0ms)
		AwakeInstancesAfterBackupRestoration (320ms)
Refreshing native plugins compatible for Editor in 5.39 ms, found 1 plugins.
Preloading 0 native plugins for Editor in 0.00 ms.
Unloading 4244 Unused Serialized files (Serialized files now loaded: 0)
Unloading 37 unused Assets / (315.1 KB). Loaded Objects now: 5047.
Memory consumption went from 176.1 MB to 175.8 MB.
Total: 35.575300 ms (FindLiveObjects: 0.472000 ms CreateObjectMapping: 0.210500 ms MarkObjects: 34.762700 ms  DeleteObjects: 0.128500 ms)

Prepare: number of updated asset objects reloaded= 0
AssetImportParameters requested are different than current active one (requested -> active):
  custom:container-demuxer-ogg: 62fdf1f143b41e24485cea50d1cbac27 -> 
  custom:video-decoder-ogg-theora: a1e56fd34408186e4bbccfd4996cb3dc -> 
  custom:framework-win-MediaFoundation: 216162199b28c13a410421893ffa2e32 -> 
  custom:CustomObjectIndexerAttribute: 72b91833f83ae208fae7752999fa3104 -> 
  custom:container-demuxer-webm: 4f35f7cbe854078d1ac9338744f61a02 -> 
  custom:container-muxer-webm: aa71ff27fc2769a1b78a27578f13a17b -> 
  custom:video-decoder-webm-vp8: 9c59270c3fd7afecdb556c50c9e8de78 -> 
  custom:SearchIndexIgnoredProperties: e643bd26f0fe6173181afceb89e7c659 -> 
  custom:AudioImporter_EditorPlatform: d09bf68614088b80899f8185d706f6e7 -> 
  custom:video-encoder-webm-vp8: eb34c28f22e8b96e1ab97ce403110664 -> 
  custom:audio-decoder-ogg-vorbis: bf7c407c2cedff20999df2af8eb42d56 -> 
  custom:audio-encoder-webm-vorbis: bf7c407c2cedff20999df2af8eb42d56 -> 
========================================================================
Received Import Request.
  Time since last request: 623.444731 seconds.
  path: Assets/Game/Gameplay/Prefabs/Resource.prefab
  artifactKey: Guid(4b242e242f97944c78cb32f7daf75d94) Importer(815301076,1909f56bfc062723c751e8b465ee728b)
Start importing Assets/Game/Gameplay/Prefabs/Resource.prefab using Guid(4b242e242f97944c78cb32f7daf75d94) Importer(815301076,1909f56bfc062723c751e8b465ee728b) [PhysX] Initialized MultithreadedTaskDispatcher with 8 workers.
[PhysX] Initialized MultithreadedTaskDispatcher with 8 workers.
 -> (artifact id: '4806f2a0909f7b6ab0915a6d6cca8349') in 0.375200 seconds
Number of updated asset objects reloaded before import = 0
Number of asset objects unloaded after import = 30
========================================================================
Received Prepare
Begin MonoManager ReloadAssembly
- Loaded All Assemblies, in  0.678 seconds
Refreshing native plugins compatible for Editor in 4.25 ms, found 1 plugins.
Native extension for WindowsStandalone target not found
Mono: successfully reloaded assembly
- Finished resetting the current domain, in  2.625 seconds
Domain Reload Profiling: 3302ms
	BeginReloadAssembly (264ms)
		ExecutionOrderSort (0ms)
		DisableScriptedObjects (16ms)
		BackupInstance (0ms)
		ReleaseScriptingObjects (0ms)
		CreateAndSetChildDomain (70ms)
	RebuildCommonClasses (49ms)
	RebuildNativeTypeToScriptingClass (20ms)
	initialDomainReloadingComplete (45ms)
	LoadAllAssembliesAndSetupDomain (298ms)
		LoadAssemblies (391ms)
		RebuildTransferFunctionScriptingTraits (0ms)
		AnalyzeDomain (34ms)
			TypeCache.Refresh (7ms)
				TypeCache.ScanAssembly (0ms)
			ScanForSourceGeneratedMonoScriptInfo (0ms)
			ResolveRequiredComponents (24ms)
	FinalizeReload (2627ms)
		ReleaseScriptCaches (0ms)
		RebuildScriptCaches (0ms)
		SetupLoadedEditorAssemblies (1603ms)
			LogAssemblyErrors (0ms)
			InitializePlatformSupportModulesInManaged (7ms)
			SetLoadedEditorAssemblies (4ms)
			RefreshPlugins (0ms)
			BeforeProcessingInitializeOnLoad (105ms)
			ProcessInitializeOnLoadAttributes (489ms)
			ProcessInitializeOnLoadMethodAttributes (986ms)
			AfterProcessingInitializeOnLoad (8ms)
			EditorAssembliesLoaded (4ms)
		ExecutionOrderSort2 (0ms)
		AwakeInstancesAfterBackupRestoration (330ms)
Refreshing native plugins compatible for Editor in 6.54 ms, found 1 plugins.
Preloading 0 native plugins for Editor in 0.00 ms.
Unloading 4244 Unused Serialized files (Serialized files now loaded: 0)
Unloading 37 unused Assets / (315.2 KB). Loaded Objects now: 5085.
Memory consumption went from 176.2 MB to 175.9 MB.
Total: 36.435900 ms (FindLiveObjects: 0.480500 ms CreateObjectMapping: 0.192300 ms MarkObjects: 35.628200 ms  DeleteObjects: 0.133600 ms)

Prepare: number of updated asset objects reloaded= 0
AssetImportParameters requested are different than current active one (requested -> active):
  custom:container-demuxer-ogg: 62fdf1f143b41e24485cea50d1cbac27 -> 
  custom:video-decoder-ogg-theora: a1e56fd34408186e4bbccfd4996cb3dc -> 
  custom:framework-win-MediaFoundation: 216162199b28c13a410421893ffa2e32 -> 
  custom:CustomObjectIndexerAttribute: 72b91833f83ae208fae7752999fa3104 -> 
  custom:container-demuxer-webm: 4f35f7cbe854078d1ac9338744f61a02 -> 
  custom:container-muxer-webm: aa71ff27fc2769a1b78a27578f13a17b -> 
  custom:video-decoder-webm-vp8: 9c59270c3fd7afecdb556c50c9e8de78 -> 
  custom:SearchIndexIgnoredProperties: e643bd26f0fe6173181afceb89e7c659 -> 
  custom:AudioImporter_EditorPlatform: d09bf68614088b80899f8185d706f6e7 -> 
  custom:video-encoder-webm-vp8: eb34c28f22e8b96e1ab97ce403110664 -> 
  custom:audio-decoder-ogg-vorbis: bf7c407c2cedff20999df2af8eb42d56 -> 
  custom:audio-encoder-webm-vorbis: bf7c407c2cedff20999df2af8eb42d56 -> 
========================================================================
Received Prepare
Begin MonoManager ReloadAssembly
- Loaded All Assemblies, in  0.668 seconds
Refreshing native plugins compatible for Editor in 4.21 ms, found 1 plugins.
Native extension for WindowsStandalone target not found
Mono: successfully reloaded assembly
- Finished resetting the current domain, in  2.593 seconds
Domain Reload Profiling: 3258ms
	BeginReloadAssembly (251ms)
		ExecutionOrderSort (0ms)
		DisableScriptedObjects (11ms)
		BackupInstance (0ms)
		ReleaseScriptingObjects (0ms)
		CreateAndSetChildDomain (59ms)
	RebuildCommonClasses (60ms)
	RebuildNativeTypeToScriptingClass (21ms)
	initialDomainReloadingComplete (52ms)
	LoadAllAssembliesAndSetupDomain (281ms)
		LoadAssemblies (387ms)
		RebuildTransferFunctionScriptingTraits (0ms)
		AnalyzeDomain (27ms)
			TypeCache.Refresh (7ms)
				TypeCache.ScanAssembly (0ms)
			ScanForSourceGeneratedMonoScriptInfo (0ms)
			ResolveRequiredComponents (17ms)
	FinalizeReload (2593ms)
		ReleaseScriptCaches (0ms)
		RebuildScriptCaches (0ms)
		SetupLoadedEditorAssemblies (1649ms)
			LogAssemblyErrors (0ms)
			InitializePlatformSupportModulesInManaged (7ms)
			SetLoadedEditorAssemblies (6ms)
			RefreshPlugins (0ms)
			BeforeProcessingInitializeOnLoad (98ms)
			ProcessInitializeOnLoadAttributes (524ms)
			ProcessInitializeOnLoadMethodAttributes (1003ms)
			AfterProcessingInitializeOnLoad (8ms)
			EditorAssembliesLoaded (3ms)
		ExecutionOrderSort2 (0ms)
		AwakeInstancesAfterBackupRestoration (278ms)
Refreshing native plugins compatible for Editor in 4.48 ms, found 1 plugins.
Preloading 0 native plugins for Editor in 0.00 ms.
Unloading 4244 Unused Serialized files (Serialized files now loaded: 0)
Unloading 37 unused Assets / (315.1 KB). Loaded Objects now: 5086.
Memory consumption went from 176.1 MB to 175.8 MB.
Total: 35.804300 ms (FindLiveObjects: 0.438300 ms CreateObjectMapping: 0.232200 ms MarkObjects: 34.938500 ms  DeleteObjects: 0.193700 ms)

Prepare: number of updated asset objects reloaded= 0
AssetImportParameters requested are different than current active one (requested -> active):
  custom:container-demuxer-ogg: 62fdf1f143b41e24485cea50d1cbac27 -> 
  custom:video-decoder-ogg-theora: a1e56fd34408186e4bbccfd4996cb3dc -> 
  custom:framework-win-MediaFoundation: 216162199b28c13a410421893ffa2e32 -> 
  custom:CustomObjectIndexerAttribute: 72b91833f83ae208fae7752999fa3104 -> 
  custom:container-demuxer-webm: 4f35f7cbe854078d1ac9338744f61a02 -> 
  custom:container-muxer-webm: aa71ff27fc2769a1b78a27578f13a17b -> 
  custom:video-decoder-webm-vp8: 9c59270c3fd7afecdb556c50c9e8de78 -> 
  custom:SearchIndexIgnoredProperties: e643bd26f0fe6173181afceb89e7c659 -> 
  custom:AudioImporter_EditorPlatform: d09bf68614088b80899f8185d706f6e7 -> 
  custom:video-encoder-webm-vp8: eb34c28f22e8b96e1ab97ce403110664 -> 
  custom:audio-decoder-ogg-vorbis: bf7c407c2cedff20999df2af8eb42d56 -> 
  custom:audio-encoder-webm-vorbis: bf7c407c2cedff20999df2af8eb42d56 -> 
========================================================================
Received Prepare
Begin MonoManager ReloadAssembly
- Loaded All Assemblies, in  0.650 seconds
Refreshing native plugins compatible for Editor in 6.19 ms, found 1 plugins.
Native extension for WindowsStandalone target not found
Mono: successfully reloaded assembly
- Finished resetting the current domain, in  2.484 seconds
Domain Reload Profiling: 3133ms
	BeginReloadAssembly (237ms)
		ExecutionOrderSort (0ms)
		DisableScriptedObjects (8ms)
		BackupInstance (0ms)
		ReleaseScriptingObjects (0ms)
		CreateAndSetChildDomain (57ms)
	RebuildCommonClasses (57ms)
	RebuildNativeTypeToScriptingClass (18ms)
	initialDomainReloadingComplete (39ms)
	LoadAllAssembliesAndSetupDomain (297ms)
		LoadAssemblies (383ms)
		RebuildTransferFunctionScriptingTraits (0ms)
		AnalyzeDomain (33ms)
			TypeCache.Refresh (9ms)
				TypeCache.ScanAssembly (0ms)
			ScanForSourceGeneratedMonoScriptInfo (0ms)
			ResolveRequiredComponents (20ms)
	FinalizeReload (2485ms)
		ReleaseScriptCaches (0ms)
		RebuildScriptCaches (0ms)
		SetupLoadedEditorAssemblies (1723ms)
			LogAssemblyErrors (0ms)
			InitializePlatformSupportModulesInManaged (7ms)
			SetLoadedEditorAssemblies (6ms)
			RefreshPlugins (0ms)
			BeforeProcessingInitializeOnLoad (99ms)
			ProcessInitializeOnLoadAttributes (454ms)
			ProcessInitializeOnLoadMethodAttributes (1145ms)
			AfterProcessingInitializeOnLoad (7ms)
			EditorAssembliesLoaded (4ms)
		ExecutionOrderSort2 (0ms)
		AwakeInstancesAfterBackupRestoration (121ms)
Refreshing native plugins compatible for Editor in 4.15 ms, found 1 plugins.
Preloading 0 native plugins for Editor in 0.00 ms.
Unloading 4244 Unused Serialized files (Serialized files now loaded: 0)
Unloading 37 unused Assets / (315.0 KB). Loaded Objects now: 5087.
Memory consumption went from 176.1 MB to 175.8 MB.
Total: 24.157800 ms (FindLiveObjects: 0.440000 ms CreateObjectMapping: 0.193500 ms MarkObjects: 23.392300 ms  DeleteObjects: 0.130300 ms)

Prepare: number of updated asset objects reloaded= 0
AssetImportParameters requested are different than current active one (requested -> active):
  custom:container-demuxer-ogg: 62fdf1f143b41e24485cea50d1cbac27 -> 
  custom:video-decoder-ogg-theora: a1e56fd34408186e4bbccfd4996cb3dc -> 
  custom:framework-win-MediaFoundation: 216162199b28c13a410421893ffa2e32 -> 
  custom:CustomObjectIndexerAttribute: 72b91833f83ae208fae7752999fa3104 -> 
  custom:container-demuxer-webm: 4f35f7cbe854078d1ac9338744f61a02 -> 
  custom:container-muxer-webm: aa71ff27fc2769a1b78a27578f13a17b -> 
  custom:video-decoder-webm-vp8: 9c59270c3fd7afecdb556c50c9e8de78 -> 
  custom:SearchIndexIgnoredProperties: e643bd26f0fe6173181afceb89e7c659 -> 
  custom:AudioImporter_EditorPlatform: d09bf68614088b80899f8185d706f6e7 -> 
  custom:video-encoder-webm-vp8: eb34c28f22e8b96e1ab97ce403110664 -> 
  custom:audio-decoder-ogg-vorbis: bf7c407c2cedff20999df2af8eb42d56 -> 
  custom:audio-encoder-webm-vorbis: bf7c407c2cedff20999df2af8eb42d56 -> 
========================================================================
Received Prepare
Begin MonoManager ReloadAssembly
- Loaded All Assemblies, in  0.689 seconds
Refreshing native plugins compatible for Editor in 4.44 ms, found 1 plugins.
Native extension for WindowsStandalone target not found
Mono: successfully reloaded assembly
- Finished resetting the current domain, in  2.512 seconds
Domain Reload Profiling: 3200ms
	BeginReloadAssembly (239ms)
		ExecutionOrderSort (0ms)
		DisableScriptedObjects (8ms)
		BackupInstance (0ms)
		ReleaseScriptingObjects (0ms)
		CreateAndSetChildDomain (56ms)
	RebuildCommonClasses (52ms)
	RebuildNativeTypeToScriptingClass (17ms)
	initialDomainReloadingComplete (39ms)
	LoadAllAssembliesAndSetupDomain (340ms)
		LoadAssemblies (381ms)
		RebuildTransferFunctionScriptingTraits (0ms)
		AnalyzeDomain (89ms)
			TypeCache.Refresh (12ms)
				TypeCache.ScanAssembly (1ms)
			ScanForSourceGeneratedMonoScriptInfo (45ms)
			ResolveRequiredComponents (29ms)
	FinalizeReload (2512ms)
		ReleaseScriptCaches (0ms)
		RebuildScriptCaches (0ms)
		SetupLoadedEditorAssemblies (1736ms)
			LogAssemblyErrors (0ms)
			InitializePlatformSupportModulesInManaged (7ms)
			SetLoadedEditorAssemblies (5ms)
			RefreshPlugins (0ms)
			BeforeProcessingInitializeOnLoad (106ms)
			ProcessInitializeOnLoadAttributes (485ms)
			ProcessInitializeOnLoadMethodAttributes (1118ms)
			AfterProcessingInitializeOnLoad (10ms)
			EditorAssembliesLoaded (7ms)
		ExecutionOrderSort2 (0ms)
		AwakeInstancesAfterBackupRestoration (131ms)
Refreshing native plugins compatible for Editor in 4.26 ms, found 1 plugins.
Preloading 0 native plugins for Editor in 0.00 ms.
Unloading 4244 Unused Serialized files (Serialized files now loaded: 0)
Unloading 37 unused Assets / (315.1 KB). Loaded Objects now: 5088.
Memory consumption went from 176.1 MB to 175.8 MB.
Total: 26.692300 ms (FindLiveObjects: 0.406900 ms CreateObjectMapping: 0.190900 ms MarkObjects: 25.967300 ms  DeleteObjects: 0.125400 ms)

Prepare: number of updated asset objects reloaded= 0
AssetImportParameters requested are different than current active one (requested -> active):
  custom:container-demuxer-ogg: 62fdf1f143b41e24485cea50d1cbac27 -> 
  custom:video-decoder-ogg-theora: a1e56fd34408186e4bbccfd4996cb3dc -> 
  custom:framework-win-MediaFoundation: 216162199b28c13a410421893ffa2e32 -> 
  custom:CustomObjectIndexerAttribute: 72b91833f83ae208fae7752999fa3104 -> 
  custom:container-demuxer-webm: 4f35f7cbe854078d1ac9338744f61a02 -> 
  custom:container-muxer-webm: aa71ff27fc2769a1b78a27578f13a17b -> 
  custom:video-decoder-webm-vp8: 9c59270c3fd7afecdb556c50c9e8de78 -> 
  custom:SearchIndexIgnoredProperties: e643bd26f0fe6173181afceb89e7c659 -> 
  custom:AudioImporter_EditorPlatform: d09bf68614088b80899f8185d706f6e7 -> 
  custom:video-encoder-webm-vp8: eb34c28f22e8b96e1ab97ce403110664 -> 
  custom:audio-decoder-ogg-vorbis: bf7c407c2cedff20999df2af8eb42d56 -> 
  custom:audio-encoder-webm-vorbis: bf7c407c2cedff20999df2af8eb42d56 -> 
========================================================================
Received Prepare
Begin MonoManager ReloadAssembly
- Loaded All Assemblies, in  0.653 seconds
Refreshing native plugins compatible for Editor in 6.61 ms, found 1 plugins.
Native extension for WindowsStandalone target not found
Mono: successfully reloaded assembly
- Finished resetting the current domain, in  2.522 seconds
Domain Reload Profiling: 3174ms
	BeginReloadAssembly (245ms)
		ExecutionOrderSort (0ms)
		DisableScriptedObjects (9ms)
		BackupInstance (0ms)
		ReleaseScriptingObjects (0ms)
		CreateAndSetChildDomain (62ms)
	RebuildCommonClasses (61ms)
	RebuildNativeTypeToScriptingClass (18ms)
	initialDomainReloadingComplete (43ms)
	LoadAllAssembliesAndSetupDomain (285ms)
		LoadAssemblies (386ms)
		RebuildTransferFunctionScriptingTraits (0ms)
		AnalyzeDomain (27ms)
			TypeCache.Refresh (7ms)
				TypeCache.ScanAssembly (0ms)
			ScanForSourceGeneratedMonoScriptInfo (0ms)
			ResolveRequiredComponents (17ms)
	FinalizeReload (2523ms)
		ReleaseScriptCaches (0ms)
		RebuildScriptCaches (0ms)
		SetupLoadedEditorAssemblies (1805ms)
			LogAssemblyErrors (0ms)
			InitializePlatformSupportModulesInManaged (7ms)
			SetLoadedEditorAssemblies (5ms)
			RefreshPlugins (0ms)
			BeforeProcessingInitializeOnLoad (96ms)
			ProcessInitializeOnLoadAttributes (478ms)
			ProcessInitializeOnLoadMethodAttributes (1207ms)
			AfterProcessingInitializeOnLoad (9ms)
			EditorAssembliesLoaded (4ms)
		ExecutionOrderSort2 (0ms)
		AwakeInstancesAfterBackupRestoration (44ms)
Refreshing native plugins compatible for Editor in 6.07 ms, found 1 plugins.
Preloading 0 native plugins for Editor in 0.00 ms.
Unloading 4244 Unused Serialized files (Serialized files now loaded: 0)
Unloading 37 unused Assets / (315.1 KB). Loaded Objects now: 5089.
Memory consumption went from 176.1 MB to 175.8 MB.
Total: 33.224100 ms (FindLiveObjects: 0.515500 ms CreateObjectMapping: 0.194700 ms MarkObjects: 32.350100 ms  DeleteObjects: 0.162200 ms)

Prepare: number of updated asset objects reloaded= 0
AssetImportParameters requested are different than current active one (requested -> active):
  custom:container-demuxer-ogg: 62fdf1f143b41e24485cea50d1cbac27 -> 
  custom:video-decoder-ogg-theora: a1e56fd34408186e4bbccfd4996cb3dc -> 
  custom:framework-win-MediaFoundation: 216162199b28c13a410421893ffa2e32 -> 
  custom:CustomObjectIndexerAttribute: 72b91833f83ae208fae7752999fa3104 -> 
  custom:container-demuxer-webm: 4f35f7cbe854078d1ac9338744f61a02 -> 
  custom:container-muxer-webm: aa71ff27fc2769a1b78a27578f13a17b -> 
  custom:video-decoder-webm-vp8: 9c59270c3fd7afecdb556c50c9e8de78 -> 
  custom:SearchIndexIgnoredProperties: e643bd26f0fe6173181afceb89e7c659 -> 
  custom:AudioImporter_EditorPlatform: d09bf68614088b80899f8185d706f6e7 -> 
  custom:video-encoder-webm-vp8: eb34c28f22e8b96e1ab97ce403110664 -> 
  custom:audio-decoder-ogg-vorbis: bf7c407c2cedff20999df2af8eb42d56 -> 
  custom:audio-encoder-webm-vorbis: bf7c407c2cedff20999df2af8eb42d56 -> 
========================================================================
Received Import Request.
  Time since last request: 182.918870 seconds.
  path: Assets/Game/Gameplay/Scripts/RtsControls.cs
  artifactKey: Guid(cc26190e4dc2e194e9a7d2458c906981) Importer(815301076,1909f56bfc062723c751e8b465ee728b)
Start importing Assets/Game/Gameplay/Scripts/RtsControls.cs using Guid(cc26190e4dc2e194e9a7d2458c906981) Importer(815301076,1909f56bfc062723c751e8b465ee728b) [PhysX] Initialized MultithreadedTaskDispatcher with 8 workers.
 -> (artifact id: 'ac817e2ea7a35d03a8fbdfed7cdd7d3f') in 0.003721 seconds
Number of updated asset objects reloaded before import = 0
Number of asset objects unloaded after import = 0
========================================================================
Received Prepare
Begin MonoManager ReloadAssembly
- Loaded All Assemblies, in  0.652 seconds
Refreshing native plugins compatible for Editor in 5.84 ms, found 1 plugins.
Native extension for WindowsStandalone target not found
Mono: successfully reloaded assembly
- Finished resetting the current domain, in  2.748 seconds
Domain Reload Profiling: 3399ms
	BeginReloadAssembly (251ms)
		ExecutionOrderSort (0ms)
		DisableScriptedObjects (10ms)
		BackupInstance (0ms)
		ReleaseScriptingObjects (0ms)
		CreateAndSetChildDomain (56ms)
	RebuildCommonClasses (50ms)
	RebuildNativeTypeToScriptingClass (19ms)
	initialDomainReloadingComplete (46ms)
	LoadAllAssembliesAndSetupDomain (284ms)
		LoadAssemblies (391ms)
		RebuildTransferFunctionScriptingTraits (0ms)
		AnalyzeDomain (26ms)
			TypeCache.Refresh (7ms)
				TypeCache.ScanAssembly (0ms)
			ScanForSourceGeneratedMonoScriptInfo (0ms)
			ResolveRequiredComponents (17ms)
	FinalizeReload (2749ms)
		ReleaseScriptCaches (0ms)
		RebuildScriptCaches (0ms)
		SetupLoadedEditorAssemblies (1761ms)
			LogAssemblyErrors (0ms)
			InitializePlatformSupportModulesInManaged (7ms)
			SetLoadedEditorAssemblies (5ms)
			RefreshPlugins (0ms)
			BeforeProcessingInitializeOnLoad (106ms)
			ProcessInitializeOnLoadAttributes (516ms)
			ProcessInitializeOnLoadMethodAttributes (1114ms)
			AfterProcessingInitializeOnLoad (8ms)
			EditorAssembliesLoaded (5ms)
		ExecutionOrderSort2 (0ms)
		AwakeInstancesAfterBackupRestoration (312ms)
Refreshing native plugins compatible for Editor in 4.20 ms, found 1 plugins.
Preloading 0 native plugins for Editor in 0.00 ms.
Unloading 4244 Unused Serialized files (Serialized files now loaded: 0)
Unloading 37 unused Assets / (315.1 KB). Loaded Objects now: 5090.
Memory consumption went from 176.1 MB to 175.8 MB.
Total: 23.405000 ms (FindLiveObjects: 0.482500 ms CreateObjectMapping: 0.198000 ms MarkObjects: 22.449900 ms  DeleteObjects: 0.272600 ms)

Prepare: number of updated asset objects reloaded= 0
AssetImportParameters requested are different than current active one (requested -> active):
  custom:container-demuxer-ogg: 62fdf1f143b41e24485cea50d1cbac27 -> 
  custom:video-decoder-ogg-theora: a1e56fd34408186e4bbccfd4996cb3dc -> 
  custom:framework-win-MediaFoundation: 216162199b28c13a410421893ffa2e32 -> 
  custom:CustomObjectIndexerAttribute: 72b91833f83ae208fae7752999fa3104 -> 
  custom:container-demuxer-webm: 4f35f7cbe854078d1ac9338744f61a02 -> 
  custom:container-muxer-webm: aa71ff27fc2769a1b78a27578f13a17b -> 
  custom:video-decoder-webm-vp8: 9c59270c3fd7afecdb556c50c9e8de78 -> 
  custom:SearchIndexIgnoredProperties: e643bd26f0fe6173181afceb89e7c659 -> 
  custom:AudioImporter_EditorPlatform: d09bf68614088b80899f8185d706f6e7 -> 
  custom:video-encoder-webm-vp8: eb34c28f22e8b96e1ab97ce403110664 -> 
  custom:audio-decoder-ogg-vorbis: bf7c407c2cedff20999df2af8eb42d56 -> 
  custom:audio-encoder-webm-vorbis: bf7c407c2cedff20999df2af8eb42d56 -> 
========================================================================
Received Prepare
Begin MonoManager ReloadAssembly
- Loaded All Assemblies, in  0.638 seconds
Refreshing native plugins compatible for Editor in 4.31 ms, found 1 plugins.
Native extension for WindowsStandalone target not found
Mono: successfully reloaded assembly
- Finished resetting the current domain, in  2.653 seconds
Domain Reload Profiling: 3290ms
	BeginReloadAssembly (240ms)
		ExecutionOrderSort (0ms)
		DisableScriptedObjects (8ms)
		BackupInstance (0ms)
		ReleaseScriptingObjects (0ms)
		CreateAndSetChildDomain (58ms)
	RebuildCommonClasses (51ms)
	RebuildNativeTypeToScriptingClass (17ms)
	initialDomainReloadingComplete (42ms)
	LoadAllAssembliesAndSetupDomain (286ms)
		LoadAssemblies (383ms)
		RebuildTransferFunctionScriptingTraits (0ms)
		AnalyzeDomain (27ms)
			TypeCache.Refresh (7ms)
				TypeCache.ScanAssembly (0ms)
			ScanForSourceGeneratedMonoScriptInfo (0ms)
			ResolveRequiredComponents (17ms)
	FinalizeReload (2654ms)
		ReleaseScriptCaches (0ms)
		RebuildScriptCaches (0ms)
		SetupLoadedEditorAssemblies (1936ms)
			LogAssemblyErrors (0ms)
			InitializePlatformSupportModulesInManaged (7ms)
			SetLoadedEditorAssemblies (5ms)
			RefreshPlugins (0ms)
			BeforeProcessingInitializeOnLoad (106ms)
			ProcessInitializeOnLoadAttributes (491ms)
			ProcessInitializeOnLoadMethodAttributes (1316ms)
			AfterProcessingInitializeOnLoad (9ms)
			EditorAssembliesLoaded (1ms)
		ExecutionOrderSort2 (0ms)
		AwakeInstancesAfterBackupRestoration (52ms)
Refreshing native plugins compatible for Editor in 5.10 ms, found 1 plugins.
Preloading 0 native plugins for Editor in 0.00 ms.
Unloading 4244 Unused Serialized files (Serialized files now loaded: 0)
Unloading 37 unused Assets / (315.1 KB). Loaded Objects now: 5091.
Memory consumption went from 176.1 MB to 175.8 MB.
Total: 39.448200 ms (FindLiveObjects: 0.869900 ms CreateObjectMapping: 0.282000 ms MarkObjects: 38.155100 ms  DeleteObjects: 0.139500 ms)

Prepare: number of updated asset objects reloaded= 0
AssetImportParameters requested are different than current active one (requested -> active):
  custom:container-demuxer-ogg: 62fdf1f143b41e24485cea50d1cbac27 -> 
  custom:video-decoder-ogg-theora: a1e56fd34408186e4bbccfd4996cb3dc -> 
  custom:framework-win-MediaFoundation: 216162199b28c13a410421893ffa2e32 -> 
  custom:CustomObjectIndexerAttribute: 72b91833f83ae208fae7752999fa3104 -> 
  custom:container-demuxer-webm: 4f35f7cbe854078d1ac9338744f61a02 -> 
  custom:container-muxer-webm: aa71ff27fc2769a1b78a27578f13a17b -> 
  custom:video-decoder-webm-vp8: 9c59270c3fd7afecdb556c50c9e8de78 -> 
  custom:SearchIndexIgnoredProperties: e643bd26f0fe6173181afceb89e7c659 -> 
  custom:AudioImporter_EditorPlatform: d09bf68614088b80899f8185d706f6e7 -> 
  custom:video-encoder-webm-vp8: eb34c28f22e8b96e1ab97ce403110664 -> 
  custom:audio-decoder-ogg-vorbis: bf7c407c2cedff20999df2af8eb42d56 -> 
  custom:audio-encoder-webm-vorbis: bf7c407c2cedff20999df2af8eb42d56 -> 
========================================================================
Received Prepare
Begin MonoManager ReloadAssembly
- Loaded All Assemblies, in  0.655 seconds
Refreshing native plugins compatible for Editor in 4.78 ms, found 1 plugins.
Native extension for WindowsStandalone target not found
Mono: successfully reloaded assembly
- Finished resetting the current domain, in  2.605 seconds
Domain Reload Profiling: 3258ms
	BeginReloadAssembly (254ms)
		ExecutionOrderSort (0ms)
		DisableScriptedObjects (13ms)
		BackupInstance (0ms)
		ReleaseScriptingObjects (0ms)
		CreateAndSetChildDomain (51ms)
	RebuildCommonClasses (51ms)
	RebuildNativeTypeToScriptingClass (23ms)
	initialDomainReloadingComplete (46ms)
	LoadAllAssembliesAndSetupDomain (278ms)
		LoadAssemblies (393ms)
		RebuildTransferFunctionScriptingTraits (0ms)
		AnalyzeDomain (29ms)
			TypeCache.Refresh (7ms)
				TypeCache.ScanAssembly (0ms)
			ScanForSourceGeneratedMonoScriptInfo (0ms)
			ResolveRequiredComponents (19ms)
	FinalizeReload (2606ms)
		ReleaseScriptCaches (0ms)
		RebuildScriptCaches (0ms)
		SetupLoadedEditorAssemblies (1663ms)
			LogAssemblyErrors (0ms)
			InitializePlatformSupportModulesInManaged (7ms)
			SetLoadedEditorAssemblies (5ms)
			RefreshPlugins (0ms)
			BeforeProcessingInitializeOnLoad (105ms)
			ProcessInitializeOnLoadAttributes (477ms)
			ProcessInitializeOnLoadMethodAttributes (1052ms)
			AfterProcessingInitializeOnLoad (8ms)
			EditorAssembliesLoaded (8ms)
		ExecutionOrderSort2 (0ms)
		AwakeInstancesAfterBackupRestoration (277ms)
Refreshing native plugins compatible for Editor in 5.28 ms, found 1 plugins.
Preloading 0 native plugins for Editor in 0.00 ms.
Unloading 4244 Unused Serialized files (Serialized files now loaded: 0)
Unloading 37 unused Assets / (315.0 KB). Loaded Objects now: 5092.
Memory consumption went from 176.1 MB to 175.8 MB.
Total: 35.298300 ms (FindLiveObjects: 0.463700 ms CreateObjectMapping: 0.193600 ms MarkObjects: 34.511000 ms  DeleteObjects: 0.128700 ms)

Prepare: number of updated asset objects reloaded= 0
AssetImportParameters requested are different than current active one (requested -> active):
  custom:container-demuxer-ogg: 62fdf1f143b41e24485cea50d1cbac27 -> 
  custom:video-decoder-ogg-theora: a1e56fd34408186e4bbccfd4996cb3dc -> 
  custom:framework-win-MediaFoundation: 216162199b28c13a410421893ffa2e32 -> 
  custom:CustomObjectIndexerAttribute: 72b91833f83ae208fae7752999fa3104 -> 
  custom:container-demuxer-webm: 4f35f7cbe854078d1ac9338744f61a02 -> 
  custom:container-muxer-webm: aa71ff27fc2769a1b78a27578f13a17b -> 
  custom:video-decoder-webm-vp8: 9c59270c3fd7afecdb556c50c9e8de78 -> 
  custom:SearchIndexIgnoredProperties: e643bd26f0fe6173181afceb89e7c659 -> 
  custom:AudioImporter_EditorPlatform: d09bf68614088b80899f8185d706f6e7 -> 
  custom:video-encoder-webm-vp8: eb34c28f22e8b96e1ab97ce403110664 -> 
  custom:audio-decoder-ogg-vorbis: bf7c407c2cedff20999df2af8eb42d56 -> 
  custom:audio-encoder-webm-vorbis: bf7c407c2cedff20999df2af8eb42d56 -> 
========================================================================
Received Prepare
Begin MonoManager ReloadAssembly
- Loaded All Assemblies, in  0.635 seconds
Refreshing native plugins compatible for Editor in 4.41 ms, found 1 plugins.
Native extension for WindowsStandalone target not found
Mono: successfully reloaded assembly
- Finished resetting the current domain, in  2.655 seconds
Domain Reload Profiling: 3290ms
	BeginReloadAssembly (232ms)
		ExecutionOrderSort (0ms)
		DisableScriptedObjects (8ms)
		BackupInstance (0ms)
		ReleaseScriptingObjects (0ms)
		CreateAndSetChildDomain (55ms)
	RebuildCommonClasses (58ms)
	RebuildNativeTypeToScriptingClass (17ms)
	initialDomainReloadingComplete (41ms)
	LoadAllAssembliesAndSetupDomain (286ms)
		LoadAssemblies (380ms)
		RebuildTransferFunctionScriptingTraits (0ms)
		AnalyzeDomain (27ms)
			TypeCache.Refresh (7ms)
				TypeCache.ScanAssembly (0ms)
			ScanForSourceGeneratedMonoScriptInfo (0ms)
			ResolveRequiredComponents (18ms)
	FinalizeReload (2657ms)
		ReleaseScriptCaches (0ms)
		RebuildScriptCaches (0ms)
		SetupLoadedEditorAssemblies (1943ms)
			LogAssemblyErrors (0ms)
			InitializePlatformSupportModulesInManaged (12ms)
			SetLoadedEditorAssemblies (7ms)
			RefreshPlugins (0ms)
			BeforeProcessingInitializeOnLoad (95ms)
			ProcessInitializeOnLoadAttributes (474ms)
			ProcessInitializeOnLoadMethodAttributes (1343ms)
			AfterProcessingInitializeOnLoad (12ms)
			EditorAssembliesLoaded (0ms)
		ExecutionOrderSort2 (0ms)
		AwakeInstancesAfterBackupRestoration (50ms)
Refreshing native plugins compatible for Editor in 5.16 ms, found 1 plugins.
Preloading 0 native plugins for Editor in 0.00 ms.
Unloading 4244 Unused Serialized files (Serialized files now loaded: 0)
Unloading 37 unused Assets / (315.0 KB). Loaded Objects now: 5093.
Memory consumption went from 176.1 MB to 175.8 MB.
Total: 36.850800 ms (FindLiveObjects: 0.425300 ms CreateObjectMapping: 0.211300 ms MarkObjects: 36.066100 ms  DeleteObjects: 0.146600 ms)

Prepare: number of updated asset objects reloaded= 0
AssetImportParameters requested are different than current active one (requested -> active):
  custom:container-demuxer-ogg: 62fdf1f143b41e24485cea50d1cbac27 -> 
  custom:video-decoder-ogg-theora: a1e56fd34408186e4bbccfd4996cb3dc -> 
  custom:framework-win-MediaFoundation: 216162199b28c13a410421893ffa2e32 -> 
  custom:CustomObjectIndexerAttribute: 72b91833f83ae208fae7752999fa3104 -> 
  custom:container-demuxer-webm: 4f35f7cbe854078d1ac9338744f61a02 -> 
  custom:container-muxer-webm: aa71ff27fc2769a1b78a27578f13a17b -> 
  custom:video-decoder-webm-vp8: 9c59270c3fd7afecdb556c50c9e8de78 -> 
  custom:SearchIndexIgnoredProperties: e643bd26f0fe6173181afceb89e7c659 -> 
  custom:AudioImporter_EditorPlatform: d09bf68614088b80899f8185d706f6e7 -> 
  custom:video-encoder-webm-vp8: eb34c28f22e8b96e1ab97ce403110664 -> 
  custom:audio-decoder-ogg-vorbis: bf7c407c2cedff20999df2af8eb42d56 -> 
  custom:audio-encoder-webm-vorbis: bf7c407c2cedff20999df2af8eb42d56 -> 
========================================================================
Received Prepare
Begin MonoManager ReloadAssembly
- Loaded All Assemblies, in  0.643 seconds
Refreshing native plugins compatible for Editor in 5.77 ms, found 1 plugins.
Native extension for WindowsStandalone target not found
Mono: successfully reloaded assembly
- Finished resetting the current domain, in  2.608 seconds
Domain Reload Profiling: 3248ms
	BeginReloadAssembly (247ms)
		ExecutionOrderSort (0ms)
		DisableScriptedObjects (15ms)
		BackupInstance (0ms)
		ReleaseScriptingObjects (0ms)
		CreateAndSetChildDomain (61ms)
	RebuildCommonClasses (53ms)
	RebuildNativeTypeToScriptingClass (16ms)
	initialDomainReloadingComplete (43ms)
	LoadAllAssembliesAndSetupDomain (280ms)
		LoadAssemblies (371ms)
		RebuildTransferFunctionScriptingTraits (0ms)
		AnalyzeDomain (31ms)
			TypeCache.Refresh (7ms)
				TypeCache.ScanAssembly (0ms)
			ScanForSourceGeneratedMonoScriptInfo (0ms)
			ResolveRequiredComponents (20ms)
	FinalizeReload (2609ms)
		ReleaseScriptCaches (0ms)
		RebuildScriptCaches (0ms)
		SetupLoadedEditorAssemblies (1587ms)
			LogAssemblyErrors (0ms)
			InitializePlatformSupportModulesInManaged (7ms)
			SetLoadedEditorAssemblies (5ms)
			RefreshPlugins (0ms)
			BeforeProcessingInitializeOnLoad (100ms)
			ProcessInitializeOnLoadAttributes (471ms)
			ProcessInitializeOnLoadMethodAttributes (987ms)
			AfterProcessingInitializeOnLoad (9ms)
			EditorAssembliesLoaded (7ms)
		ExecutionOrderSort2 (0ms)
		AwakeInstancesAfterBackupRestoration (301ms)
Refreshing native plugins compatible for Editor in 6.45 ms, found 1 plugins.
Preloading 0 native plugins for Editor in 0.00 ms.
Unloading 4244 Unused Serialized files (Serialized files now loaded: 0)
Unloading 37 unused Assets / (315.1 KB). Loaded Objects now: 5094.
Memory consumption went from 176.1 MB to 175.8 MB.
Total: 35.327300 ms (FindLiveObjects: 0.432300 ms CreateObjectMapping: 0.191900 ms MarkObjects: 34.555500 ms  DeleteObjects: 0.146100 ms)

Prepare: number of updated asset objects reloaded= 0
AssetImportParameters requested are different than current active one (requested -> active):
  custom:container-demuxer-ogg: 62fdf1f143b41e24485cea50d1cbac27 -> 
  custom:video-decoder-ogg-theora: a1e56fd34408186e4bbccfd4996cb3dc -> 
  custom:framework-win-MediaFoundation: 216162199b28c13a410421893ffa2e32 -> 
  custom:CustomObjectIndexerAttribute: 72b91833f83ae208fae7752999fa3104 -> 
  custom:container-demuxer-webm: 4f35f7cbe854078d1ac9338744f61a02 -> 
  custom:container-muxer-webm: aa71ff27fc2769a1b78a27578f13a17b -> 
  custom:video-decoder-webm-vp8: 9c59270c3fd7afecdb556c50c9e8de78 -> 
  custom:SearchIndexIgnoredProperties: e643bd26f0fe6173181afceb89e7c659 -> 
  custom:AudioImporter_EditorPlatform: d09bf68614088b80899f8185d706f6e7 -> 
  custom:video-encoder-webm-vp8: eb34c28f22e8b96e1ab97ce403110664 -> 
  custom:audio-decoder-ogg-vorbis: bf7c407c2cedff20999df2af8eb42d56 -> 
  custom:audio-encoder-webm-vorbis: bf7c407c2cedff20999df2af8eb42d56 -> 
========================================================================
Received Import Request.
  Time since last request: 581.887521 seconds.
  path: Assets/Game/Gameplay/Prefabs/Character.prefab
  artifactKey: Guid(3f54c90f0808a4b32854a621ea4c4965) Importer(815301076,1909f56bfc062723c751e8b465ee728b)
Start importing Assets/Game/Gameplay/Prefabs/Character.prefab using Guid(3f54c90f0808a4b32854a621ea4c4965) Importer(815301076,1909f56bfc062723c751e8b465ee728b) [PhysX] Initialized MultithreadedTaskDispatcher with 8 workers.
[PhysX] Initialized MultithreadedTaskDispatcher with 8 workers.
 -> (artifact id: 'bb2ffdffcf3f624c5e9e9cb75451e57e') in 0.519923 seconds
Number of updated asset objects reloaded before import = 0
Number of asset objects unloaded after import = 209
========================================================================
Received Prepare
Begin MonoManager ReloadAssembly
- Loaded All Assemblies, in  0.700 seconds
Refreshing native plugins compatible for Editor in 5.15 ms, found 1 plugins.
Native extension for WindowsStandalone target not found
Mono: successfully reloaded assembly
- Finished resetting the current domain, in  2.591 seconds
Domain Reload Profiling: 3290ms
	BeginReloadAssembly (264ms)
		ExecutionOrderSort (0ms)
		DisableScriptedObjects (20ms)
		BackupInstance (0ms)
		ReleaseScriptingObjects (0ms)
		CreateAndSetChildDomain (65ms)
	RebuildCommonClasses (62ms)
	RebuildNativeTypeToScriptingClass (16ms)
	initialDomainReloadingComplete (44ms)
	LoadAllAssembliesAndSetupDomain (312ms)
		LoadAssemblies (416ms)
		RebuildTransferFunctionScriptingTraits (0ms)
		AnalyzeDomain (32ms)
			TypeCache.Refresh (7ms)
				TypeCache.ScanAssembly (0ms)
			ScanForSourceGeneratedMonoScriptInfo (0ms)
			ResolveRequiredComponents (20ms)
	FinalizeReload (2592ms)
		ReleaseScriptCaches (0ms)
		RebuildScriptCaches (0ms)
		SetupLoadedEditorAssemblies (1586ms)
			LogAssemblyErrors (0ms)
			InitializePlatformSupportModulesInManaged (7ms)
			SetLoadedEditorAssemblies (5ms)
			RefreshPlugins (0ms)
			BeforeProcessingInitializeOnLoad (98ms)
			ProcessInitializeOnLoadAttributes (473ms)
			ProcessInitializeOnLoadMethodAttributes (993ms)
			AfterProcessingInitializeOnLoad (7ms)
			EditorAssembliesLoaded (4ms)
		ExecutionOrderSort2 (0ms)
		AwakeInstancesAfterBackupRestoration (346ms)
Refreshing native plugins compatible for Editor in 5.79 ms, found 1 plugins.
Preloading 0 native plugins for Editor in 0.00 ms.
Unloading 4244 Unused Serialized files (Serialized files now loaded: 0)
Unloading 37 unused Assets / (315.0 KB). Loaded Objects now: 5132.
Memory consumption went from 176.3 MB to 176.0 MB.
Total: 38.557700 ms (FindLiveObjects: 0.424400 ms CreateObjectMapping: 0.190200 ms MarkObjects: 37.634200 ms  DeleteObjects: 0.307100 ms)

Prepare: number of updated asset objects reloaded= 0
AssetImportParameters requested are different than current active one (requested -> active):
  custom:container-demuxer-ogg: 62fdf1f143b41e24485cea50d1cbac27 -> 
  custom:video-decoder-ogg-theora: a1e56fd34408186e4bbccfd4996cb3dc -> 
  custom:framework-win-MediaFoundation: 216162199b28c13a410421893ffa2e32 -> 
  custom:CustomObjectIndexerAttribute: 72b91833f83ae208fae7752999fa3104 -> 
  custom:container-demuxer-webm: 4f35f7cbe854078d1ac9338744f61a02 -> 
  custom:container-muxer-webm: aa71ff27fc2769a1b78a27578f13a17b -> 
  custom:video-decoder-webm-vp8: 9c59270c3fd7afecdb556c50c9e8de78 -> 
  custom:SearchIndexIgnoredProperties: e643bd26f0fe6173181afceb89e7c659 -> 
  custom:AudioImporter_EditorPlatform: d09bf68614088b80899f8185d706f6e7 -> 
  custom:video-encoder-webm-vp8: eb34c28f22e8b96e1ab97ce403110664 -> 
  custom:audio-decoder-ogg-vorbis: bf7c407c2cedff20999df2af8eb42d56 -> 
  custom:audio-encoder-webm-vorbis: bf7c407c2cedff20999df2af8eb42d56 -> 
========================================================================
Received Import Request.
  Time since last request: 297.371351 seconds.
  path: Assets/Game/Gameplay/Scripts/ResourceCollector.cs
  artifactKey: Guid(4a246359ea129c64b9a1286a72f937df) Importer(815301076,1909f56bfc062723c751e8b465ee728b)
Start importing Assets/Game/Gameplay/Scripts/ResourceCollector.cs using Guid(4a246359ea129c64b9a1286a72f937df) Importer(815301076,1909f56bfc062723c751e8b465ee728b) [PhysX] Initialized MultithreadedTaskDispatcher with 8 workers.
 -> (artifact id: '21ec1f1340a5cc3e62c36a2df20704c7') in 0.003697 seconds
Number of updated asset objects reloaded before import = 0
Number of asset objects unloaded after import = 0
========================================================================
Received Prepare
Begin MonoManager ReloadAssembly
- Loaded All Assemblies, in  0.737 seconds
Refreshing native plugins compatible for Editor in 5.32 ms, found 1 plugins.
Native extension for WindowsStandalone target not found
Mono: successfully reloaded assembly
- Finished resetting the current domain, in  2.569 seconds
Domain Reload Profiling: 3305ms
	BeginReloadAssembly (288ms)
		ExecutionOrderSort (0ms)
		DisableScriptedObjects (8ms)
		BackupInstance (0ms)
		ReleaseScriptingObjects (0ms)
		CreateAndSetChildDomain (82ms)
	RebuildCommonClasses (57ms)
	RebuildNativeTypeToScriptingClass (16ms)
	initialDomainReloadingComplete (42ms)
	LoadAllAssembliesAndSetupDomain (332ms)
		LoadAssemblies (398ms)
		RebuildTransferFunctionScriptingTraits (0ms)
		AnalyzeDomain (71ms)
			TypeCache.Refresh (11ms)
				TypeCache.ScanAssembly (1ms)
			ScanForSourceGeneratedMonoScriptInfo (32ms)
			ResolveRequiredComponents (25ms)
	FinalizeReload (2570ms)
		ReleaseScriptCaches (0ms)
		RebuildScriptCaches (0ms)
		SetupLoadedEditorAssemblies (1654ms)
			LogAssemblyErrors (0ms)
			InitializePlatformSupportModulesInManaged (7ms)
			SetLoadedEditorAssemblies (7ms)
			RefreshPlugins (0ms)
			BeforeProcessingInitializeOnLoad (111ms)
			ProcessInitializeOnLoadAttributes (506ms)
			ProcessInitializeOnLoadMethodAttributes (1003ms)
			AfterProcessingInitializeOnLoad (10ms)
			EditorAssembliesLoaded (10ms)
		ExecutionOrderSort2 (0ms)
		AwakeInstancesAfterBackupRestoration (233ms)
Refreshing native plugins compatible for Editor in 4.61 ms, found 1 plugins.
Preloading 0 native plugins for Editor in 0.00 ms.
Unloading 4245 Unused Serialized files (Serialized files now loaded: 0)
Unloading 37 unused Assets / (315.1 KB). Loaded Objects now: 5134.
Memory consumption went from 176.3 MB to 176.0 MB.
Total: 34.124300 ms (FindLiveObjects: 0.449400 ms CreateObjectMapping: 0.193000 ms MarkObjects: 33.350700 ms  DeleteObjects: 0.129600 ms)

Prepare: number of updated asset objects reloaded= 0
AssetImportParameters requested are different than current active one (requested -> active):
  custom:container-demuxer-ogg: 62fdf1f143b41e24485cea50d1cbac27 -> 
  custom:video-decoder-ogg-theora: a1e56fd34408186e4bbccfd4996cb3dc -> 
  custom:framework-win-MediaFoundation: 216162199b28c13a410421893ffa2e32 -> 
  custom:CustomObjectIndexerAttribute: 72b91833f83ae208fae7752999fa3104 -> 
  custom:container-demuxer-webm: 4f35f7cbe854078d1ac9338744f61a02 -> 
  custom:container-muxer-webm: aa71ff27fc2769a1b78a27578f13a17b -> 
  custom:video-decoder-webm-vp8: 9c59270c3fd7afecdb556c50c9e8de78 -> 
  custom:SearchIndexIgnoredProperties: e643bd26f0fe6173181afceb89e7c659 -> 
  custom:AudioImporter_EditorPlatform: d09bf68614088b80899f8185d706f6e7 -> 
  custom:video-encoder-webm-vp8: eb34c28f22e8b96e1ab97ce403110664 -> 
  custom:audio-decoder-ogg-vorbis: bf7c407c2cedff20999df2af8eb42d56 -> 
  custom:audio-encoder-webm-vorbis: bf7c407c2cedff20999df2af8eb42d56 -> 
========================================================================
Received Prepare
Begin MonoManager ReloadAssembly
- Loaded All Assemblies, in  0.687 seconds
Refreshing native plugins compatible for Editor in 4.50 ms, found 1 plugins.
Native extension for WindowsStandalone target not found
Mono: successfully reloaded assembly
- Finished resetting the current domain, in  2.533 seconds
Domain Reload Profiling: 3219ms
	BeginReloadAssembly (233ms)
		ExecutionOrderSort (0ms)
		DisableScriptedObjects (9ms)
		BackupInstance (0ms)
		ReleaseScriptingObjects (0ms)
		CreateAndSetChildDomain (51ms)
	RebuildCommonClasses (52ms)
	RebuildNativeTypeToScriptingClass (27ms)
	initialDomainReloadingComplete (53ms)
	LoadAllAssembliesAndSetupDomain (320ms)
		LoadAssemblies (378ms)
		RebuildTransferFunctionScriptingTraits (0ms)
		AnalyzeDomain (69ms)
			TypeCache.Refresh (11ms)
				TypeCache.ScanAssembly (1ms)
			ScanForSourceGeneratedMonoScriptInfo (38ms)
			ResolveRequiredComponents (16ms)
	FinalizeReload (2534ms)
		ReleaseScriptCaches (0ms)
		RebuildScriptCaches (0ms)
		SetupLoadedEditorAssemblies (1767ms)
			LogAssemblyErrors (0ms)
			InitializePlatformSupportModulesInManaged (7ms)
			SetLoadedEditorAssemblies (6ms)
			RefreshPlugins (0ms)
			BeforeProcessingInitializeOnLoad (93ms)
			ProcessInitializeOnLoadAttributes (486ms)
			ProcessInitializeOnLoadMethodAttributes (1144ms)
			AfterProcessingInitializeOnLoad (7ms)
			EditorAssembliesLoaded (23ms)
		ExecutionOrderSort2 (0ms)
		AwakeInstancesAfterBackupRestoration (100ms)
Refreshing native plugins compatible for Editor in 4.69 ms, found 1 plugins.
Preloading 0 native plugins for Editor in 0.00 ms.
Unloading 4245 Unused Serialized files (Serialized files now loaded: 0)
Unloading 37 unused Assets / (315.1 KB). Loaded Objects now: 5135.
Memory consumption went from 176.3 MB to 176.0 MB.
Total: 28.952100 ms (FindLiveObjects: 0.436800 ms CreateObjectMapping: 0.199100 ms MarkObjects: 28.193200 ms  DeleteObjects: 0.121500 ms)

Prepare: number of updated asset objects reloaded= 0
AssetImportParameters requested are different than current active one (requested -> active):
  custom:container-demuxer-ogg: 62fdf1f143b41e24485cea50d1cbac27 -> 
  custom:video-decoder-ogg-theora: a1e56fd34408186e4bbccfd4996cb3dc -> 
  custom:framework-win-MediaFoundation: 216162199b28c13a410421893ffa2e32 -> 
  custom:CustomObjectIndexerAttribute: 72b91833f83ae208fae7752999fa3104 -> 
  custom:container-demuxer-webm: 4f35f7cbe854078d1ac9338744f61a02 -> 
  custom:container-muxer-webm: aa71ff27fc2769a1b78a27578f13a17b -> 
  custom:video-decoder-webm-vp8: 9c59270c3fd7afecdb556c50c9e8de78 -> 
  custom:SearchIndexIgnoredProperties: e643bd26f0fe6173181afceb89e7c659 -> 
  custom:AudioImporter_EditorPlatform: d09bf68614088b80899f8185d706f6e7 -> 
  custom:video-encoder-webm-vp8: eb34c28f22e8b96e1ab97ce403110664 -> 
  custom:audio-decoder-ogg-vorbis: bf7c407c2cedff20999df2af8eb42d56 -> 
  custom:audio-encoder-webm-vorbis: bf7c407c2cedff20999df2af8eb42d56 -> 
========================================================================
Received Import Request.
  Time since last request: 39.832872 seconds.
  path: Assets/Game/Gameplay/Prefabs/CommandCenter.prefab
  artifactKey: Guid(c937face52f9448fb81558a7ce96be0a) Importer(815301076,1909f56bfc062723c751e8b465ee728b)
Start importing Assets/Game/Gameplay/Prefabs/CommandCenter.prefab using Guid(c937face52f9448fb81558a7ce96be0a) Importer(815301076,1909f56bfc062723c751e8b465ee728b) [PhysX] Initialized MultithreadedTaskDispatcher with 8 workers.
[PhysX] Initialized MultithreadedTaskDispatcher with 8 workers.
 -> (artifact id: 'b4dda9283dd2a242cf343d20c1a78d64') in 0.359724 seconds
Number of updated asset objects reloaded before import = 0
Number of asset objects unloaded after import = 30
========================================================================
Received Import Request.
  Time since last request: 98.223705 seconds.
  path: Assets/Game/Gameplay/Scripts/RtsControls.cs
  artifactKey: Guid(cc26190e4dc2e194e9a7d2458c906981) Importer(815301076,1909f56bfc062723c751e8b465ee728b)
Start importing Assets/Game/Gameplay/Scripts/RtsControls.cs using Guid(cc26190e4dc2e194e9a7d2458c906981) Importer(815301076,1909f56bfc062723c751e8b465ee728b) [PhysX] Initialized MultithreadedTaskDispatcher with 8 workers.
 -> (artifact id: '9d0268d11502215eb86c1fab28451643') in 0.002037 seconds
Number of updated asset objects reloaded before import = 0
Number of asset objects unloaded after import = 0
========================================================================
Received Prepare
Begin MonoManager ReloadAssembly
- Loaded All Assemblies, in  0.688 seconds
Refreshing native plugins compatible for Editor in 4.15 ms, found 1 plugins.
Native extension for WindowsStandalone target not found
Mono: successfully reloaded assembly
- Finished resetting the current domain, in  2.563 seconds
Domain Reload Profiling: 3249ms
	BeginReloadAssembly (240ms)
		ExecutionOrderSort (0ms)
		DisableScriptedObjects (16ms)
		BackupInstance (0ms)
		ReleaseScriptingObjects (0ms)
		CreateAndSetChildDomain (55ms)
	RebuildCommonClasses (57ms)
	RebuildNativeTypeToScriptingClass (15ms)
	initialDomainReloadingComplete (48ms)
	LoadAllAssembliesAndSetupDomain (325ms)
		LoadAssemblies (376ms)
		RebuildTransferFunctionScriptingTraits (0ms)
		AnalyzeDomain (73ms)
			TypeCache.Refresh (12ms)
				TypeCache.ScanAssembly (1ms)
			ScanForSourceGeneratedMonoScriptInfo (37ms)
			ResolveRequiredComponents (22ms)
	FinalizeReload (2564ms)
		ReleaseScriptCaches (0ms)
		RebuildScriptCaches (0ms)
		SetupLoadedEditorAssemblies (1613ms)
			LogAssemblyErrors (0ms)
			InitializePlatformSupportModulesInManaged (11ms)
			SetLoadedEditorAssemblies (7ms)
			RefreshPlugins (0ms)
			BeforeProcessingInitializeOnLoad (100ms)
			ProcessInitializeOnLoadAttributes (485ms)
			ProcessInitializeOnLoadMethodAttributes (997ms)
			AfterProcessingInitializeOnLoad (10ms)
			EditorAssembliesLoaded (3ms)
		ExecutionOrderSort2 (0ms)
		AwakeInstancesAfterBackupRestoration (311ms)
Refreshing native plugins compatible for Editor in 5.53 ms, found 1 plugins.
Preloading 0 native plugins for Editor in 0.00 ms.
Unloading 4245 Unused Serialized files (Serialized files now loaded: 0)
Unloading 37 unused Assets / (315.0 KB). Loaded Objects now: 5174.
Memory consumption went from 176.4 MB to 176.1 MB.
Total: 31.353800 ms (FindLiveObjects: 0.423600 ms CreateObjectMapping: 0.189600 ms MarkObjects: 30.603000 ms  DeleteObjects: 0.136300 ms)

Prepare: number of updated asset objects reloaded= 0
AssetImportParameters requested are different than current active one (requested -> active):
  custom:container-demuxer-ogg: 62fdf1f143b41e24485cea50d1cbac27 -> 
  custom:video-decoder-ogg-theora: a1e56fd34408186e4bbccfd4996cb3dc -> 
  custom:framework-win-MediaFoundation: 216162199b28c13a410421893ffa2e32 -> 
  custom:CustomObjectIndexerAttribute: 72b91833f83ae208fae7752999fa3104 -> 
  custom:container-demuxer-webm: 4f35f7cbe854078d1ac9338744f61a02 -> 
  custom:container-muxer-webm: aa71ff27fc2769a1b78a27578f13a17b -> 
  custom:video-decoder-webm-vp8: 9c59270c3fd7afecdb556c50c9e8de78 -> 
  custom:SearchIndexIgnoredProperties: e643bd26f0fe6173181afceb89e7c659 -> 
  custom:AudioImporter_EditorPlatform: d09bf68614088b80899f8185d706f6e7 -> 
  custom:video-encoder-webm-vp8: eb34c28f22e8b96e1ab97ce403110664 -> 
  custom:audio-decoder-ogg-vorbis: bf7c407c2cedff20999df2af8eb42d56 -> 
  custom:audio-encoder-webm-vorbis: bf7c407c2cedff20999df2af8eb42d56 -> 
========================================================================
Received Prepare
Begin MonoManager ReloadAssembly
- Loaded All Assemblies, in  0.656 seconds
Refreshing native plugins compatible for Editor in 5.01 ms, found 1 plugins.
Native extension for WindowsStandalone target not found
Mono: successfully reloaded assembly
- Finished resetting the current domain, in  2.664 seconds
Domain Reload Profiling: 3317ms
	BeginReloadAssembly (248ms)
		ExecutionOrderSort (0ms)
		DisableScriptedObjects (9ms)
		BackupInstance (0ms)
		ReleaseScriptingObjects (0ms)
		CreateAndSetChildDomain (58ms)
	RebuildCommonClasses (52ms)
	RebuildNativeTypeToScriptingClass (19ms)
	initialDomainReloadingComplete (43ms)
	LoadAllAssembliesAndSetupDomain (290ms)
		LoadAssemblies (387ms)
		RebuildTransferFunctionScriptingTraits (0ms)
		AnalyzeDomain (38ms)
			TypeCache.Refresh (9ms)
				TypeCache.ScanAssembly (0ms)
			ScanForSourceGeneratedMonoScriptInfo (0ms)
			ResolveRequiredComponents (26ms)
	FinalizeReload (2665ms)
		ReleaseScriptCaches (0ms)
		RebuildScriptCaches (0ms)
		SetupLoadedEditorAssemblies (1673ms)
			LogAssemblyErrors (0ms)
			InitializePlatformSupportModulesInManaged (8ms)
			SetLoadedEditorAssemblies (5ms)
			RefreshPlugins (0ms)
			BeforeProcessingInitializeOnLoad (106ms)
			ProcessInitializeOnLoadAttributes (485ms)
			ProcessInitializeOnLoadMethodAttributes (1050ms)
			AfterProcessingInitializeOnLoad (9ms)
			EditorAssembliesLoaded (11ms)
		ExecutionOrderSort2 (0ms)
		AwakeInstancesAfterBackupRestoration (303ms)
Refreshing native plugins compatible for Editor in 5.27 ms, found 1 plugins.
Preloading 0 native plugins for Editor in 0.00 ms.
Unloading 4245 Unused Serialized files (Serialized files now loaded: 0)
Unloading 37 unused Assets / (315.1 KB). Loaded Objects now: 5175.
Memory consumption went from 176.3 MB to 176.0 MB.
Total: 36.873600 ms (FindLiveObjects: 0.488500 ms CreateObjectMapping: 0.193800 ms MarkObjects: 35.974100 ms  DeleteObjects: 0.215600 ms)

Prepare: number of updated asset objects reloaded= 0
AssetImportParameters requested are different than current active one (requested -> active):
  custom:container-demuxer-ogg: 62fdf1f143b41e24485cea50d1cbac27 -> 
  custom:video-decoder-ogg-theora: a1e56fd34408186e4bbccfd4996cb3dc -> 
  custom:framework-win-MediaFoundation: 216162199b28c13a410421893ffa2e32 -> 
  custom:CustomObjectIndexerAttribute: 72b91833f83ae208fae7752999fa3104 -> 
  custom:container-demuxer-webm: 4f35f7cbe854078d1ac9338744f61a02 -> 
  custom:container-muxer-webm: aa71ff27fc2769a1b78a27578f13a17b -> 
  custom:video-decoder-webm-vp8: 9c59270c3fd7afecdb556c50c9e8de78 -> 
  custom:SearchIndexIgnoredProperties: e643bd26f0fe6173181afceb89e7c659 -> 
  custom:AudioImporter_EditorPlatform: d09bf68614088b80899f8185d706f6e7 -> 
  custom:video-encoder-webm-vp8: eb34c28f22e8b96e1ab97ce403110664 -> 
  custom:audio-decoder-ogg-vorbis: bf7c407c2cedff20999df2af8eb42d56 -> 
  custom:audio-encoder-webm-vorbis: bf7c407c2cedff20999df2af8eb42d56 -> 
========================================================================
Received Import Request.
  Time since last request: 347.947018 seconds.
  path: Assets/Game/Gameplay/Scripts/EnemyPatrol.cs
  artifactKey: Guid(37f9febdbcf7f6e4c8b93d9092b8dc89) Importer(815301076,1909f56bfc062723c751e8b465ee728b)
Start importing Assets/Game/Gameplay/Scripts/EnemyPatrol.cs using Guid(37f9febdbcf7f6e4c8b93d9092b8dc89) Importer(815301076,1909f56bfc062723c751e8b465ee728b) [PhysX] Initialized MultithreadedTaskDispatcher with 8 workers.
 -> (artifact id: 'f329db25e5138a6ea8975c977b1e248a') in 0.004048 seconds
Number of updated asset objects reloaded before import = 0
Number of asset objects unloaded after import = 0
========================================================================
Received Import Request.
  Time since last request: 0.758601 seconds.
  path: Assets/Game/Gameplay/Scripts/DataController.cs
  artifactKey: Guid(0153b71459a44204b315fc472aa54780) Importer(815301076,1909f56bfc062723c751e8b465ee728b)
Start importing Assets/Game/Gameplay/Scripts/DataController.cs using Guid(0153b71459a44204b315fc472aa54780) Importer(815301076,1909f56bfc062723c751e8b465ee728b) [PhysX] Initialized MultithreadedTaskDispatcher with 8 workers.
 -> (artifact id: '513487e867bf58a1788e8510720b4359') in 0.000991 seconds
Number of updated asset objects reloaded before import = 0
Number of asset objects unloaded after import = 0
========================================================================
Received Prepare
Begin MonoManager ReloadAssembly
- Loaded All Assemblies, in  2.294 seconds
Refreshing native plugins compatible for Editor in 7.87 ms, found 1 plugins.
Native extension for WindowsStandalone target not found
Mono: successfully reloaded assembly
- Finished resetting the current domain, in  3.048 seconds
Domain Reload Profiling: 5341ms
	BeginReloadAssembly (1590ms)
		ExecutionOrderSort (0ms)
		DisableScriptedObjects (44ms)
		BackupInstance (0ms)
		ReleaseScriptingObjects (0ms)
		CreateAndSetChildDomain (959ms)
	RebuildCommonClasses (115ms)
	RebuildNativeTypeToScriptingClass (54ms)
	initialDomainReloadingComplete (69ms)
	LoadAllAssembliesAndSetupDomain (464ms)
		LoadAssemblies (730ms)
		RebuildTransferFunctionScriptingTraits (0ms)
		AnalyzeDomain (103ms)
			TypeCache.Refresh (12ms)
				TypeCache.ScanAssembly (1ms)
			ScanForSourceGeneratedMonoScriptInfo (55ms)
			ResolveRequiredComponents (32ms)
	FinalizeReload (3050ms)
		ReleaseScriptCaches (0ms)
		RebuildScriptCaches (0ms)
		SetupLoadedEditorAssemblies (1870ms)
			LogAssemblyErrors (0ms)
			InitializePlatformSupportModulesInManaged (7ms)
			SetLoadedEditorAssemblies (8ms)
			RefreshPlugins (0ms)
			BeforeProcessingInitializeOnLoad (109ms)
			ProcessInitializeOnLoadAttributes (510ms)
			ProcessInitializeOnLoadMethodAttributes (1220ms)
			AfterProcessingInitializeOnLoad (7ms)
			EditorAssembliesLoaded (8ms)
		ExecutionOrderSort2 (0ms)
		AwakeInstancesAfterBackupRestoration (320ms)
Refreshing native plugins compatible for Editor in 4.85 ms, found 1 plugins.
Preloading 0 native plugins for Editor in 0.00 ms.
Unloading 4246 Unused Serialized files (Serialized files now loaded: 0)
Unloading 37 unused Assets / (315.0 KB). Loaded Objects now: 5177.
Memory consumption went from 176.4 MB to 176.0 MB.
Total: 35.239300 ms (FindLiveObjects: 0.818200 ms CreateObjectMapping: 0.277700 ms MarkObjects: 34.000100 ms  DeleteObjects: 0.141300 ms)

Prepare: number of updated asset objects reloaded= 0
AssetImportParameters requested are different than current active one (requested -> active):
  custom:container-demuxer-ogg: 62fdf1f143b41e24485cea50d1cbac27 -> 
  custom:video-decoder-ogg-theora: a1e56fd34408186e4bbccfd4996cb3dc -> 
  custom:framework-win-MediaFoundation: 216162199b28c13a410421893ffa2e32 -> 
  custom:CustomObjectIndexerAttribute: 72b91833f83ae208fae7752999fa3104 -> 
  custom:container-demuxer-webm: 4f35f7cbe854078d1ac9338744f61a02 -> 
  custom:container-muxer-webm: aa71ff27fc2769a1b78a27578f13a17b -> 
  custom:video-decoder-webm-vp8: 9c59270c3fd7afecdb556c50c9e8de78 -> 
  custom:SearchIndexIgnoredProperties: e643bd26f0fe6173181afceb89e7c659 -> 
  custom:AudioImporter_EditorPlatform: d09bf68614088b80899f8185d706f6e7 -> 
  custom:video-encoder-webm-vp8: eb34c28f22e8b96e1ab97ce403110664 -> 
  custom:audio-decoder-ogg-vorbis: bf7c407c2cedff20999df2af8eb42d56 -> 
  custom:audio-encoder-webm-vorbis: bf7c407c2cedff20999df2af8eb42d56 -> 
========================================================================
Received Import Request.
  Time since last request: 15.543451 seconds.
  path: Assets/Game/Gameplay/Scripts/EnemyPatrol.cs
  artifactKey: Guid(37f9febdbcf7f6e4c8b93d9092b8dc89) Importer(815301076,1909f56bfc062723c751e8b465ee728b)
Start importing Assets/Game/Gameplay/Scripts/EnemyPatrol.cs using Guid(37f9febdbcf7f6e4c8b93d9092b8dc89) Importer(815301076,1909f56bfc062723c751e8b465ee728b) [PhysX] Initialized MultithreadedTaskDispatcher with 8 workers.
 -> (artifact id: '00000000000000000000000000000000') in 0.002995 seconds
Import Error Code:(4)
Message: Build asset version error: assets/game/gameplay/scripts/enemypatrol.cs in SourceAssetDB has modification time of '2026-09-02T10:57:55.9711446Z' while content on disk has modification time of '2026-09-02T10:58:08.4959181Z'
  ERROR: Build asset version error: assets/game/gameplay/scripts/enemypatrol.cs in SourceAssetDB has modification time of '2026-09-02T10:57:55.9711446Z' while content on disk has modification time of '2026-09-02T10:58:08.4959181Z'
Number of updated asset objects reloaded before import = 0
Number of asset objects unloaded after import = 0
========================================================================
Received Import Request.
  Time since last request: 0.010717 seconds.
  path: Assets/Game/Gameplay/Scripts/EnemyPatrol.cs
  artifactKey: Guid(37f9febdbcf7f6e4c8b93d9092b8dc89) Importer(815301076,1909f56bfc062723c751e8b465ee728b)
Start importing Assets/Game/Gameplay/Scripts/EnemyPatrol.cs using Guid(37f9febdbcf7f6e4c8b93d9092b8dc89) Importer(815301076,1909f56bfc062723c751e8b465ee728b) [PhysX] Initialized MultithreadedTaskDispatcher with 8 workers.
 -> (artifact id: '00000000000000000000000000000000') in 0.000644 seconds
Import Error Code:(4)
Message: Build asset version error: assets/game/gameplay/scripts/enemypatrol.cs in SourceAssetDB has modification time of '2026-09-02T10:57:55.9711446Z' while content on disk has modification time of '2026-09-02T10:58:08.4959181Z'
  ERROR: Build asset version error: assets/game/gameplay/scripts/enemypatrol.cs in SourceAssetDB has modification time of '2026-09-02T10:57:55.9711446Z' while content on disk has modification time of '2026-09-02T10:58:08.4959181Z'
Number of updated asset objects reloaded before import = 0
Number of asset objects unloaded after import = 0
========================================================================
Received Import Request.
  Time since last request: 0.002989 seconds.
  path: Assets/Game/Gameplay/Scripts/EnemyPatrol.cs
  artifactKey: Guid(37f9febdbcf7f6e4c8b93d9092b8dc89) Importer(815301076,1909f56bfc062723c751e8b465ee728b)
Start importing Assets/Game/Gameplay/Scripts/EnemyPatrol.cs using Guid(37f9febdbcf7f6e4c8b93d9092b8dc89) Importer(815301076,1909f56bfc062723c751e8b465ee728b) [PhysX] Initialized MultithreadedTaskDispatcher with 8 workers.
 -> (artifact id: '00000000000000000000000000000000') in 0.000714 seconds
Import Error Code:(4)
Message: Build asset version error: assets/game/gameplay/scripts/enemypatrol.cs in SourceAssetDB has modification time of '2026-09-02T10:57:55.9711446Z' while content on disk has modification time of '2026-09-02T10:58:08.4959181Z'
  ERROR: Build asset version error: assets/game/gameplay/scripts/enemypatrol.cs in SourceAssetDB has modification time of '2026-09-02T10:57:55.9711446Z' while content on disk has modification time of '2026-09-02T10:58:08.4959181Z'
Number of updated asset objects reloaded before import = 0
Number of asset objects unloaded after import = 0
========================================================================
Received Import Request.
  Time since last request: 0.009118 seconds.
  path: Assets/Game/Gameplay/Scripts/EnemyPatrol.cs
  artifactKey: Guid(37f9febdbcf7f6e4c8b93d9092b8dc89) Importer(815301076,1909f56bfc062723c751e8b465ee728b)
Start importing Assets/Game/Gameplay/Scripts/EnemyPatrol.cs using Guid(37f9febdbcf7f6e4c8b93d9092b8dc89) Importer(815301076,1909f56bfc062723c751e8b465ee728b) [PhysX] Initialized MultithreadedTaskDispatcher with 8 workers.
 -> (artifact id: '00000000000000000000000000000000') in 0.000850 seconds
Import Error Code:(4)
Message: Build asset version error: assets/game/gameplay/scripts/enemypatrol.cs in SourceAssetDB has modification time of '2026-09-02T10:57:55.9711446Z' while content on disk has modification time of '2026-09-02T10:58:08.4959181Z'
  ERROR: Build asset version error: assets/game/gameplay/scripts/enemypatrol.cs in SourceAssetDB has modification time of '2026-09-02T10:57:55.9711446Z' while content on disk has modification time of '2026-09-02T10:58:08.4959181Z'
Number of updated asset objects reloaded before import = 0
Number of asset objects unloaded after import = 0
========================================================================
Received Import Request.
  Time since last request: 0.007552 seconds.
  path: Assets/Game/Gameplay/Scripts/EnemyPatrol.cs
  artifactKey: Guid(37f9febdbcf7f6e4c8b93d9092b8dc89) Importer(815301076,1909f56bfc062723c751e8b465ee728b)
Start importing Assets/Game/Gameplay/Scripts/EnemyPatrol.cs using Guid(37f9febdbcf7f6e4c8b93d9092b8dc89) Importer(815301076,1909f56bfc062723c751e8b465ee728b) [PhysX] Initialized MultithreadedTaskDispatcher with 8 workers.
 -> (artifact id: '00000000000000000000000000000000') in 0.000879 seconds
Import Error Code:(4)
Message: Build asset version error: assets/game/gameplay/scripts/enemypatrol.cs in SourceAssetDB has modification time of '2026-09-02T10:57:55.9711446Z' while content on disk has modification time of '2026-09-02T10:58:08.4959181Z'
  ERROR: Build asset version error: assets/game/gameplay/scripts/enemypatrol.cs in SourceAssetDB has modification time of '2026-09-02T10:57:55.9711446Z' while content on disk has modification time of '2026-09-02T10:58:08.4959181Z'
Number of updated asset objects reloaded before import = 0
Number of asset objects unloaded after import = 0
========================================================================
Received Import Request.
  Time since last request: 0.007637 seconds.
  path: Assets/Game/Gameplay/Scripts/EnemyPatrol.cs
  artifactKey: Guid(37f9febdbcf7f6e4c8b93d9092b8dc89) Importer(815301076,1909f56bfc062723c751e8b465ee728b)
Start importing Assets/Game/Gameplay/Scripts/EnemyPatrol.cs using Guid(37f9febdbcf7f6e4c8b93d9092b8dc89) Importer(815301076,1909f56bfc062723c751e8b465ee728b) [PhysX] Initialized MultithreadedTaskDispatcher with 8 workers.
 -> (artifact id: '00000000000000000000000000000000') in 0.000760 seconds
Import Error Code:(4)
Message: Build asset version error: assets/game/gameplay/scripts/enemypatrol.cs in SourceAssetDB has modification time of '2026-09-02T10:57:55.9711446Z' while content on disk has modification time of '2026-09-02T10:58:08.4959181Z'
  ERROR: Build asset version error: assets/game/gameplay/scripts/enemypatrol.cs in SourceAssetDB has modification time of '2026-09-02T10:57:55.9711446Z' while content on disk has modification time of '2026-09-02T10:58:08.4959181Z'
Number of updated asset objects reloaded before import = 0
Number of asset objects unloaded after import = 0
========================================================================
Received Import Request.
  Time since last request: 0.007534 seconds.
  path: Assets/Game/Gameplay/Scripts/EnemyPatrol.cs
  artifactKey: Guid(37f9febdbcf7f6e4c8b93d9092b8dc89) Importer(815301076,1909f56bfc062723c751e8b465ee728b)
Start importing Assets/Game/Gameplay/Scripts/EnemyPatrol.cs using Guid(37f9febdbcf7f6e4c8b93d9092b8dc89) Importer(815301076,1909f56bfc062723c751e8b465ee728b) [PhysX] Initialized MultithreadedTaskDispatcher with 8 workers.
 -> (artifact id: '00000000000000000000000000000000') in 0.000726 seconds
Import Error Code:(4)
Message: Build asset version error: assets/game/gameplay/scripts/enemypatrol.cs in SourceAssetDB has modification time of '2026-09-02T10:57:55.9711446Z' while content on disk has modification time of '2026-09-02T10:58:08.4959181Z'
  ERROR: Build asset version error: assets/game/gameplay/scripts/enemypatrol.cs in SourceAssetDB has modification time of '2026-09-02T10:57:55.9711446Z' while content on disk has modification time of '2026-09-02T10:58:08.4959181Z'
Number of updated asset objects reloaded before import = 0
Number of asset objects unloaded after import = 0
========================================================================
Received Import Request.
  Time since last request: 0.009059 seconds.
  path: Assets/Game/Gameplay/Scripts/EnemyPatrol.cs
  artifactKey: Guid(37f9febdbcf7f6e4c8b93d9092b8dc89) Importer(815301076,1909f56bfc062723c751e8b465ee728b)
Start importing Assets/Game/Gameplay/Scripts/EnemyPatrol.cs using Guid(37f9febdbcf7f6e4c8b93d9092b8dc89) Importer(815301076,1909f56bfc062723c751e8b465ee728b) [PhysX] Initialized MultithreadedTaskDispatcher with 8 workers.
 -> (artifact id: '00000000000000000000000000000000') in 0.000643 seconds
Import Error Code:(4)
Message: Build asset version error: assets/game/gameplay/scripts/enemypatrol.cs in SourceAssetDB has modification time of '2026-09-02T10:57:55.9711446Z' while content on disk has modification time of '2026-09-02T10:58:08.4959181Z'
  ERROR: Build asset version error: assets/game/gameplay/scripts/enemypatrol.cs in SourceAssetDB has modification time of '2026-09-02T10:57:55.9711446Z' while content on disk has modification time of '2026-09-02T10:58:08.4959181Z'
Number of updated asset objects reloaded before import = 0
Number of asset objects unloaded after import = 0
========================================================================
Received Import Request.
  Time since last request: 0.008268 seconds.
  path: Assets/Game/Gameplay/Scripts/EnemyPatrol.cs
  artifactKey: Guid(37f9febdbcf7f6e4c8b93d9092b8dc89) Importer(815301076,1909f56bfc062723c751e8b465ee728b)
Start importing Assets/Game/Gameplay/Scripts/EnemyPatrol.cs using Guid(37f9febdbcf7f6e4c8b93d9092b8dc89) Importer(815301076,1909f56bfc062723c751e8b465ee728b) [PhysX] Initialized MultithreadedTaskDispatcher with 8 workers.
 -> (artifact id: '00000000000000000000000000000000') in 0.000778 seconds
Import Error Code:(4)
Message: Build asset version error: assets/game/gameplay/scripts/enemypatrol.cs in SourceAssetDB has modification time of '2026-09-02T10:57:55.9711446Z' while content on disk has modification time of '2026-09-02T10:58:08.4959181Z'
  ERROR: Build asset version error: assets/game/gameplay/scripts/enemypatrol.cs in SourceAssetDB has modification time of '2026-09-02T10:57:55.9711446Z' while content on disk has modification time of '2026-09-02T10:58:08.4959181Z'
Number of updated asset objects reloaded before import = 0
Number of asset objects unloaded after import = 0
========================================================================
Received Import Request.
  Time since last request: 0.007250 seconds.
  path: Assets/Game/Gameplay/Scripts/EnemyPatrol.cs
  artifactKey: Guid(37f9febdbcf7f6e4c8b93d9092b8dc89) Importer(815301076,1909f56bfc062723c751e8b465ee728b)
Start importing Assets/Game/Gameplay/Scripts/EnemyPatrol.cs using Guid(37f9febdbcf7f6e4c8b93d9092b8dc89) Importer(815301076,1909f56bfc062723c751e8b465ee728b) [PhysX] Initialized MultithreadedTaskDispatcher with 8 workers.
 -> (artifact id: '00000000000000000000000000000000') in 0.000747 seconds
Import Error Code:(4)
Message: Build asset version error: assets/game/gameplay/scripts/enemypatrol.cs in SourceAssetDB has modification time of '2026-09-02T10:57:55.9711446Z' while content on disk has modification time of '2026-09-02T10:58:08.4959181Z'
  ERROR: Build asset version error: assets/game/gameplay/scripts/enemypatrol.cs in SourceAssetDB has modification time of '2026-09-02T10:57:55.9711446Z' while content on disk has modification time of '2026-09-02T10:58:08.4959181Z'
Number of updated asset objects reloaded before import = 0
Number of asset objects unloaded after import = 0
========================================================================
Received Import Request.
  Time since last request: 0.008713 seconds.
  path: Assets/Game/Gameplay/Scripts/EnemyPatrol.cs
  artifactKey: Guid(37f9febdbcf7f6e4c8b93d9092b8dc89) Importer(815301076,1909f56bfc062723c751e8b465ee728b)
Start importing Assets/Game/Gameplay/Scripts/EnemyPatrol.cs using Guid(37f9febdbcf7f6e4c8b93d9092b8dc89) Importer(815301076,1909f56bfc062723c751e8b465ee728b) [PhysX] Initialized MultithreadedTaskDispatcher with 8 workers.
 -> (artifact id: '00000000000000000000000000000000') in 0.000641 seconds
Import Error Code:(4)
Message: Build asset version error: assets/game/gameplay/scripts/enemypatrol.cs in SourceAssetDB has modification time of '2026-09-02T10:57:55.9711446Z' while content on disk has modification time of '2026-09-02T10:58:08.4959181Z'
  ERROR: Build asset version error: assets/game/gameplay/scripts/enemypatrol.cs in SourceAssetDB has modification time of '2026-09-02T10:57:55.9711446Z' while content on disk has modification time of '2026-09-02T10:58:08.4959181Z'
Number of updated asset objects reloaded before import = 0
Number of asset objects unloaded after import = 0
========================================================================
Received Import Request.
  Time since last request: 0.007017 seconds.
  path: Assets/Game/Gameplay/Scripts/EnemyPatrol.cs
  artifactKey: Guid(37f9febdbcf7f6e4c8b93d9092b8dc89) Importer(815301076,1909f56bfc062723c751e8b465ee728b)
Start importing Assets/Game/Gameplay/Scripts/EnemyPatrol.cs using Guid(37f9febdbcf7f6e4c8b93d9092b8dc89) Importer(815301076,1909f56bfc062723c751e8b465ee728b) [PhysX] Initialized MultithreadedTaskDispatcher with 8 workers.
 -> (artifact id: '00000000000000000000000000000000') in 0.000789 seconds
Import Error Code:(4)
Message: Build asset version error: assets/game/gameplay/scripts/enemypatrol.cs in SourceAssetDB has modification time of '2026-09-02T10:57:55.9711446Z' while content on disk has modification time of '2026-09-02T10:58:08.4959181Z'
  ERROR: Build asset version error: assets/game/gameplay/scripts/enemypatrol.cs in SourceAssetDB has modification time of '2026-09-02T10:57:55.9711446Z' while content on disk has modification time of '2026-09-02T10:58:08.4959181Z'
Number of updated asset objects reloaded before import = 0
Number of asset objects unloaded after import = 0
========================================================================
Received Import Request.
  Time since last request: 0.008393 seconds.
  path: Assets/Game/Gameplay/Scripts/EnemyPatrol.cs
  artifactKey: Guid(37f9febdbcf7f6e4c8b93d9092b8dc89) Importer(815301076,1909f56bfc062723c751e8b465ee728b)
Start importing Assets/Game/Gameplay/Scripts/EnemyPatrol.cs using Guid(37f9febdbcf7f6e4c8b93d9092b8dc89) Importer(815301076,1909f56bfc062723c751e8b465ee728b) [PhysX] Initialized MultithreadedTaskDispatcher with 8 workers.
 -> (artifact id: '00000000000000000000000000000000') in 0.000656 seconds
Import Error Code:(4)
Message: Build asset version error: assets/game/gameplay/scripts/enemypatrol.cs in SourceAssetDB has modification time of '2026-09-02T10:57:55.9711446Z' while content on disk has modification time of '2026-09-02T10:58:08.4959181Z'
  ERROR: Build asset version error: assets/game/gameplay/scripts/enemypatrol.cs in SourceAssetDB has modification time of '2026-09-02T10:57:55.9711446Z' while content on disk has modification time of '2026-09-02T10:58:08.4959181Z'
Number of updated asset objects reloaded before import = 0
Number of asset objects unloaded after import = 0
========================================================================
Received Import Request.
  Time since last request: 0.008337 seconds.
  path: Assets/Game/Gameplay/Scripts/EnemyPatrol.cs
  artifactKey: Guid(37f9febdbcf7f6e4c8b93d9092b8dc89) Importer(815301076,1909f56bfc062723c751e8b465ee728b)
Start importing Assets/Game/Gameplay/Scripts/EnemyPatrol.cs using Guid(37f9febdbcf7f6e4c8b93d9092b8dc89) Importer(815301076,1909f56bfc062723c751e8b465ee728b) [PhysX] Initialized MultithreadedTaskDispatcher with 8 workers.
 -> (artifact id: '00000000000000000000000000000000') in 0.000658 seconds
Import Error Code:(4)
Message: Build asset version error: assets/game/gameplay/scripts/enemypatrol.cs in SourceAssetDB has modification time of '2026-09-02T10:57:55.9711446Z' while content on disk has modification time of '2026-09-02T10:58:08.4959181Z'
  ERROR: Build asset version error: assets/game/gameplay/scripts/enemypatrol.cs in SourceAssetDB has modification time of '2026-09-02T10:57:55.9711446Z' while content on disk has modification time of '2026-09-02T10:58:08.4959181Z'
Number of updated asset objects reloaded before import = 0
Number of asset objects unloaded after import = 0
========================================================================
Received Import Request.
  Time since last request: 0.008262 seconds.
  path: Assets/Game/Gameplay/Scripts/EnemyPatrol.cs
  artifactKey: Guid(37f9febdbcf7f6e4c8b93d9092b8dc89) Importer(815301076,1909f56bfc062723c751e8b465ee728b)
Start importing Assets/Game/Gameplay/Scripts/EnemyPatrol.cs using Guid(37f9febdbcf7f6e4c8b93d9092b8dc89) Importer(815301076,1909f56bfc062723c751e8b465ee728b) [PhysX] Initialized MultithreadedTaskDispatcher with 8 workers.
 -> (artifact id: '00000000000000000000000000000000') in 0.000665 seconds
Import Error Code:(4)
Message: Build asset version error: assets/game/gameplay/scripts/enemypatrol.cs in SourceAssetDB has modification time of '2026-09-02T10:57:55.9711446Z' while content on disk has modification time of '2026-09-02T10:58:08.4959181Z'
  ERROR: Build asset version error: assets/game/gameplay/scripts/enemypatrol.cs in SourceAssetDB has modification time of '2026-09-02T10:57:55.9711446Z' while content on disk has modification time of '2026-09-02T10:58:08.4959181Z'
Number of updated asset objects reloaded before import = 0
Number of asset objects unloaded after import = 0
========================================================================
Received Import Request.
  Time since last request: 0.008519 seconds.
  path: Assets/Game/Gameplay/Scripts/EnemyPatrol.cs
  artifactKey: Guid(37f9febdbcf7f6e4c8b93d9092b8dc89) Importer(815301076,1909f56bfc062723c751e8b465ee728b)
Start importing Assets/Game/Gameplay/Scripts/EnemyPatrol.cs using Guid(37f9febdbcf7f6e4c8b93d9092b8dc89) Importer(815301076,1909f56bfc062723c751e8b465ee728b) [PhysX] Initialized MultithreadedTaskDispatcher with 8 workers.
 -> (artifact id: '00000000000000000000000000000000') in 0.000653 seconds
Import Error Code:(4)
Message: Build asset version error: assets/game/gameplay/scripts/enemypatrol.cs in SourceAssetDB has modification time of '2026-09-02T10:57:55.9711446Z' while content on disk has modification time of '2026-09-02T10:58:08.4959181Z'
  ERROR: Build asset version error: assets/game/gameplay/scripts/enemypatrol.cs in SourceAssetDB has modification time of '2026-09-02T10:57:55.9711446Z' while content on disk has modification time of '2026-09-02T10:58:08.4959181Z'
Number of updated asset objects reloaded before import = 0
Number of asset objects unloaded after import = 0
========================================================================
Received Import Request.
  Time since last request: 0.008311 seconds.
  path: Assets/Game/Gameplay/Scripts/EnemyPatrol.cs
  artifactKey: Guid(37f9febdbcf7f6e4c8b93d9092b8dc89) Importer(815301076,1909f56bfc062723c751e8b465ee728b)
Start importing Assets/Game/Gameplay/Scripts/EnemyPatrol.cs using Guid(37f9febdbcf7f6e4c8b93d9092b8dc89) Importer(815301076,1909f56bfc062723c751e8b465ee728b) [PhysX] Initialized MultithreadedTaskDispatcher with 8 workers.
 -> (artifact id: '00000000000000000000000000000000') in 0.000783 seconds
Import Error Code:(4)
Message: Build asset version error: assets/game/gameplay/scripts/enemypatrol.cs in SourceAssetDB has modification time of '2026-09-02T10:57:55.9711446Z' while content on disk has modification time of '2026-09-02T10:58:08.4959181Z'
  ERROR: Build asset version error: assets/game/gameplay/scripts/enemypatrol.cs in SourceAssetDB has modification time of '2026-09-02T10:57:55.9711446Z' while content on disk has modification time of '2026-09-02T10:58:08.4959181Z'
Number of updated asset objects reloaded before import = 0
Number of asset objects unloaded after import = 0
========================================================================
Received Import Request.
  Time since last request: 0.008817 seconds.
  path: Assets/Game/Gameplay/Scripts/EnemyPatrol.cs
  artifactKey: Guid(37f9febdbcf7f6e4c8b93d9092b8dc89) Importer(815301076,1909f56bfc062723c751e8b465ee728b)
Start importing Assets/Game/Gameplay/Scripts/EnemyPatrol.cs using Guid(37f9febdbcf7f6e4c8b93d9092b8dc89) Importer(815301076,1909f56bfc062723c751e8b465ee728b) [PhysX] Initialized MultithreadedTaskDispatcher with 8 workers.
 -> (artifact id: '00000000000000000000000000000000') in 0.000711 seconds
Import Error Code:(4)
Message: Build asset version error: assets/game/gameplay/scripts/enemypatrol.cs in SourceAssetDB has modification time of '2026-09-02T10:57:55.9711446Z' while content on disk has modification time of '2026-09-02T10:58:08.4959181Z'
  ERROR: Build asset version error: assets/game/gameplay/scripts/enemypatrol.cs in SourceAssetDB has modification time of '2026-09-02T10:57:55.9711446Z' while content on disk has modification time of '2026-09-02T10:58:08.4959181Z'
Number of updated asset objects reloaded before import = 0
Number of asset objects unloaded after import = 0
========================================================================
Received Import Request.
  Time since last request: 0.007937 seconds.
  path: Assets/Game/Gameplay/Scripts/EnemyPatrol.cs
  artifactKey: Guid(37f9febdbcf7f6e4c8b93d9092b8dc89) Importer(815301076,1909f56bfc062723c751e8b465ee728b)
Start importing Assets/Game/Gameplay/Scripts/EnemyPatrol.cs using Guid(37f9febdbcf7f6e4c8b93d9092b8dc89) Importer(815301076,1909f56bfc062723c751e8b465ee728b) [PhysX] Initialized MultithreadedTaskDispatcher with 8 workers.
 -> (artifact id: '00000000000000000000000000000000') in 0.000641 seconds
Import Error Code:(4)
Message: Build asset version error: assets/game/gameplay/scripts/enemypatrol.cs in SourceAssetDB has modification time of '2026-09-02T10:57:55.9711446Z' while content on disk has modification time of '2026-09-02T10:58:08.4959181Z'
  ERROR: Build asset version error: assets/game/gameplay/scripts/enemypatrol.cs in SourceAssetDB has modification time of '2026-09-02T10:57:55.9711446Z' while content on disk has modification time of '2026-09-02T10:58:08.4959181Z'
Number of updated asset objects reloaded before import = 0
Number of asset objects unloaded after import = 0
========================================================================
Received Import Request.
  Time since last request: 0.008755 seconds.
  path: Assets/Game/Gameplay/Scripts/EnemyPatrol.cs
  artifactKey: Guid(37f9febdbcf7f6e4c8b93d9092b8dc89) Importer(815301076,1909f56bfc062723c751e8b465ee728b)
Start importing Assets/Game/Gameplay/Scripts/EnemyPatrol.cs using Guid(37f9febdbcf7f6e4c8b93d9092b8dc89) Importer(815301076,1909f56bfc062723c751e8b465ee728b) [PhysX] Initialized MultithreadedTaskDispatcher with 8 workers.
 -> (artifact id: '00000000000000000000000000000000') in 0.000883 seconds
Import Error Code:(4)
Message: Build asset version error: assets/game/gameplay/scripts/enemypatrol.cs in SourceAssetDB has modification time of '2026-09-02T10:57:55.9711446Z' while content on disk has modification time of '2026-09-02T10:58:08.4959181Z'
  ERROR: Build asset version error: assets/game/gameplay/scripts/enemypatrol.cs in SourceAssetDB has modification time of '2026-09-02T10:57:55.9711446Z' while content on disk has modification time of '2026-09-02T10:58:08.4959181Z'
Number of updated asset objects reloaded before import = 0
Number of asset objects unloaded after import = 0
========================================================================
Received Import Request.
  Time since last request: 0.008640 seconds.
  path: Assets/Game/Gameplay/Scripts/EnemyPatrol.cs
  artifactKey: Guid(37f9febdbcf7f6e4c8b93d9092b8dc89) Importer(815301076,1909f56bfc062723c751e8b465ee728b)
Start importing Assets/Game/Gameplay/Scripts/EnemyPatrol.cs using Guid(37f9febdbcf7f6e4c8b93d9092b8dc89) Importer(815301076,1909f56bfc062723c751e8b465ee728b) [PhysX] Initialized MultithreadedTaskDispatcher with 8 workers.
 -> (artifact id: '00000000000000000000000000000000') in 0.000742 seconds
Import Error Code:(4)
Message: Build asset version error: assets/game/gameplay/scripts/enemypatrol.cs in SourceAssetDB has modification time of '2026-09-02T10:57:55.9711446Z' while content on disk has modification time of '2026-09-02T10:58:08.4959181Z'
  ERROR: Build asset version error: assets/game/gameplay/scripts/enemypatrol.cs in SourceAssetDB has modification time of '2026-09-02T10:57:55.9711446Z' while content on disk has modification time of '2026-09-02T10:58:08.4959181Z'
Number of updated asset objects reloaded before import = 0
Number of asset objects unloaded after import = 0
========================================================================
Received Import Request.
  Time since last request: 0.007753 seconds.
  path: Assets/Game/Gameplay/Scripts/EnemyPatrol.cs
  artifactKey: Guid(37f9febdbcf7f6e4c8b93d9092b8dc89) Importer(815301076,1909f56bfc062723c751e8b465ee728b)
Start importing Assets/Game/Gameplay/Scripts/EnemyPatrol.cs using Guid(37f9febdbcf7f6e4c8b93d9092b8dc89) Importer(815301076,1909f56bfc062723c751e8b465ee728b) [PhysX] Initialized MultithreadedTaskDispatcher with 8 workers.
 -> (artifact id: '00000000000000000000000000000000') in 0.000642 seconds
Import Error Code:(4)
Message: Build asset version error: assets/game/gameplay/scripts/enemypatrol.cs in SourceAssetDB has modification time of '2026-09-02T10:57:55.9711446Z' while content on disk has modification time of '2026-09-02T10:58:08.4959181Z'
  ERROR: Build asset version error: assets/game/gameplay/scripts/enemypatrol.cs in SourceAssetDB has modification time of '2026-09-02T10:57:55.9711446Z' while content on disk has modification time of '2026-09-02T10:58:08.4959181Z'
Number of updated asset objects reloaded before import = 0
Number of asset objects unloaded after import = 0
========================================================================
Received Import Request.
  Time since last request: 0.008127 seconds.
  path: Assets/Game/Gameplay/Scripts/EnemyPatrol.cs
  artifactKey: Guid(37f9febdbcf7f6e4c8b93d9092b8dc89) Importer(815301076,1909f56bfc062723c751e8b465ee728b)
Start importing Assets/Game/Gameplay/Scripts/EnemyPatrol.cs using Guid(37f9febdbcf7f6e4c8b93d9092b8dc89) Importer(815301076,1909f56bfc062723c751e8b465ee728b) [PhysX] Initialized MultithreadedTaskDispatcher with 8 workers.
 -> (artifact id: '00000000000000000000000000000000') in 0.000875 seconds
Import Error Code:(4)
Message: Build asset version error: assets/game/gameplay/scripts/enemypatrol.cs in SourceAssetDB has modification time of '2026-09-02T10:57:55.9711446Z' while content on disk has modification time of '2026-09-02T10:58:08.4959181Z'
  ERROR: Build asset version error: assets/game/gameplay/scripts/enemypatrol.cs in SourceAssetDB has modification time of '2026-09-02T10:57:55.9711446Z' while content on disk has modification time of '2026-09-02T10:58:08.4959181Z'
Number of updated asset objects reloaded before import = 0
Number of asset objects unloaded after import = 0
========================================================================
Received Import Request.
  Time since last request: 0.007736 seconds.
  path: Assets/Game/Gameplay/Scripts/EnemyPatrol.cs
  artifactKey: Guid(37f9febdbcf7f6e4c8b93d9092b8dc89) Importer(815301076,1909f56bfc062723c751e8b465ee728b)
Start importing Assets/Game/Gameplay/Scripts/EnemyPatrol.cs using Guid(37f9febdbcf7f6e4c8b93d9092b8dc89) Importer(815301076,1909f56bfc062723c751e8b465ee728b) [PhysX] Initialized MultithreadedTaskDispatcher with 8 workers.
 -> (artifact id: '00000000000000000000000000000000') in 0.000644 seconds
Import Error Code:(4)
Message: Build asset version error: assets/game/gameplay/scripts/enemypatrol.cs in SourceAssetDB has modification time of '2026-09-02T10:57:55.9711446Z' while content on disk has modification time of '2026-09-02T10:58:08.4959181Z'
  ERROR: Build asset version error: assets/game/gameplay/scripts/enemypatrol.cs in SourceAssetDB has modification time of '2026-09-02T10:57:55.9711446Z' while content on disk has modification time of '2026-09-02T10:58:08.4959181Z'
Number of updated asset objects reloaded before import = 0
Number of asset objects unloaded after import = 0
========================================================================
Received Import Request.
  Time since last request: 0.008030 seconds.
  path: Assets/Game/Gameplay/Scripts/EnemyPatrol.cs
  artifactKey: Guid(37f9febdbcf7f6e4c8b93d9092b8dc89) Importer(815301076,1909f56bfc062723c751e8b465ee728b)
Start importing Assets/Game/Gameplay/Scripts/EnemyPatrol.cs using Guid(37f9febdbcf7f6e4c8b93d9092b8dc89) Importer(815301076,1909f56bfc062723c751e8b465ee728b) [PhysX] Initialized MultithreadedTaskDispatcher with 8 workers.
 -> (artifact id: '00000000000000000000000000000000') in 0.000681 seconds
Import Error Code:(4)
Message: Build asset version error: assets/game/gameplay/scripts/enemypatrol.cs in SourceAssetDB has modification time of '2026-09-02T10:57:55.9711446Z' while content on disk has modification time of '2026-09-02T10:58:08.4959181Z'
  ERROR: Build asset version error: assets/game/gameplay/scripts/enemypatrol.cs in SourceAssetDB has modification time of '2026-09-02T10:57:55.9711446Z' while content on disk has modification time of '2026-09-02T10:58:08.4959181Z'
Number of updated asset objects reloaded before import = 0
Number of asset objects unloaded after import = 0
========================================================================
Received Import Request.
  Time since last request: 0.009597 seconds.
  path: Assets/Game/Gameplay/Scripts/EnemyPatrol.cs
  artifactKey: Guid(37f9febdbcf7f6e4c8b93d9092b8dc89) Importer(815301076,1909f56bfc062723c751e8b465ee728b)
Start importing Assets/Game/Gameplay/Scripts/EnemyPatrol.cs using Guid(37f9febdbcf7f6e4c8b93d9092b8dc89) Importer(815301076,1909f56bfc062723c751e8b465ee728b) [PhysX] Initialized MultithreadedTaskDispatcher with 8 workers.
 -> (artifact id: '00000000000000000000000000000000') in 0.000657 seconds
Import Error Code:(4)
Message: Build asset version error: assets/game/gameplay/scripts/enemypatrol.cs in SourceAssetDB has modification time of '2026-09-02T10:57:55.9711446Z' while content on disk has modification time of '2026-09-02T10:58:08.4959181Z'
  ERROR: Build asset version error: assets/game/gameplay/scripts/enemypatrol.cs in SourceAssetDB has modification time of '2026-09-02T10:57:55.9711446Z' while content on disk has modification time of '2026-09-02T10:58:08.4959181Z'
Number of updated asset objects reloaded before import = 0
Number of asset objects unloaded after import = 0
========================================================================
Received Import Request.
  Time since last request: 0.007902 seconds.
  path: Assets/Game/Gameplay/Scripts/EnemyPatrol.cs
  artifactKey: Guid(37f9febdbcf7f6e4c8b93d9092b8dc89) Importer(815301076,1909f56bfc062723c751e8b465ee728b)
Start importing Assets/Game/Gameplay/Scripts/EnemyPatrol.cs using Guid(37f9febdbcf7f6e4c8b93d9092b8dc89) Importer(815301076,1909f56bfc062723c751e8b465ee728b) [PhysX] Initialized MultithreadedTaskDispatcher with 8 workers.
 -> (artifact id: '00000000000000000000000000000000') in 0.001107 seconds
Import Error Code:(4)
Message: Build asset version error: assets/game/gameplay/scripts/enemypatrol.cs in SourceAssetDB has modification time of '2026-09-02T10:57:55.9711446Z' while content on disk has modification time of '2026-09-02T10:58:08.4959181Z'
  ERROR: Build asset version error: assets/game/gameplay/scripts/enemypatrol.cs in SourceAssetDB has modification time of '2026-09-02T10:57:55.9711446Z' while content on disk has modification time of '2026-09-02T10:58:08.4959181Z'
Number of updated asset objects reloaded before import = 0
Number of asset objects unloaded after import = 0
========================================================================
Received Import Request.
  Time since last request: 0.008050 seconds.
  path: Assets/Game/Gameplay/Scripts/EnemyPatrol.cs
  artifactKey: Guid(37f9febdbcf7f6e4c8b93d9092b8dc89) Importer(815301076,1909f56bfc062723c751e8b465ee728b)
Start importing Assets/Game/Gameplay/Scripts/EnemyPatrol.cs using Guid(37f9febdbcf7f6e4c8b93d9092b8dc89) Importer(815301076,1909f56bfc062723c751e8b465ee728b) [PhysX] Initialized MultithreadedTaskDispatcher with 8 workers.
 -> (artifact id: '00000000000000000000000000000000') in 0.000710 seconds
Import Error Code:(4)
Message: Build asset version error: assets/game/gameplay/scripts/enemypatrol.cs in SourceAssetDB has modification time of '2026-09-02T10:57:55.9711446Z' while content on disk has modification time of '2026-09-02T10:58:08.4959181Z'
  ERROR: Build asset version error: assets/game/gameplay/scripts/enemypatrol.cs in SourceAssetDB has modification time of '2026-09-02T10:57:55.9711446Z' while content on disk has modification time of '2026-09-02T10:58:08.4959181Z'
Number of updated asset objects reloaded before import = 0
Number of asset objects unloaded after import = 0
========================================================================
Received Import Request.
  Time since last request: 0.010030 seconds.
  path: Assets/Game/Gameplay/Scripts/EnemyPatrol.cs
  artifactKey: Guid(37f9febdbcf7f6e4c8b93d9092b8dc89) Importer(815301076,1909f56bfc062723c751e8b465ee728b)
Start importing Assets/Game/Gameplay/Scripts/EnemyPatrol.cs using Guid(37f9febdbcf7f6e4c8b93d9092b8dc89) Importer(815301076,1909f56bfc062723c751e8b465ee728b) [PhysX] Initialized MultithreadedTaskDispatcher with 8 workers.
 -> (artifact id: '00000000000000000000000000000000') in 0.000647 seconds
Import Error Code:(4)
Message: Build asset version error: assets/game/gameplay/scripts/enemypatrol.cs in SourceAssetDB has modification time of '2026-09-02T10:57:55.9711446Z' while content on disk has modification time of '2026-09-02T10:58:08.4959181Z'
  ERROR: Build asset version error: assets/game/gameplay/scripts/enemypatrol.cs in SourceAssetDB has modification time of '2026-09-02T10:57:55.9711446Z' while content on disk has modification time of '2026-09-02T10:58:08.4959181Z'
Number of updated asset objects reloaded before import = 0
Number of asset objects unloaded after import = 0
========================================================================
Received Import Request.
  Time since last request: 0.006848 seconds.
  path: Assets/Game/Gameplay/Scripts/EnemyPatrol.cs
  artifactKey: Guid(37f9febdbcf7f6e4c8b93d9092b8dc89) Importer(815301076,1909f56bfc062723c751e8b465ee728b)
Start importing Assets/Game/Gameplay/Scripts/EnemyPatrol.cs using Guid(37f9febdbcf7f6e4c8b93d9092b8dc89) Importer(815301076,1909f56bfc062723c751e8b465ee728b) [PhysX] Initialized MultithreadedTaskDispatcher with 8 workers.
 -> (artifact id: '00000000000000000000000000000000') in 0.000648 seconds
Import Error Code:(4)
Message: Build asset version error: assets/game/gameplay/scripts/enemypatrol.cs in SourceAssetDB has modification time of '2026-09-02T10:57:55.9711446Z' while content on disk has modification time of '2026-09-02T10:58:08.4959181Z'
  ERROR: Build asset version error: assets/game/gameplay/scripts/enemypatrol.cs in SourceAssetDB has modification time of '2026-09-02T10:57:55.9711446Z' while content on disk has modification time of '2026-09-02T10:58:08.4959181Z'
Number of updated asset objects reloaded before import = 0
Number of asset objects unloaded after import = 0
========================================================================
Received Import Request.
  Time since last request: 0.007864 seconds.
  path: Assets/Game/Gameplay/Scripts/EnemyPatrol.cs
  artifactKey: Guid(37f9febdbcf7f6e4c8b93d9092b8dc89) Importer(815301076,1909f56bfc062723c751e8b465ee728b)
Start importing Assets/Game/Gameplay/Scripts/EnemyPatrol.cs using Guid(37f9febdbcf7f6e4c8b93d9092b8dc89) Importer(815301076,1909f56bfc062723c751e8b465ee728b) [PhysX] Initialized MultithreadedTaskDispatcher with 8 workers.
 -> (artifact id: '00000000000000000000000000000000') in 0.000638 seconds
Import Error Code:(4)
Message: Build asset version error: assets/game/gameplay/scripts/enemypatrol.cs in SourceAssetDB has modification time of '2026-09-02T10:57:55.9711446Z' while content on disk has modification time of '2026-09-02T10:58:08.4959181Z'
  ERROR: Build asset version error: assets/game/gameplay/scripts/enemypatrol.cs in SourceAssetDB has modification time of '2026-09-02T10:57:55.9711446Z' while content on disk has modification time of '2026-09-02T10:58:08.4959181Z'
Number of updated asset objects reloaded before import = 0
Number of asset objects unloaded after import = 0
========================================================================
Received Import Request.
  Time since last request: 0.008356 seconds.
  path: Assets/Game/Gameplay/Scripts/EnemyPatrol.cs
  artifactKey: Guid(37f9febdbcf7f6e4c8b93d9092b8dc89) Importer(815301076,1909f56bfc062723c751e8b465ee728b)
Start importing Assets/Game/Gameplay/Scripts/EnemyPatrol.cs using Guid(37f9febdbcf7f6e4c8b93d9092b8dc89) Importer(815301076,1909f56bfc062723c751e8b465ee728b) [PhysX] Initialized MultithreadedTaskDispatcher with 8 workers.
 -> (artifact id: '00000000000000000000000000000000') in 0.000755 seconds
Import Error Code:(4)
Message: Build asset version error: assets/game/gameplay/scripts/enemypatrol.cs in SourceAssetDB has modification time of '2026-09-02T10:57:55.9711446Z' while content on disk has modification time of '2026-09-02T10:58:08.4959181Z'
  ERROR: Build asset version error: assets/game/gameplay/scripts/enemypatrol.cs in SourceAssetDB has modification time of '2026-09-02T10:57:55.9711446Z' while content on disk has modification time of '2026-09-02T10:58:08.4959181Z'
Number of updated asset objects reloaded before import = 0
Number of asset objects unloaded after import = 0
========================================================================
Received Import Request.
  Time since last request: 0.007170 seconds.
  path: Assets/Game/Gameplay/Scripts/EnemyPatrol.cs
  artifactKey: Guid(37f9febdbcf7f6e4c8b93d9092b8dc89) Importer(815301076,1909f56bfc062723c751e8b465ee728b)
Start importing Assets/Game/Gameplay/Scripts/EnemyPatrol.cs using Guid(37f9febdbcf7f6e4c8b93d9092b8dc89) Importer(815301076,1909f56bfc062723c751e8b465ee728b) [PhysX] Initialized MultithreadedTaskDispatcher with 8 workers.
 -> (artifact id: '00000000000000000000000000000000') in 0.000870 seconds
Import Error Code:(4)
Message: Build asset version error: assets/game/gameplay/scripts/enemypatrol.cs in SourceAssetDB has modification time of '2026-09-02T10:57:55.9711446Z' while content on disk has modification time of '2026-09-02T10:58:08.4959181Z'
  ERROR: Build asset version error: assets/game/gameplay/scripts/enemypatrol.cs in SourceAssetDB has modification time of '2026-09-02T10:57:55.9711446Z' while content on disk has modification time of '2026-09-02T10:58:08.4959181Z'
Number of updated asset objects reloaded before import = 0
Number of asset objects unloaded after import = 0
========================================================================
Received Import Request.
  Time since last request: 0.010551 seconds.
  path: Assets/Game/Gameplay/Scripts/EnemyPatrol.cs
  artifactKey: Guid(37f9febdbcf7f6e4c8b93d9092b8dc89) Importer(815301076,1909f56bfc062723c751e8b465ee728b)
Start importing Assets/Game/Gameplay/Scripts/EnemyPatrol.cs using Guid(37f9febdbcf7f6e4c8b93d9092b8dc89) Importer(815301076,1909f56bfc062723c751e8b465ee728b) [PhysX] Initialized MultithreadedTaskDispatcher with 8 workers.
 -> (artifact id: '00000000000000000000000000000000') in 0.000872 seconds
Import Error Code:(4)
Message: Build asset version error: assets/game/gameplay/scripts/enemypatrol.cs in SourceAssetDB has modification time of '2026-09-02T10:57:55.9711446Z' while content on disk has modification time of '2026-09-02T10:58:08.4959181Z'
  ERROR: Build asset version error: assets/game/gameplay/scripts/enemypatrol.cs in SourceAssetDB has modification time of '2026-09-02T10:57:55.9711446Z' while content on disk has modification time of '2026-09-02T10:58:08.4959181Z'
Number of updated asset objects reloaded before import = 0
Number of asset objects unloaded after import = 0
========================================================================
Received Import Request.
  Time since last request: 0.007961 seconds.
  path: Assets/Game/Gameplay/Scripts/EnemyPatrol.cs
  artifactKey: Guid(37f9febdbcf7f6e4c8b93d9092b8dc89) Importer(815301076,1909f56bfc062723c751e8b465ee728b)
Start importing Assets/Game/Gameplay/Scripts/EnemyPatrol.cs using Guid(37f9febdbcf7f6e4c8b93d9092b8dc89) Importer(815301076,1909f56bfc062723c751e8b465ee728b) [PhysX] Initialized MultithreadedTaskDispatcher with 8 workers.
 -> (artifact id: '00000000000000000000000000000000') in 0.000648 seconds
Import Error Code:(4)
Message: Build asset version error: assets/game/gameplay/scripts/enemypatrol.cs in SourceAssetDB has modification time of '2026-09-02T10:57:55.9711446Z' while content on disk has modification time of '2026-09-02T10:58:08.4959181Z'
  ERROR: Build asset version error: assets/game/gameplay/scripts/enemypatrol.cs in SourceAssetDB has modification time of '2026-09-02T10:57:55.9711446Z' while content on disk has modification time of '2026-09-02T10:58:08.4959181Z'
Number of updated asset objects reloaded before import = 0
Number of asset objects unloaded after import = 0
========================================================================
Received Import Request.
  Time since last request: 0.008870 seconds.
  path: Assets/Game/Gameplay/Scripts/EnemyPatrol.cs
  artifactKey: Guid(37f9febdbcf7f6e4c8b93d9092b8dc89) Importer(815301076,1909f56bfc062723c751e8b465ee728b)
Start importing Assets/Game/Gameplay/Scripts/EnemyPatrol.cs using Guid(37f9febdbcf7f6e4c8b93d9092b8dc89) Importer(815301076,1909f56bfc062723c751e8b465ee728b) [PhysX] Initialized MultithreadedTaskDispatcher with 8 workers.
 -> (artifact id: '00000000000000000000000000000000') in 0.000651 seconds
Import Error Code:(4)
Message: Build asset version error: assets/game/gameplay/scripts/enemypatrol.cs in SourceAssetDB has modification time of '2026-09-02T10:57:55.9711446Z' while content on disk has modification time of '2026-09-02T10:58:08.4959181Z'
  ERROR: Build asset version error: assets/game/gameplay/scripts/enemypatrol.cs in SourceAssetDB has modification time of '2026-09-02T10:57:55.9711446Z' while content on disk has modification time of '2026-09-02T10:58:08.4959181Z'
Number of updated asset objects reloaded before import = 0
Number of asset objects unloaded after import = 0
========================================================================
Received Import Request.
  Time since last request: 0.007388 seconds.
  path: Assets/Game/Gameplay/Scripts/EnemyPatrol.cs
  artifactKey: Guid(37f9febdbcf7f6e4c8b93d9092b8dc89) Importer(815301076,1909f56bfc062723c751e8b465ee728b)
Start importing Assets/Game/Gameplay/Scripts/EnemyPatrol.cs using Guid(37f9febdbcf7f6e4c8b93d9092b8dc89) Importer(815301076,1909f56bfc062723c751e8b465ee728b) [PhysX] Initialized MultithreadedTaskDispatcher with 8 workers.
 -> (artifact id: '00000000000000000000000000000000') in 0.000909 seconds
Import Error Code:(4)
Message: Build asset version error: assets/game/gameplay/scripts/enemypatrol.cs in SourceAssetDB has modification time of '2026-09-02T10:57:55.9711446Z' while content on disk has modification time of '2026-09-02T10:58:08.4959181Z'
  ERROR: Build asset version error: assets/game/gameplay/scripts/enemypatrol.cs in SourceAssetDB has modification time of '2026-09-02T10:57:55.9711446Z' while content on disk has modification time of '2026-09-02T10:58:08.4959181Z'
Number of updated asset objects reloaded before import = 0
Number of asset objects unloaded after import = 0
========================================================================
Received Import Request.
  Time since last request: 0.008882 seconds.
  path: Assets/Game/Gameplay/Scripts/EnemyPatrol.cs
  artifactKey: Guid(37f9febdbcf7f6e4c8b93d9092b8dc89) Importer(815301076,1909f56bfc062723c751e8b465ee728b)
Start importing Assets/Game/Gameplay/Scripts/EnemyPatrol.cs using Guid(37f9febdbcf7f6e4c8b93d9092b8dc89) Importer(815301076,1909f56bfc062723c751e8b465ee728b) [PhysX] Initialized MultithreadedTaskDispatcher with 8 workers.
 -> (artifact id: '00000000000000000000000000000000') in 0.000647 seconds
Import Error Code:(4)
Message: Build asset version error: assets/game/gameplay/scripts/enemypatrol.cs in SourceAssetDB has modification time of '2026-09-02T10:57:55.9711446Z' while content on disk has modification time of '2026-09-02T10:58:08.4959181Z'
  ERROR: Build asset version error: assets/game/gameplay/scripts/enemypatrol.cs in SourceAssetDB has modification time of '2026-09-02T10:57:55.9711446Z' while content on disk has modification time of '2026-09-02T10:58:08.4959181Z'
Number of updated asset objects reloaded before import = 0
Number of asset objects unloaded after import = 0
========================================================================
Received Import Request.
  Time since last request: 0.007372 seconds.
  path: Assets/Game/Gameplay/Scripts/EnemyPatrol.cs
  artifactKey: Guid(37f9febdbcf7f6e4c8b93d9092b8dc89) Importer(815301076,1909f56bfc062723c751e8b465ee728b)
Start importing Assets/Game/Gameplay/Scripts/EnemyPatrol.cs using Guid(37f9febdbcf7f6e4c8b93d9092b8dc89) Importer(815301076,1909f56bfc062723c751e8b465ee728b) [PhysX] Initialized MultithreadedTaskDispatcher with 8 workers.
 -> (artifact id: '00000000000000000000000000000000') in 0.000674 seconds
Import Error Code:(4)
Message: Build asset version error: assets/game/gameplay/scripts/enemypatrol.cs in SourceAssetDB has modification time of '2026-09-02T10:57:55.9711446Z' while content on disk has modification time of '2026-09-02T10:58:08.4959181Z'
  ERROR: Build asset version error: assets/game/gameplay/scripts/enemypatrol.cs in SourceAssetDB has modification time of '2026-09-02T10:57:55.9711446Z' while content on disk has modification time of '2026-09-02T10:58:08.4959181Z'
Number of updated asset objects reloaded before import = 0
Number of asset objects unloaded after import = 0
========================================================================
Received Import Request.
  Time since last request: 0.007766 seconds.
  path: Assets/Game/Gameplay/Scripts/EnemyPatrol.cs
  artifactKey: Guid(37f9febdbcf7f6e4c8b93d9092b8dc89) Importer(815301076,1909f56bfc062723c751e8b465ee728b)
Start importing Assets/Game/Gameplay/Scripts/EnemyPatrol.cs using Guid(37f9febdbcf7f6e4c8b93d9092b8dc89) Importer(815301076,1909f56bfc062723c751e8b465ee728b) [PhysX] Initialized MultithreadedTaskDispatcher with 8 workers.
 -> (artifact id: '00000000000000000000000000000000') in 0.000663 seconds
Import Error Code:(4)
Message: Build asset version error: assets/game/gameplay/scripts/enemypatrol.cs in SourceAssetDB has modification time of '2026-09-02T10:57:55.9711446Z' while content on disk has modification time of '2026-09-02T10:58:08.4959181Z'
  ERROR: Build asset version error: assets/game/gameplay/scripts/enemypatrol.cs in SourceAssetDB has modification time of '2026-09-02T10:57:55.9711446Z' while content on disk has modification time of '2026-09-02T10:58:08.4959181Z'
Number of updated asset objects reloaded before import = 0
Number of asset objects unloaded after import = 0
========================================================================
Received Import Request.
  Time since last request: 0.008108 seconds.
  path: Assets/Game/Gameplay/Scripts/EnemyPatrol.cs
  artifactKey: Guid(37f9febdbcf7f6e4c8b93d9092b8dc89) Importer(815301076,1909f56bfc062723c751e8b465ee728b)
Start importing Assets/Game/Gameplay/Scripts/EnemyPatrol.cs using Guid(37f9febdbcf7f6e4c8b93d9092b8dc89) Importer(815301076,1909f56bfc062723c751e8b465ee728b) [PhysX] Initialized MultithreadedTaskDispatcher with 8 workers.
 -> (artifact id: '00000000000000000000000000000000') in 0.000631 seconds
Import Error Code:(4)
Message: Build asset version error: assets/game/gameplay/scripts/enemypatrol.cs in SourceAssetDB has modification time of '2026-09-02T10:57:55.9711446Z' while content on disk has modification time of '2026-09-02T10:58:08.4959181Z'
  ERROR: Build asset version error: assets/game/gameplay/scripts/enemypatrol.cs in SourceAssetDB has modification time of '2026-09-02T10:57:55.9711446Z' while content on disk has modification time of '2026-09-02T10:58:08.4959181Z'
Number of updated asset objects reloaded before import = 0
Number of asset objects unloaded after import = 0
========================================================================
Received Import Request.
  Time since last request: 0.008663 seconds.
  path: Assets/Game/Gameplay/Scripts/EnemyPatrol.cs
  artifactKey: Guid(37f9febdbcf7f6e4c8b93d9092b8dc89) Importer(815301076,1909f56bfc062723c751e8b465ee728b)
Start importing Assets/Game/Gameplay/Scripts/EnemyPatrol.cs using Guid(37f9febdbcf7f6e4c8b93d9092b8dc89) Importer(815301076,1909f56bfc062723c751e8b465ee728b) [PhysX] Initialized MultithreadedTaskDispatcher with 8 workers.
 -> (artifact id: '00000000000000000000000000000000') in 0.000829 seconds
Import Error Code:(4)
Message: Build asset version error: assets/game/gameplay/scripts/enemypatrol.cs in SourceAssetDB has modification time of '2026-09-02T10:57:55.9711446Z' while content on disk has modification time of '2026-09-02T10:58:08.4959181Z'
  ERROR: Build asset version error: assets/game/gameplay/scripts/enemypatrol.cs in SourceAssetDB has modification time of '2026-09-02T10:57:55.9711446Z' while content on disk has modification time of '2026-09-02T10:58:08.4959181Z'
Number of updated asset objects reloaded before import = 0
Number of asset objects unloaded after import = 0
========================================================================
Received Import Request.
  Time since last request: 0.008963 seconds.
  path: Assets/Game/Gameplay/Scripts/EnemyPatrol.cs
  artifactKey: Guid(37f9febdbcf7f6e4c8b93d9092b8dc89) Importer(815301076,1909f56bfc062723c751e8b465ee728b)
Start importing Assets/Game/Gameplay/Scripts/EnemyPatrol.cs using Guid(37f9febdbcf7f6e4c8b93d9092b8dc89) Importer(815301076,1909f56bfc062723c751e8b465ee728b) [PhysX] Initialized MultithreadedTaskDispatcher with 8 workers.
 -> (artifact id: '00000000000000000000000000000000') in 0.000644 seconds
Import Error Code:(4)
Message: Build asset version error: assets/game/gameplay/scripts/enemypatrol.cs in SourceAssetDB has modification time of '2026-09-02T10:57:55.9711446Z' while content on disk has modification time of '2026-09-02T10:58:08.4959181Z'
  ERROR: Build asset version error: assets/game/gameplay/scripts/enemypatrol.cs in SourceAssetDB has modification time of '2026-09-02T10:57:55.9711446Z' while content on disk has modification time of '2026-09-02T10:58:08.4959181Z'
Number of updated asset objects reloaded before import = 0
Number of asset objects unloaded after import = 0
========================================================================
Received Import Request.
  Time since last request: 0.007601 seconds.
  path: Assets/Game/Gameplay/Scripts/EnemyPatrol.cs
  artifactKey: Guid(37f9febdbcf7f6e4c8b93d9092b8dc89) Importer(815301076,1909f56bfc062723c751e8b465ee728b)
Start importing Assets/Game/Gameplay/Scripts/EnemyPatrol.cs using Guid(37f9febdbcf7f6e4c8b93d9092b8dc89) Importer(815301076,1909f56bfc062723c751e8b465ee728b) [PhysX] Initialized MultithreadedTaskDispatcher with 8 workers.
 -> (artifact id: '00000000000000000000000000000000') in 0.000658 seconds
Import Error Code:(4)
Message: Build asset version error: assets/game/gameplay/scripts/enemypatrol.cs in SourceAssetDB has modification time of '2026-09-02T10:57:55.9711446Z' while content on disk has modification time of '2026-09-02T10:58:08.4959181Z'
  ERROR: Build asset version error: assets/game/gameplay/scripts/enemypatrol.cs in SourceAssetDB has modification time of '2026-09-02T10:57:55.9711446Z' while content on disk has modification time of '2026-09-02T10:58:08.4959181Z'
Number of updated asset objects reloaded before import = 0
Number of asset objects unloaded after import = 0
========================================================================
Received Import Request.
  Time since last request: 0.008147 seconds.
  path: Assets/Game/Gameplay/Scripts/EnemyPatrol.cs
  artifactKey: Guid(37f9febdbcf7f6e4c8b93d9092b8dc89) Importer(815301076,1909f56bfc062723c751e8b465ee728b)
Start importing Assets/Game/Gameplay/Scripts/EnemyPatrol.cs using Guid(37f9febdbcf7f6e4c8b93d9092b8dc89) Importer(815301076,1909f56bfc062723c751e8b465ee728b) [PhysX] Initialized MultithreadedTaskDispatcher with 8 workers.
 -> (artifact id: '00000000000000000000000000000000') in 0.000647 seconds
Import Error Code:(4)
Message: Build asset version error: assets/game/gameplay/scripts/enemypatrol.cs in SourceAssetDB has modification time of '2026-09-02T10:57:55.9711446Z' while content on disk has modification time of '2026-09-02T10:58:08.4959181Z'
  ERROR: Build asset version error: assets/game/gameplay/scripts/enemypatrol.cs in SourceAssetDB has modification time of '2026-09-02T10:57:55.9711446Z' while content on disk has modification time of '2026-09-02T10:58:08.4959181Z'
Number of updated asset objects reloaded before import = 0
Number of asset objects unloaded after import = 0
========================================================================
Received Import Request.
  Time since last request: 0.006700 seconds.
  path: Assets/Game/Gameplay/Scripts/EnemyPatrol.cs
  artifactKey: Guid(37f9febdbcf7f6e4c8b93d9092b8dc89) Importer(815301076,1909f56bfc062723c751e8b465ee728b)
Start importing Assets/Game/Gameplay/Scripts/EnemyPatrol.cs using Guid(37f9febdbcf7f6e4c8b93d9092b8dc89) Importer(815301076,1909f56bfc062723c751e8b465ee728b) [PhysX] Initialized MultithreadedTaskDispatcher with 8 workers.
 -> (artifact id: '00000000000000000000000000000000') in 0.000879 seconds
Import Error Code:(4)
Message: Build asset version error: assets/game/gameplay/scripts/enemypatrol.cs in SourceAssetDB has modification time of '2026-09-02T10:57:55.9711446Z' while content on disk has modification time of '2026-09-02T10:58:08.4959181Z'
  ERROR: Build asset version error: assets/game/gameplay/scripts/enemypatrol.cs in SourceAssetDB has modification time of '2026-09-02T10:57:55.9711446Z' while content on disk has modification time of '2026-09-02T10:58:08.4959181Z'
Number of updated asset objects reloaded before import = 0
Number of asset objects unloaded after import = 0
========================================================================
Received Import Request.
  Time since last request: 0.009271 seconds.
  path: Assets/Game/Gameplay/Scripts/EnemyPatrol.cs
  artifactKey: Guid(37f9febdbcf7f6e4c8b93d9092b8dc89) Importer(815301076,1909f56bfc062723c751e8b465ee728b)
Start importing Assets/Game/Gameplay/Scripts/EnemyPatrol.cs using Guid(37f9febdbcf7f6e4c8b93d9092b8dc89) Importer(815301076,1909f56bfc062723c751e8b465ee728b) [PhysX] Initialized MultithreadedTaskDispatcher with 8 workers.
 -> (artifact id: '00000000000000000000000000000000') in 0.000743 seconds
Import Error Code:(4)
Message: Build asset version error: assets/game/gameplay/scripts/enemypatrol.cs in SourceAssetDB has modification time of '2026-09-02T10:57:55.9711446Z' while content on disk has modification time of '2026-09-02T10:58:08.4959181Z'
  ERROR: Build asset version error: assets/game/gameplay/scripts/enemypatrol.cs in SourceAssetDB has modification time of '2026-09-02T10:57:55.9711446Z' while content on disk has modification time of '2026-09-02T10:58:08.4959181Z'
Number of updated asset objects reloaded before import = 0
Number of asset objects unloaded after import = 0
========================================================================
Received Import Request.
  Time since last request: 0.008424 seconds.
  path: Assets/Game/Gameplay/Scripts/EnemyPatrol.cs
  artifactKey: Guid(37f9febdbcf7f6e4c8b93d9092b8dc89) Importer(815301076,1909f56bfc062723c751e8b465ee728b)
Start importing Assets/Game/Gameplay/Scripts/EnemyPatrol.cs using Guid(37f9febdbcf7f6e4c8b93d9092b8dc89) Importer(815301076,1909f56bfc062723c751e8b465ee728b) [PhysX] Initialized MultithreadedTaskDispatcher with 8 workers.
 -> (artifact id: '00000000000000000000000000000000') in 0.000754 seconds
Import Error Code:(4)
Message: Build asset version error: assets/game/gameplay/scripts/enemypatrol.cs in SourceAssetDB has modification time of '2026-09-02T10:57:55.9711446Z' while content on disk has modification time of '2026-09-02T10:58:08.4959181Z'
  ERROR: Build asset version error: assets/game/gameplay/scripts/enemypatrol.cs in SourceAssetDB has modification time of '2026-09-02T10:57:55.9711446Z' while content on disk has modification time of '2026-09-02T10:58:08.4959181Z'
Number of updated asset objects reloaded before import = 0
Number of asset objects unloaded after import = 0
========================================================================
Received Import Request.
  Time since last request: 0.008591 seconds.
  path: Assets/Game/Gameplay/Scripts/EnemyPatrol.cs
  artifactKey: Guid(37f9febdbcf7f6e4c8b93d9092b8dc89) Importer(815301076,1909f56bfc062723c751e8b465ee728b)
Start importing Assets/Game/Gameplay/Scripts/EnemyPatrol.cs using Guid(37f9febdbcf7f6e4c8b93d9092b8dc89) Importer(815301076,1909f56bfc062723c751e8b465ee728b) [PhysX] Initialized MultithreadedTaskDispatcher with 8 workers.
 -> (artifact id: '00000000000000000000000000000000') in 0.000702 seconds
Import Error Code:(4)
Message: Build asset version error: assets/game/gameplay/scripts/enemypatrol.cs in SourceAssetDB has modification time of '2026-09-02T10:57:55.9711446Z' while content on disk has modification time of '2026-09-02T10:58:08.4959181Z'
  ERROR: Build asset version error: assets/game/gameplay/scripts/enemypatrol.cs in SourceAssetDB has modification time of '2026-09-02T10:57:55.9711446Z' while content on disk has modification time of '2026-09-02T10:58:08.4959181Z'
Number of updated asset objects reloaded before import = 0
Number of asset objects unloaded after import = 0
========================================================================
Received Import Request.
  Time since last request: 0.008169 seconds.
  path: Assets/Game/Gameplay/Scripts/EnemyPatrol.cs
  artifactKey: Guid(37f9febdbcf7f6e4c8b93d9092b8dc89) Importer(815301076,1909f56bfc062723c751e8b465ee728b)
Start importing Assets/Game/Gameplay/Scripts/EnemyPatrol.cs using Guid(37f9febdbcf7f6e4c8b93d9092b8dc89) Importer(815301076,1909f56bfc062723c751e8b465ee728b) [PhysX] Initialized MultithreadedTaskDispatcher with 8 workers.
 -> (artifact id: '00000000000000000000000000000000') in 0.000870 seconds
Import Error Code:(4)
Message: Build asset version error: assets/game/gameplay/scripts/enemypatrol.cs in SourceAssetDB has modification time of '2026-09-02T10:57:55.9711446Z' while content on disk has modification time of '2026-09-02T10:58:08.4959181Z'
  ERROR: Build asset version error: assets/game/gameplay/scripts/enemypatrol.cs in SourceAssetDB has modification time of '2026-09-02T10:57:55.9711446Z' while content on disk has modification time of '2026-09-02T10:58:08.4959181Z'
Number of updated asset objects reloaded before import = 0
Number of asset objects unloaded after import = 0
========================================================================
Received Import Request.
  Time since last request: 0.007969 seconds.
  path: Assets/Game/Gameplay/Scripts/EnemyPatrol.cs
  artifactKey: Guid(37f9febdbcf7f6e4c8b93d9092b8dc89) Importer(815301076,1909f56bfc062723c751e8b465ee728b)
Start importing Assets/Game/Gameplay/Scripts/EnemyPatrol.cs using Guid(37f9febdbcf7f6e4c8b93d9092b8dc89) Importer(815301076,1909f56bfc062723c751e8b465ee728b) [PhysX] Initialized MultithreadedTaskDispatcher with 8 workers.
 -> (artifact id: '00000000000000000000000000000000') in 0.000647 seconds
Import Error Code:(4)
Message: Build asset version error: assets/game/gameplay/scripts/enemypatrol.cs in SourceAssetDB has modification time of '2026-09-02T10:57:55.9711446Z' while content on disk has modification time of '2026-09-02T10:58:08.4959181Z'
  ERROR: Build asset version error: assets/game/gameplay/scripts/enemypatrol.cs in SourceAssetDB has modification time of '2026-09-02T10:57:55.9711446Z' while content on disk has modification time of '2026-09-02T10:58:08.4959181Z'
Number of updated asset objects reloaded before import = 0
Number of asset objects unloaded after import = 0
========================================================================
Received Import Request.
  Time since last request: 0.008174 seconds.
  path: Assets/Game/Gameplay/Scripts/EnemyPatrol.cs
  artifactKey: Guid(37f9febdbcf7f6e4c8b93d9092b8dc89) Importer(815301076,1909f56bfc062723c751e8b465ee728b)
Start importing Assets/Game/Gameplay/Scripts/EnemyPatrol.cs using Guid(37f9febdbcf7f6e4c8b93d9092b8dc89) Importer(815301076,1909f56bfc062723c751e8b465ee728b) [PhysX] Initialized MultithreadedTaskDispatcher with 8 workers.
 -> (artifact id: '00000000000000000000000000000000') in 0.000873 seconds
Import Error Code:(4)
Message: Build asset version error: assets/game/gameplay/scripts/enemypatrol.cs in SourceAssetDB has modification time of '2026-09-02T10:57:55.9711446Z' while content on disk has modification time of '2026-09-02T10:58:08.4959181Z'
  ERROR: Build asset version error: assets/game/gameplay/scripts/enemypatrol.cs in SourceAssetDB has modification time of '2026-09-02T10:57:55.9711446Z' while content on disk has modification time of '2026-09-02T10:58:08.4959181Z'
Number of updated asset objects reloaded before import = 0
Number of asset objects unloaded after import = 0
========================================================================
Received Import Request.
  Time since last request: 0.007905 seconds.
  path: Assets/Game/Gameplay/Scripts/EnemyPatrol.cs
  artifactKey: Guid(37f9febdbcf7f6e4c8b93d9092b8dc89) Importer(815301076,1909f56bfc062723c751e8b465ee728b)
Start importing Assets/Game/Gameplay/Scripts/EnemyPatrol.cs using Guid(37f9febdbcf7f6e4c8b93d9092b8dc89) Importer(815301076,1909f56bfc062723c751e8b465ee728b) [PhysX] Initialized MultithreadedTaskDispatcher with 8 workers.
 -> (artifact id: '00000000000000000000000000000000') in 0.000634 seconds
Import Error Code:(4)
Message: Build asset version error: assets/game/gameplay/scripts/enemypatrol.cs in SourceAssetDB has modification time of '2026-09-02T10:57:55.9711446Z' while content on disk has modification time of '2026-09-02T10:58:08.4959181Z'
  ERROR: Build asset version error: assets/game/gameplay/scripts/enemypatrol.cs in SourceAssetDB has modification time of '2026-09-02T10:57:55.9711446Z' while content on disk has modification time of '2026-09-02T10:58:08.4959181Z'
Number of updated asset objects reloaded before import = 0
Number of asset objects unloaded after import = 0
========================================================================
Received Import Request.
  Time since last request: 0.007465 seconds.
  path: Assets/Game/Gameplay/Scripts/EnemyPatrol.cs
  artifactKey: Guid(37f9febdbcf7f6e4c8b93d9092b8dc89) Importer(815301076,1909f56bfc062723c751e8b465ee728b)
Start importing Assets/Game/Gameplay/Scripts/EnemyPatrol.cs using Guid(37f9febdbcf7f6e4c8b93d9092b8dc89) Importer(815301076,1909f56bfc062723c751e8b465ee728b) [PhysX] Initialized MultithreadedTaskDispatcher with 8 workers.
 -> (artifact id: '00000000000000000000000000000000') in 0.000630 seconds
Import Error Code:(4)
Message: Build asset version error: assets/game/gameplay/scripts/enemypatrol.cs in SourceAssetDB has modification time of '2026-09-02T10:57:55.9711446Z' while content on disk has modification time of '2026-09-02T10:58:08.4959181Z'
  ERROR: Build asset version error: assets/game/gameplay/scripts/enemypatrol.cs in SourceAssetDB has modification time of '2026-09-02T10:57:55.9711446Z' while content on disk has modification time of '2026-09-02T10:58:08.4959181Z'
Number of updated asset objects reloaded before import = 0
Number of asset objects unloaded after import = 0
========================================================================
Received Import Request.
  Time since last request: 0.008528 seconds.
  path: Assets/Game/Gameplay/Scripts/EnemyPatrol.cs
  artifactKey: Guid(37f9febdbcf7f6e4c8b93d9092b8dc89) Importer(815301076,1909f56bfc062723c751e8b465ee728b)
Start importing Assets/Game/Gameplay/Scripts/EnemyPatrol.cs using Guid(37f9febdbcf7f6e4c8b93d9092b8dc89) Importer(815301076,1909f56bfc062723c751e8b465ee728b) [PhysX] Initialized MultithreadedTaskDispatcher with 8 workers.
 -> (artifact id: '00000000000000000000000000000000') in 0.000635 seconds
Import Error Code:(4)
Message: Build asset version error: assets/game/gameplay/scripts/enemypatrol.cs in SourceAssetDB has modification time of '2026-09-02T10:57:55.9711446Z' while content on disk has modification time of '2026-09-02T10:58:08.4959181Z'
  ERROR: Build asset version error: assets/game/gameplay/scripts/enemypatrol.cs in SourceAssetDB has modification time of '2026-09-02T10:57:55.9711446Z' while content on disk has modification time of '2026-09-02T10:58:08.4959181Z'
Number of updated asset objects reloaded before import = 0
Number of asset objects unloaded after import = 0
========================================================================
Received Import Request.
  Time since last request: 0.009019 seconds.
  path: Assets/Game/Gameplay/Scripts/EnemyPatrol.cs
  artifactKey: Guid(37f9febdbcf7f6e4c8b93d9092b8dc89) Importer(815301076,1909f56bfc062723c751e8b465ee728b)
Start importing Assets/Game/Gameplay/Scripts/EnemyPatrol.cs using Guid(37f9febdbcf7f6e4c8b93d9092b8dc89) Importer(815301076,1909f56bfc062723c751e8b465ee728b) [PhysX] Initialized MultithreadedTaskDispatcher with 8 workers.
 -> (artifact id: '00000000000000000000000000000000') in 0.000654 seconds
Import Error Code:(4)
Message: Build asset version error: assets/game/gameplay/scripts/enemypatrol.cs in SourceAssetDB has modification time of '2026-09-02T10:57:55.9711446Z' while content on disk has modification time of '2026-09-02T10:58:08.4959181Z'
  ERROR: Build asset version error: assets/game/gameplay/scripts/enemypatrol.cs in SourceAssetDB has modification time of '2026-09-02T10:57:55.9711446Z' while content on disk has modification time of '2026-09-02T10:58:08.4959181Z'
Number of updated asset objects reloaded before import = 0
Number of asset objects unloaded after import = 0
========================================================================
Received Import Request.
  Time since last request: 0.008463 seconds.
  path: Assets/Game/Gameplay/Scripts/EnemyPatrol.cs
  artifactKey: Guid(37f9febdbcf7f6e4c8b93d9092b8dc89) Importer(815301076,1909f56bfc062723c751e8b465ee728b)
Start importing Assets/Game/Gameplay/Scripts/EnemyPatrol.cs using Guid(37f9febdbcf7f6e4c8b93d9092b8dc89) Importer(815301076,1909f56bfc062723c751e8b465ee728b) [PhysX] Initialized MultithreadedTaskDispatcher with 8 workers.
 -> (artifact id: '00000000000000000000000000000000') in 0.000652 seconds
Import Error Code:(4)
Message: Build asset version error: assets/game/gameplay/scripts/enemypatrol.cs in SourceAssetDB has modification time of '2026-09-02T10:57:55.9711446Z' while content on disk has modification time of '2026-09-02T10:58:08.4959181Z'
  ERROR: Build asset version error: assets/game/gameplay/scripts/enemypatrol.cs in SourceAssetDB has modification time of '2026-09-02T10:57:55.9711446Z' while content on disk has modification time of '2026-09-02T10:58:08.4959181Z'
Number of updated asset objects reloaded before import = 0
Number of asset objects unloaded after import = 0
========================================================================
Received Import Request.
  Time since last request: 0.009066 seconds.
  path: Assets/Game/Gameplay/Scripts/EnemyPatrol.cs
  artifactKey: Guid(37f9febdbcf7f6e4c8b93d9092b8dc89) Importer(815301076,1909f56bfc062723c751e8b465ee728b)
Start importing Assets/Game/Gameplay/Scripts/EnemyPatrol.cs using Guid(37f9febdbcf7f6e4c8b93d9092b8dc89) Importer(815301076,1909f56bfc062723c751e8b465ee728b) [PhysX] Initialized MultithreadedTaskDispatcher with 8 workers.
 -> (artifact id: '00000000000000000000000000000000') in 0.000647 seconds
Import Error Code:(4)
Message: Build asset version error: assets/game/gameplay/scripts/enemypatrol.cs in SourceAssetDB has modification time of '2026-09-02T10:57:55.9711446Z' while content on disk has modification time of '2026-09-02T10:58:08.4959181Z'
  ERROR: Build asset version error: assets/game/gameplay/scripts/enemypatrol.cs in SourceAssetDB has modification time of '2026-09-02T10:57:55.9711446Z' while content on disk has modification time of '2026-09-02T10:58:08.4959181Z'
Number of updated asset objects reloaded before import = 0
Number of asset objects unloaded after import = 0
========================================================================
Received Import Request.
  Time since last request: 0.007652 seconds.
  path: Assets/Game/Gameplay/Scripts/EnemyPatrol.cs
  artifactKey: Guid(37f9febdbcf7f6e4c8b93d9092b8dc89) Importer(815301076,1909f56bfc062723c751e8b465ee728b)
Start importing Assets/Game/Gameplay/Scripts/EnemyPatrol.cs using Guid(37f9febdbcf7f6e4c8b93d9092b8dc89) Importer(815301076,1909f56bfc062723c751e8b465ee728b) [PhysX] Initialized MultithreadedTaskDispatcher with 8 workers.
 -> (artifact id: '00000000000000000000000000000000') in 0.000728 seconds
Import Error Code:(4)
Message: Build asset version error: assets/game/gameplay/scripts/enemypatrol.cs in SourceAssetDB has modification time of '2026-09-02T10:57:55.9711446Z' while content on disk has modification time of '2026-09-02T10:58:08.4959181Z'
  ERROR: Build asset version error: assets/game/gameplay/scripts/enemypatrol.cs in SourceAssetDB has modification time of '2026-09-02T10:57:55.9711446Z' while content on disk has modification time of '2026-09-02T10:58:08.4959181Z'
Number of updated asset objects reloaded before import = 0
Number of asset objects unloaded after import = 0
========================================================================
Received Import Request.
  Time since last request: 0.007833 seconds.
  path: Assets/Game/Gameplay/Scripts/EnemyPatrol.cs
  artifactKey: Guid(37f9febdbcf7f6e4c8b93d9092b8dc89) Importer(815301076,1909f56bfc062723c751e8b465ee728b)
Start importing Assets/Game/Gameplay/Scripts/EnemyPatrol.cs using Guid(37f9febdbcf7f6e4c8b93d9092b8dc89) Importer(815301076,1909f56bfc062723c751e8b465ee728b) [PhysX] Initialized MultithreadedTaskDispatcher with 8 workers.
 -> (artifact id: '00000000000000000000000000000000') in 0.000639 seconds
Import Error Code:(4)
Message: Build asset version error: assets/game/gameplay/scripts/enemypatrol.cs in SourceAssetDB has modification time of '2026-09-02T10:57:55.9711446Z' while content on disk has modification time of '2026-09-02T10:58:08.4959181Z'
  ERROR: Build asset version error: assets/game/gameplay/scripts/enemypatrol.cs in SourceAssetDB has modification time of '2026-09-02T10:57:55.9711446Z' while content on disk has modification time of '2026-09-02T10:58:08.4959181Z'
Number of updated asset objects reloaded before import = 0
Number of asset objects unloaded after import = 0
========================================================================
Received Import Request.
  Time since last request: 0.008766 seconds.
  path: Assets/Game/Gameplay/Scripts/EnemyPatrol.cs
  artifactKey: Guid(37f9febdbcf7f6e4c8b93d9092b8dc89) Importer(815301076,1909f56bfc062723c751e8b465ee728b)
Start importing Assets/Game/Gameplay/Scripts/EnemyPatrol.cs using Guid(37f9febdbcf7f6e4c8b93d9092b8dc89) Importer(815301076,1909f56bfc062723c751e8b465ee728b) [PhysX] Initialized MultithreadedTaskDispatcher with 8 workers.
 -> (artifact id: '00000000000000000000000000000000') in 0.000661 seconds
Import Error Code:(4)
Message: Build asset version error: assets/game/gameplay/scripts/enemypatrol.cs in SourceAssetDB has modification time of '2026-09-02T10:57:55.9711446Z' while content on disk has modification time of '2026-09-02T10:58:08.4959181Z'
  ERROR: Build asset version error: assets/game/gameplay/scripts/enemypatrol.cs in SourceAssetDB has modification time of '2026-09-02T10:57:55.9711446Z' while content on disk has modification time of '2026-09-02T10:58:08.4959181Z'
Number of updated asset objects reloaded before import = 0
Number of asset objects unloaded after import = 0
========================================================================
Received Import Request.
  Time since last request: 0.007888 seconds.
  path: Assets/Game/Gameplay/Scripts/EnemyPatrol.cs
  artifactKey: Guid(37f9febdbcf7f6e4c8b93d9092b8dc89) Importer(815301076,1909f56bfc062723c751e8b465ee728b)
Start importing Assets/Game/Gameplay/Scripts/EnemyPatrol.cs using Guid(37f9febdbcf7f6e4c8b93d9092b8dc89) Importer(815301076,1909f56bfc062723c751e8b465ee728b) [PhysX] Initialized MultithreadedTaskDispatcher with 8 workers.
 -> (artifact id: '00000000000000000000000000000000') in 0.000645 seconds
Import Error Code:(4)
Message: Build asset version error: assets/game/gameplay/scripts/enemypatrol.cs in SourceAssetDB has modification time of '2026-09-02T10:57:55.9711446Z' while content on disk has modification time of '2026-09-02T10:58:08.4959181Z'
  ERROR: Build asset version error: assets/game/gameplay/scripts/enemypatrol.cs in SourceAssetDB has modification time of '2026-09-02T10:57:55.9711446Z' while content on disk has modification time of '2026-09-02T10:58:08.4959181Z'
Number of updated asset objects reloaded before import = 0
Number of asset objects unloaded after import = 0
========================================================================
Received Import Request.
  Time since last request: 0.008921 seconds.
  path: Assets/Game/Gameplay/Scripts/EnemyPatrol.cs
  artifactKey: Guid(37f9febdbcf7f6e4c8b93d9092b8dc89) Importer(815301076,1909f56bfc062723c751e8b465ee728b)
Start importing Assets/Game/Gameplay/Scripts/EnemyPatrol.cs using Guid(37f9febdbcf7f6e4c8b93d9092b8dc89) Importer(815301076,1909f56bfc062723c751e8b465ee728b) [PhysX] Initialized MultithreadedTaskDispatcher with 8 workers.
 -> (artifact id: '00000000000000000000000000000000') in 0.000654 seconds
Import Error Code:(4)
Message: Build asset version error: assets/game/gameplay/scripts/enemypatrol.cs in SourceAssetDB has modification time of '2026-09-02T10:57:55.9711446Z' while content on disk has modification time of '2026-09-02T10:58:08.4959181Z'
  ERROR: Build asset version error: assets/game/gameplay/scripts/enemypatrol.cs in SourceAssetDB has modification time of '2026-09-02T10:57:55.9711446Z' while content on disk has modification time of '2026-09-02T10:58:08.4959181Z'
Number of updated asset objects reloaded before import = 0
Number of asset objects unloaded after import = 0
========================================================================
Received Import Request.
  Time since last request: 0.008436 seconds.
  path: Assets/Game/Gameplay/Scripts/EnemyPatrol.cs
  artifactKey: Guid(37f9febdbcf7f6e4c8b93d9092b8dc89) Importer(815301076,1909f56bfc062723c751e8b465ee728b)
Start importing Assets/Game/Gameplay/Scripts/EnemyPatrol.cs using Guid(37f9febdbcf7f6e4c8b93d9092b8dc89) Importer(815301076,1909f56bfc062723c751e8b465ee728b) [PhysX] Initialized MultithreadedTaskDispatcher with 8 workers.
 -> (artifact id: '00000000000000000000000000000000') in 0.000752 seconds
Import Error Code:(4)
Message: Build asset version error: assets/game/gameplay/scripts/enemypatrol.cs in SourceAssetDB has modification time of '2026-09-02T10:57:55.9711446Z' while content on disk has modification time of '2026-09-02T10:58:08.4959181Z'
  ERROR: Build asset version error: assets/game/gameplay/scripts/enemypatrol.cs in SourceAssetDB has modification time of '2026-09-02T10:57:55.9711446Z' while content on disk has modification time of '2026-09-02T10:58:08.4959181Z'
Number of updated asset objects reloaded before import = 0
Number of asset objects unloaded after import = 0
========================================================================
Received Import Request.
  Time since last request: 0.007778 seconds.
  path: Assets/Game/Gameplay/Scripts/EnemyPatrol.cs
  artifactKey: Guid(37f9febdbcf7f6e4c8b93d9092b8dc89) Importer(815301076,1909f56bfc062723c751e8b465ee728b)
Start importing Assets/Game/Gameplay/Scripts/EnemyPatrol.cs using Guid(37f9febdbcf7f6e4c8b93d9092b8dc89) Importer(815301076,1909f56bfc062723c751e8b465ee728b) [PhysX] Initialized MultithreadedTaskDispatcher with 8 workers.
 -> (artifact id: '00000000000000000000000000000000') in 0.000631 seconds
Import Error Code:(4)
Message: Build asset version error: assets/game/gameplay/scripts/enemypatrol.cs in SourceAssetDB has modification time of '2026-09-02T10:57:55.9711446Z' while content on disk has modification time of '2026-09-02T10:58:08.4959181Z'
  ERROR: Build asset version error: assets/game/gameplay/scripts/enemypatrol.cs in SourceAssetDB has modification time of '2026-09-02T10:57:55.9711446Z' while content on disk has modification time of '2026-09-02T10:58:08.4959181Z'
Number of updated asset objects reloaded before import = 0
Number of asset objects unloaded after import = 0
========================================================================
Received Import Request.
  Time since last request: 0.009480 seconds.
  path: Assets/Game/Gameplay/Scripts/EnemyPatrol.cs
  artifactKey: Guid(37f9febdbcf7f6e4c8b93d9092b8dc89) Importer(815301076,1909f56bfc062723c751e8b465ee728b)
Start importing Assets/Game/Gameplay/Scripts/EnemyPatrol.cs using Guid(37f9febdbcf7f6e4c8b93d9092b8dc89) Importer(815301076,1909f56bfc062723c751e8b465ee728b) [PhysX] Initialized MultithreadedTaskDispatcher with 8 workers.
 -> (artifact id: '00000000000000000000000000000000') in 0.000643 seconds
Import Error Code:(4)
Message: Build asset version error: assets/game/gameplay/scripts/enemypatrol.cs in SourceAssetDB has modification time of '2026-09-02T10:57:55.9711446Z' while content on disk has modification time of '2026-09-02T10:58:08.4959181Z'
  ERROR: Build asset version error: assets/game/gameplay/scripts/enemypatrol.cs in SourceAssetDB has modification time of '2026-09-02T10:57:55.9711446Z' while content on disk has modification time of '2026-09-02T10:58:08.4959181Z'
Number of updated asset objects reloaded before import = 0
Number of asset objects unloaded after import = 0
========================================================================
Received Import Request.
  Time since last request: 0.008621 seconds.
  path: Assets/Game/Gameplay/Scripts/EnemyPatrol.cs
  artifactKey: Guid(37f9febdbcf7f6e4c8b93d9092b8dc89) Importer(815301076,1909f56bfc062723c751e8b465ee728b)
Start importing Assets/Game/Gameplay/Scripts/EnemyPatrol.cs using Guid(37f9febdbcf7f6e4c8b93d9092b8dc89) Importer(815301076,1909f56bfc062723c751e8b465ee728b) [PhysX] Initialized MultithreadedTaskDispatcher with 8 workers.
 -> (artifact id: '00000000000000000000000000000000') in 0.000639 seconds
Import Error Code:(4)
Message: Build asset version error: assets/game/gameplay/scripts/enemypatrol.cs in SourceAssetDB has modification time of '2026-09-02T10:57:55.9711446Z' while content on disk has modification time of '2026-09-02T10:58:08.4959181Z'
  ERROR: Build asset version error: assets/game/gameplay/scripts/enemypatrol.cs in SourceAssetDB has modification time of '2026-09-02T10:57:55.9711446Z' while content on disk has modification time of '2026-09-02T10:58:08.4959181Z'
Number of updated asset objects reloaded before import = 0
Number of asset objects unloaded after import = 0
========================================================================
Received Import Request.
  Time since last request: 0.007937 seconds.
  path: Assets/Game/Gameplay/Scripts/EnemyPatrol.cs
  artifactKey: Guid(37f9febdbcf7f6e4c8b93d9092b8dc89) Importer(815301076,1909f56bfc062723c751e8b465ee728b)
Start importing Assets/Game/Gameplay/Scripts/EnemyPatrol.cs using Guid(37f9febdbcf7f6e4c8b93d9092b8dc89) Importer(815301076,1909f56bfc062723c751e8b465ee728b) [PhysX] Initialized MultithreadedTaskDispatcher with 8 workers.
 -> (artifact id: '00000000000000000000000000000000') in 0.000650 seconds
Import Error Code:(4)
Message: Build asset version error: assets/game/gameplay/scripts/enemypatrol.cs in SourceAssetDB has modification time of '2026-09-02T10:57:55.9711446Z' while content on disk has modification time of '2026-09-02T10:58:08.4959181Z'
  ERROR: Build asset version error: assets/game/gameplay/scripts/enemypatrol.cs in SourceAssetDB has modification time of '2026-09-02T10:57:55.9711446Z' while content on disk has modification time of '2026-09-02T10:58:08.4959181Z'
Number of updated asset objects reloaded before import = 0
Number of asset objects unloaded after import = 0
========================================================================
Received Import Request.
  Time since last request: 0.007978 seconds.
  path: Assets/Game/Gameplay/Scripts/EnemyPatrol.cs
  artifactKey: Guid(37f9febdbcf7f6e4c8b93d9092b8dc89) Importer(815301076,1909f56bfc062723c751e8b465ee728b)
Start importing Assets/Game/Gameplay/Scripts/EnemyPatrol.cs using Guid(37f9febdbcf7f6e4c8b93d9092b8dc89) Importer(815301076,1909f56bfc062723c751e8b465ee728b) [PhysX] Initialized MultithreadedTaskDispatcher with 8 workers.
 -> (artifact id: '00000000000000000000000000000000') in 0.000631 seconds
Import Error Code:(4)
Message: Build asset version error: assets/game/gameplay/scripts/enemypatrol.cs in SourceAssetDB has modification time of '2026-09-02T10:57:55.9711446Z' while content on disk has modification time of '2026-09-02T10:58:08.4959181Z'
  ERROR: Build asset version error: assets/game/gameplay/scripts/enemypatrol.cs in SourceAssetDB has modification time of '2026-09-02T10:57:55.9711446Z' while content on disk has modification time of '2026-09-02T10:58:08.4959181Z'
Number of updated asset objects reloaded before import = 0
Number of asset objects unloaded after import = 0
========================================================================
Received Import Request.
  Time since last request: 0.008326 seconds.
  path: Assets/Game/Gameplay/Scripts/EnemyPatrol.cs
  artifactKey: Guid(37f9febdbcf7f6e4c8b93d9092b8dc89) Importer(815301076,1909f56bfc062723c751e8b465ee728b)
Start importing Assets/Game/Gameplay/Scripts/EnemyPatrol.cs using Guid(37f9febdbcf7f6e4c8b93d9092b8dc89) Importer(815301076,1909f56bfc062723c751e8b465ee728b) [PhysX] Initialized MultithreadedTaskDispatcher with 8 workers.
 -> (artifact id: '00000000000000000000000000000000') in 0.000636 seconds
Import Error Code:(4)
Message: Build asset version error: assets/game/gameplay/scripts/enemypatrol.cs in SourceAssetDB has modification time of '2026-09-02T10:57:55.9711446Z' while content on disk has modification time of '2026-09-02T10:58:08.4959181Z'
  ERROR: Build asset version error: assets/game/gameplay/scripts/enemypatrol.cs in SourceAssetDB has modification time of '2026-09-02T10:57:55.9711446Z' while content on disk has modification time of '2026-09-02T10:58:08.4959181Z'
Number of updated asset objects reloaded before import = 0
Number of asset objects unloaded after import = 0
========================================================================
Received Import Request.
  Time since last request: 0.008571 seconds.
  path: Assets/Game/Gameplay/Scripts/EnemyPatrol.cs
  artifactKey: Guid(37f9febdbcf7f6e4c8b93d9092b8dc89) Importer(815301076,1909f56bfc062723c751e8b465ee728b)
Start importing Assets/Game/Gameplay/Scripts/EnemyPatrol.cs using Guid(37f9febdbcf7f6e4c8b93d9092b8dc89) Importer(815301076,1909f56bfc062723c751e8b465ee728b) [PhysX] Initialized MultithreadedTaskDispatcher with 8 workers.
 -> (artifact id: '00000000000000000000000000000000') in 0.000661 seconds
Import Error Code:(4)
Message: Build asset version error: assets/game/gameplay/scripts/enemypatrol.cs in SourceAssetDB has modification time of '2026-09-02T10:57:55.9711446Z' while content on disk has modification time of '2026-09-02T10:58:08.4959181Z'
  ERROR: Build asset version error: assets/game/gameplay/scripts/enemypatrol.cs in SourceAssetDB has modification time of '2026-09-02T10:57:55.9711446Z' while content on disk has modification time of '2026-09-02T10:58:08.4959181Z'
Number of updated asset objects reloaded before import = 0
Number of asset objects unloaded after import = 0
========================================================================
Received Import Request.
  Time since last request: 0.008301 seconds.
  path: Assets/Game/Gameplay/Scripts/EnemyPatrol.cs
  artifactKey: Guid(37f9febdbcf7f6e4c8b93d9092b8dc89) Importer(815301076,1909f56bfc062723c751e8b465ee728b)
Start importing Assets/Game/Gameplay/Scripts/EnemyPatrol.cs using Guid(37f9febdbcf7f6e4c8b93d9092b8dc89) Importer(815301076,1909f56bfc062723c751e8b465ee728b) [PhysX] Initialized MultithreadedTaskDispatcher with 8 workers.
 -> (artifact id: '00000000000000000000000000000000') in 0.000636 seconds
Import Error Code:(4)
Message: Build asset version error: assets/game/gameplay/scripts/enemypatrol.cs in SourceAssetDB has modification time of '2026-09-02T10:57:55.9711446Z' while content on disk has modification time of '2026-09-02T10:58:08.4959181Z'
  ERROR: Build asset version error: assets/game/gameplay/scripts/enemypatrol.cs in SourceAssetDB has modification time of '2026-09-02T10:57:55.9711446Z' while content on disk has modification time of '2026-09-02T10:58:08.4959181Z'
Number of updated asset objects reloaded before import = 0
Number of asset objects unloaded after import = 0
========================================================================
Received Import Request.
  Time since last request: 0.008382 seconds.
  path: Assets/Game/Gameplay/Scripts/EnemyPatrol.cs
  artifactKey: Guid(37f9febdbcf7f6e4c8b93d9092b8dc89) Importer(815301076,1909f56bfc062723c751e8b465ee728b)
Start importing Assets/Game/Gameplay/Scripts/EnemyPatrol.cs using Guid(37f9febdbcf7f6e4c8b93d9092b8dc89) Importer(815301076,1909f56bfc062723c751e8b465ee728b) [PhysX] Initialized MultithreadedTaskDispatcher with 8 workers.
 -> (artifact id: '00000000000000000000000000000000') in 0.000658 seconds
Import Error Code:(4)
Message: Build asset version error: assets/game/gameplay/scripts/enemypatrol.cs in SourceAssetDB has modification time of '2026-09-02T10:57:55.9711446Z' while content on disk has modification time of '2026-09-02T10:58:08.4959181Z'
  ERROR: Build asset version error: assets/game/gameplay/scripts/enemypatrol.cs in SourceAssetDB has modification time of '2026-09-02T10:57:55.9711446Z' while content on disk has modification time of '2026-09-02T10:58:08.4959181Z'
Number of updated asset objects reloaded before import = 0
Number of asset objects unloaded after import = 0
========================================================================
Received Import Request.
  Time since last request: 0.008024 seconds.
  path: Assets/Game/Gameplay/Scripts/EnemyPatrol.cs
  artifactKey: Guid(37f9febdbcf7f6e4c8b93d9092b8dc89) Importer(815301076,1909f56bfc062723c751e8b465ee728b)
Start importing Assets/Game/Gameplay/Scripts/EnemyPatrol.cs using Guid(37f9febdbcf7f6e4c8b93d9092b8dc89) Importer(815301076,1909f56bfc062723c751e8b465ee728b) [PhysX] Initialized MultithreadedTaskDispatcher with 8 workers.
 -> (artifact id: '00000000000000000000000000000000') in 0.000927 seconds
Import Error Code:(4)
Message: Build asset version error: assets/game/gameplay/scripts/enemypatrol.cs in SourceAssetDB has modification time of '2026-09-02T10:57:55.9711446Z' while content on disk has modification time of '2026-09-02T10:58:08.4959181Z'
  ERROR: Build asset version error: assets/game/gameplay/scripts/enemypatrol.cs in SourceAssetDB has modification time of '2026-09-02T10:57:55.9711446Z' while content on disk has modification time of '2026-09-02T10:58:08.4959181Z'
Number of updated asset objects reloaded before import = 0
Number of asset objects unloaded after import = 0
========================================================================
Received Import Request.
  Time since last request: 0.006484 seconds.
  path: Assets/Game/Gameplay/Scripts/EnemyPatrol.cs
  artifactKey: Guid(37f9febdbcf7f6e4c8b93d9092b8dc89) Importer(815301076,1909f56bfc062723c751e8b465ee728b)
Start importing Assets/Game/Gameplay/Scripts/EnemyPatrol.cs using Guid(37f9febdbcf7f6e4c8b93d9092b8dc89) Importer(815301076,1909f56bfc062723c751e8b465ee728b) [PhysX] Initialized MultithreadedTaskDispatcher with 8 workers.
 -> (artifact id: '00000000000000000000000000000000') in 0.000970 seconds
Import Error Code:(4)
Message: Build asset version error: assets/game/gameplay/scripts/enemypatrol.cs in SourceAssetDB has modification time of '2026-09-02T10:57:55.9711446Z' while content on disk has modification time of '2026-09-02T10:58:08.4959181Z'
  ERROR: Build asset version error: assets/game/gameplay/scripts/enemypatrol.cs in SourceAssetDB has modification time of '2026-09-02T10:57:55.9711446Z' while content on disk has modification time of '2026-09-02T10:58:08.4959181Z'
Number of updated asset objects reloaded before import = 0
Number of asset objects unloaded after import = 0
========================================================================
Received Import Request.
  Time since last request: 0.008472 seconds.
  path: Assets/Game/Gameplay/Scripts/EnemyPatrol.cs
  artifactKey: Guid(37f9febdbcf7f6e4c8b93d9092b8dc89) Importer(815301076,1909f56bfc062723c751e8b465ee728b)
Start importing Assets/Game/Gameplay/Scripts/EnemyPatrol.cs using Guid(37f9febdbcf7f6e4c8b93d9092b8dc89) Importer(815301076,1909f56bfc062723c751e8b465ee728b) [PhysX] Initialized MultithreadedTaskDispatcher with 8 workers.
 -> (artifact id: '00000000000000000000000000000000') in 0.000874 seconds
Import Error Code:(4)
Message: Build asset version error: assets/game/gameplay/scripts/enemypatrol.cs in SourceAssetDB has modification time of '2026-09-02T10:57:55.9711446Z' while content on disk has modification time of '2026-09-02T10:58:08.4959181Z'
  ERROR: Build asset version error: assets/game/gameplay/scripts/enemypatrol.cs in SourceAssetDB has modification time of '2026-09-02T10:57:55.9711446Z' while content on disk has modification time of '2026-09-02T10:58:08.4959181Z'
Number of updated asset objects reloaded before import = 0
Number of asset objects unloaded after import = 0
========================================================================
Received Import Request.
  Time since last request: 0.008544 seconds.
  path: Assets/Game/Gameplay/Scripts/EnemyPatrol.cs
  artifactKey: Guid(37f9febdbcf7f6e4c8b93d9092b8dc89) Importer(815301076,1909f56bfc062723c751e8b465ee728b)
Start importing Assets/Game/Gameplay/Scripts/EnemyPatrol.cs using Guid(37f9febdbcf7f6e4c8b93d9092b8dc89) Importer(815301076,1909f56bfc062723c751e8b465ee728b) [PhysX] Initialized MultithreadedTaskDispatcher with 8 workers.
 -> (artifact id: '00000000000000000000000000000000') in 0.000634 seconds
Import Error Code:(4)
Message: Build asset version error: assets/game/gameplay/scripts/enemypatrol.cs in SourceAssetDB has modification time of '2026-09-02T10:57:55.9711446Z' while content on disk has modification time of '2026-09-02T10:58:08.4959181Z'
  ERROR: Build asset version error: assets/game/gameplay/scripts/enemypatrol.cs in SourceAssetDB has modification time of '2026-09-02T10:57:55.9711446Z' while content on disk has modification time of '2026-09-02T10:58:08.4959181Z'
Number of updated asset objects reloaded before import = 0
Number of asset objects unloaded after import = 0
========================================================================
Received Import Request.
  Time since last request: 0.008195 seconds.
  path: Assets/Game/Gameplay/Scripts/EnemyPatrol.cs
  artifactKey: Guid(37f9febdbcf7f6e4c8b93d9092b8dc89) Importer(815301076,1909f56bfc062723c751e8b465ee728b)
Start importing Assets/Game/Gameplay/Scripts/EnemyPatrol.cs using Guid(37f9febdbcf7f6e4c8b93d9092b8dc89) Importer(815301076,1909f56bfc062723c751e8b465ee728b) [PhysX] Initialized MultithreadedTaskDispatcher with 8 workers.
 -> (artifact id: '00000000000000000000000000000000') in 0.000634 seconds
Import Error Code:(4)
Message: Build asset version error: assets/game/gameplay/scripts/enemypatrol.cs in SourceAssetDB has modification time of '2026-09-02T10:57:55.9711446Z' while content on disk has modification time of '2026-09-02T10:58:08.4959181Z'
  ERROR: Build asset version error: assets/game/gameplay/scripts/enemypatrol.cs in SourceAssetDB has modification time of '2026-09-02T10:57:55.9711446Z' while content on disk has modification time of '2026-09-02T10:58:08.4959181Z'
Number of updated asset objects reloaded before import = 0
Number of asset objects unloaded after import = 0
========================================================================
Received Import Request.
  Time since last request: 0.008025 seconds.
  path: Assets/Game/Gameplay/Scripts/EnemyPatrol.cs
  artifactKey: Guid(37f9febdbcf7f6e4c8b93d9092b8dc89) Importer(815301076,1909f56bfc062723c751e8b465ee728b)
Start importing Assets/Game/Gameplay/Scripts/EnemyPatrol.cs using Guid(37f9febdbcf7f6e4c8b93d9092b8dc89) Importer(815301076,1909f56bfc062723c751e8b465ee728b) [PhysX] Initialized MultithreadedTaskDispatcher with 8 workers.
 -> (artifact id: '00000000000000000000000000000000') in 0.000645 seconds
Import Error Code:(4)
Message: Build asset version error: assets/game/gameplay/scripts/enemypatrol.cs in SourceAssetDB has modification time of '2026-09-02T10:57:55.9711446Z' while content on disk has modification time of '2026-09-02T10:58:08.4959181Z'
  ERROR: Build asset version error: assets/game/gameplay/scripts/enemypatrol.cs in SourceAssetDB has modification time of '2026-09-02T10:57:55.9711446Z' while content on disk has modification time of '2026-09-02T10:58:08.4959181Z'
Number of updated asset objects reloaded before import = 0
Number of asset objects unloaded after import = 0
========================================================================
Received Import Request.
  Time since last request: 0.007295 seconds.
  path: Assets/Game/Gameplay/Scripts/EnemyPatrol.cs
  artifactKey: Guid(37f9febdbcf7f6e4c8b93d9092b8dc89) Importer(815301076,1909f56bfc062723c751e8b465ee728b)
Start importing Assets/Game/Gameplay/Scripts/EnemyPatrol.cs using Guid(37f9febdbcf7f6e4c8b93d9092b8dc89) Importer(815301076,1909f56bfc062723c751e8b465ee728b) [PhysX] Initialized MultithreadedTaskDispatcher with 8 workers.
 -> (artifact id: '00000000000000000000000000000000') in 0.000666 seconds
Import Error Code:(4)
Message: Build asset version error: assets/game/gameplay/scripts/enemypatrol.cs in SourceAssetDB has modification time of '2026-09-02T10:57:55.9711446Z' while content on disk has modification time of '2026-09-02T10:58:08.4959181Z'
  ERROR: Build asset version error: assets/game/gameplay/scripts/enemypatrol.cs in SourceAssetDB has modification time of '2026-09-02T10:57:55.9711446Z' while content on disk has modification time of '2026-09-02T10:58:08.4959181Z'
Number of updated asset objects reloaded before import = 0
Number of asset objects unloaded after import = 0
========================================================================
Received Import Request.
  Time since last request: 0.008048 seconds.
  path: Assets/Game/Gameplay/Scripts/EnemyPatrol.cs
  artifactKey: Guid(37f9febdbcf7f6e4c8b93d9092b8dc89) Importer(815301076,1909f56bfc062723c751e8b465ee728b)
Start importing Assets/Game/Gameplay/Scripts/EnemyPatrol.cs using Guid(37f9febdbcf7f6e4c8b93d9092b8dc89) Importer(815301076,1909f56bfc062723c751e8b465ee728b) [PhysX] Initialized MultithreadedTaskDispatcher with 8 workers.
 -> (artifact id: '00000000000000000000000000000000') in 0.000661 seconds
Import Error Code:(4)
Message: Build asset version error: assets/game/gameplay/scripts/enemypatrol.cs in SourceAssetDB has modification time of '2026-09-02T10:57:55.9711446Z' while content on disk has modification time of '2026-09-02T10:58:08.4959181Z'
  ERROR: Build asset version error: assets/game/gameplay/scripts/enemypatrol.cs in SourceAssetDB has modification time of '2026-09-02T10:57:55.9711446Z' while content on disk has modification time of '2026-09-02T10:58:08.4959181Z'
Number of updated asset objects reloaded before import = 0
Number of asset objects unloaded after import = 0
========================================================================
Received Import Request.
  Time since last request: 0.008399 seconds.
  path: Assets/Game/Gameplay/Scripts/EnemyPatrol.cs
  artifactKey: Guid(37f9febdbcf7f6e4c8b93d9092b8dc89) Importer(815301076,1909f56bfc062723c751e8b465ee728b)
Start importing Assets/Game/Gameplay/Scripts/EnemyPatrol.cs using Guid(37f9febdbcf7f6e4c8b93d9092b8dc89) Importer(815301076,1909f56bfc062723c751e8b465ee728b) [PhysX] Initialized MultithreadedTaskDispatcher with 8 workers.
 -> (artifact id: '00000000000000000000000000000000') in 0.000643 seconds
Import Error Code:(4)
Message: Build asset version error: assets/game/gameplay/scripts/enemypatrol.cs in SourceAssetDB has modification time of '2026-09-02T10:57:55.9711446Z' while content on disk has modification time of '2026-09-02T10:58:08.4959181Z'
  ERROR: Build asset version error: assets/game/gameplay/scripts/enemypatrol.cs in SourceAssetDB has modification time of '2026-09-02T10:57:55.9711446Z' while content on disk has modification time of '2026-09-02T10:58:08.4959181Z'
Number of updated asset objects reloaded before import = 0
Number of asset objects unloaded after import = 0
========================================================================
Received Import Request.
  Time since last request: 0.008799 seconds.
  path: Assets/Game/Gameplay/Scripts/EnemyPatrol.cs
  artifactKey: Guid(37f9febdbcf7f6e4c8b93d9092b8dc89) Importer(815301076,1909f56bfc062723c751e8b465ee728b)
Start importing Assets/Game/Gameplay/Scripts/EnemyPatrol.cs using Guid(37f9febdbcf7f6e4c8b93d9092b8dc89) Importer(815301076,1909f56bfc062723c751e8b465ee728b) [PhysX] Initialized MultithreadedTaskDispatcher with 8 workers.
 -> (artifact id: '00000000000000000000000000000000') in 0.000768 seconds
Import Error Code:(4)
Message: Build asset version error: assets/game/gameplay/scripts/enemypatrol.cs in SourceAssetDB has modification time of '2026-09-02T10:57:55.9711446Z' while content on disk has modification time of '2026-09-02T10:58:08.4959181Z'
  ERROR: Build asset version error: assets/game/gameplay/scripts/enemypatrol.cs in SourceAssetDB has modification time of '2026-09-02T10:57:55.9711446Z' while content on disk has modification time of '2026-09-02T10:58:08.4959181Z'
Number of updated asset objects reloaded before import = 0
Number of asset objects unloaded after import = 0
========================================================================
Received Import Request.
  Time since last request: 0.008729 seconds.
  path: Assets/Game/Gameplay/Scripts/EnemyPatrol.cs
  artifactKey: Guid(37f9febdbcf7f6e4c8b93d9092b8dc89) Importer(815301076,1909f56bfc062723c751e8b465ee728b)
Start importing Assets/Game/Gameplay/Scripts/EnemyPatrol.cs using Guid(37f9febdbcf7f6e4c8b93d9092b8dc89) Importer(815301076,1909f56bfc062723c751e8b465ee728b) [PhysX] Initialized MultithreadedTaskDispatcher with 8 workers.
 -> (artifact id: '00000000000000000000000000000000') in 0.000729 seconds
Import Error Code:(4)
Message: Build asset version error: assets/game/gameplay/scripts/enemypatrol.cs in SourceAssetDB has modification time of '2026-09-02T10:57:55.9711446Z' while content on disk has modification time of '2026-09-02T10:58:08.4959181Z'
  ERROR: Build asset version error: assets/game/gameplay/scripts/enemypatrol.cs in SourceAssetDB has modification time of '2026-09-02T10:57:55.9711446Z' while content on disk has modification time of '2026-09-02T10:58:08.4959181Z'
Number of updated asset objects reloaded before import = 0
Number of asset objects unloaded after import = 0
========================================================================
Received Import Request.
  Time since last request: 0.008599 seconds.
  path: Assets/Game/Gameplay/Scripts/EnemyPatrol.cs
  artifactKey: Guid(37f9febdbcf7f6e4c8b93d9092b8dc89) Importer(815301076,1909f56bfc062723c751e8b465ee728b)
Start importing Assets/Game/Gameplay/Scripts/EnemyPatrol.cs using Guid(37f9febdbcf7f6e4c8b93d9092b8dc89) Importer(815301076,1909f56bfc062723c751e8b465ee728b) [PhysX] Initialized MultithreadedTaskDispatcher with 8 workers.
 -> (artifact id: '00000000000000000000000000000000') in 0.000642 seconds
Import Error Code:(4)
Message: Build asset version error: assets/game/gameplay/scripts/enemypatrol.cs in SourceAssetDB has modification time of '2026-09-02T10:57:55.9711446Z' while content on disk has modification time of '2026-09-02T10:58:08.4959181Z'
  ERROR: Build asset version error: assets/game/gameplay/scripts/enemypatrol.cs in SourceAssetDB has modification time of '2026-09-02T10:57:55.9711446Z' while content on disk has modification time of '2026-09-02T10:58:08.4959181Z'
Number of updated asset objects reloaded before import = 0
Number of asset objects unloaded after import = 0
========================================================================
Received Import Request.
  Time since last request: 0.008650 seconds.
  path: Assets/Game/Gameplay/Scripts/EnemyPatrol.cs
  artifactKey: Guid(37f9febdbcf7f6e4c8b93d9092b8dc89) Importer(815301076,1909f56bfc062723c751e8b465ee728b)
Start importing Assets/Game/Gameplay/Scripts/EnemyPatrol.cs using Guid(37f9febdbcf7f6e4c8b93d9092b8dc89) Importer(815301076,1909f56bfc062723c751e8b465ee728b) [PhysX] Initialized MultithreadedTaskDispatcher with 8 workers.
 -> (artifact id: '00000000000000000000000000000000') in 0.000762 seconds
Import Error Code:(4)
Message: Build asset version error: assets/game/gameplay/scripts/enemypatrol.cs in SourceAssetDB has modification time of '2026-09-02T10:57:55.9711446Z' while content on disk has modification time of '2026-09-02T10:58:08.4959181Z'
  ERROR: Build asset version error: assets/game/gameplay/scripts/enemypatrol.cs in SourceAssetDB has modification time of '2026-09-02T10:57:55.9711446Z' while content on disk has modification time of '2026-09-02T10:58:08.4959181Z'
Number of updated asset objects reloaded before import = 0
Number of asset objects unloaded after import = 0
========================================================================
Received Import Request.
  Time since last request: 0.009742 seconds.
  path: Assets/Game/Gameplay/Scripts/EnemyPatrol.cs
  artifactKey: Guid(37f9febdbcf7f6e4c8b93d9092b8dc89) Importer(815301076,1909f56bfc062723c751e8b465ee728b)
Start importing Assets/Game/Gameplay/Scripts/EnemyPatrol.cs using Guid(37f9febdbcf7f6e4c8b93d9092b8dc89) Importer(815301076,1909f56bfc062723c751e8b465ee728b) [PhysX] Initialized MultithreadedTaskDispatcher with 8 workers.
 -> (artifact id: '00000000000000000000000000000000') in 0.000786 seconds
Import Error Code:(4)
Message: Build asset version error: assets/game/gameplay/scripts/enemypatrol.cs in SourceAssetDB has modification time of '2026-09-02T10:57:55.9711446Z' while content on disk has modification time of '2026-09-02T10:58:08.4959181Z'
  ERROR: Build asset version error: assets/game/gameplay/scripts/enemypatrol.cs in SourceAssetDB has modification time of '2026-09-02T10:57:55.9711446Z' while content on disk has modification time of '2026-09-02T10:58:08.4959181Z'
Number of updated asset objects reloaded before import = 0
Number of asset objects unloaded after import = 0
========================================================================
Received Import Request.
  Time since last request: 0.009324 seconds.
  path: Assets/Game/Gameplay/Scripts/EnemyPatrol.cs
  artifactKey: Guid(37f9febdbcf7f6e4c8b93d9092b8dc89) Importer(815301076,1909f56bfc062723c751e8b465ee728b)
Start importing Assets/Game/Gameplay/Scripts/EnemyPatrol.cs using Guid(37f9febdbcf7f6e4c8b93d9092b8dc89) Importer(815301076,1909f56bfc062723c751e8b465ee728b) [PhysX] Initialized MultithreadedTaskDispatcher with 8 workers.
 -> (artifact id: '00000000000000000000000000000000') in 0.000845 seconds
Import Error Code:(4)
Message: Build asset version error: assets/game/gameplay/scripts/enemypatrol.cs in SourceAssetDB has modification time of '2026-09-02T10:57:55.9711446Z' while content on disk has modification time of '2026-09-02T10:58:08.4959181Z'
  ERROR: Build asset version error: assets/game/gameplay/scripts/enemypatrol.cs in SourceAssetDB has modification time of '2026-09-02T10:57:55.9711446Z' while content on disk has modification time of '2026-09-02T10:58:08.4959181Z'
Number of updated asset objects reloaded before import = 0
Number of asset objects unloaded after import = 0
========================================================================
Received Import Request.
  Time since last request: 0.007365 seconds.
  path: Assets/Game/Gameplay/Scripts/EnemyPatrol.cs
  artifactKey: Guid(37f9febdbcf7f6e4c8b93d9092b8dc89) Importer(815301076,1909f56bfc062723c751e8b465ee728b)
Start importing Assets/Game/Gameplay/Scripts/EnemyPatrol.cs using Guid(37f9febdbcf7f6e4c8b93d9092b8dc89) Importer(815301076,1909f56bfc062723c751e8b465ee728b) [PhysX] Initialized MultithreadedTaskDispatcher with 8 workers.
 -> (artifact id: '00000000000000000000000000000000') in 0.000833 seconds
Import Error Code:(4)
Message: Build asset version error: assets/game/gameplay/scripts/enemypatrol.cs in SourceAssetDB has modification time of '2026-09-02T10:57:55.9711446Z' while content on disk has modification time of '2026-09-02T10:58:08.4959181Z'
  ERROR: Build asset version error: assets/game/gameplay/scripts/enemypatrol.cs in SourceAssetDB has modification time of '2026-09-02T10:57:55.9711446Z' while content on disk has modification time of '2026-09-02T10:58:08.4959181Z'
Number of updated asset objects reloaded before import = 0
Number of asset objects unloaded after import = 0
========================================================================
Received Import Request.
  Time since last request: 0.008309 seconds.
  path: Assets/Game/Gameplay/Scripts/EnemyPatrol.cs
  artifactKey: Guid(37f9febdbcf7f6e4c8b93d9092b8dc89) Importer(815301076,1909f56bfc062723c751e8b465ee728b)
Start importing Assets/Game/Gameplay/Scripts/EnemyPatrol.cs using Guid(37f9febdbcf7f6e4c8b93d9092b8dc89) Importer(815301076,1909f56bfc062723c751e8b465ee728b) [PhysX] Initialized MultithreadedTaskDispatcher with 8 workers.
 -> (artifact id: '00000000000000000000000000000000') in 0.000766 seconds
Import Error Code:(4)
Message: Build asset version error: assets/game/gameplay/scripts/enemypatrol.cs in SourceAssetDB has modification time of '2026-09-02T10:57:55.9711446Z' while content on disk has modification time of '2026-09-02T10:58:08.4959181Z'
  ERROR: Build asset version error: assets/game/gameplay/scripts/enemypatrol.cs in SourceAssetDB has modification time of '2026-09-02T10:57:55.9711446Z' while content on disk has modification time of '2026-09-02T10:58:08.4959181Z'
Number of updated asset objects reloaded before import = 0
Number of asset objects unloaded after import = 0
========================================================================
Received Import Request.
  Time since last request: 0.007719 seconds.
  path: Assets/Game/Gameplay/Scripts/EnemyPatrol.cs
  artifactKey: Guid(37f9febdbcf7f6e4c8b93d9092b8dc89) Importer(815301076,1909f56bfc062723c751e8b465ee728b)
Start importing Assets/Game/Gameplay/Scripts/EnemyPatrol.cs using Guid(37f9febdbcf7f6e4c8b93d9092b8dc89) Importer(815301076,1909f56bfc062723c751e8b465ee728b) [PhysX] Initialized MultithreadedTaskDispatcher with 8 workers.
 -> (artifact id: '00000000000000000000000000000000') in 0.000761 seconds
Import Error Code:(4)
Message: Build asset version error: assets/game/gameplay/scripts/enemypatrol.cs in SourceAssetDB has modification time of '2026-09-02T10:57:55.9711446Z' while content on disk has modification time of '2026-09-02T10:58:08.4959181Z'
  ERROR: Build asset version error: assets/game/gameplay/scripts/enemypatrol.cs in SourceAssetDB has modification time of '2026-09-02T10:57:55.9711446Z' while content on disk has modification time of '2026-09-02T10:58:08.4959181Z'
Number of updated asset objects reloaded before import = 0
Number of asset objects unloaded after import = 0
========================================================================
Received Import Request.
  Time since last request: 0.007598 seconds.
  path: Assets/Game/Gameplay/Scripts/EnemyPatrol.cs
  artifactKey: Guid(37f9febdbcf7f6e4c8b93d9092b8dc89) Importer(815301076,1909f56bfc062723c751e8b465ee728b)
Start importing Assets/Game/Gameplay/Scripts/EnemyPatrol.cs using Guid(37f9febdbcf7f6e4c8b93d9092b8dc89) Importer(815301076,1909f56bfc062723c751e8b465ee728b) [PhysX] Initialized MultithreadedTaskDispatcher with 8 workers.
 -> (artifact id: '00000000000000000000000000000000') in 0.000748 seconds
Import Error Code:(4)
Message: Build asset version error: assets/game/gameplay/scripts/enemypatrol.cs in SourceAssetDB has modification time of '2026-09-02T10:57:55.9711446Z' while content on disk has modification time of '2026-09-02T10:58:08.4959181Z'
  ERROR: Build asset version error: assets/game/gameplay/scripts/enemypatrol.cs in SourceAssetDB has modification time of '2026-09-02T10:57:55.9711446Z' while content on disk has modification time of '2026-09-02T10:58:08.4959181Z'
Number of updated asset objects reloaded before import = 0
Number of asset objects unloaded after import = 0
========================================================================
Received Import Request.
  Time since last request: 0.007954 seconds.
  path: Assets/Game/Gameplay/Scripts/EnemyPatrol.cs
  artifactKey: Guid(37f9febdbcf7f6e4c8b93d9092b8dc89) Importer(815301076,1909f56bfc062723c751e8b465ee728b)
Start importing Assets/Game/Gameplay/Scripts/EnemyPatrol.cs using Guid(37f9febdbcf7f6e4c8b93d9092b8dc89) Importer(815301076,1909f56bfc062723c751e8b465ee728b) [PhysX] Initialized MultithreadedTaskDispatcher with 8 workers.
 -> (artifact id: '00000000000000000000000000000000') in 0.000639 seconds
Import Error Code:(4)
Message: Build asset version error: assets/game/gameplay/scripts/enemypatrol.cs in SourceAssetDB has modification time of '2026-09-02T10:57:55.9711446Z' while content on disk has modification time of '2026-09-02T10:58:08.4959181Z'
  ERROR: Build asset version error: assets/game/gameplay/scripts/enemypatrol.cs in SourceAssetDB has modification time of '2026-09-02T10:57:55.9711446Z' while content on disk has modification time of '2026-09-02T10:58:08.4959181Z'
Number of updated asset objects reloaded before import = 0
Number of asset objects unloaded after import = 0
========================================================================
Received Import Request.
  Time since last request: 0.009088 seconds.
  path: Assets/Game/Gameplay/Scripts/EnemyPatrol.cs
  artifactKey: Guid(37f9febdbcf7f6e4c8b93d9092b8dc89) Importer(815301076,1909f56bfc062723c751e8b465ee728b)
Start importing Assets/Game/Gameplay/Scripts/EnemyPatrol.cs using Guid(37f9febdbcf7f6e4c8b93d9092b8dc89) Importer(815301076,1909f56bfc062723c751e8b465ee728b) [PhysX] Initialized MultithreadedTaskDispatcher with 8 workers.
 -> (artifact id: '00000000000000000000000000000000') in 0.000759 seconds
Import Error Code:(4)
Message: Build asset version error: assets/game/gameplay/scripts/enemypatrol.cs in SourceAssetDB has modification time of '2026-09-02T10:57:55.9711446Z' while content on disk has modification time of '2026-09-02T10:58:08.4959181Z'
  ERROR: Build asset version error: assets/game/gameplay/scripts/enemypatrol.cs in SourceAssetDB has modification time of '2026-09-02T10:57:55.9711446Z' while content on disk has modification time of '2026-09-02T10:58:08.4959181Z'
Number of updated asset objects reloaded before import = 0
Number of asset objects unloaded after import = 0
========================================================================
Received Import Request.
  Time since last request: 0.008835 seconds.
  path: Assets/Game/Gameplay/Scripts/EnemyPatrol.cs
  artifactKey: Guid(37f9febdbcf7f6e4c8b93d9092b8dc89) Importer(815301076,1909f56bfc062723c751e8b465ee728b)
Start importing Assets/Game/Gameplay/Scripts/EnemyPatrol.cs using Guid(37f9febdbcf7f6e4c8b93d9092b8dc89) Importer(815301076,1909f56bfc062723c751e8b465ee728b) [PhysX] Initialized MultithreadedTaskDispatcher with 8 workers.
 -> (artifact id: '00000000000000000000000000000000') in 0.000629 seconds
Import Error Code:(4)
Message: Build asset version error: assets/game/gameplay/scripts/enemypatrol.cs in SourceAssetDB has modification time of '2026-09-02T10:57:55.9711446Z' while content on disk has modification time of '2026-09-02T10:58:08.4959181Z'
  ERROR: Build asset version error: assets/game/gameplay/scripts/enemypatrol.cs in SourceAssetDB has modification time of '2026-09-02T10:57:55.9711446Z' while content on disk has modification time of '2026-09-02T10:58:08.4959181Z'
Number of updated asset objects reloaded before import = 0
Number of asset objects unloaded after import = 0
========================================================================
Received Import Request.
  Time since last request: 0.008928 seconds.
  path: Assets/Game/Gameplay/Scripts/EnemyPatrol.cs
  artifactKey: Guid(37f9febdbcf7f6e4c8b93d9092b8dc89) Importer(815301076,1909f56bfc062723c751e8b465ee728b)
Start importing Assets/Game/Gameplay/Scripts/EnemyPatrol.cs using Guid(37f9febdbcf7f6e4c8b93d9092b8dc89) Importer(815301076,1909f56bfc062723c751e8b465ee728b) [PhysX] Initialized MultithreadedTaskDispatcher with 8 workers.
 -> (artifact id: '00000000000000000000000000000000') in 0.000648 seconds
Import Error Code:(4)
Message: Build asset version error: assets/game/gameplay/scripts/enemypatrol.cs in SourceAssetDB has modification time of '2026-09-02T10:57:55.9711446Z' while content on disk has modification time of '2026-09-02T10:58:08.4959181Z'
  ERROR: Build asset version error: assets/game/gameplay/scripts/enemypatrol.cs in SourceAssetDB has modification time of '2026-09-02T10:57:55.9711446Z' while content on disk has modification time of '2026-09-02T10:58:08.4959181Z'
Number of updated asset objects reloaded before import = 0
Number of asset objects unloaded after import = 0
========================================================================
Received Import Request.
  Time since last request: 0.008240 seconds.
  path: Assets/Game/Gameplay/Scripts/EnemyPatrol.cs
  artifactKey: Guid(37f9febdbcf7f6e4c8b93d9092b8dc89) Importer(815301076,1909f56bfc062723c751e8b465ee728b)
Start importing Assets/Game/Gameplay/Scripts/EnemyPatrol.cs using Guid(37f9febdbcf7f6e4c8b93d9092b8dc89) Importer(815301076,1909f56bfc062723c751e8b465ee728b) [PhysX] Initialized MultithreadedTaskDispatcher with 8 workers.
 -> (artifact id: '00000000000000000000000000000000') in 0.000644 seconds
Import Error Code:(4)
Message: Build asset version error: assets/game/gameplay/scripts/enemypatrol.cs in SourceAssetDB has modification time of '2026-09-02T10:57:55.9711446Z' while content on disk has modification time of '2026-09-02T10:58:08.4959181Z'
  ERROR: Build asset version error: assets/game/gameplay/scripts/enemypatrol.cs in SourceAssetDB has modification time of '2026-09-02T10:57:55.9711446Z' while content on disk has modification time of '2026-09-02T10:58:08.4959181Z'
Number of updated asset objects reloaded before import = 0
Number of asset objects unloaded after import = 0
========================================================================
Received Import Request.
  Time since last request: 0.008694 seconds.
  path: Assets/Game/Gameplay/Scripts/EnemyPatrol.cs
  artifactKey: Guid(37f9febdbcf7f6e4c8b93d9092b8dc89) Importer(815301076,1909f56bfc062723c751e8b465ee728b)
Start importing Assets/Game/Gameplay/Scripts/EnemyPatrol.cs using Guid(37f9febdbcf7f6e4c8b93d9092b8dc89) Importer(815301076,1909f56bfc062723c751e8b465ee728b) [PhysX] Initialized MultithreadedTaskDispatcher with 8 workers.
 -> (artifact id: '00000000000000000000000000000000') in 0.000724 seconds
Import Error Code:(4)
Message: Build asset version error: assets/game/gameplay/scripts/enemypatrol.cs in SourceAssetDB has modification time of '2026-09-02T10:57:55.9711446Z' while content on disk has modification time of '2026-09-02T10:58:08.4959181Z'
  ERROR: Build asset version error: assets/game/gameplay/scripts/enemypatrol.cs in SourceAssetDB has modification time of '2026-09-02T10:57:55.9711446Z' while content on disk has modification time of '2026-09-02T10:58:08.4959181Z'
Number of updated asset objects reloaded before import = 0
Number of asset objects unloaded after import = 0
========================================================================
Received Import Request.
  Time since last request: 0.009721 seconds.
  path: Assets/Game/Gameplay/Scripts/EnemyPatrol.cs
  artifactKey: Guid(37f9febdbcf7f6e4c8b93d9092b8dc89) Importer(815301076,1909f56bfc062723c751e8b465ee728b)
Start importing Assets/Game/Gameplay/Scripts/EnemyPatrol.cs using Guid(37f9febdbcf7f6e4c8b93d9092b8dc89) Importer(815301076,1909f56bfc062723c751e8b465ee728b) [PhysX] Initialized MultithreadedTaskDispatcher with 8 workers.
 -> (artifact id: '00000000000000000000000000000000') in 0.000629 seconds
Import Error Code:(4)
Message: Build asset version error: assets/game/gameplay/scripts/enemypatrol.cs in SourceAssetDB has modification time of '2026-09-02T10:57:55.9711446Z' while content on disk has modification time of '2026-09-02T10:58:08.4959181Z'
  ERROR: Build asset version error: assets/game/gameplay/scripts/enemypatrol.cs in SourceAssetDB has modification time of '2026-09-02T10:57:55.9711446Z' while content on disk has modification time of '2026-09-02T10:58:08.4959181Z'
Number of updated asset objects reloaded before import = 0
Number of asset objects unloaded after import = 0
========================================================================
Received Import Request.
  Time since last request: 0.007949 seconds.
  path: Assets/Game/Gameplay/Scripts/EnemyPatrol.cs
  artifactKey: Guid(37f9febdbcf7f6e4c8b93d9092b8dc89) Importer(815301076,1909f56bfc062723c751e8b465ee728b)
Start importing Assets/Game/Gameplay/Scripts/EnemyPatrol.cs using Guid(37f9febdbcf7f6e4c8b93d9092b8dc89) Importer(815301076,1909f56bfc062723c751e8b465ee728b) [PhysX] Initialized MultithreadedTaskDispatcher with 8 workers.
 -> (artifact id: '00000000000000000000000000000000') in 0.000642 seconds
Import Error Code:(4)
Message: Build asset version error: assets/game/gameplay/scripts/enemypatrol.cs in SourceAssetDB has modification time of '2026-09-02T10:57:55.9711446Z' while content on disk has modification time of '2026-09-02T10:58:08.4959181Z'
  ERROR: Build asset version error: assets/game/gameplay/scripts/enemypatrol.cs in SourceAssetDB has modification time of '2026-09-02T10:57:55.9711446Z' while content on disk has modification time of '2026-09-02T10:58:08.4959181Z'
Number of updated asset objects reloaded before import = 0
Number of asset objects unloaded after import = 0
========================================================================
Received Import Request.
  Time since last request: 0.008594 seconds.
  path: Assets/Game/Gameplay/Scripts/EnemyPatrol.cs
  artifactKey: Guid(37f9febdbcf7f6e4c8b93d9092b8dc89) Importer(815301076,1909f56bfc062723c751e8b465ee728b)
Start importing Assets/Game/Gameplay/Scripts/EnemyPatrol.cs using Guid(37f9febdbcf7f6e4c8b93d9092b8dc89) Importer(815301076,1909f56bfc062723c751e8b465ee728b) [PhysX] Initialized MultithreadedTaskDispatcher with 8 workers.
 -> (artifact id: '00000000000000000000000000000000') in 0.000947 seconds
Import Error Code:(4)
Message: Build asset version error: assets/game/gameplay/scripts/enemypatrol.cs in SourceAssetDB has modification time of '2026-09-02T10:57:55.9711446Z' while content on disk has modification time of '2026-09-02T10:58:08.4959181Z'
  ERROR: Build asset version error: assets/game/gameplay/scripts/enemypatrol.cs in SourceAssetDB has modification time of '2026-09-02T10:57:55.9711446Z' while content on disk has modification time of '2026-09-02T10:58:08.4959181Z'
Number of updated asset objects reloaded before import = 0
Number of asset objects unloaded after import = 0
========================================================================
Received Import Request.
  Time since last request: 0.007149 seconds.
  path: Assets/Game/Gameplay/Scripts/EnemyPatrol.cs
  artifactKey: Guid(37f9febdbcf7f6e4c8b93d9092b8dc89) Importer(815301076,1909f56bfc062723c751e8b465ee728b)
Start importing Assets/Game/Gameplay/Scripts/EnemyPatrol.cs using Guid(37f9febdbcf7f6e4c8b93d9092b8dc89) Importer(815301076,1909f56bfc062723c751e8b465ee728b) [PhysX] Initialized MultithreadedTaskDispatcher with 8 workers.
 -> (artifact id: '00000000000000000000000000000000') in 0.000769 seconds
Import Error Code:(4)
Message: Build asset version error: assets/game/gameplay/scripts/enemypatrol.cs in SourceAssetDB has modification time of '2026-09-02T10:57:55.9711446Z' while content on disk has modification time of '2026-09-02T10:58:08.4959181Z'
  ERROR: Build asset version error: assets/game/gameplay/scripts/enemypatrol.cs in SourceAssetDB has modification time of '2026-09-02T10:57:55.9711446Z' while content on disk has modification time of '2026-09-02T10:58:08.4959181Z'
Number of updated asset objects reloaded before import = 0
Number of asset objects unloaded after import = 0
========================================================================
Received Import Request.
  Time since last request: 0.010006 seconds.
  path: Assets/Game/Gameplay/Scripts/EnemyPatrol.cs
  artifactKey: Guid(37f9febdbcf7f6e4c8b93d9092b8dc89) Importer(815301076,1909f56bfc062723c751e8b465ee728b)
Start importing Assets/Game/Gameplay/Scripts/EnemyPatrol.cs using Guid(37f9febdbcf7f6e4c8b93d9092b8dc89) Importer(815301076,1909f56bfc062723c751e8b465ee728b) [PhysX] Initialized MultithreadedTaskDispatcher with 8 workers.
 -> (artifact id: '00000000000000000000000000000000') in 0.000677 seconds
Import Error Code:(4)
Message: Build asset version error: assets/game/gameplay/scripts/enemypatrol.cs in SourceAssetDB has modification time of '2026-09-02T10:57:55.9711446Z' while content on disk has modification time of '2026-09-02T10:58:08.4959181Z'
  ERROR: Build asset version error: assets/game/gameplay/scripts/enemypatrol.cs in SourceAssetDB has modification time of '2026-09-02T10:57:55.9711446Z' while content on disk has modification time of '2026-09-02T10:58:08.4959181Z'
Number of updated asset objects reloaded before import = 0
Number of asset objects unloaded after import = 0
========================================================================
Received Import Request.
  Time since last request: 0.008182 seconds.
  path: Assets/Game/Gameplay/Scripts/EnemyPatrol.cs
  artifactKey: Guid(37f9febdbcf7f6e4c8b93d9092b8dc89) Importer(815301076,1909f56bfc062723c751e8b465ee728b)
Start importing Assets/Game/Gameplay/Scripts/EnemyPatrol.cs using Guid(37f9febdbcf7f6e4c8b93d9092b8dc89) Importer(815301076,1909f56bfc062723c751e8b465ee728b) [PhysX] Initialized MultithreadedTaskDispatcher with 8 workers.
 -> (artifact id: '00000000000000000000000000000000') in 0.000658 seconds
Import Error Code:(4)
Message: Build asset version error: assets/game/gameplay/scripts/enemypatrol.cs in SourceAssetDB has modification time of '2026-09-02T10:57:55.9711446Z' while content on disk has modification time of '2026-09-02T10:58:08.4959181Z'
  ERROR: Build asset version error: assets/game/gameplay/scripts/enemypatrol.cs in SourceAssetDB has modification time of '2026-09-02T10:57:55.9711446Z' while content on disk has modification time of '2026-09-02T10:58:08.4959181Z'
Number of updated asset objects reloaded before import = 0
Number of asset objects unloaded after import = 0
========================================================================
Received Import Request.
  Time since last request: 0.008566 seconds.
  path: Assets/Game/Gameplay/Scripts/EnemyPatrol.cs
  artifactKey: Guid(37f9febdbcf7f6e4c8b93d9092b8dc89) Importer(815301076,1909f56bfc062723c751e8b465ee728b)
Start importing Assets/Game/Gameplay/Scripts/EnemyPatrol.cs using Guid(37f9febdbcf7f6e4c8b93d9092b8dc89) Importer(815301076,1909f56bfc062723c751e8b465ee728b) [PhysX] Initialized MultithreadedTaskDispatcher with 8 workers.
 -> (artifact id: '00000000000000000000000000000000') in 0.000660 seconds
Import Error Code:(4)
Message: Build asset version error: assets/game/gameplay/scripts/enemypatrol.cs in SourceAssetDB has modification time of '2026-09-02T10:57:55.9711446Z' while content on disk has modification time of '2026-09-02T10:58:08.4959181Z'
  ERROR: Build asset version error: assets/game/gameplay/scripts/enemypatrol.cs in SourceAssetDB has modification time of '2026-09-02T10:57:55.9711446Z' while content on disk has modification time of '2026-09-02T10:58:08.4959181Z'
Number of updated asset objects reloaded before import = 0
Number of asset objects unloaded after import = 0
========================================================================
Received Import Request.
  Time since last request: 0.008096 seconds.
  path: Assets/Game/Gameplay/Scripts/EnemyPatrol.cs
  artifactKey: Guid(37f9febdbcf7f6e4c8b93d9092b8dc89) Importer(815301076,1909f56bfc062723c751e8b465ee728b)
Start importing Assets/Game/Gameplay/Scripts/EnemyPatrol.cs using Guid(37f9febdbcf7f6e4c8b93d9092b8dc89) Importer(815301076,1909f56bfc062723c751e8b465ee728b) [PhysX] Initialized MultithreadedTaskDispatcher with 8 workers.
 -> (artifact id: '00000000000000000000000000000000') in 0.000714 seconds
Import Error Code:(4)
Message: Build asset version error: assets/game/gameplay/scripts/enemypatrol.cs in SourceAssetDB has modification time of '2026-09-02T10:57:55.9711446Z' while content on disk has modification time of '2026-09-02T10:58:08.4959181Z'
  ERROR: Build asset version error: assets/game/gameplay/scripts/enemypatrol.cs in SourceAssetDB has modification time of '2026-09-02T10:57:55.9711446Z' while content on disk has modification time of '2026-09-02T10:58:08.4959181Z'
Number of updated asset objects reloaded before import = 0
Number of asset objects unloaded after import = 0
========================================================================
Received Import Request.
  Time since last request: 0.008416 seconds.
  path: Assets/Game/Gameplay/Scripts/EnemyPatrol.cs
  artifactKey: Guid(37f9febdbcf7f6e4c8b93d9092b8dc89) Importer(815301076,1909f56bfc062723c751e8b465ee728b)
Start importing Assets/Game/Gameplay/Scripts/EnemyPatrol.cs using Guid(37f9febdbcf7f6e4c8b93d9092b8dc89) Importer(815301076,1909f56bfc062723c751e8b465ee728b) [PhysX] Initialized MultithreadedTaskDispatcher with 8 workers.
 -> (artifact id: '00000000000000000000000000000000') in 0.000633 seconds
Import Error Code:(4)
Message: Build asset version error: assets/game/gameplay/scripts/enemypatrol.cs in SourceAssetDB has modification time of '2026-09-02T10:57:55.9711446Z' while content on disk has modification time of '2026-09-02T10:58:08.4959181Z'
  ERROR: Build asset version error: assets/game/gameplay/scripts/enemypatrol.cs in SourceAssetDB has modification time of '2026-09-02T10:57:55.9711446Z' while content on disk has modification time of '2026-09-02T10:58:08.4959181Z'
Number of updated asset objects reloaded before import = 0
Number of asset objects unloaded after import = 0
========================================================================
Received Import Request.
  Time since last request: 0.009619 seconds.
  path: Assets/Game/Gameplay/Scripts/EnemyPatrol.cs
  artifactKey: Guid(37f9febdbcf7f6e4c8b93d9092b8dc89) Importer(815301076,1909f56bfc062723c751e8b465ee728b)
Start importing Assets/Game/Gameplay/Scripts/EnemyPatrol.cs using Guid(37f9febdbcf7f6e4c8b93d9092b8dc89) Importer(815301076,1909f56bfc062723c751e8b465ee728b) [PhysX] Initialized MultithreadedTaskDispatcher with 8 workers.
 -> (artifact id: '00000000000000000000000000000000') in 0.000705 seconds
Import Error Code:(4)
Message: Build asset version error: assets/game/gameplay/scripts/enemypatrol.cs in SourceAssetDB has modification time of '2026-09-02T10:57:55.9711446Z' while content on disk has modification time of '2026-09-02T10:58:08.4959181Z'
  ERROR: Build asset version error: assets/game/gameplay/scripts/enemypatrol.cs in SourceAssetDB has modification time of '2026-09-02T10:57:55.9711446Z' while content on disk has modification time of '2026-09-02T10:58:08.4959181Z'
Number of updated asset objects reloaded before import = 0
Number of asset objects unloaded after import = 0
========================================================================
Received Import Request.
  Time since last request: 0.008653 seconds.
  path: Assets/Game/Gameplay/Scripts/EnemyPatrol.cs
  artifactKey: Guid(37f9febdbcf7f6e4c8b93d9092b8dc89) Importer(815301076,1909f56bfc062723c751e8b465ee728b)
Start importing Assets/Game/Gameplay/Scripts/EnemyPatrol.cs using Guid(37f9febdbcf7f6e4c8b93d9092b8dc89) Importer(815301076,1909f56bfc062723c751e8b465ee728b) [PhysX] Initialized MultithreadedTaskDispatcher with 8 workers.
 -> (artifact id: '00000000000000000000000000000000') in 0.000649 seconds
Import Error Code:(4)
Message: Build asset version error: assets/game/gameplay/scripts/enemypatrol.cs in SourceAssetDB has modification time of '2026-09-02T10:57:55.9711446Z' while content on disk has modification time of '2026-09-02T10:58:08.4959181Z'
  ERROR: Build asset version error: assets/game/gameplay/scripts/enemypatrol.cs in SourceAssetDB has modification time of '2026-09-02T10:57:55.9711446Z' while content on disk has modification time of '2026-09-02T10:58:08.4959181Z'
Number of updated asset objects reloaded before import = 0
Number of asset objects unloaded after import = 0
========================================================================
Received Import Request.
  Time since last request: 0.009046 seconds.
  path: Assets/Game/Gameplay/Scripts/EnemyPatrol.cs
  artifactKey: Guid(37f9febdbcf7f6e4c8b93d9092b8dc89) Importer(815301076,1909f56bfc062723c751e8b465ee728b)
Start importing Assets/Game/Gameplay/Scripts/EnemyPatrol.cs using Guid(37f9febdbcf7f6e4c8b93d9092b8dc89) Importer(815301076,1909f56bfc062723c751e8b465ee728b) [PhysX] Initialized MultithreadedTaskDispatcher with 8 workers.
 -> (artifact id: '00000000000000000000000000000000') in 0.000664 seconds
Import Error Code:(4)
Message: Build asset version error: assets/game/gameplay/scripts/enemypatrol.cs in SourceAssetDB has modification time of '2026-09-02T10:57:55.9711446Z' while content on disk has modification time of '2026-09-02T10:58:08.4959181Z'
  ERROR: Build asset version error: assets/game/gameplay/scripts/enemypatrol.cs in SourceAssetDB has modification time of '2026-09-02T10:57:55.9711446Z' while content on disk has modification time of '2026-09-02T10:58:08.4959181Z'
Number of updated asset objects reloaded before import = 0
Number of asset objects unloaded after import = 0
========================================================================
Received Import Request.
  Time since last request: 0.008463 seconds.
  path: Assets/Game/Gameplay/Scripts/EnemyPatrol.cs
  artifactKey: Guid(37f9febdbcf7f6e4c8b93d9092b8dc89) Importer(815301076,1909f56bfc062723c751e8b465ee728b)
Start importing Assets/Game/Gameplay/Scripts/EnemyPatrol.cs using Guid(37f9febdbcf7f6e4c8b93d9092b8dc89) Importer(815301076,1909f56bfc062723c751e8b465ee728b) [PhysX] Initialized MultithreadedTaskDispatcher with 8 workers.
 -> (artifact id: '00000000000000000000000000000000') in 0.000823 seconds
Import Error Code:(4)
Message: Build asset version error: assets/game/gameplay/scripts/enemypatrol.cs in SourceAssetDB has modification time of '2026-09-02T10:57:55.9711446Z' while content on disk has modification time of '2026-09-02T10:58:08.4959181Z'
  ERROR: Build asset version error: assets/game/gameplay/scripts/enemypatrol.cs in SourceAssetDB has modification time of '2026-09-02T10:57:55.9711446Z' while content on disk has modification time of '2026-09-02T10:58:08.4959181Z'
Number of updated asset objects reloaded before import = 0
Number of asset objects unloaded after import = 0
========================================================================
Received Import Request.
  Time since last request: 0.007305 seconds.
  path: Assets/Game/Gameplay/Scripts/EnemyPatrol.cs
  artifactKey: Guid(37f9febdbcf7f6e4c8b93d9092b8dc89) Importer(815301076,1909f56bfc062723c751e8b465ee728b)
Start importing Assets/Game/Gameplay/Scripts/EnemyPatrol.cs using Guid(37f9febdbcf7f6e4c8b93d9092b8dc89) Importer(815301076,1909f56bfc062723c751e8b465ee728b) [PhysX] Initialized MultithreadedTaskDispatcher with 8 workers.
 -> (artifact id: '00000000000000000000000000000000') in 0.000641 seconds
Import Error Code:(4)
Message: Build asset version error: assets/game/gameplay/scripts/enemypatrol.cs in SourceAssetDB has modification time of '2026-09-02T10:57:55.9711446Z' while content on disk has modification time of '2026-09-02T10:58:08.4959181Z'
  ERROR: Build asset version error: assets/game/gameplay/scripts/enemypatrol.cs in SourceAssetDB has modification time of '2026-09-02T10:57:55.9711446Z' while content on disk has modification time of '2026-09-02T10:58:08.4959181Z'
Number of updated asset objects reloaded before import = 0
Number of asset objects unloaded after import = 0
========================================================================
Received Import Request.
  Time since last request: 0.009413 seconds.
  path: Assets/Game/Gameplay/Scripts/EnemyPatrol.cs
  artifactKey: Guid(37f9febdbcf7f6e4c8b93d9092b8dc89) Importer(815301076,1909f56bfc062723c751e8b465ee728b)
Start importing Assets/Game/Gameplay/Scripts/EnemyPatrol.cs using Guid(37f9febdbcf7f6e4c8b93d9092b8dc89) Importer(815301076,1909f56bfc062723c751e8b465ee728b) [PhysX] Initialized MultithreadedTaskDispatcher with 8 workers.
 -> (artifact id: '00000000000000000000000000000000') in 0.000651 seconds
Import Error Code:(4)
Message: Build asset version error: assets/game/gameplay/scripts/enemypatrol.cs in SourceAssetDB has modification time of '2026-09-02T10:57:55.9711446Z' while content on disk has modification time of '2026-09-02T10:58:08.4959181Z'
  ERROR: Build asset version error: assets/game/gameplay/scripts/enemypatrol.cs in SourceAssetDB has modification time of '2026-09-02T10:57:55.9711446Z' while content on disk has modification time of '2026-09-02T10:58:08.4959181Z'
Number of updated asset objects reloaded before import = 0
Number of asset objects unloaded after import = 0
========================================================================
Received Import Request.
  Time since last request: 0.008698 seconds.
  path: Assets/Game/Gameplay/Scripts/EnemyPatrol.cs
  artifactKey: Guid(37f9febdbcf7f6e4c8b93d9092b8dc89) Importer(815301076,1909f56bfc062723c751e8b465ee728b)
Start importing Assets/Game/Gameplay/Scripts/EnemyPatrol.cs using Guid(37f9febdbcf7f6e4c8b93d9092b8dc89) Importer(815301076,1909f56bfc062723c751e8b465ee728b) [PhysX] Initialized MultithreadedTaskDispatcher with 8 workers.
 -> (artifact id: '00000000000000000000000000000000') in 0.000636 seconds
Import Error Code:(4)
Message: Build asset version error: assets/game/gameplay/scripts/enemypatrol.cs in SourceAssetDB has modification time of '2026-09-02T10:57:55.9711446Z' while content on disk has modification time of '2026-09-02T10:58:08.4959181Z'
  ERROR: Build asset version error: assets/game/gameplay/scripts/enemypatrol.cs in SourceAssetDB has modification time of '2026-09-02T10:57:55.9711446Z' while content on disk has modification time of '2026-09-02T10:58:08.4959181Z'
Number of updated asset objects reloaded before import = 0
Number of asset objects unloaded after import = 0
========================================================================
Received Import Request.
  Time since last request: 0.008509 seconds.
  path: Assets/Game/Gameplay/Scripts/EnemyPatrol.cs
  artifactKey: Guid(37f9febdbcf7f6e4c8b93d9092b8dc89) Importer(815301076,1909f56bfc062723c751e8b465ee728b)
Start importing Assets/Game/Gameplay/Scripts/EnemyPatrol.cs using Guid(37f9febdbcf7f6e4c8b93d9092b8dc89) Importer(815301076,1909f56bfc062723c751e8b465ee728b) [PhysX] Initialized MultithreadedTaskDispatcher with 8 workers.
 -> (artifact id: '00000000000000000000000000000000') in 0.000648 seconds
Import Error Code:(4)
Message: Build asset version error: assets/game/gameplay/scripts/enemypatrol.cs in SourceAssetDB has modification time of '2026-09-02T10:57:55.9711446Z' while content on disk has modification time of '2026-09-02T10:58:08.4959181Z'
  ERROR: Build asset version error: assets/game/gameplay/scripts/enemypatrol.cs in SourceAssetDB has modification time of '2026-09-02T10:57:55.9711446Z' while content on disk has modification time of '2026-09-02T10:58:08.4959181Z'
Number of updated asset objects reloaded before import = 0
Number of asset objects unloaded after import = 0
========================================================================
Received Import Request.
  Time since last request: 0.007771 seconds.
  path: Assets/Game/Gameplay/Scripts/EnemyPatrol.cs
  artifactKey: Guid(37f9febdbcf7f6e4c8b93d9092b8dc89) Importer(815301076,1909f56bfc062723c751e8b465ee728b)
Start importing Assets/Game/Gameplay/Scripts/EnemyPatrol.cs using Guid(37f9febdbcf7f6e4c8b93d9092b8dc89) Importer(815301076,1909f56bfc062723c751e8b465ee728b) [PhysX] Initialized MultithreadedTaskDispatcher with 8 workers.
 -> (artifact id: '00000000000000000000000000000000') in 0.000896 seconds
Import Error Code:(4)
Message: Build asset version error: assets/game/gameplay/scripts/enemypatrol.cs in SourceAssetDB has modification time of '2026-09-02T10:57:55.9711446Z' while content on disk has modification time of '2026-09-02T10:58:08.4959181Z'
  ERROR: Build asset version error: assets/game/gameplay/scripts/enemypatrol.cs in SourceAssetDB has modification time of '2026-09-02T10:57:55.9711446Z' while content on disk has modification time of '2026-09-02T10:58:08.4959181Z'
Number of updated asset objects reloaded before import = 0
Number of asset objects unloaded after import = 0
========================================================================
Received Import Request.
  Time since last request: 0.009426 seconds.
  path: Assets/Game/Gameplay/Scripts/EnemyPatrol.cs
  artifactKey: Guid(37f9febdbcf7f6e4c8b93d9092b8dc89) Importer(815301076,1909f56bfc062723c751e8b465ee728b)
Start importing Assets/Game/Gameplay/Scripts/EnemyPatrol.cs using Guid(37f9febdbcf7f6e4c8b93d9092b8dc89) Importer(815301076,1909f56bfc062723c751e8b465ee728b) [PhysX] Initialized MultithreadedTaskDispatcher with 8 workers.
 -> (artifact id: '00000000000000000000000000000000') in 0.000650 seconds
Import Error Code:(4)
Message: Build asset version error: assets/game/gameplay/scripts/enemypatrol.cs in SourceAssetDB has modification time of '2026-09-02T10:57:55.9711446Z' while content on disk has modification time of '2026-09-02T10:58:08.4959181Z'
  ERROR: Build asset version error: assets/game/gameplay/scripts/enemypatrol.cs in SourceAssetDB has modification time of '2026-09-02T10:57:55.9711446Z' while content on disk has modification time of '2026-09-02T10:58:08.4959181Z'
Number of updated asset objects reloaded before import = 0
Number of asset objects unloaded after import = 0
========================================================================
Received Import Request.
  Time since last request: 0.008889 seconds.
  path: Assets/Game/Gameplay/Scripts/EnemyPatrol.cs
  artifactKey: Guid(37f9febdbcf7f6e4c8b93d9092b8dc89) Importer(815301076,1909f56bfc062723c751e8b465ee728b)
Start importing Assets/Game/Gameplay/Scripts/EnemyPatrol.cs using Guid(37f9febdbcf7f6e4c8b93d9092b8dc89) Importer(815301076,1909f56bfc062723c751e8b465ee728b) [PhysX] Initialized MultithreadedTaskDispatcher with 8 workers.
 -> (artifact id: '00000000000000000000000000000000') in 0.000642 seconds
Import Error Code:(4)
Message: Build asset version error: assets/game/gameplay/scripts/enemypatrol.cs in SourceAssetDB has modification time of '2026-09-02T10:57:55.9711446Z' while content on disk has modification time of '2026-09-02T10:58:08.4959181Z'
  ERROR: Build asset version error: assets/game/gameplay/scripts/enemypatrol.cs in SourceAssetDB has modification time of '2026-09-02T10:57:55.9711446Z' while content on disk has modification time of '2026-09-02T10:58:08.4959181Z'
Number of updated asset objects reloaded before import = 0
Number of asset objects unloaded after import = 0
========================================================================
Received Import Request.
  Time since last request: 0.008399 seconds.
  path: Assets/Game/Gameplay/Scripts/EnemyPatrol.cs
  artifactKey: Guid(37f9febdbcf7f6e4c8b93d9092b8dc89) Importer(815301076,1909f56bfc062723c751e8b465ee728b)
Start importing Assets/Game/Gameplay/Scripts/EnemyPatrol.cs using Guid(37f9febdbcf7f6e4c8b93d9092b8dc89) Importer(815301076,1909f56bfc062723c751e8b465ee728b) [PhysX] Initialized MultithreadedTaskDispatcher with 8 workers.
 -> (artifact id: '00000000000000000000000000000000') in 0.000895 seconds
Import Error Code:(4)
Message: Build asset version error: assets/game/gameplay/scripts/enemypatrol.cs in SourceAssetDB has modification time of '2026-09-02T10:57:55.9711446Z' while content on disk has modification time of '2026-09-02T10:58:08.4959181Z'
  ERROR: Build asset version error: assets/game/gameplay/scripts/enemypatrol.cs in SourceAssetDB has modification time of '2026-09-02T10:57:55.9711446Z' while content on disk has modification time of '2026-09-02T10:58:08.4959181Z'
Number of updated asset objects reloaded before import = 0
Number of asset objects unloaded after import = 0
========================================================================
Received Import Request.
  Time since last request: 0.008690 seconds.
  path: Assets/Game/Gameplay/Scripts/EnemyPatrol.cs
  artifactKey: Guid(37f9febdbcf7f6e4c8b93d9092b8dc89) Importer(815301076,1909f56bfc062723c751e8b465ee728b)
Start importing Assets/Game/Gameplay/Scripts/EnemyPatrol.cs using Guid(37f9febdbcf7f6e4c8b93d9092b8dc89) Importer(815301076,1909f56bfc062723c751e8b465ee728b) [PhysX] Initialized MultithreadedTaskDispatcher with 8 workers.
 -> (artifact id: '00000000000000000000000000000000') in 0.000731 seconds
Import Error Code:(4)
Message: Build asset version error: assets/game/gameplay/scripts/enemypatrol.cs in SourceAssetDB has modification time of '2026-09-02T10:57:55.9711446Z' while content on disk has modification time of '2026-09-02T10:58:08.4959181Z'
  ERROR: Build asset version error: assets/game/gameplay/scripts/enemypatrol.cs in SourceAssetDB has modification time of '2026-09-02T10:57:55.9711446Z' while content on disk has modification time of '2026-09-02T10:58:08.4959181Z'
Number of updated asset objects reloaded before import = 0
Number of asset objects unloaded after import = 0
========================================================================
Received Import Request.
  Time since last request: 0.007882 seconds.
  path: Assets/Game/Gameplay/Scripts/EnemyPatrol.cs
  artifactKey: Guid(37f9febdbcf7f6e4c8b93d9092b8dc89) Importer(815301076,1909f56bfc062723c751e8b465ee728b)
Start importing Assets/Game/Gameplay/Scripts/EnemyPatrol.cs using Guid(37f9febdbcf7f6e4c8b93d9092b8dc89) Importer(815301076,1909f56bfc062723c751e8b465ee728b) [PhysX] Initialized MultithreadedTaskDispatcher with 8 workers.
 -> (artifact id: '00000000000000000000000000000000') in 0.000880 seconds
Import Error Code:(4)
Message: Build asset version error: assets/game/gameplay/scripts/enemypatrol.cs in SourceAssetDB has modification time of '2026-09-02T10:57:55.9711446Z' while content on disk has modification time of '2026-09-02T10:58:08.4959181Z'
  ERROR: Build asset version error: assets/game/gameplay/scripts/enemypatrol.cs in SourceAssetDB has modification time of '2026-09-02T10:57:55.9711446Z' while content on disk has modification time of '2026-09-02T10:58:08.4959181Z'
Number of updated asset objects reloaded before import = 0
Number of asset objects unloaded after import = 0
========================================================================
Received Import Request.
  Time since last request: 0.008224 seconds.
  path: Assets/Game/Gameplay/Scripts/EnemyPatrol.cs
  artifactKey: Guid(37f9febdbcf7f6e4c8b93d9092b8dc89) Importer(815301076,1909f56bfc062723c751e8b465ee728b)
Start importing Assets/Game/Gameplay/Scripts/EnemyPatrol.cs using Guid(37f9febdbcf7f6e4c8b93d9092b8dc89) Importer(815301076,1909f56bfc062723c751e8b465ee728b) [PhysX] Initialized MultithreadedTaskDispatcher with 8 workers.
 -> (artifact id: '00000000000000000000000000000000') in 0.000673 seconds
Import Error Code:(4)
Message: Build asset version error: assets/game/gameplay/scripts/enemypatrol.cs in SourceAssetDB has modification time of '2026-09-02T10:57:55.9711446Z' while content on disk has modification time of '2026-09-02T10:58:08.4959181Z'
  ERROR: Build asset version error: assets/game/gameplay/scripts/enemypatrol.cs in SourceAssetDB has modification time of '2026-09-02T10:57:55.9711446Z' while content on disk has modification time of '2026-09-02T10:58:08.4959181Z'
Number of updated asset objects reloaded before import = 0
Number of asset objects unloaded after import = 0
========================================================================
Received Import Request.
  Time since last request: 0.008551 seconds.
  path: Assets/Game/Gameplay/Scripts/EnemyPatrol.cs
  artifactKey: Guid(37f9febdbcf7f6e4c8b93d9092b8dc89) Importer(815301076,1909f56bfc062723c751e8b465ee728b)
Start importing Assets/Game/Gameplay/Scripts/EnemyPatrol.cs using Guid(37f9febdbcf7f6e4c8b93d9092b8dc89) Importer(815301076,1909f56bfc062723c751e8b465ee728b) [PhysX] Initialized MultithreadedTaskDispatcher with 8 workers.
 -> (artifact id: '00000000000000000000000000000000') in 0.000657 seconds
Import Error Code:(4)
Message: Build asset version error: assets/game/gameplay/scripts/enemypatrol.cs in SourceAssetDB has modification time of '2026-09-02T10:57:55.9711446Z' while content on disk has modification time of '2026-09-02T10:58:08.4959181Z'
  ERROR: Build asset version error: assets/game/gameplay/scripts/enemypatrol.cs in SourceAssetDB has modification time of '2026-09-02T10:57:55.9711446Z' while content on disk has modification time of '2026-09-02T10:58:08.4959181Z'
Number of updated asset objects reloaded before import = 0
Number of asset objects unloaded after import = 0
========================================================================
Received Import Request.
  Time since last request: 0.010324 seconds.
  path: Assets/Game/Gameplay/Scripts/EnemyPatrol.cs
  artifactKey: Guid(37f9febdbcf7f6e4c8b93d9092b8dc89) Importer(815301076,1909f56bfc062723c751e8b465ee728b)
Start importing Assets/Game/Gameplay/Scripts/EnemyPatrol.cs using Guid(37f9febdbcf7f6e4c8b93d9092b8dc89) Importer(815301076,1909f56bfc062723c751e8b465ee728b) [PhysX] Initialized MultithreadedTaskDispatcher with 8 workers.
 -> (artifact id: '00000000000000000000000000000000') in 0.000866 seconds
Import Error Code:(4)
Message: Build asset version error: assets/game/gameplay/scripts/enemypatrol.cs in SourceAssetDB has modification time of '2026-09-02T10:57:55.9711446Z' while content on disk has modification time of '2026-09-02T10:58:08.4959181Z'
  ERROR: Build asset version error: assets/game/gameplay/scripts/enemypatrol.cs in SourceAssetDB has modification time of '2026-09-02T10:57:55.9711446Z' while content on disk has modification time of '2026-09-02T10:58:08.4959181Z'
Number of updated asset objects reloaded before import = 0
Number of asset objects unloaded after import = 0
========================================================================
Received Import Request.
  Time since last request: 0.009154 seconds.
  path: Assets/Game/Gameplay/Scripts/EnemyPatrol.cs
  artifactKey: Guid(37f9febdbcf7f6e4c8b93d9092b8dc89) Importer(815301076,1909f56bfc062723c751e8b465ee728b)
Start importing Assets/Game/Gameplay/Scripts/EnemyPatrol.cs using Guid(37f9febdbcf7f6e4c8b93d9092b8dc89) Importer(815301076,1909f56bfc062723c751e8b465ee728b) [PhysX] Initialized MultithreadedTaskDispatcher with 8 workers.
 -> (artifact id: '00000000000000000000000000000000') in 0.000767 seconds
Import Error Code:(4)
Message: Build asset version error: assets/game/gameplay/scripts/enemypatrol.cs in SourceAssetDB has modification time of '2026-09-02T10:57:55.9711446Z' while content on disk has modification time of '2026-09-02T10:58:08.4959181Z'
  ERROR: Build asset version error: assets/game/gameplay/scripts/enemypatrol.cs in SourceAssetDB has modification time of '2026-09-02T10:57:55.9711446Z' while content on disk has modification time of '2026-09-02T10:58:08.4959181Z'
Number of updated asset objects reloaded before import = 0
Number of asset objects unloaded after import = 0
========================================================================
Received Import Request.
  Time since last request: 0.008981 seconds.
  path: Assets/Game/Gameplay/Scripts/EnemyPatrol.cs
  artifactKey: Guid(37f9febdbcf7f6e4c8b93d9092b8dc89) Importer(815301076,1909f56bfc062723c751e8b465ee728b)
Start importing Assets/Game/Gameplay/Scripts/EnemyPatrol.cs using Guid(37f9febdbcf7f6e4c8b93d9092b8dc89) Importer(815301076,1909f56bfc062723c751e8b465ee728b) [PhysX] Initialized MultithreadedTaskDispatcher with 8 workers.
 -> (artifact id: '00000000000000000000000000000000') in 0.000645 seconds
Import Error Code:(4)
Message: Build asset version error: assets/game/gameplay/scripts/enemypatrol.cs in SourceAssetDB has modification time of '2026-09-02T10:57:55.9711446Z' while content on disk has modification time of '2026-09-02T10:58:08.4959181Z'
  ERROR: Build asset version error: assets/game/gameplay/scripts/enemypatrol.cs in SourceAssetDB has modification time of '2026-09-02T10:57:55.9711446Z' while content on disk has modification time of '2026-09-02T10:58:08.4959181Z'
Number of updated asset objects reloaded before import = 0
Number of asset objects unloaded after import = 0
========================================================================
Received Import Request.
  Time since last request: 0.009106 seconds.
  path: Assets/Game/Gameplay/Scripts/EnemyPatrol.cs
  artifactKey: Guid(37f9febdbcf7f6e4c8b93d9092b8dc89) Importer(815301076,1909f56bfc062723c751e8b465ee728b)
Start importing Assets/Game/Gameplay/Scripts/EnemyPatrol.cs using Guid(37f9febdbcf7f6e4c8b93d9092b8dc89) Importer(815301076,1909f56bfc062723c751e8b465ee728b) [PhysX] Initialized MultithreadedTaskDispatcher with 8 workers.
 -> (artifact id: '00000000000000000000000000000000') in 0.000651 seconds
Import Error Code:(4)
Message: Build asset version error: assets/game/gameplay/scripts/enemypatrol.cs in SourceAssetDB has modification time of '2026-09-02T10:57:55.9711446Z' while content on disk has modification time of '2026-09-02T10:58:08.4959181Z'
  ERROR: Build asset version error: assets/game/gameplay/scripts/enemypatrol.cs in SourceAssetDB has modification time of '2026-09-02T10:57:55.9711446Z' while content on disk has modification time of '2026-09-02T10:58:08.4959181Z'
Number of updated asset objects reloaded before import = 0
Number of asset objects unloaded after import = 0
========================================================================
Received Import Request.
  Time since last request: 0.007652 seconds.
  path: Assets/Game/Gameplay/Scripts/EnemyPatrol.cs
  artifactKey: Guid(37f9febdbcf7f6e4c8b93d9092b8dc89) Importer(815301076,1909f56bfc062723c751e8b465ee728b)
Start importing Assets/Game/Gameplay/Scripts/EnemyPatrol.cs using Guid(37f9febdbcf7f6e4c8b93d9092b8dc89) Importer(815301076,1909f56bfc062723c751e8b465ee728b) [PhysX] Initialized MultithreadedTaskDispatcher with 8 workers.
 -> (artifact id: '00000000000000000000000000000000') in 0.000651 seconds
Import Error Code:(4)
Message: Build asset version error: assets/game/gameplay/scripts/enemypatrol.cs in SourceAssetDB has modification time of '2026-09-02T10:57:55.9711446Z' while content on disk has modification time of '2026-09-02T10:58:08.4959181Z'
  ERROR: Build asset version error: assets/game/gameplay/scripts/enemypatrol.cs in SourceAssetDB has modification time of '2026-09-02T10:57:55.9711446Z' while content on disk has modification time of '2026-09-02T10:58:08.4959181Z'
Number of updated asset objects reloaded before import = 0
Number of asset objects unloaded after import = 0
========================================================================
Received Import Request.
  Time since last request: 0.008725 seconds.
  path: Assets/Game/Gameplay/Scripts/EnemyPatrol.cs
  artifactKey: Guid(37f9febdbcf7f6e4c8b93d9092b8dc89) Importer(815301076,1909f56bfc062723c751e8b465ee728b)
Start importing Assets/Game/Gameplay/Scripts/EnemyPatrol.cs using Guid(37f9febdbcf7f6e4c8b93d9092b8dc89) Importer(815301076,1909f56bfc062723c751e8b465ee728b) [PhysX] Initialized MultithreadedTaskDispatcher with 8 workers.
 -> (artifact id: '00000000000000000000000000000000') in 0.000767 seconds
Import Error Code:(4)
Message: Build asset version error: assets/game/gameplay/scripts/enemypatrol.cs in SourceAssetDB has modification time of '2026-09-02T10:57:55.9711446Z' while content on disk has modification time of '2026-09-02T10:58:08.4959181Z'
  ERROR: Build asset version error: assets/game/gameplay/scripts/enemypatrol.cs in SourceAssetDB has modification time of '2026-09-02T10:57:55.9711446Z' while content on disk has modification time of '2026-09-02T10:58:08.4959181Z'
Number of updated asset objects reloaded before import = 0
Number of asset objects unloaded after import = 0
========================================================================
Received Import Request.
  Time since last request: 0.008805 seconds.
  path: Assets/Game/Gameplay/Scripts/EnemyPatrol.cs
  artifactKey: Guid(37f9febdbcf7f6e4c8b93d9092b8dc89) Importer(815301076,1909f56bfc062723c751e8b465ee728b)
Start importing Assets/Game/Gameplay/Scripts/EnemyPatrol.cs using Guid(37f9febdbcf7f6e4c8b93d9092b8dc89) Importer(815301076,1909f56bfc062723c751e8b465ee728b) [PhysX] Initialized MultithreadedTaskDispatcher with 8 workers.
 -> (artifact id: '00000000000000000000000000000000') in 0.000868 seconds
Import Error Code:(4)
Message: Build asset version error: assets/game/gameplay/scripts/enemypatrol.cs in SourceAssetDB has modification time of '2026-09-02T10:57:55.9711446Z' while content on disk has modification time of '2026-09-02T10:58:08.4959181Z'
  ERROR: Build asset version error: assets/game/gameplay/scripts/enemypatrol.cs in SourceAssetDB has modification time of '2026-09-02T10:57:55.9711446Z' while content on disk has modification time of '2026-09-02T10:58:08.4959181Z'
Number of updated asset objects reloaded before import = 0
Number of asset objects unloaded after import = 0
========================================================================
Received Import Request.
  Time since last request: 0.010742 seconds.
  path: Assets/Game/Gameplay/Scripts/EnemyPatrol.cs
  artifactKey: Guid(37f9febdbcf7f6e4c8b93d9092b8dc89) Importer(815301076,1909f56bfc062723c751e8b465ee728b)
Start importing Assets/Game/Gameplay/Scripts/EnemyPatrol.cs using Guid(37f9febdbcf7f6e4c8b93d9092b8dc89) Importer(815301076,1909f56bfc062723c751e8b465ee728b) [PhysX] Initialized MultithreadedTaskDispatcher with 8 workers.
 -> (artifact id: '00000000000000000000000000000000') in 0.000644 seconds
Import Error Code:(4)
Message: Build asset version error: assets/game/gameplay/scripts/enemypatrol.cs in SourceAssetDB has modification time of '2026-09-02T10:57:55.9711446Z' while content on disk has modification time of '2026-09-02T10:58:08.4959181Z'
  ERROR: Build asset version error: assets/game/gameplay/scripts/enemypatrol.cs in SourceAssetDB has modification time of '2026-09-02T10:57:55.9711446Z' while content on disk has modification time of '2026-09-02T10:58:08.4959181Z'
Number of updated asset objects reloaded before import = 0
Number of asset objects unloaded after import = 0
========================================================================
Received Import Request.
  Time since last request: 0.009457 seconds.
  path: Assets/Game/Gameplay/Scripts/EnemyPatrol.cs
  artifactKey: Guid(37f9febdbcf7f6e4c8b93d9092b8dc89) Importer(815301076,1909f56bfc062723c751e8b465ee728b)
Start importing Assets/Game/Gameplay/Scripts/EnemyPatrol.cs using Guid(37f9febdbcf7f6e4c8b93d9092b8dc89) Importer(815301076,1909f56bfc062723c751e8b465ee728b) [PhysX] Initialized MultithreadedTaskDispatcher with 8 workers.
 -> (artifact id: '00000000000000000000000000000000') in 0.000923 seconds
Import Error Code:(4)
Message: Build asset version error: assets/game/gameplay/scripts/enemypatrol.cs in SourceAssetDB has modification time of '2026-09-02T10:57:55.9711446Z' while content on disk has modification time of '2026-09-02T10:58:08.4959181Z'
  ERROR: Build asset version error: assets/game/gameplay/scripts/enemypatrol.cs in SourceAssetDB has modification time of '2026-09-02T10:57:55.9711446Z' while content on disk has modification time of '2026-09-02T10:58:08.4959181Z'
Number of updated asset objects reloaded before import = 0
Number of asset objects unloaded after import = 0
========================================================================
Received Import Request.
  Time since last request: 0.008419 seconds.
  path: Assets/Game/Gameplay/Scripts/EnemyPatrol.cs
  artifactKey: Guid(37f9febdbcf7f6e4c8b93d9092b8dc89) Importer(815301076,1909f56bfc062723c751e8b465ee728b)
Start importing Assets/Game/Gameplay/Scripts/EnemyPatrol.cs using Guid(37f9febdbcf7f6e4c8b93d9092b8dc89) Importer(815301076,1909f56bfc062723c751e8b465ee728b) [PhysX] Initialized MultithreadedTaskDispatcher with 8 workers.
 -> (artifact id: '00000000000000000000000000000000') in 0.000808 seconds
Import Error Code:(4)
Message: Build asset version error: assets/game/gameplay/scripts/enemypatrol.cs in SourceAssetDB has modification time of '2026-09-02T10:57:55.9711446Z' while content on disk has modification time of '2026-09-02T10:58:08.4959181Z'
  ERROR: Build asset version error: assets/game/gameplay/scripts/enemypatrol.cs in SourceAssetDB has modification time of '2026-09-02T10:57:55.9711446Z' while content on disk has modification time of '2026-09-02T10:58:08.4959181Z'
Number of updated asset objects reloaded before import = 0
Number of asset objects unloaded after import = 0
========================================================================
Received Import Request.
  Time since last request: 0.007219 seconds.
  path: Assets/Game/Gameplay/Scripts/EnemyPatrol.cs
  artifactKey: Guid(37f9febdbcf7f6e4c8b93d9092b8dc89) Importer(815301076,1909f56bfc062723c751e8b465ee728b)
Start importing Assets/Game/Gameplay/Scripts/EnemyPatrol.cs using Guid(37f9febdbcf7f6e4c8b93d9092b8dc89) Importer(815301076,1909f56bfc062723c751e8b465ee728b) [PhysX] Initialized MultithreadedTaskDispatcher with 8 workers.
 -> (artifact id: '00000000000000000000000000000000') in 0.000636 seconds
Import Error Code:(4)
Message: Build asset version error: assets/game/gameplay/scripts/enemypatrol.cs in SourceAssetDB has modification time of '2026-09-02T10:57:55.9711446Z' while content on disk has modification time of '2026-09-02T10:58:08.4959181Z'
  ERROR: Build asset version error: assets/game/gameplay/scripts/enemypatrol.cs in SourceAssetDB has modification time of '2026-09-02T10:57:55.9711446Z' while content on disk has modification time of '2026-09-02T10:58:08.4959181Z'
Number of updated asset objects reloaded before import = 0
Number of asset objects unloaded after import = 0
========================================================================
Received Import Request.
  Time since last request: 0.009016 seconds.
  path: Assets/Game/Gameplay/Scripts/EnemyPatrol.cs
  artifactKey: Guid(37f9febdbcf7f6e4c8b93d9092b8dc89) Importer(815301076,1909f56bfc062723c751e8b465ee728b)
Start importing Assets/Game/Gameplay/Scripts/EnemyPatrol.cs using Guid(37f9febdbcf7f6e4c8b93d9092b8dc89) Importer(815301076,1909f56bfc062723c751e8b465ee728b) [PhysX] Initialized MultithreadedTaskDispatcher with 8 workers.
 -> (artifact id: '00000000000000000000000000000000') in 0.000642 seconds
Import Error Code:(4)
Message: Build asset version error: assets/game/gameplay/scripts/enemypatrol.cs in SourceAssetDB has modification time of '2026-09-02T10:57:55.9711446Z' while content on disk has modification time of '2026-09-02T10:58:08.4959181Z'
  ERROR: Build asset version error: assets/game/gameplay/scripts/enemypatrol.cs in SourceAssetDB has modification time of '2026-09-02T10:57:55.9711446Z' while content on disk has modification time of '2026-09-02T10:58:08.4959181Z'
Number of updated asset objects reloaded before import = 0
Number of asset objects unloaded after import = 0
========================================================================
Received Import Request.
  Time since last request: 0.007822 seconds.
  path: Assets/Game/Gameplay/Scripts/EnemyPatrol.cs
  artifactKey: Guid(37f9febdbcf7f6e4c8b93d9092b8dc89) Importer(815301076,1909f56bfc062723c751e8b465ee728b)
Start importing Assets/Game/Gameplay/Scripts/EnemyPatrol.cs using Guid(37f9febdbcf7f6e4c8b93d9092b8dc89) Importer(815301076,1909f56bfc062723c751e8b465ee728b) [PhysX] Initialized MultithreadedTaskDispatcher with 8 workers.
 -> (artifact id: '00000000000000000000000000000000') in 0.000686 seconds
Import Error Code:(4)
Message: Build asset version error: assets/game/gameplay/scripts/enemypatrol.cs in SourceAssetDB has modification time of '2026-09-02T10:57:55.9711446Z' while content on disk has modification time of '2026-09-02T10:58:08.4959181Z'
  ERROR: Build asset version error: assets/game/gameplay/scripts/enemypatrol.cs in SourceAssetDB has modification time of '2026-09-02T10:57:55.9711446Z' while content on disk has modification time of '2026-09-02T10:58:08.4959181Z'
Number of updated asset objects reloaded before import = 0
Number of asset objects unloaded after import = 0
========================================================================
Received Import Request.
  Time since last request: 0.008103 seconds.
  path: Assets/Game/Gameplay/Scripts/EnemyPatrol.cs
  artifactKey: Guid(37f9febdbcf7f6e4c8b93d9092b8dc89) Importer(815301076,1909f56bfc062723c751e8b465ee728b)
Start importing Assets/Game/Gameplay/Scripts/EnemyPatrol.cs using Guid(37f9febdbcf7f6e4c8b93d9092b8dc89) Importer(815301076,1909f56bfc062723c751e8b465ee728b) [PhysX] Initialized MultithreadedTaskDispatcher with 8 workers.
 -> (artifact id: '00000000000000000000000000000000') in 0.000638 seconds
Import Error Code:(4)
Message: Build asset version error: assets/game/gameplay/scripts/enemypatrol.cs in SourceAssetDB has modification time of '2026-09-02T10:57:55.9711446Z' while content on disk has modification time of '2026-09-02T10:58:08.4959181Z'
  ERROR: Build asset version error: assets/game/gameplay/scripts/enemypatrol.cs in SourceAssetDB has modification time of '2026-09-02T10:57:55.9711446Z' while content on disk has modification time of '2026-09-02T10:58:08.4959181Z'
Number of updated asset objects reloaded before import = 0
Number of asset objects unloaded after import = 0
========================================================================
Received Import Request.
  Time since last request: 0.007627 seconds.
  path: Assets/Game/Gameplay/Scripts/EnemyPatrol.cs
  artifactKey: Guid(37f9febdbcf7f6e4c8b93d9092b8dc89) Importer(815301076,1909f56bfc062723c751e8b465ee728b)
Start importing Assets/Game/Gameplay/Scripts/EnemyPatrol.cs using Guid(37f9febdbcf7f6e4c8b93d9092b8dc89) Importer(815301076,1909f56bfc062723c751e8b465ee728b) [PhysX] Initialized MultithreadedTaskDispatcher with 8 workers.
 -> (artifact id: '00000000000000000000000000000000') in 0.000763 seconds
Import Error Code:(4)
Message: Build asset version error: assets/game/gameplay/scripts/enemypatrol.cs in SourceAssetDB has modification time of '2026-09-02T10:57:55.9711446Z' while content on disk has modification time of '2026-09-02T10:58:08.4959181Z'
  ERROR: Build asset version error: assets/game/gameplay/scripts/enemypatrol.cs in SourceAssetDB has modification time of '2026-09-02T10:57:55.9711446Z' while content on disk has modification time of '2026-09-02T10:58:08.4959181Z'
Number of updated asset objects reloaded before import = 0
Number of asset objects unloaded after import = 0
========================================================================
Received Import Request.
  Time since last request: 0.009049 seconds.
  path: Assets/Game/Gameplay/Scripts/EnemyPatrol.cs
  artifactKey: Guid(37f9febdbcf7f6e4c8b93d9092b8dc89) Importer(815301076,1909f56bfc062723c751e8b465ee728b)
Start importing Assets/Game/Gameplay/Scripts/EnemyPatrol.cs using Guid(37f9febdbcf7f6e4c8b93d9092b8dc89) Importer(815301076,1909f56bfc062723c751e8b465ee728b) [PhysX] Initialized MultithreadedTaskDispatcher with 8 workers.
 -> (artifact id: '00000000000000000000000000000000') in 0.000803 seconds
Import Error Code:(4)
Message: Build asset version error: assets/game/gameplay/scripts/enemypatrol.cs in SourceAssetDB has modification time of '2026-09-02T10:57:55.9711446Z' while content on disk has modification time of '2026-09-02T10:58:08.4959181Z'
  ERROR: Build asset version error: assets/game/gameplay/scripts/enemypatrol.cs in SourceAssetDB has modification time of '2026-09-02T10:57:55.9711446Z' while content on disk has modification time of '2026-09-02T10:58:08.4959181Z'
Number of updated asset objects reloaded before import = 0
Number of asset objects unloaded after import = 0
========================================================================
Received Import Request.
  Time since last request: 0.007458 seconds.
  path: Assets/Game/Gameplay/Scripts/EnemyPatrol.cs
  artifactKey: Guid(37f9febdbcf7f6e4c8b93d9092b8dc89) Importer(815301076,1909f56bfc062723c751e8b465ee728b)
Start importing Assets/Game/Gameplay/Scripts/EnemyPatrol.cs using Guid(37f9febdbcf7f6e4c8b93d9092b8dc89) Importer(815301076,1909f56bfc062723c751e8b465ee728b) [PhysX] Initialized MultithreadedTaskDispatcher with 8 workers.
 -> (artifact id: '00000000000000000000000000000000') in 0.000928 seconds
Import Error Code:(4)
Message: Build asset version error: assets/game/gameplay/scripts/enemypatrol.cs in SourceAssetDB has modification time of '2026-09-02T10:57:55.9711446Z' while content on disk has modification time of '2026-09-02T10:58:08.4959181Z'
  ERROR: Build asset version error: assets/game/gameplay/scripts/enemypatrol.cs in SourceAssetDB has modification time of '2026-09-02T10:57:55.9711446Z' while content on disk has modification time of '2026-09-02T10:58:08.4959181Z'
Number of updated asset objects reloaded before import = 0
Number of asset objects unloaded after import = 0
========================================================================
Received Import Request.
  Time since last request: 0.009118 seconds.
  path: Assets/Game/Gameplay/Scripts/EnemyPatrol.cs
  artifactKey: Guid(37f9febdbcf7f6e4c8b93d9092b8dc89) Importer(815301076,1909f56bfc062723c751e8b465ee728b)
Start importing Assets/Game/Gameplay/Scripts/EnemyPatrol.cs using Guid(37f9febdbcf7f6e4c8b93d9092b8dc89) Importer(815301076,1909f56bfc062723c751e8b465ee728b) [PhysX] Initialized MultithreadedTaskDispatcher with 8 workers.
 -> (artifact id: '00000000000000000000000000000000') in 0.000643 seconds
Import Error Code:(4)
Message: Build asset version error: assets/game/gameplay/scripts/enemypatrol.cs in SourceAssetDB has modification time of '2026-09-02T10:57:55.9711446Z' while content on disk has modification time of '2026-09-02T10:58:08.4959181Z'
  ERROR: Build asset version error: assets/game/gameplay/scripts/enemypatrol.cs in SourceAssetDB has modification time of '2026-09-02T10:57:55.9711446Z' while content on disk has modification time of '2026-09-02T10:58:08.4959181Z'
Number of updated asset objects reloaded before import = 0
Number of asset objects unloaded after import = 0
========================================================================
Received Import Request.
  Time since last request: 0.007335 seconds.
  path: Assets/Game/Gameplay/Scripts/EnemyPatrol.cs
  artifactKey: Guid(37f9febdbcf7f6e4c8b93d9092b8dc89) Importer(815301076,1909f56bfc062723c751e8b465ee728b)
Start importing Assets/Game/Gameplay/Scripts/EnemyPatrol.cs using Guid(37f9febdbcf7f6e4c8b93d9092b8dc89) Importer(815301076,1909f56bfc062723c751e8b465ee728b) [PhysX] Initialized MultithreadedTaskDispatcher with 8 workers.
 -> (artifact id: '00000000000000000000000000000000') in 0.000741 seconds
Import Error Code:(4)
Message: Build asset version error: assets/game/gameplay/scripts/enemypatrol.cs in SourceAssetDB has modification time of '2026-09-02T10:57:55.9711446Z' while content on disk has modification time of '2026-09-02T10:58:08.4959181Z'
  ERROR: Build asset version error: assets/game/gameplay/scripts/enemypatrol.cs in SourceAssetDB has modification time of '2026-09-02T10:57:55.9711446Z' while content on disk has modification time of '2026-09-02T10:58:08.4959181Z'
Number of updated asset objects reloaded before import = 0
Number of asset objects unloaded after import = 0
========================================================================
Received Import Request.
  Time since last request: 0.008199 seconds.
  path: Assets/Game/Gameplay/Scripts/EnemyPatrol.cs
  artifactKey: Guid(37f9febdbcf7f6e4c8b93d9092b8dc89) Importer(815301076,1909f56bfc062723c751e8b465ee728b)
Start importing Assets/Game/Gameplay/Scripts/EnemyPatrol.cs using Guid(37f9febdbcf7f6e4c8b93d9092b8dc89) Importer(815301076,1909f56bfc062723c751e8b465ee728b) [PhysX] Initialized MultithreadedTaskDispatcher with 8 workers.
 -> (artifact id: '00000000000000000000000000000000') in 0.000683 seconds
Import Error Code:(4)
Message: Build asset version error: assets/game/gameplay/scripts/enemypatrol.cs in SourceAssetDB has modification time of '2026-09-02T10:57:55.9711446Z' while content on disk has modification time of '2026-09-02T10:58:08.4959181Z'
  ERROR: Build asset version error: assets/game/gameplay/scripts/enemypatrol.cs in SourceAssetDB has modification time of '2026-09-02T10:57:55.9711446Z' while content on disk has modification time of '2026-09-02T10:58:08.4959181Z'
Number of updated asset objects reloaded before import = 0
Number of asset objects unloaded after import = 0
========================================================================
Received Import Request.
  Time since last request: 0.007833 seconds.
  path: Assets/Game/Gameplay/Scripts/EnemyPatrol.cs
  artifactKey: Guid(37f9febdbcf7f6e4c8b93d9092b8dc89) Importer(815301076,1909f56bfc062723c751e8b465ee728b)
Start importing Assets/Game/Gameplay/Scripts/EnemyPatrol.cs using Guid(37f9febdbcf7f6e4c8b93d9092b8dc89) Importer(815301076,1909f56bfc062723c751e8b465ee728b) [PhysX] Initialized MultithreadedTaskDispatcher with 8 workers.
 -> (artifact id: '00000000000000000000000000000000') in 0.000647 seconds
Import Error Code:(4)
Message: Build asset version error: assets/game/gameplay/scripts/enemypatrol.cs in SourceAssetDB has modification time of '2026-09-02T10:57:55.9711446Z' while content on disk has modification time of '2026-09-02T10:58:08.4959181Z'
  ERROR: Build asset version error: assets/game/gameplay/scripts/enemypatrol.cs in SourceAssetDB has modification time of '2026-09-02T10:57:55.9711446Z' while content on disk has modification time of '2026-09-02T10:58:08.4959181Z'
Number of updated asset objects reloaded before import = 0
Number of asset objects unloaded after import = 0
========================================================================
Received Import Request.
  Time since last request: 0.008353 seconds.
  path: Assets/Game/Gameplay/Scripts/EnemyPatrol.cs
  artifactKey: Guid(37f9febdbcf7f6e4c8b93d9092b8dc89) Importer(815301076,1909f56bfc062723c751e8b465ee728b)
Start importing Assets/Game/Gameplay/Scripts/EnemyPatrol.cs using Guid(37f9febdbcf7f6e4c8b93d9092b8dc89) Importer(815301076,1909f56bfc062723c751e8b465ee728b) [PhysX] Initialized MultithreadedTaskDispatcher with 8 workers.
 -> (artifact id: '00000000000000000000000000000000') in 0.000691 seconds
Import Error Code:(4)
Message: Build asset version error: assets/game/gameplay/scripts/enemypatrol.cs in SourceAssetDB has modification time of '2026-09-02T10:57:55.9711446Z' while content on disk has modification time of '2026-09-02T10:58:08.4959181Z'
  ERROR: Build asset version error: assets/game/gameplay/scripts/enemypatrol.cs in SourceAssetDB has modification time of '2026-09-02T10:57:55.9711446Z' while content on disk has modification time of '2026-09-02T10:58:08.4959181Z'
Number of updated asset objects reloaded before import = 0
Number of asset objects unloaded after import = 0
========================================================================
Received Import Request.
  Time since last request: 0.009159 seconds.
  path: Assets/Game/Gameplay/Scripts/EnemyPatrol.cs
  artifactKey: Guid(37f9febdbcf7f6e4c8b93d9092b8dc89) Importer(815301076,1909f56bfc062723c751e8b465ee728b)
Start importing Assets/Game/Gameplay/Scripts/EnemyPatrol.cs using Guid(37f9febdbcf7f6e4c8b93d9092b8dc89) Importer(815301076,1909f56bfc062723c751e8b465ee728b) [PhysX] Initialized MultithreadedTaskDispatcher with 8 workers.
 -> (artifact id: '00000000000000000000000000000000') in 0.000683 seconds
Import Error Code:(4)
Message: Build asset version error: assets/game/gameplay/scripts/enemypatrol.cs in SourceAssetDB has modification time of '2026-09-02T10:57:55.9711446Z' while content on disk has modification time of '2026-09-02T10:58:08.4959181Z'
  ERROR: Build asset version error: assets/game/gameplay/scripts/enemypatrol.cs in SourceAssetDB has modification time of '2026-09-02T10:57:55.9711446Z' while content on disk has modification time of '2026-09-02T10:58:08.4959181Z'
Number of updated asset objects reloaded before import = 0
Number of asset objects unloaded after import = 0
========================================================================
Received Import Request.
  Time since last request: 0.006953 seconds.
  path: Assets/Game/Gameplay/Scripts/EnemyPatrol.cs
  artifactKey: Guid(37f9febdbcf7f6e4c8b93d9092b8dc89) Importer(815301076,1909f56bfc062723c751e8b465ee728b)
Start importing Assets/Game/Gameplay/Scripts/EnemyPatrol.cs using Guid(37f9febdbcf7f6e4c8b93d9092b8dc89) Importer(815301076,1909f56bfc062723c751e8b465ee728b) [PhysX] Initialized MultithreadedTaskDispatcher with 8 workers.
 -> (artifact id: '00000000000000000000000000000000') in 0.000749 seconds
Import Error Code:(4)
Message: Build asset version error: assets/game/gameplay/scripts/enemypatrol.cs in SourceAssetDB has modification time of '2026-09-02T10:57:55.9711446Z' while content on disk has modification time of '2026-09-02T10:58:08.4959181Z'
  ERROR: Build asset version error: assets/game/gameplay/scripts/enemypatrol.cs in SourceAssetDB has modification time of '2026-09-02T10:57:55.9711446Z' while content on disk has modification time of '2026-09-02T10:58:08.4959181Z'
Number of updated asset objects reloaded before import = 0
Number of asset objects unloaded after import = 0
========================================================================
Received Import Request.
  Time since last request: 0.007759 seconds.
  path: Assets/Game/Gameplay/Scripts/EnemyPatrol.cs
  artifactKey: Guid(37f9febdbcf7f6e4c8b93d9092b8dc89) Importer(815301076,1909f56bfc062723c751e8b465ee728b)
Start importing Assets/Game/Gameplay/Scripts/EnemyPatrol.cs using Guid(37f9febdbcf7f6e4c8b93d9092b8dc89) Importer(815301076,1909f56bfc062723c751e8b465ee728b) [PhysX] Initialized MultithreadedTaskDispatcher with 8 workers.
 -> (artifact id: '00000000000000000000000000000000') in 0.000691 seconds
Import Error Code:(4)
Message: Build asset version error: assets/game/gameplay/scripts/enemypatrol.cs in SourceAssetDB has modification time of '2026-09-02T10:57:55.9711446Z' while content on disk has modification time of '2026-09-02T10:58:08.4959181Z'
  ERROR: Build asset version error: assets/game/gameplay/scripts/enemypatrol.cs in SourceAssetDB has modification time of '2026-09-02T10:57:55.9711446Z' while content on disk has modification time of '2026-09-02T10:58:08.4959181Z'
Number of updated asset objects reloaded before import = 0
Number of asset objects unloaded after import = 0
========================================================================
Received Import Request.
  Time since last request: 0.007145 seconds.
  path: Assets/Game/Gameplay/Scripts/EnemyPatrol.cs
  artifactKey: Guid(37f9febdbcf7f6e4c8b93d9092b8dc89) Importer(815301076,1909f56bfc062723c751e8b465ee728b)
Start importing Assets/Game/Gameplay/Scripts/EnemyPatrol.cs using Guid(37f9febdbcf7f6e4c8b93d9092b8dc89) Importer(815301076,1909f56bfc062723c751e8b465ee728b) [PhysX] Initialized MultithreadedTaskDispatcher with 8 workers.
 -> (artifact id: '00000000000000000000000000000000') in 0.000685 seconds
Import Error Code:(4)
Message: Build asset version error: assets/game/gameplay/scripts/enemypatrol.cs in SourceAssetDB has modification time of '2026-09-02T10:57:55.9711446Z' while content on disk has modification time of '2026-09-02T10:58:08.4959181Z'
  ERROR: Build asset version error: assets/game/gameplay/scripts/enemypatrol.cs in SourceAssetDB has modification time of '2026-09-02T10:57:55.9711446Z' while content on disk has modification time of '2026-09-02T10:58:08.4959181Z'
Number of updated asset objects reloaded before import = 0
Number of asset objects unloaded after import = 0
========================================================================
Received Import Request.
  Time since last request: 0.006193 seconds.
  path: Assets/Game/Gameplay/Scripts/EnemyPatrol.cs
  artifactKey: Guid(37f9febdbcf7f6e4c8b93d9092b8dc89) Importer(815301076,1909f56bfc062723c751e8b465ee728b)
Start importing Assets/Game/Gameplay/Scripts/EnemyPatrol.cs using Guid(37f9febdbcf7f6e4c8b93d9092b8dc89) Importer(815301076,1909f56bfc062723c751e8b465ee728b) [PhysX] Initialized MultithreadedTaskDispatcher with 8 workers.
 -> (artifact id: '00000000000000000000000000000000') in 0.000641 seconds
Import Error Code:(4)
Message: Build asset version error: assets/game/gameplay/scripts/enemypatrol.cs in SourceAssetDB has modification time of '2026-09-02T10:57:55.9711446Z' while content on disk has modification time of '2026-09-02T10:58:08.4959181Z'
  ERROR: Build asset version error: assets/game/gameplay/scripts/enemypatrol.cs in SourceAssetDB has modification time of '2026-09-02T10:57:55.9711446Z' while content on disk has modification time of '2026-09-02T10:58:08.4959181Z'
Number of updated asset objects reloaded before import = 0
Number of asset objects unloaded after import = 0
========================================================================
Received Import Request.
  Time since last request: 0.008339 seconds.
  path: Assets/Game/Gameplay/Scripts/EnemyPatrol.cs
  artifactKey: Guid(37f9febdbcf7f6e4c8b93d9092b8dc89) Importer(815301076,1909f56bfc062723c751e8b465ee728b)
Start importing Assets/Game/Gameplay/Scripts/EnemyPatrol.cs using Guid(37f9febdbcf7f6e4c8b93d9092b8dc89) Importer(815301076,1909f56bfc062723c751e8b465ee728b) [PhysX] Initialized MultithreadedTaskDispatcher with 8 workers.
 -> (artifact id: '00000000000000000000000000000000') in 0.000653 seconds
Import Error Code:(4)
Message: Build asset version error: assets/game/gameplay/scripts/enemypatrol.cs in SourceAssetDB has modification time of '2026-09-02T10:57:55.9711446Z' while content on disk has modification time of '2026-09-02T10:58:08.4959181Z'
  ERROR: Build asset version error: assets/game/gameplay/scripts/enemypatrol.cs in SourceAssetDB has modification time of '2026-09-02T10:57:55.9711446Z' while content on disk has modification time of '2026-09-02T10:58:08.4959181Z'
Number of updated asset objects reloaded before import = 0
Number of asset objects unloaded after import = 0
========================================================================
Received Import Request.
  Time since last request: 0.007950 seconds.
  path: Assets/Game/Gameplay/Scripts/EnemyPatrol.cs
  artifactKey: Guid(37f9febdbcf7f6e4c8b93d9092b8dc89) Importer(815301076,1909f56bfc062723c751e8b465ee728b)
Start importing Assets/Game/Gameplay/Scripts/EnemyPatrol.cs using Guid(37f9febdbcf7f6e4c8b93d9092b8dc89) Importer(815301076,1909f56bfc062723c751e8b465ee728b) [PhysX] Initialized MultithreadedTaskDispatcher with 8 workers.
 -> (artifact id: '00000000000000000000000000000000') in 0.000740 seconds
Import Error Code:(4)
Message: Build asset version error: assets/game/gameplay/scripts/enemypatrol.cs in SourceAssetDB has modification time of '2026-09-02T10:57:55.9711446Z' while content on disk has modification time of '2026-09-02T10:58:08.4959181Z'
  ERROR: Build asset version error: assets/game/gameplay/scripts/enemypatrol.cs in SourceAssetDB has modification time of '2026-09-02T10:57:55.9711446Z' while content on disk has modification time of '2026-09-02T10:58:08.4959181Z'
Number of updated asset objects reloaded before import = 0
Number of asset objects unloaded after import = 0
========================================================================
Received Import Request.
  Time since last request: 0.008273 seconds.
  path: Assets/Game/Gameplay/Scripts/EnemyPatrol.cs
  artifactKey: Guid(37f9febdbcf7f6e4c8b93d9092b8dc89) Importer(815301076,1909f56bfc062723c751e8b465ee728b)
Start importing Assets/Game/Gameplay/Scripts/EnemyPatrol.cs using Guid(37f9febdbcf7f6e4c8b93d9092b8dc89) Importer(815301076,1909f56bfc062723c751e8b465ee728b) [PhysX] Initialized MultithreadedTaskDispatcher with 8 workers.
 -> (artifact id: '00000000000000000000000000000000') in 0.000652 seconds
Import Error Code:(4)
Message: Build asset version error: assets/game/gameplay/scripts/enemypatrol.cs in SourceAssetDB has modification time of '2026-09-02T10:57:55.9711446Z' while content on disk has modification time of '2026-09-02T10:58:08.4959181Z'
  ERROR: Build asset version error: assets/game/gameplay/scripts/enemypatrol.cs in SourceAssetDB has modification time of '2026-09-02T10:57:55.9711446Z' while content on disk has modification time of '2026-09-02T10:58:08.4959181Z'
Number of updated asset objects reloaded before import = 0
Number of asset objects unloaded after import = 0
========================================================================
Received Import Request.
  Time since last request: 0.009841 seconds.
  path: Assets/Game/Gameplay/Scripts/EnemyPatrol.cs
  artifactKey: Guid(37f9febdbcf7f6e4c8b93d9092b8dc89) Importer(815301076,1909f56bfc062723c751e8b465ee728b)
Start importing Assets/Game/Gameplay/Scripts/EnemyPatrol.cs using Guid(37f9febdbcf7f6e4c8b93d9092b8dc89) Importer(815301076,1909f56bfc062723c751e8b465ee728b) [PhysX] Initialized MultithreadedTaskDispatcher with 8 workers.
 -> (artifact id: '00000000000000000000000000000000') in 0.000840 seconds
Import Error Code:(4)
Message: Build asset version error: assets/game/gameplay/scripts/enemypatrol.cs in SourceAssetDB has modification time of '2026-09-02T10:57:55.9711446Z' while content on disk has modification time of '2026-09-02T10:58:08.4959181Z'
  ERROR: Build asset version error: assets/game/gameplay/scripts/enemypatrol.cs in SourceAssetDB has modification time of '2026-09-02T10:57:55.9711446Z' while content on disk has modification time of '2026-09-02T10:58:08.4959181Z'
Number of updated asset objects reloaded before import = 0
Number of asset objects unloaded after import = 0
========================================================================
Received Import Request.
  Time since last request: 0.007194 seconds.
  path: Assets/Game/Gameplay/Scripts/EnemyPatrol.cs
  artifactKey: Guid(37f9febdbcf7f6e4c8b93d9092b8dc89) Importer(815301076,1909f56bfc062723c751e8b465ee728b)
Start importing Assets/Game/Gameplay/Scripts/EnemyPatrol.cs using Guid(37f9febdbcf7f6e4c8b93d9092b8dc89) Importer(815301076,1909f56bfc062723c751e8b465ee728b) [PhysX] Initialized MultithreadedTaskDispatcher with 8 workers.
 -> (artifact id: '00000000000000000000000000000000') in 0.000678 seconds
Import Error Code:(4)
Message: Build asset version error: assets/game/gameplay/scripts/enemypatrol.cs in SourceAssetDB has modification time of '2026-09-02T10:57:55.9711446Z' while content on disk has modification time of '2026-09-02T10:58:08.4959181Z'
  ERROR: Build asset version error: assets/game/gameplay/scripts/enemypatrol.cs in SourceAssetDB has modification time of '2026-09-02T10:57:55.9711446Z' while content on disk has modification time of '2026-09-02T10:58:08.4959181Z'
Number of updated asset objects reloaded before import = 0
Number of asset objects unloaded after import = 0
========================================================================
Received Import Request.
  Time since last request: 0.008452 seconds.
  path: Assets/Game/Gameplay/Scripts/EnemyPatrol.cs
  artifactKey: Guid(37f9febdbcf7f6e4c8b93d9092b8dc89) Importer(815301076,1909f56bfc062723c751e8b465ee728b)
Start importing Assets/Game/Gameplay/Scripts/EnemyPatrol.cs using Guid(37f9febdbcf7f6e4c8b93d9092b8dc89) Importer(815301076,1909f56bfc062723c751e8b465ee728b) [PhysX] Initialized MultithreadedTaskDispatcher with 8 workers.
 -> (artifact id: '00000000000000000000000000000000') in 0.000645 seconds
Import Error Code:(4)
Message: Build asset version error: assets/game/gameplay/scripts/enemypatrol.cs in SourceAssetDB has modification time of '2026-09-02T10:57:55.9711446Z' while content on disk has modification time of '2026-09-02T10:58:08.4959181Z'
  ERROR: Build asset version error: assets/game/gameplay/scripts/enemypatrol.cs in SourceAssetDB has modification time of '2026-09-02T10:57:55.9711446Z' while content on disk has modification time of '2026-09-02T10:58:08.4959181Z'
Number of updated asset objects reloaded before import = 0
Number of asset objects unloaded after import = 0
========================================================================
Received Import Request.
  Time since last request: 0.008656 seconds.
  path: Assets/Game/Gameplay/Scripts/EnemyPatrol.cs
  artifactKey: Guid(37f9febdbcf7f6e4c8b93d9092b8dc89) Importer(815301076,1909f56bfc062723c751e8b465ee728b)
Start importing Assets/Game/Gameplay/Scripts/EnemyPatrol.cs using Guid(37f9febdbcf7f6e4c8b93d9092b8dc89) Importer(815301076,1909f56bfc062723c751e8b465ee728b) [PhysX] Initialized MultithreadedTaskDispatcher with 8 workers.
 -> (artifact id: '00000000000000000000000000000000') in 0.000678 seconds
Import Error Code:(4)
Message: Build asset version error: assets/game/gameplay/scripts/enemypatrol.cs in SourceAssetDB has modification time of '2026-09-02T10:57:55.9711446Z' while content on disk has modification time of '2026-09-02T10:58:08.4959181Z'
  ERROR: Build asset version error: assets/game/gameplay/scripts/enemypatrol.cs in SourceAssetDB has modification time of '2026-09-02T10:57:55.9711446Z' while content on disk has modification time of '2026-09-02T10:58:08.4959181Z'
Number of updated asset objects reloaded before import = 0
Number of asset objects unloaded after import = 0
========================================================================
Received Import Request.
  Time since last request: 0.007658 seconds.
  path: Assets/Game/Gameplay/Scripts/EnemyPatrol.cs
  artifactKey: Guid(37f9febdbcf7f6e4c8b93d9092b8dc89) Importer(815301076,1909f56bfc062723c751e8b465ee728b)
Start importing Assets/Game/Gameplay/Scripts/EnemyPatrol.cs using Guid(37f9febdbcf7f6e4c8b93d9092b8dc89) Importer(815301076,1909f56bfc062723c751e8b465ee728b) [PhysX] Initialized MultithreadedTaskDispatcher with 8 workers.
 -> (artifact id: '00000000000000000000000000000000') in 0.000640 seconds
Import Error Code:(4)
Message: Build asset version error: assets/game/gameplay/scripts/enemypatrol.cs in SourceAssetDB has modification time of '2026-09-02T10:57:55.9711446Z' while content on disk has modification time of '2026-09-02T10:58:08.4959181Z'
  ERROR: Build asset version error: assets/game/gameplay/scripts/enemypatrol.cs in SourceAssetDB has modification time of '2026-09-02T10:57:55.9711446Z' while content on disk has modification time of '2026-09-02T10:58:08.4959181Z'
Number of updated asset objects reloaded before import = 0
Number of asset objects unloaded after import = 0
========================================================================
Received Import Request.
  Time since last request: 0.010528 seconds.
  path: Assets/Game/Gameplay/Scripts/EnemyPatrol.cs
  artifactKey: Guid(37f9febdbcf7f6e4c8b93d9092b8dc89) Importer(815301076,1909f56bfc062723c751e8b465ee728b)
Start importing Assets/Game/Gameplay/Scripts/EnemyPatrol.cs using Guid(37f9febdbcf7f6e4c8b93d9092b8dc89) Importer(815301076,1909f56bfc062723c751e8b465ee728b) [PhysX] Initialized MultithreadedTaskDispatcher with 8 workers.
 -> (artifact id: '00000000000000000000000000000000') in 0.000631 seconds
Import Error Code:(4)
Message: Build asset version error: assets/game/gameplay/scripts/enemypatrol.cs in SourceAssetDB has modification time of '2026-09-02T10:57:55.9711446Z' while content on disk has modification time of '2026-09-02T10:58:08.4959181Z'
  ERROR: Build asset version error: assets/game/gameplay/scripts/enemypatrol.cs in SourceAssetDB has modification time of '2026-09-02T10:57:55.9711446Z' while content on disk has modification time of '2026-09-02T10:58:08.4959181Z'
Number of updated asset objects reloaded before import = 0
Number of asset objects unloaded after import = 0
========================================================================
Received Import Request.
  Time since last request: 0.008911 seconds.
  path: Assets/Game/Gameplay/Scripts/EnemyPatrol.cs
  artifactKey: Guid(37f9febdbcf7f6e4c8b93d9092b8dc89) Importer(815301076,1909f56bfc062723c751e8b465ee728b)
Start importing Assets/Game/Gameplay/Scripts/EnemyPatrol.cs using Guid(37f9febdbcf7f6e4c8b93d9092b8dc89) Importer(815301076,1909f56bfc062723c751e8b465ee728b) [PhysX] Initialized MultithreadedTaskDispatcher with 8 workers.
 -> (artifact id: '00000000000000000000000000000000') in 0.000666 seconds
Import Error Code:(4)
Message: Build asset version error: assets/game/gameplay/scripts/enemypatrol.cs in SourceAssetDB has modification time of '2026-09-02T10:57:55.9711446Z' while content on disk has modification time of '2026-09-02T10:58:08.4959181Z'
  ERROR: Build asset version error: assets/game/gameplay/scripts/enemypatrol.cs in SourceAssetDB has modification time of '2026-09-02T10:57:55.9711446Z' while content on disk has modification time of '2026-09-02T10:58:08.4959181Z'
Number of updated asset objects reloaded before import = 0
Number of asset objects unloaded after import = 0
========================================================================
Received Import Request.
  Time since last request: 0.008738 seconds.
  path: Assets/Game/Gameplay/Scripts/EnemyPatrol.cs
  artifactKey: Guid(37f9febdbcf7f6e4c8b93d9092b8dc89) Importer(815301076,1909f56bfc062723c751e8b465ee728b)
Start importing Assets/Game/Gameplay/Scripts/EnemyPatrol.cs using Guid(37f9febdbcf7f6e4c8b93d9092b8dc89) Importer(815301076,1909f56bfc062723c751e8b465ee728b) [PhysX] Initialized MultithreadedTaskDispatcher with 8 workers.
 -> (artifact id: '00000000000000000000000000000000') in 0.000651 seconds
Import Error Code:(4)
Message: Build asset version error: assets/game/gameplay/scripts/enemypatrol.cs in SourceAssetDB has modification time of '2026-09-02T10:57:55.9711446Z' while content on disk has modification time of '2026-09-02T10:58:08.4959181Z'
  ERROR: Build asset version error: assets/game/gameplay/scripts/enemypatrol.cs in SourceAssetDB has modification time of '2026-09-02T10:57:55.9711446Z' while content on disk has modification time of '2026-09-02T10:58:08.4959181Z'
Number of updated asset objects reloaded before import = 0
Number of asset objects unloaded after import = 0
========================================================================
Received Import Request.
  Time since last request: 0.008384 seconds.
  path: Assets/Game/Gameplay/Scripts/EnemyPatrol.cs
  artifactKey: Guid(37f9febdbcf7f6e4c8b93d9092b8dc89) Importer(815301076,1909f56bfc062723c751e8b465ee728b)
Start importing Assets/Game/Gameplay/Scripts/EnemyPatrol.cs using Guid(37f9febdbcf7f6e4c8b93d9092b8dc89) Importer(815301076,1909f56bfc062723c751e8b465ee728b) [PhysX] Initialized MultithreadedTaskDispatcher with 8 workers.
 -> (artifact id: '00000000000000000000000000000000') in 0.000738 seconds
Import Error Code:(4)
Message: Build asset version error: assets/game/gameplay/scripts/enemypatrol.cs in SourceAssetDB has modification time of '2026-09-02T10:57:55.9711446Z' while content on disk has modification time of '2026-09-02T10:58:08.4959181Z'
  ERROR: Build asset version error: assets/game/gameplay/scripts/enemypatrol.cs in SourceAssetDB has modification time of '2026-09-02T10:57:55.9711446Z' while content on disk has modification time of '2026-09-02T10:58:08.4959181Z'
Number of updated asset objects reloaded before import = 0
Number of asset objects unloaded after import = 0
========================================================================
Received Import Request.
  Time since last request: 0.007701 seconds.
  path: Assets/Game/Gameplay/Scripts/EnemyPatrol.cs
  artifactKey: Guid(37f9febdbcf7f6e4c8b93d9092b8dc89) Importer(815301076,1909f56bfc062723c751e8b465ee728b)
Start importing Assets/Game/Gameplay/Scripts/EnemyPatrol.cs using Guid(37f9febdbcf7f6e4c8b93d9092b8dc89) Importer(815301076,1909f56bfc062723c751e8b465ee728b) [PhysX] Initialized MultithreadedTaskDispatcher with 8 workers.
 -> (artifact id: '00000000000000000000000000000000') in 0.000749 seconds
Import Error Code:(4)
Message: Build asset version error: assets/game/gameplay/scripts/enemypatrol.cs in SourceAssetDB has modification time of '2026-09-02T10:57:55.9711446Z' while content on disk has modification time of '2026-09-02T10:58:08.4959181Z'
  ERROR: Build asset version error: assets/game/gameplay/scripts/enemypatrol.cs in SourceAssetDB has modification time of '2026-09-02T10:57:55.9711446Z' while content on disk has modification time of '2026-09-02T10:58:08.4959181Z'
Number of updated asset objects reloaded before import = 0
Number of asset objects unloaded after import = 0
========================================================================
Received Import Request.
  Time since last request: 0.008968 seconds.
  path: Assets/Game/Gameplay/Scripts/EnemyPatrol.cs
  artifactKey: Guid(37f9febdbcf7f6e4c8b93d9092b8dc89) Importer(815301076,1909f56bfc062723c751e8b465ee728b)
Start importing Assets/Game/Gameplay/Scripts/EnemyPatrol.cs using Guid(37f9febdbcf7f6e4c8b93d9092b8dc89) Importer(815301076,1909f56bfc062723c751e8b465ee728b) [PhysX] Initialized MultithreadedTaskDispatcher with 8 workers.
 -> (artifact id: '00000000000000000000000000000000') in 0.000883 seconds
Import Error Code:(4)
Message: Build asset version error: assets/game/gameplay/scripts/enemypatrol.cs in SourceAssetDB has modification time of '2026-09-02T10:57:55.9711446Z' while content on disk has modification time of '2026-09-02T10:58:08.4959181Z'
  ERROR: Build asset version error: assets/game/gameplay/scripts/enemypatrol.cs in SourceAssetDB has modification time of '2026-09-02T10:57:55.9711446Z' while content on disk has modification time of '2026-09-02T10:58:08.4959181Z'
Number of updated asset objects reloaded before import = 0
Number of asset objects unloaded after import = 0
========================================================================
Received Import Request.
  Time since last request: 0.008666 seconds.
  path: Assets/Game/Gameplay/Scripts/EnemyPatrol.cs
  artifactKey: Guid(37f9febdbcf7f6e4c8b93d9092b8dc89) Importer(815301076,1909f56bfc062723c751e8b465ee728b)
Start importing Assets/Game/Gameplay/Scripts/EnemyPatrol.cs using Guid(37f9febdbcf7f6e4c8b93d9092b8dc89) Importer(815301076,1909f56bfc062723c751e8b465ee728b) [PhysX] Initialized MultithreadedTaskDispatcher with 8 workers.
 -> (artifact id: '00000000000000000000000000000000') in 0.000674 seconds
Import Error Code:(4)
Message: Build asset version error: assets/game/gameplay/scripts/enemypatrol.cs in SourceAssetDB has modification time of '2026-09-02T10:57:55.9711446Z' while content on disk has modification time of '2026-09-02T10:58:08.4959181Z'
  ERROR: Build asset version error: assets/game/gameplay/scripts/enemypatrol.cs in SourceAssetDB has modification time of '2026-09-02T10:57:55.9711446Z' while content on disk has modification time of '2026-09-02T10:58:08.4959181Z'
Number of updated asset objects reloaded before import = 0
Number of asset objects unloaded after import = 0
========================================================================
Received Import Request.
  Time since last request: 0.008759 seconds.
  path: Assets/Game/Gameplay/Scripts/EnemyPatrol.cs
  artifactKey: Guid(37f9febdbcf7f6e4c8b93d9092b8dc89) Importer(815301076,1909f56bfc062723c751e8b465ee728b)
Start importing Assets/Game/Gameplay/Scripts/EnemyPatrol.cs using Guid(37f9febdbcf7f6e4c8b93d9092b8dc89) Importer(815301076,1909f56bfc062723c751e8b465ee728b) [PhysX] Initialized MultithreadedTaskDispatcher with 8 workers.
 -> (artifact id: '00000000000000000000000000000000') in 0.000655 seconds
Import Error Code:(4)
Message: Build asset version error: assets/game/gameplay/scripts/enemypatrol.cs in SourceAssetDB has modification time of '2026-09-02T10:57:55.9711446Z' while content on disk has modification time of '2026-09-02T10:58:08.4959181Z'
  ERROR: Build asset version error: assets/game/gameplay/scripts/enemypatrol.cs in SourceAssetDB has modification time of '2026-09-02T10:57:55.9711446Z' while content on disk has modification time of '2026-09-02T10:58:08.4959181Z'
Number of updated asset objects reloaded before import = 0
Number of asset objects unloaded after import = 0
========================================================================
Received Import Request.
  Time since last request: 0.008840 seconds.
  path: Assets/Game/Gameplay/Scripts/EnemyPatrol.cs
  artifactKey: Guid(37f9febdbcf7f6e4c8b93d9092b8dc89) Importer(815301076,1909f56bfc062723c751e8b465ee728b)
Start importing Assets/Game/Gameplay/Scripts/EnemyPatrol.cs using Guid(37f9febdbcf7f6e4c8b93d9092b8dc89) Importer(815301076,1909f56bfc062723c751e8b465ee728b) [PhysX] Initialized MultithreadedTaskDispatcher with 8 workers.
 -> (artifact id: '00000000000000000000000000000000') in 0.000864 seconds
Import Error Code:(4)
Message: Build asset version error: assets/game/gameplay/scripts/enemypatrol.cs in SourceAssetDB has modification time of '2026-09-02T10:57:55.9711446Z' while content on disk has modification time of '2026-09-02T10:58:08.4959181Z'
  ERROR: Build asset version error: assets/game/gameplay/scripts/enemypatrol.cs in SourceAssetDB has modification time of '2026-09-02T10:57:55.9711446Z' while content on disk has modification time of '2026-09-02T10:58:08.4959181Z'
Number of updated asset objects reloaded before import = 0
Number of asset objects unloaded after import = 0
========================================================================
Received Import Request.
  Time since last request: 0.007882 seconds.
  path: Assets/Game/Gameplay/Scripts/EnemyPatrol.cs
  artifactKey: Guid(37f9febdbcf7f6e4c8b93d9092b8dc89) Importer(815301076,1909f56bfc062723c751e8b465ee728b)
Start importing Assets/Game/Gameplay/Scripts/EnemyPatrol.cs using Guid(37f9febdbcf7f6e4c8b93d9092b8dc89) Importer(815301076,1909f56bfc062723c751e8b465ee728b) [PhysX] Initialized MultithreadedTaskDispatcher with 8 workers.
 -> (artifact id: '00000000000000000000000000000000') in 0.000648 seconds
Import Error Code:(4)
Message: Build asset version error: assets/game/gameplay/scripts/enemypatrol.cs in SourceAssetDB has modification time of '2026-09-02T10:57:55.9711446Z' while content on disk has modification time of '2026-09-02T10:58:08.4959181Z'
  ERROR: Build asset version error: assets/game/gameplay/scripts/enemypatrol.cs in SourceAssetDB has modification time of '2026-09-02T10:57:55.9711446Z' while content on disk has modification time of '2026-09-02T10:58:08.4959181Z'
Number of updated asset objects reloaded before import = 0
Number of asset objects unloaded after import = 0
========================================================================
Received Import Request.
  Time since last request: 0.007325 seconds.
  path: Assets/Game/Gameplay/Scripts/EnemyPatrol.cs
  artifactKey: Guid(37f9febdbcf7f6e4c8b93d9092b8dc89) Importer(815301076,1909f56bfc062723c751e8b465ee728b)
Start importing Assets/Game/Gameplay/Scripts/EnemyPatrol.cs using Guid(37f9febdbcf7f6e4c8b93d9092b8dc89) Importer(815301076,1909f56bfc062723c751e8b465ee728b) [PhysX] Initialized MultithreadedTaskDispatcher with 8 workers.
 -> (artifact id: '00000000000000000000000000000000') in 0.000892 seconds
Import Error Code:(4)
Message: Build asset version error: assets/game/gameplay/scripts/enemypatrol.cs in SourceAssetDB has modification time of '2026-09-02T10:57:55.9711446Z' while content on disk has modification time of '2026-09-02T10:58:08.4959181Z'
  ERROR: Build asset version error: assets/game/gameplay/scripts/enemypatrol.cs in SourceAssetDB has modification time of '2026-09-02T10:57:55.9711446Z' while content on disk has modification time of '2026-09-02T10:58:08.4959181Z'
Number of updated asset objects reloaded before import = 0
Number of asset objects unloaded after import = 0
========================================================================
Received Import Request.
  Time since last request: 0.009077 seconds.
  path: Assets/Game/Gameplay/Scripts/EnemyPatrol.cs
  artifactKey: Guid(37f9febdbcf7f6e4c8b93d9092b8dc89) Importer(815301076,1909f56bfc062723c751e8b465ee728b)
Start importing Assets/Game/Gameplay/Scripts/EnemyPatrol.cs using Guid(37f9febdbcf7f6e4c8b93d9092b8dc89) Importer(815301076,1909f56bfc062723c751e8b465ee728b) [PhysX] Initialized MultithreadedTaskDispatcher with 8 workers.
 -> (artifact id: '00000000000000000000000000000000') in 0.000822 seconds
Import Error Code:(4)
Message: Build asset version error: assets/game/gameplay/scripts/enemypatrol.cs in SourceAssetDB has modification time of '2026-09-02T10:57:55.9711446Z' while content on disk has modification time of '2026-09-02T10:58:08.4959181Z'
  ERROR: Build asset version error: assets/game/gameplay/scripts/enemypatrol.cs in SourceAssetDB has modification time of '2026-09-02T10:57:55.9711446Z' while content on disk has modification time of '2026-09-02T10:58:08.4959181Z'
Number of updated asset objects reloaded before import = 0
Number of asset objects unloaded after import = 0
========================================================================
Received Import Request.
  Time since last request: 0.008432 seconds.
  path: Assets/Game/Gameplay/Scripts/EnemyPatrol.cs
  artifactKey: Guid(37f9febdbcf7f6e4c8b93d9092b8dc89) Importer(815301076,1909f56bfc062723c751e8b465ee728b)
Start importing Assets/Game/Gameplay/Scripts/EnemyPatrol.cs using Guid(37f9febdbcf7f6e4c8b93d9092b8dc89) Importer(815301076,1909f56bfc062723c751e8b465ee728b) [PhysX] Initialized MultithreadedTaskDispatcher with 8 workers.
 -> (artifact id: '00000000000000000000000000000000') in 0.000639 seconds
Import Error Code:(4)
Message: Build asset version error: assets/game/gameplay/scripts/enemypatrol.cs in SourceAssetDB has modification time of '2026-09-02T10:57:55.9711446Z' while content on disk has modification time of '2026-09-02T10:58:08.4959181Z'
  ERROR: Build asset version error: assets/game/gameplay/scripts/enemypatrol.cs in SourceAssetDB has modification time of '2026-09-02T10:57:55.9711446Z' while content on disk has modification time of '2026-09-02T10:58:08.4959181Z'
Number of updated asset objects reloaded before import = 0
Number of asset objects unloaded after import = 0
========================================================================
Received Import Request.
  Time since last request: 0.008438 seconds.
  path: Assets/Game/Gameplay/Scripts/EnemyPatrol.cs
  artifactKey: Guid(37f9febdbcf7f6e4c8b93d9092b8dc89) Importer(815301076,1909f56bfc062723c751e8b465ee728b)
Start importing Assets/Game/Gameplay/Scripts/EnemyPatrol.cs using Guid(37f9febdbcf7f6e4c8b93d9092b8dc89) Importer(815301076,1909f56bfc062723c751e8b465ee728b) [PhysX] Initialized MultithreadedTaskDispatcher with 8 workers.
 -> (artifact id: '00000000000000000000000000000000') in 0.000757 seconds
Import Error Code:(4)
Message: Build asset version error: assets/game/gameplay/scripts/enemypatrol.cs in SourceAssetDB has modification time of '2026-09-02T10:57:55.9711446Z' while content on disk has modification time of '2026-09-02T10:58:08.4959181Z'
  ERROR: Build asset version error: assets/game/gameplay/scripts/enemypatrol.cs in SourceAssetDB has modification time of '2026-09-02T10:57:55.9711446Z' while content on disk has modification time of '2026-09-02T10:58:08.4959181Z'
Number of updated asset objects reloaded before import = 0
Number of asset objects unloaded after import = 0
========================================================================
Received Import Request.
  Time since last request: 0.007873 seconds.
  path: Assets/Game/Gameplay/Scripts/EnemyPatrol.cs
  artifactKey: Guid(37f9febdbcf7f6e4c8b93d9092b8dc89) Importer(815301076,1909f56bfc062723c751e8b465ee728b)
Start importing Assets/Game/Gameplay/Scripts/EnemyPatrol.cs using Guid(37f9febdbcf7f6e4c8b93d9092b8dc89) Importer(815301076,1909f56bfc062723c751e8b465ee728b) [PhysX] Initialized MultithreadedTaskDispatcher with 8 workers.
 -> (artifact id: '00000000000000000000000000000000') in 0.000650 seconds
Import Error Code:(4)
Message: Build asset version error: assets/game/gameplay/scripts/enemypatrol.cs in SourceAssetDB has modification time of '2026-09-02T10:57:55.9711446Z' while content on disk has modification time of '2026-09-02T10:58:08.4959181Z'
  ERROR: Build asset version error: assets/game/gameplay/scripts/enemypatrol.cs in SourceAssetDB has modification time of '2026-09-02T10:57:55.9711446Z' while content on disk has modification time of '2026-09-02T10:58:08.4959181Z'
Number of updated asset objects reloaded before import = 0
Number of asset objects unloaded after import = 0
========================================================================
Received Import Request.
  Time since last request: 0.008212 seconds.
  path: Assets/Game/Gameplay/Scripts/EnemyPatrol.cs
  artifactKey: Guid(37f9febdbcf7f6e4c8b93d9092b8dc89) Importer(815301076,1909f56bfc062723c751e8b465ee728b)
Start importing Assets/Game/Gameplay/Scripts/EnemyPatrol.cs using Guid(37f9febdbcf7f6e4c8b93d9092b8dc89) Importer(815301076,1909f56bfc062723c751e8b465ee728b) [PhysX] Initialized MultithreadedTaskDispatcher with 8 workers.
 -> (artifact id: '00000000000000000000000000000000') in 0.000869 seconds
Import Error Code:(4)
Message: Build asset version error: assets/game/gameplay/scripts/enemypatrol.cs in SourceAssetDB has modification time of '2026-09-02T10:57:55.9711446Z' while content on disk has modification time of '2026-09-02T10:58:08.4959181Z'
  ERROR: Build asset version error: assets/game/gameplay/scripts/enemypatrol.cs in SourceAssetDB has modification time of '2026-09-02T10:57:55.9711446Z' while content on disk has modification time of '2026-09-02T10:58:08.4959181Z'
Number of updated asset objects reloaded before import = 0
Number of asset objects unloaded after import = 0
========================================================================
Received Import Request.
  Time since last request: 0.007352 seconds.
  path: Assets/Game/Gameplay/Scripts/EnemyPatrol.cs
  artifactKey: Guid(37f9febdbcf7f6e4c8b93d9092b8dc89) Importer(815301076,1909f56bfc062723c751e8b465ee728b)
Start importing Assets/Game/Gameplay/Scripts/EnemyPatrol.cs using Guid(37f9febdbcf7f6e4c8b93d9092b8dc89) Importer(815301076,1909f56bfc062723c751e8b465ee728b) [PhysX] Initialized MultithreadedTaskDispatcher with 8 workers.
 -> (artifact id: '00000000000000000000000000000000') in 0.000819 seconds
Import Error Code:(4)
Message: Build asset version error: assets/game/gameplay/scripts/enemypatrol.cs in SourceAssetDB has modification time of '2026-09-02T10:57:55.9711446Z' while content on disk has modification time of '2026-09-02T10:58:08.4959181Z'
  ERROR: Build asset version error: assets/game/gameplay/scripts/enemypatrol.cs in SourceAssetDB has modification time of '2026-09-02T10:57:55.9711446Z' while content on disk has modification time of '2026-09-02T10:58:08.4959181Z'
Number of updated asset objects reloaded before import = 0
Number of asset objects unloaded after import = 0
========================================================================
Received Import Request.
  Time since last request: 0.008061 seconds.
  path: Assets/Game/Gameplay/Scripts/EnemyPatrol.cs
  artifactKey: Guid(37f9febdbcf7f6e4c8b93d9092b8dc89) Importer(815301076,1909f56bfc062723c751e8b465ee728b)
Start importing Assets/Game/Gameplay/Scripts/EnemyPatrol.cs using Guid(37f9febdbcf7f6e4c8b93d9092b8dc89) Importer(815301076,1909f56bfc062723c751e8b465ee728b) [PhysX] Initialized MultithreadedTaskDispatcher with 8 workers.
 -> (artifact id: '00000000000000000000000000000000') in 0.000629 seconds
Import Error Code:(4)
Message: Build asset version error: assets/game/gameplay/scripts/enemypatrol.cs in SourceAssetDB has modification time of '2026-09-02T10:57:55.9711446Z' while content on disk has modification time of '2026-09-02T10:58:08.4959181Z'
  ERROR: Build asset version error: assets/game/gameplay/scripts/enemypatrol.cs in SourceAssetDB has modification time of '2026-09-02T10:57:55.9711446Z' while content on disk has modification time of '2026-09-02T10:58:08.4959181Z'
Number of updated asset objects reloaded before import = 0
Number of asset objects unloaded after import = 0
========================================================================
Received Import Request.
  Time since last request: 0.008776 seconds.
  path: Assets/Game/Gameplay/Scripts/EnemyPatrol.cs
  artifactKey: Guid(37f9febdbcf7f6e4c8b93d9092b8dc89) Importer(815301076,1909f56bfc062723c751e8b465ee728b)
Start importing Assets/Game/Gameplay/Scripts/EnemyPatrol.cs using Guid(37f9febdbcf7f6e4c8b93d9092b8dc89) Importer(815301076,1909f56bfc062723c751e8b465ee728b) [PhysX] Initialized MultithreadedTaskDispatcher with 8 workers.
 -> (artifact id: '00000000000000000000000000000000') in 0.000731 seconds
Import Error Code:(4)
Message: Build asset version error: assets/game/gameplay/scripts/enemypatrol.cs in SourceAssetDB has modification time of '2026-09-02T10:57:55.9711446Z' while content on disk has modification time of '2026-09-02T10:58:08.4959181Z'
  ERROR: Build asset version error: assets/game/gameplay/scripts/enemypatrol.cs in SourceAssetDB has modification time of '2026-09-02T10:57:55.9711446Z' while content on disk has modification time of '2026-09-02T10:58:08.4959181Z'
Number of updated asset objects reloaded before import = 0
Number of asset objects unloaded after import = 0
========================================================================
Received Import Request.
  Time since last request: 0.006270 seconds.
  path: Assets/Game/Gameplay/Scripts/EnemyPatrol.cs
  artifactKey: Guid(37f9febdbcf7f6e4c8b93d9092b8dc89) Importer(815301076,1909f56bfc062723c751e8b465ee728b)
Start importing Assets/Game/Gameplay/Scripts/EnemyPatrol.cs using Guid(37f9febdbcf7f6e4c8b93d9092b8dc89) Importer(815301076,1909f56bfc062723c751e8b465ee728b) [PhysX] Initialized MultithreadedTaskDispatcher with 8 workers.
 -> (artifact id: '00000000000000000000000000000000') in 0.000661 seconds
Import Error Code:(4)
Message: Build asset version error: assets/game/gameplay/scripts/enemypatrol.cs in SourceAssetDB has modification time of '2026-09-02T10:57:55.9711446Z' while content on disk has modification time of '2026-09-02T10:58:08.4959181Z'
  ERROR: Build asset version error: assets/game/gameplay/scripts/enemypatrol.cs in SourceAssetDB has modification time of '2026-09-02T10:57:55.9711446Z' while content on disk has modification time of '2026-09-02T10:58:08.4959181Z'
Number of updated asset objects reloaded before import = 0
Number of asset objects unloaded after import = 0
========================================================================
Received Import Request.
  Time since last request: 0.007847 seconds.
  path: Assets/Game/Gameplay/Scripts/EnemyPatrol.cs
  artifactKey: Guid(37f9febdbcf7f6e4c8b93d9092b8dc89) Importer(815301076,1909f56bfc062723c751e8b465ee728b)
Start importing Assets/Game/Gameplay/Scripts/EnemyPatrol.cs using Guid(37f9febdbcf7f6e4c8b93d9092b8dc89) Importer(815301076,1909f56bfc062723c751e8b465ee728b) [PhysX] Initialized MultithreadedTaskDispatcher with 8 workers.
 -> (artifact id: '00000000000000000000000000000000') in 0.000802 seconds
Import Error Code:(4)
Message: Build asset version error: assets/game/gameplay/scripts/enemypatrol.cs in SourceAssetDB has modification time of '2026-09-02T10:57:55.9711446Z' while content on disk has modification time of '2026-09-02T10:58:08.4959181Z'
  ERROR: Build asset version error: assets/game/gameplay/scripts/enemypatrol.cs in SourceAssetDB has modification time of '2026-09-02T10:57:55.9711446Z' while content on disk has modification time of '2026-09-02T10:58:08.4959181Z'
Number of updated asset objects reloaded before import = 0
Number of asset objects unloaded after import = 0
========================================================================
Received Import Request.
  Time since last request: 0.007736 seconds.
  path: Assets/Game/Gameplay/Scripts/EnemyPatrol.cs
  artifactKey: Guid(37f9febdbcf7f6e4c8b93d9092b8dc89) Importer(815301076,1909f56bfc062723c751e8b465ee728b)
Start importing Assets/Game/Gameplay/Scripts/EnemyPatrol.cs using Guid(37f9febdbcf7f6e4c8b93d9092b8dc89) Importer(815301076,1909f56bfc062723c751e8b465ee728b) [PhysX] Initialized MultithreadedTaskDispatcher with 8 workers.
 -> (artifact id: '00000000000000000000000000000000') in 0.000779 seconds
Import Error Code:(4)
Message: Build asset version error: assets/game/gameplay/scripts/enemypatrol.cs in SourceAssetDB has modification time of '2026-09-02T10:57:55.9711446Z' while content on disk has modification time of '2026-09-02T10:58:08.4959181Z'
  ERROR: Build asset version error: assets/game/gameplay/scripts/enemypatrol.cs in SourceAssetDB has modification time of '2026-09-02T10:57:55.9711446Z' while content on disk has modification time of '2026-09-02T10:58:08.4959181Z'
Number of updated asset objects reloaded before import = 0
Number of asset objects unloaded after import = 0
========================================================================
Received Import Request.
  Time since last request: 0.008543 seconds.
  path: Assets/Game/Gameplay/Scripts/EnemyPatrol.cs
  artifactKey: Guid(37f9febdbcf7f6e4c8b93d9092b8dc89) Importer(815301076,1909f56bfc062723c751e8b465ee728b)
Start importing Assets/Game/Gameplay/Scripts/EnemyPatrol.cs using Guid(37f9febdbcf7f6e4c8b93d9092b8dc89) Importer(815301076,1909f56bfc062723c751e8b465ee728b) [PhysX] Initialized MultithreadedTaskDispatcher with 8 workers.
 -> (artifact id: '00000000000000000000000000000000') in 0.000727 seconds
Import Error Code:(4)
Message: Build asset version error: assets/game/gameplay/scripts/enemypatrol.cs in SourceAssetDB has modification time of '2026-09-02T10:57:55.9711446Z' while content on disk has modification time of '2026-09-02T10:58:08.4959181Z'
  ERROR: Build asset version error: assets/game/gameplay/scripts/enemypatrol.cs in SourceAssetDB has modification time of '2026-09-02T10:57:55.9711446Z' while content on disk has modification time of '2026-09-02T10:58:08.4959181Z'
Number of updated asset objects reloaded before import = 0
Number of asset objects unloaded after import = 0
========================================================================
Received Import Request.
  Time since last request: 0.006899 seconds.
  path: Assets/Game/Gameplay/Scripts/EnemyPatrol.cs
  artifactKey: Guid(37f9febdbcf7f6e4c8b93d9092b8dc89) Importer(815301076,1909f56bfc062723c751e8b465ee728b)
Start importing Assets/Game/Gameplay/Scripts/EnemyPatrol.cs using Guid(37f9febdbcf7f6e4c8b93d9092b8dc89) Importer(815301076,1909f56bfc062723c751e8b465ee728b) [PhysX] Initialized MultithreadedTaskDispatcher with 8 workers.
 -> (artifact id: '00000000000000000000000000000000') in 0.000754 seconds
Import Error Code:(4)
Message: Build asset version error: assets/game/gameplay/scripts/enemypatrol.cs in SourceAssetDB has modification time of '2026-09-02T10:57:55.9711446Z' while content on disk has modification time of '2026-09-02T10:58:08.4959181Z'
  ERROR: Build asset version error: assets/game/gameplay/scripts/enemypatrol.cs in SourceAssetDB has modification time of '2026-09-02T10:57:55.9711446Z' while content on disk has modification time of '2026-09-02T10:58:08.4959181Z'
Number of updated asset objects reloaded before import = 0
Number of asset objects unloaded after import = 0
========================================================================
Received Import Request.
  Time since last request: 0.008526 seconds.
  path: Assets/Game/Gameplay/Scripts/EnemyPatrol.cs
  artifactKey: Guid(37f9febdbcf7f6e4c8b93d9092b8dc89) Importer(815301076,1909f56bfc062723c751e8b465ee728b)
Start importing Assets/Game/Gameplay/Scripts/EnemyPatrol.cs using Guid(37f9febdbcf7f6e4c8b93d9092b8dc89) Importer(815301076,1909f56bfc062723c751e8b465ee728b) [PhysX] Initialized MultithreadedTaskDispatcher with 8 workers.
 -> (artifact id: '00000000000000000000000000000000') in 0.000767 seconds
Import Error Code:(4)
Message: Build asset version error: assets/game/gameplay/scripts/enemypatrol.cs in SourceAssetDB has modification time of '2026-09-02T10:57:55.9711446Z' while content on disk has modification time of '2026-09-02T10:58:08.4959181Z'
  ERROR: Build asset version error: assets/game/gameplay/scripts/enemypatrol.cs in SourceAssetDB has modification time of '2026-09-02T10:57:55.9711446Z' while content on disk has modification time of '2026-09-02T10:58:08.4959181Z'
Number of updated asset objects reloaded before import = 0
Number of asset objects unloaded after import = 0
========================================================================
Received Import Request.
  Time since last request: 0.007947 seconds.
  path: Assets/Game/Gameplay/Scripts/EnemyPatrol.cs
  artifactKey: Guid(37f9febdbcf7f6e4c8b93d9092b8dc89) Importer(815301076,1909f56bfc062723c751e8b465ee728b)
Start importing Assets/Game/Gameplay/Scripts/EnemyPatrol.cs using Guid(37f9febdbcf7f6e4c8b93d9092b8dc89) Importer(815301076,1909f56bfc062723c751e8b465ee728b) [PhysX] Initialized MultithreadedTaskDispatcher with 8 workers.
 -> (artifact id: '00000000000000000000000000000000') in 0.000828 seconds
Import Error Code:(4)
Message: Build asset version error: assets/game/gameplay/scripts/enemypatrol.cs in SourceAssetDB has modification time of '2026-09-02T10:57:55.9711446Z' while content on disk has modification time of '2026-09-02T10:58:08.4959181Z'
  ERROR: Build asset version error: assets/game/gameplay/scripts/enemypatrol.cs in SourceAssetDB has modification time of '2026-09-02T10:57:55.9711446Z' while content on disk has modification time of '2026-09-02T10:58:08.4959181Z'
Number of updated asset objects reloaded before import = 0
Number of asset objects unloaded after import = 0
========================================================================
Received Import Request.
  Time since last request: 0.007964 seconds.
  path: Assets/Game/Gameplay/Scripts/EnemyPatrol.cs
  artifactKey: Guid(37f9febdbcf7f6e4c8b93d9092b8dc89) Importer(815301076,1909f56bfc062723c751e8b465ee728b)
Start importing Assets/Game/Gameplay/Scripts/EnemyPatrol.cs using Guid(37f9febdbcf7f6e4c8b93d9092b8dc89) Importer(815301076,1909f56bfc062723c751e8b465ee728b) [PhysX] Initialized MultithreadedTaskDispatcher with 8 workers.
 -> (artifact id: '00000000000000000000000000000000') in 0.000633 seconds
Import Error Code:(4)
Message: Build asset version error: assets/game/gameplay/scripts/enemypatrol.cs in SourceAssetDB has modification time of '2026-09-02T10:57:55.9711446Z' while content on disk has modification time of '2026-09-02T10:58:08.4959181Z'
  ERROR: Build asset version error: assets/game/gameplay/scripts/enemypatrol.cs in SourceAssetDB has modification time of '2026-09-02T10:57:55.9711446Z' while content on disk has modification time of '2026-09-02T10:58:08.4959181Z'
Number of updated asset objects reloaded before import = 0
Number of asset objects unloaded after import = 0
========================================================================
Received Import Request.
  Time since last request: 0.008495 seconds.
  path: Assets/Game/Gameplay/Scripts/EnemyPatrol.cs
  artifactKey: Guid(37f9febdbcf7f6e4c8b93d9092b8dc89) Importer(815301076,1909f56bfc062723c751e8b465ee728b)
Start importing Assets/Game/Gameplay/Scripts/EnemyPatrol.cs using Guid(37f9febdbcf7f6e4c8b93d9092b8dc89) Importer(815301076,1909f56bfc062723c751e8b465ee728b) [PhysX] Initialized MultithreadedTaskDispatcher with 8 workers.
 -> (artifact id: '00000000000000000000000000000000') in 0.000843 seconds
Import Error Code:(4)
Message: Build asset version error: assets/game/gameplay/scripts/enemypatrol.cs in SourceAssetDB has modification time of '2026-09-02T10:57:55.9711446Z' while content on disk has modification time of '2026-09-02T10:58:08.4959181Z'
  ERROR: Build asset version error: assets/game/gameplay/scripts/enemypatrol.cs in SourceAssetDB has modification time of '2026-09-02T10:57:55.9711446Z' while content on disk has modification time of '2026-09-02T10:58:08.4959181Z'
Number of updated asset objects reloaded before import = 0
Number of asset objects unloaded after import = 0
========================================================================
Received Import Request.
  Time since last request: 0.008843 seconds.
  path: Assets/Game/Gameplay/Scripts/EnemyPatrol.cs
  artifactKey: Guid(37f9febdbcf7f6e4c8b93d9092b8dc89) Importer(815301076,1909f56bfc062723c751e8b465ee728b)
Start importing Assets/Game/Gameplay/Scripts/EnemyPatrol.cs using Guid(37f9febdbcf7f6e4c8b93d9092b8dc89) Importer(815301076,1909f56bfc062723c751e8b465ee728b) [PhysX] Initialized MultithreadedTaskDispatcher with 8 workers.
 -> (artifact id: '00000000000000000000000000000000') in 0.000897 seconds
Import Error Code:(4)
Message: Build asset version error: assets/game/gameplay/scripts/enemypatrol.cs in SourceAssetDB has modification time of '2026-09-02T10:57:55.9711446Z' while content on disk has modification time of '2026-09-02T10:58:08.4959181Z'
  ERROR: Build asset version error: assets/game/gameplay/scripts/enemypatrol.cs in SourceAssetDB has modification time of '2026-09-02T10:57:55.9711446Z' while content on disk has modification time of '2026-09-02T10:58:08.4959181Z'
Number of updated asset objects reloaded before import = 0
Number of asset objects unloaded after import = 0
========================================================================
Received Import Request.
  Time since last request: 0.009759 seconds.
  path: Assets/Game/Gameplay/Scripts/EnemyPatrol.cs
  artifactKey: Guid(37f9febdbcf7f6e4c8b93d9092b8dc89) Importer(815301076,1909f56bfc062723c751e8b465ee728b)
Start importing Assets/Game/Gameplay/Scripts/EnemyPatrol.cs using Guid(37f9febdbcf7f6e4c8b93d9092b8dc89) Importer(815301076,1909f56bfc062723c751e8b465ee728b) [PhysX] Initialized MultithreadedTaskDispatcher with 8 workers.
 -> (artifact id: '00000000000000000000000000000000') in 0.000835 seconds
Import Error Code:(4)
Message: Build asset version error: assets/game/gameplay/scripts/enemypatrol.cs in SourceAssetDB has modification time of '2026-09-02T10:57:55.9711446Z' while content on disk has modification time of '2026-09-02T10:58:08.4959181Z'
  ERROR: Build asset version error: assets/game/gameplay/scripts/enemypatrol.cs in SourceAssetDB has modification time of '2026-09-02T10:57:55.9711446Z' while content on disk has modification time of '2026-09-02T10:58:08.4959181Z'
Number of updated asset objects reloaded before import = 0
Number of asset objects unloaded after import = 0
========================================================================
Received Import Request.
  Time since last request: 0.009078 seconds.
  path: Assets/Game/Gameplay/Scripts/EnemyPatrol.cs
  artifactKey: Guid(37f9febdbcf7f6e4c8b93d9092b8dc89) Importer(815301076,1909f56bfc062723c751e8b465ee728b)
Start importing Assets/Game/Gameplay/Scripts/EnemyPatrol.cs using Guid(37f9febdbcf7f6e4c8b93d9092b8dc89) Importer(815301076,1909f56bfc062723c751e8b465ee728b) [PhysX] Initialized MultithreadedTaskDispatcher with 8 workers.
 -> (artifact id: '00000000000000000000000000000000') in 0.000646 seconds
Import Error Code:(4)
Message: Build asset version error: assets/game/gameplay/scripts/enemypatrol.cs in SourceAssetDB has modification time of '2026-09-02T10:57:55.9711446Z' while content on disk has modification time of '2026-09-02T10:58:08.4959181Z'
  ERROR: Build asset version error: assets/game/gameplay/scripts/enemypatrol.cs in SourceAssetDB has modification time of '2026-09-02T10:57:55.9711446Z' while content on disk has modification time of '2026-09-02T10:58:08.4959181Z'
Number of updated asset objects reloaded before import = 0
Number of asset objects unloaded after import = 0
========================================================================
Received Import Request.
  Time since last request: 0.008678 seconds.
  path: Assets/Game/Gameplay/Scripts/EnemyPatrol.cs
  artifactKey: Guid(37f9febdbcf7f6e4c8b93d9092b8dc89) Importer(815301076,1909f56bfc062723c751e8b465ee728b)
Start importing Assets/Game/Gameplay/Scripts/EnemyPatrol.cs using Guid(37f9febdbcf7f6e4c8b93d9092b8dc89) Importer(815301076,1909f56bfc062723c751e8b465ee728b) [PhysX] Initialized MultithreadedTaskDispatcher with 8 workers.
 -> (artifact id: '00000000000000000000000000000000') in 0.000771 seconds
Import Error Code:(4)
Message: Build asset version error: assets/game/gameplay/scripts/enemypatrol.cs in SourceAssetDB has modification time of '2026-09-02T10:57:55.9711446Z' while content on disk has modification time of '2026-09-02T10:58:08.4959181Z'
  ERROR: Build asset version error: assets/game/gameplay/scripts/enemypatrol.cs in SourceAssetDB has modification time of '2026-09-02T10:57:55.9711446Z' while content on disk has modification time of '2026-09-02T10:58:08.4959181Z'
Number of updated asset objects reloaded before import = 0
Number of asset objects unloaded after import = 0
========================================================================
Received Import Request.
  Time since last request: 0.009269 seconds.
  path: Assets/Game/Gameplay/Scripts/EnemyPatrol.cs
  artifactKey: Guid(37f9febdbcf7f6e4c8b93d9092b8dc89) Importer(815301076,1909f56bfc062723c751e8b465ee728b)
Start importing Assets/Game/Gameplay/Scripts/EnemyPatrol.cs using Guid(37f9febdbcf7f6e4c8b93d9092b8dc89) Importer(815301076,1909f56bfc062723c751e8b465ee728b) [PhysX] Initialized MultithreadedTaskDispatcher with 8 workers.
 -> (artifact id: '00000000000000000000000000000000') in 0.000818 seconds
Import Error Code:(4)
Message: Build asset version error: assets/game/gameplay/scripts/enemypatrol.cs in SourceAssetDB has modification time of '2026-09-02T10:57:55.9711446Z' while content on disk has modification time of '2026-09-02T10:58:08.4959181Z'
  ERROR: Build asset version error: assets/game/gameplay/scripts/enemypatrol.cs in SourceAssetDB has modification time of '2026-09-02T10:57:55.9711446Z' while content on disk has modification time of '2026-09-02T10:58:08.4959181Z'
Number of updated asset objects reloaded before import = 0
Number of asset objects unloaded after import = 0
========================================================================
Received Import Request.
  Time since last request: 0.008721 seconds.
  path: Assets/Game/Gameplay/Scripts/EnemyPatrol.cs
  artifactKey: Guid(37f9febdbcf7f6e4c8b93d9092b8dc89) Importer(815301076,1909f56bfc062723c751e8b465ee728b)
Start importing Assets/Game/Gameplay/Scripts/EnemyPatrol.cs using Guid(37f9febdbcf7f6e4c8b93d9092b8dc89) Importer(815301076,1909f56bfc062723c751e8b465ee728b) [PhysX] Initialized MultithreadedTaskDispatcher with 8 workers.
 -> (artifact id: '00000000000000000000000000000000') in 0.000738 seconds
Import Error Code:(4)
Message: Build asset version error: assets/game/gameplay/scripts/enemypatrol.cs in SourceAssetDB has modification time of '2026-09-02T10:57:55.9711446Z' while content on disk has modification time of '2026-09-02T10:58:08.4959181Z'
  ERROR: Build asset version error: assets/game/gameplay/scripts/enemypatrol.cs in SourceAssetDB has modification time of '2026-09-02T10:57:55.9711446Z' while content on disk has modification time of '2026-09-02T10:58:08.4959181Z'
Number of updated asset objects reloaded before import = 0
Number of asset objects unloaded after import = 0
========================================================================
Received Import Request.
  Time since last request: 0.010179 seconds.
  path: Assets/Game/Gameplay/Scripts/EnemyPatrol.cs
  artifactKey: Guid(37f9febdbcf7f6e4c8b93d9092b8dc89) Importer(815301076,1909f56bfc062723c751e8b465ee728b)
Start importing Assets/Game/Gameplay/Scripts/EnemyPatrol.cs using Guid(37f9febdbcf7f6e4c8b93d9092b8dc89) Importer(815301076,1909f56bfc062723c751e8b465ee728b) [PhysX] Initialized MultithreadedTaskDispatcher with 8 workers.
 -> (artifact id: '00000000000000000000000000000000') in 0.000632 seconds
Import Error Code:(4)
Message: Build asset version error: assets/game/gameplay/scripts/enemypatrol.cs in SourceAssetDB has modification time of '2026-09-02T10:57:55.9711446Z' while content on disk has modification time of '2026-09-02T10:58:08.4959181Z'
  ERROR: Build asset version error: assets/game/gameplay/scripts/enemypatrol.cs in SourceAssetDB has modification time of '2026-09-02T10:57:55.9711446Z' while content on disk has modification time of '2026-09-02T10:58:08.4959181Z'
Number of updated asset objects reloaded before import = 0
Number of asset objects unloaded after import = 0
========================================================================
Received Import Request.
  Time since last request: 0.008429 seconds.
  path: Assets/Game/Gameplay/Scripts/EnemyPatrol.cs
  artifactKey: Guid(37f9febdbcf7f6e4c8b93d9092b8dc89) Importer(815301076,1909f56bfc062723c751e8b465ee728b)
Start importing Assets/Game/Gameplay/Scripts/EnemyPatrol.cs using Guid(37f9febdbcf7f6e4c8b93d9092b8dc89) Importer(815301076,1909f56bfc062723c751e8b465ee728b) [PhysX] Initialized MultithreadedTaskDispatcher with 8 workers.
 -> (artifact id: '00000000000000000000000000000000') in 0.000962 seconds
Import Error Code:(4)
Message: Build asset version error: assets/game/gameplay/scripts/enemypatrol.cs in SourceAssetDB has modification time of '2026-09-02T10:57:55.9711446Z' while content on disk has modification time of '2026-09-02T10:58:08.4959181Z'
  ERROR: Build asset version error: assets/game/gameplay/scripts/enemypatrol.cs in SourceAssetDB has modification time of '2026-09-02T10:57:55.9711446Z' while content on disk has modification time of '2026-09-02T10:58:08.4959181Z'
Number of updated asset objects reloaded before import = 0
Number of asset objects unloaded after import = 0
========================================================================
Received Import Request.
  Time since last request: 0.008611 seconds.
  path: Assets/Game/Gameplay/Scripts/EnemyPatrol.cs
  artifactKey: Guid(37f9febdbcf7f6e4c8b93d9092b8dc89) Importer(815301076,1909f56bfc062723c751e8b465ee728b)
Start importing Assets/Game/Gameplay/Scripts/EnemyPatrol.cs using Guid(37f9febdbcf7f6e4c8b93d9092b8dc89) Importer(815301076,1909f56bfc062723c751e8b465ee728b) [PhysX] Initialized MultithreadedTaskDispatcher with 8 workers.
 -> (artifact id: '00000000000000000000000000000000') in 0.000639 seconds
Import Error Code:(4)
Message: Build asset version error: assets/game/gameplay/scripts/enemypatrol.cs in SourceAssetDB has modification time of '2026-09-02T10:57:55.9711446Z' while content on disk has modification time of '2026-09-02T10:58:08.4959181Z'
  ERROR: Build asset version error: assets/game/gameplay/scripts/enemypatrol.cs in SourceAssetDB has modification time of '2026-09-02T10:57:55.9711446Z' while content on disk has modification time of '2026-09-02T10:58:08.4959181Z'
Number of updated asset objects reloaded before import = 0
Number of asset objects unloaded after import = 0
========================================================================
Received Import Request.
  Time since last request: 0.008710 seconds.
  path: Assets/Game/Gameplay/Scripts/EnemyPatrol.cs
  artifactKey: Guid(37f9febdbcf7f6e4c8b93d9092b8dc89) Importer(815301076,1909f56bfc062723c751e8b465ee728b)
Start importing Assets/Game/Gameplay/Scripts/EnemyPatrol.cs using Guid(37f9febdbcf7f6e4c8b93d9092b8dc89) Importer(815301076,1909f56bfc062723c751e8b465ee728b) [PhysX] Initialized MultithreadedTaskDispatcher with 8 workers.
 -> (artifact id: '00000000000000000000000000000000') in 0.000706 seconds
Import Error Code:(4)
Message: Build asset version error: assets/game/gameplay/scripts/enemypatrol.cs in SourceAssetDB has modification time of '2026-09-02T10:57:55.9711446Z' while content on disk has modification time of '2026-09-02T10:58:08.4959181Z'
  ERROR: Build asset version error: assets/game/gameplay/scripts/enemypatrol.cs in SourceAssetDB has modification time of '2026-09-02T10:57:55.9711446Z' while content on disk has modification time of '2026-09-02T10:58:08.4959181Z'
Number of updated asset objects reloaded before import = 0
Number of asset objects unloaded after import = 0
========================================================================
Received Import Request.
  Time since last request: 0.009314 seconds.
  path: Assets/Game/Gameplay/Scripts/EnemyPatrol.cs
  artifactKey: Guid(37f9febdbcf7f6e4c8b93d9092b8dc89) Importer(815301076,1909f56bfc062723c751e8b465ee728b)
Start importing Assets/Game/Gameplay/Scripts/EnemyPatrol.cs using Guid(37f9febdbcf7f6e4c8b93d9092b8dc89) Importer(815301076,1909f56bfc062723c751e8b465ee728b) [PhysX] Initialized MultithreadedTaskDispatcher with 8 workers.
 -> (artifact id: '00000000000000000000000000000000') in 0.000692 seconds
Import Error Code:(4)
Message: Build asset version error: assets/game/gameplay/scripts/enemypatrol.cs in SourceAssetDB has modification time of '2026-09-02T10:57:55.9711446Z' while content on disk has modification time of '2026-09-02T10:58:08.4959181Z'
  ERROR: Build asset version error: assets/game/gameplay/scripts/enemypatrol.cs in SourceAssetDB has modification time of '2026-09-02T10:57:55.9711446Z' while content on disk has modification time of '2026-09-02T10:58:08.4959181Z'
Number of updated asset objects reloaded before import = 0
Number of asset objects unloaded after import = 0
========================================================================
Received Import Request.
  Time since last request: 0.007586 seconds.
  path: Assets/Game/Gameplay/Scripts/EnemyPatrol.cs
  artifactKey: Guid(37f9febdbcf7f6e4c8b93d9092b8dc89) Importer(815301076,1909f56bfc062723c751e8b465ee728b)
Start importing Assets/Game/Gameplay/Scripts/EnemyPatrol.cs using Guid(37f9febdbcf7f6e4c8b93d9092b8dc89) Importer(815301076,1909f56bfc062723c751e8b465ee728b) [PhysX] Initialized MultithreadedTaskDispatcher with 8 workers.
 -> (artifact id: '00000000000000000000000000000000') in 0.000637 seconds
Import Error Code:(4)
Message: Build asset version error: assets/game/gameplay/scripts/enemypatrol.cs in SourceAssetDB has modification time of '2026-09-02T10:57:55.9711446Z' while content on disk has modification time of '2026-09-02T10:58:08.4959181Z'
  ERROR: Build asset version error: assets/game/gameplay/scripts/enemypatrol.cs in SourceAssetDB has modification time of '2026-09-02T10:57:55.9711446Z' while content on disk has modification time of '2026-09-02T10:58:08.4959181Z'
Number of updated asset objects reloaded before import = 0
Number of asset objects unloaded after import = 0
========================================================================
Received Import Request.
  Time since last request: 0.008480 seconds.
  path: Assets/Game/Gameplay/Scripts/EnemyPatrol.cs
  artifactKey: Guid(37f9febdbcf7f6e4c8b93d9092b8dc89) Importer(815301076,1909f56bfc062723c751e8b465ee728b)
Start importing Assets/Game/Gameplay/Scripts/EnemyPatrol.cs using Guid(37f9febdbcf7f6e4c8b93d9092b8dc89) Importer(815301076,1909f56bfc062723c751e8b465ee728b) [PhysX] Initialized MultithreadedTaskDispatcher with 8 workers.
 -> (artifact id: '00000000000000000000000000000000') in 0.000671 seconds
Import Error Code:(4)
Message: Build asset version error: assets/game/gameplay/scripts/enemypatrol.cs in SourceAssetDB has modification time of '2026-09-02T10:57:55.9711446Z' while content on disk has modification time of '2026-09-02T10:58:08.4959181Z'
  ERROR: Build asset version error: assets/game/gameplay/scripts/enemypatrol.cs in SourceAssetDB has modification time of '2026-09-02T10:57:55.9711446Z' while content on disk has modification time of '2026-09-02T10:58:08.4959181Z'
Number of updated asset objects reloaded before import = 0
Number of asset objects unloaded after import = 0
========================================================================
Received Import Request.
  Time since last request: 0.008639 seconds.
  path: Assets/Game/Gameplay/Scripts/EnemyPatrol.cs
  artifactKey: Guid(37f9febdbcf7f6e4c8b93d9092b8dc89) Importer(815301076,1909f56bfc062723c751e8b465ee728b)
Start importing Assets/Game/Gameplay/Scripts/EnemyPatrol.cs using Guid(37f9febdbcf7f6e4c8b93d9092b8dc89) Importer(815301076,1909f56bfc062723c751e8b465ee728b) [PhysX] Initialized MultithreadedTaskDispatcher with 8 workers.
 -> (artifact id: '00000000000000000000000000000000') in 0.000637 seconds
Import Error Code:(4)
Message: Build asset version error: assets/game/gameplay/scripts/enemypatrol.cs in SourceAssetDB has modification time of '2026-09-02T10:57:55.9711446Z' while content on disk has modification time of '2026-09-02T10:58:08.4959181Z'
  ERROR: Build asset version error: assets/game/gameplay/scripts/enemypatrol.cs in SourceAssetDB has modification time of '2026-09-02T10:57:55.9711446Z' while content on disk has modification time of '2026-09-02T10:58:08.4959181Z'
Number of updated asset objects reloaded before import = 0
Number of asset objects unloaded after import = 0
========================================================================
Received Import Request.
  Time since last request: 0.009443 seconds.
  path: Assets/Game/Gameplay/Scripts/EnemyPatrol.cs
  artifactKey: Guid(37f9febdbcf7f6e4c8b93d9092b8dc89) Importer(815301076,1909f56bfc062723c751e8b465ee728b)
Start importing Assets/Game/Gameplay/Scripts/EnemyPatrol.cs using Guid(37f9febdbcf7f6e4c8b93d9092b8dc89) Importer(815301076,1909f56bfc062723c751e8b465ee728b) [PhysX] Initialized MultithreadedTaskDispatcher with 8 workers.
 -> (artifact id: '00000000000000000000000000000000') in 0.000637 seconds
Import Error Code:(4)
Message: Build asset version error: assets/game/gameplay/scripts/enemypatrol.cs in SourceAssetDB has modification time of '2026-09-02T10:57:55.9711446Z' while content on disk has modification time of '2026-09-02T10:58:08.4959181Z'
  ERROR: Build asset version error: assets/game/gameplay/scripts/enemypatrol.cs in SourceAssetDB has modification time of '2026-09-02T10:57:55.9711446Z' while content on disk has modification time of '2026-09-02T10:58:08.4959181Z'
Number of updated asset objects reloaded before import = 0
Number of asset objects unloaded after import = 0
========================================================================
Received Import Request.
  Time since last request: 0.009927 seconds.
  path: Assets/Game/Gameplay/Scripts/EnemyPatrol.cs
  artifactKey: Guid(37f9febdbcf7f6e4c8b93d9092b8dc89) Importer(815301076,1909f56bfc062723c751e8b465ee728b)
Start importing Assets/Game/Gameplay/Scripts/EnemyPatrol.cs using Guid(37f9febdbcf7f6e4c8b93d9092b8dc89) Importer(815301076,1909f56bfc062723c751e8b465ee728b) [PhysX] Initialized MultithreadedTaskDispatcher with 8 workers.
 -> (artifact id: '00000000000000000000000000000000') in 0.000750 seconds
Import Error Code:(4)
Message: Build asset version error: assets/game/gameplay/scripts/enemypatrol.cs in SourceAssetDB has modification time of '2026-09-02T10:57:55.9711446Z' while content on disk has modification time of '2026-09-02T10:58:08.4959181Z'
  ERROR: Build asset version error: assets/game/gameplay/scripts/enemypatrol.cs in SourceAssetDB has modification time of '2026-09-02T10:57:55.9711446Z' while content on disk has modification time of '2026-09-02T10:58:08.4959181Z'
Number of updated asset objects reloaded before import = 0
Number of asset objects unloaded after import = 0
========================================================================
Received Import Request.
  Time since last request: 0.007516 seconds.
  path: Assets/Game/Gameplay/Scripts/EnemyPatrol.cs
  artifactKey: Guid(37f9febdbcf7f6e4c8b93d9092b8dc89) Importer(815301076,1909f56bfc062723c751e8b465ee728b)
Start importing Assets/Game/Gameplay/Scripts/EnemyPatrol.cs using Guid(37f9febdbcf7f6e4c8b93d9092b8dc89) Importer(815301076,1909f56bfc062723c751e8b465ee728b) [PhysX] Initialized MultithreadedTaskDispatcher with 8 workers.
 -> (artifact id: '00000000000000000000000000000000') in 0.000638 seconds
Import Error Code:(4)
Message: Build asset version error: assets/game/gameplay/scripts/enemypatrol.cs in SourceAssetDB has modification time of '2026-09-02T10:57:55.9711446Z' while content on disk has modification time of '2026-09-02T10:58:08.4959181Z'
  ERROR: Build asset version error: assets/game/gameplay/scripts/enemypatrol.cs in SourceAssetDB has modification time of '2026-09-02T10:57:55.9711446Z' while content on disk has modification time of '2026-09-02T10:58:08.4959181Z'
Number of updated asset objects reloaded before import = 0
Number of asset objects unloaded after import = 0
========================================================================
Received Import Request.
  Time since last request: 0.008450 seconds.
  path: Assets/Game/Gameplay/Scripts/EnemyPatrol.cs
  artifactKey: Guid(37f9febdbcf7f6e4c8b93d9092b8dc89) Importer(815301076,1909f56bfc062723c751e8b465ee728b)
Start importing Assets/Game/Gameplay/Scripts/EnemyPatrol.cs using Guid(37f9febdbcf7f6e4c8b93d9092b8dc89) Importer(815301076,1909f56bfc062723c751e8b465ee728b) [PhysX] Initialized MultithreadedTaskDispatcher with 8 workers.
 -> (artifact id: '00000000000000000000000000000000') in 0.000645 seconds
Import Error Code:(4)
Message: Build asset version error: assets/game/gameplay/scripts/enemypatrol.cs in SourceAssetDB has modification time of '2026-09-02T10:57:55.9711446Z' while content on disk has modification time of '2026-09-02T10:58:08.4959181Z'
  ERROR: Build asset version error: assets/game/gameplay/scripts/enemypatrol.cs in SourceAssetDB has modification time of '2026-09-02T10:57:55.9711446Z' while content on disk has modification time of '2026-09-02T10:58:08.4959181Z'
Number of updated asset objects reloaded before import = 0
Number of asset objects unloaded after import = 0
========================================================================
Received Import Request.
  Time since last request: 0.008683 seconds.
  path: Assets/Game/Gameplay/Scripts/EnemyPatrol.cs
  artifactKey: Guid(37f9febdbcf7f6e4c8b93d9092b8dc89) Importer(815301076,1909f56bfc062723c751e8b465ee728b)
Start importing Assets/Game/Gameplay/Scripts/EnemyPatrol.cs using Guid(37f9febdbcf7f6e4c8b93d9092b8dc89) Importer(815301076,1909f56bfc062723c751e8b465ee728b) [PhysX] Initialized MultithreadedTaskDispatcher with 8 workers.
 -> (artifact id: '00000000000000000000000000000000') in 0.000637 seconds
Import Error Code:(4)
Message: Build asset version error: assets/game/gameplay/scripts/enemypatrol.cs in SourceAssetDB has modification time of '2026-09-02T10:57:55.9711446Z' while content on disk has modification time of '2026-09-02T10:58:08.4959181Z'
  ERROR: Build asset version error: assets/game/gameplay/scripts/enemypatrol.cs in SourceAssetDB has modification time of '2026-09-02T10:57:55.9711446Z' while content on disk has modification time of '2026-09-02T10:58:08.4959181Z'
Number of updated asset objects reloaded before import = 0
Number of asset objects unloaded after import = 0
========================================================================
Received Import Request.
  Time since last request: 0.009195 seconds.
  path: Assets/Game/Gameplay/Scripts/EnemyPatrol.cs
  artifactKey: Guid(37f9febdbcf7f6e4c8b93d9092b8dc89) Importer(815301076,1909f56bfc062723c751e8b465ee728b)
Start importing Assets/Game/Gameplay/Scripts/EnemyPatrol.cs using Guid(37f9febdbcf7f6e4c8b93d9092b8dc89) Importer(815301076,1909f56bfc062723c751e8b465ee728b) [PhysX] Initialized MultithreadedTaskDispatcher with 8 workers.
 -> (artifact id: '00000000000000000000000000000000') in 0.000635 seconds
Import Error Code:(4)
Message: Build asset version error: assets/game/gameplay/scripts/enemypatrol.cs in SourceAssetDB has modification time of '2026-09-02T10:57:55.9711446Z' while content on disk has modification time of '2026-09-02T10:58:08.4959181Z'
  ERROR: Build asset version error: assets/game/gameplay/scripts/enemypatrol.cs in SourceAssetDB has modification time of '2026-09-02T10:57:55.9711446Z' while content on disk has modification time of '2026-09-02T10:58:08.4959181Z'
Number of updated asset objects reloaded before import = 0
Number of asset objects unloaded after import = 0
========================================================================
Received Import Request.
  Time since last request: 0.008560 seconds.
  path: Assets/Game/Gameplay/Scripts/EnemyPatrol.cs
  artifactKey: Guid(37f9febdbcf7f6e4c8b93d9092b8dc89) Importer(815301076,1909f56bfc062723c751e8b465ee728b)
Start importing Assets/Game/Gameplay/Scripts/EnemyPatrol.cs using Guid(37f9febdbcf7f6e4c8b93d9092b8dc89) Importer(815301076,1909f56bfc062723c751e8b465ee728b) [PhysX] Initialized MultithreadedTaskDispatcher with 8 workers.
 -> (artifact id: '00000000000000000000000000000000') in 0.000875 seconds
Import Error Code:(4)
Message: Build asset version error: assets/game/gameplay/scripts/enemypatrol.cs in SourceAssetDB has modification time of '2026-09-02T10:57:55.9711446Z' while content on disk has modification time of '2026-09-02T10:58:08.4959181Z'
  ERROR: Build asset version error: assets/game/gameplay/scripts/enemypatrol.cs in SourceAssetDB has modification time of '2026-09-02T10:57:55.9711446Z' while content on disk has modification time of '2026-09-02T10:58:08.4959181Z'
Number of updated asset objects reloaded before import = 0
Number of asset objects unloaded after import = 0
========================================================================
Received Import Request.
  Time since last request: 0.009309 seconds.
  path: Assets/Game/Gameplay/Scripts/EnemyPatrol.cs
  artifactKey: Guid(37f9febdbcf7f6e4c8b93d9092b8dc89) Importer(815301076,1909f56bfc062723c751e8b465ee728b)
Start importing Assets/Game/Gameplay/Scripts/EnemyPatrol.cs using Guid(37f9febdbcf7f6e4c8b93d9092b8dc89) Importer(815301076,1909f56bfc062723c751e8b465ee728b) [PhysX] Initialized MultithreadedTaskDispatcher with 8 workers.
 -> (artifact id: '00000000000000000000000000000000') in 0.000906 seconds
Import Error Code:(4)
Message: Build asset version error: assets/game/gameplay/scripts/enemypatrol.cs in SourceAssetDB has modification time of '2026-09-02T10:57:55.9711446Z' while content on disk has modification time of '2026-09-02T10:58:08.4959181Z'
  ERROR: Build asset version error: assets/game/gameplay/scripts/enemypatrol.cs in SourceAssetDB has modification time of '2026-09-02T10:57:55.9711446Z' while content on disk has modification time of '2026-09-02T10:58:08.4959181Z'
Number of updated asset objects reloaded before import = 0
Number of asset objects unloaded after import = 0
========================================================================
Received Import Request.
  Time since last request: 0.008499 seconds.
  path: Assets/Game/Gameplay/Scripts/EnemyPatrol.cs
  artifactKey: Guid(37f9febdbcf7f6e4c8b93d9092b8dc89) Importer(815301076,1909f56bfc062723c751e8b465ee728b)
Start importing Assets/Game/Gameplay/Scripts/EnemyPatrol.cs using Guid(37f9febdbcf7f6e4c8b93d9092b8dc89) Importer(815301076,1909f56bfc062723c751e8b465ee728b) [PhysX] Initialized MultithreadedTaskDispatcher with 8 workers.
 -> (artifact id: '00000000000000000000000000000000') in 0.000717 seconds
Import Error Code:(4)
Message: Build asset version error: assets/game/gameplay/scripts/enemypatrol.cs in SourceAssetDB has modification time of '2026-09-02T10:57:55.9711446Z' while content on disk has modification time of '2026-09-02T10:58:08.4959181Z'
  ERROR: Build asset version error: assets/game/gameplay/scripts/enemypatrol.cs in SourceAssetDB has modification time of '2026-09-02T10:57:55.9711446Z' while content on disk has modification time of '2026-09-02T10:58:08.4959181Z'
Number of updated asset objects reloaded before import = 0
Number of asset objects unloaded after import = 0
========================================================================
Received Import Request.
  Time since last request: 0.009509 seconds.
  path: Assets/Game/Gameplay/Scripts/EnemyPatrol.cs
  artifactKey: Guid(37f9febdbcf7f6e4c8b93d9092b8dc89) Importer(815301076,1909f56bfc062723c751e8b465ee728b)
Start importing Assets/Game/Gameplay/Scripts/EnemyPatrol.cs using Guid(37f9febdbcf7f6e4c8b93d9092b8dc89) Importer(815301076,1909f56bfc062723c751e8b465ee728b) [PhysX] Initialized MultithreadedTaskDispatcher with 8 workers.
 -> (artifact id: '00000000000000000000000000000000') in 0.000656 seconds
Import Error Code:(4)
Message: Build asset version error: assets/game/gameplay/scripts/enemypatrol.cs in SourceAssetDB has modification time of '2026-09-02T10:57:55.9711446Z' while content on disk has modification time of '2026-09-02T10:58:08.4959181Z'
  ERROR: Build asset version error: assets/game/gameplay/scripts/enemypatrol.cs in SourceAssetDB has modification time of '2026-09-02T10:57:55.9711446Z' while content on disk has modification time of '2026-09-02T10:58:08.4959181Z'
Number of updated asset objects reloaded before import = 0
Number of asset objects unloaded after import = 0
========================================================================
Received Import Request.
  Time since last request: 0.008950 seconds.
  path: Assets/Game/Gameplay/Scripts/EnemyPatrol.cs
  artifactKey: Guid(37f9febdbcf7f6e4c8b93d9092b8dc89) Importer(815301076,1909f56bfc062723c751e8b465ee728b)
Start importing Assets/Game/Gameplay/Scripts/EnemyPatrol.cs using Guid(37f9febdbcf7f6e4c8b93d9092b8dc89) Importer(815301076,1909f56bfc062723c751e8b465ee728b) [PhysX] Initialized MultithreadedTaskDispatcher with 8 workers.
 -> (artifact id: '00000000000000000000000000000000') in 0.000857 seconds
Import Error Code:(4)
Message: Build asset version error: assets/game/gameplay/scripts/enemypatrol.cs in SourceAssetDB has modification time of '2026-09-02T10:57:55.9711446Z' while content on disk has modification time of '2026-09-02T10:58:08.4959181Z'
  ERROR: Build asset version error: assets/game/gameplay/scripts/enemypatrol.cs in SourceAssetDB has modification time of '2026-09-02T10:57:55.9711446Z' while content on disk has modification time of '2026-09-02T10:58:08.4959181Z'
Number of updated asset objects reloaded before import = 0
Number of asset objects unloaded after import = 0
========================================================================
Received Import Request.
  Time since last request: 0.009102 seconds.
  path: Assets/Game/Gameplay/Scripts/EnemyPatrol.cs
  artifactKey: Guid(37f9febdbcf7f6e4c8b93d9092b8dc89) Importer(815301076,1909f56bfc062723c751e8b465ee728b)
Start importing Assets/Game/Gameplay/Scripts/EnemyPatrol.cs using Guid(37f9febdbcf7f6e4c8b93d9092b8dc89) Importer(815301076,1909f56bfc062723c751e8b465ee728b) [PhysX] Initialized MultithreadedTaskDispatcher with 8 workers.
 -> (artifact id: '00000000000000000000000000000000') in 0.000644 seconds
Import Error Code:(4)
Message: Build asset version error: assets/game/gameplay/scripts/enemypatrol.cs in SourceAssetDB has modification time of '2026-09-02T10:57:55.9711446Z' while content on disk has modification time of '2026-09-02T10:58:08.4959181Z'
  ERROR: Build asset version error: assets/game/gameplay/scripts/enemypatrol.cs in SourceAssetDB has modification time of '2026-09-02T10:57:55.9711446Z' while content on disk has modification time of '2026-09-02T10:58:08.4959181Z'
Number of updated asset objects reloaded before import = 0
Number of asset objects unloaded after import = 0
========================================================================
Received Import Request.
  Time since last request: 0.007978 seconds.
  path: Assets/Game/Gameplay/Scripts/EnemyPatrol.cs
  artifactKey: Guid(37f9febdbcf7f6e4c8b93d9092b8dc89) Importer(815301076,1909f56bfc062723c751e8b465ee728b)
Start importing Assets/Game/Gameplay/Scripts/EnemyPatrol.cs using Guid(37f9febdbcf7f6e4c8b93d9092b8dc89) Importer(815301076,1909f56bfc062723c751e8b465ee728b) [PhysX] Initialized MultithreadedTaskDispatcher with 8 workers.
 -> (artifact id: '00000000000000000000000000000000') in 0.000691 seconds
Import Error Code:(4)
Message: Build asset version error: assets/game/gameplay/scripts/enemypatrol.cs in SourceAssetDB has modification time of '2026-09-02T10:57:55.9711446Z' while content on disk has modification time of '2026-09-02T10:58:08.4959181Z'
  ERROR: Build asset version error: assets/game/gameplay/scripts/enemypatrol.cs in SourceAssetDB has modification time of '2026-09-02T10:57:55.9711446Z' while content on disk has modification time of '2026-09-02T10:58:08.4959181Z'
Number of updated asset objects reloaded before import = 0
Number of asset objects unloaded after import = 0
========================================================================
Received Import Request.
  Time since last request: 0.008366 seconds.
  path: Assets/Game/Gameplay/Scripts/EnemyPatrol.cs
  artifactKey: Guid(37f9febdbcf7f6e4c8b93d9092b8dc89) Importer(815301076,1909f56bfc062723c751e8b465ee728b)
Start importing Assets/Game/Gameplay/Scripts/EnemyPatrol.cs using Guid(37f9febdbcf7f6e4c8b93d9092b8dc89) Importer(815301076,1909f56bfc062723c751e8b465ee728b) [PhysX] Initialized MultithreadedTaskDispatcher with 8 workers.
 -> (artifact id: '00000000000000000000000000000000') in 0.001036 seconds
Import Error Code:(4)
Message: Build asset version error: assets/game/gameplay/scripts/enemypatrol.cs in SourceAssetDB has modification time of '2026-09-02T10:57:55.9711446Z' while content on disk has modification time of '2026-09-02T10:58:08.4959181Z'
  ERROR: Build asset version error: assets/game/gameplay/scripts/enemypatrol.cs in SourceAssetDB has modification time of '2026-09-02T10:57:55.9711446Z' while content on disk has modification time of '2026-09-02T10:58:08.4959181Z'
Number of updated asset objects reloaded before import = 0
Number of asset objects unloaded after import = 0
========================================================================
Received Import Request.
  Time since last request: 0.009581 seconds.
  path: Assets/Game/Gameplay/Scripts/EnemyPatrol.cs
  artifactKey: Guid(37f9febdbcf7f6e4c8b93d9092b8dc89) Importer(815301076,1909f56bfc062723c751e8b465ee728b)
Start importing Assets/Game/Gameplay/Scripts/EnemyPatrol.cs using Guid(37f9febdbcf7f6e4c8b93d9092b8dc89) Importer(815301076,1909f56bfc062723c751e8b465ee728b) [PhysX] Initialized MultithreadedTaskDispatcher with 8 workers.
 -> (artifact id: '00000000000000000000000000000000') in 0.000650 seconds
Import Error Code:(4)
Message: Build asset version error: assets/game/gameplay/scripts/enemypatrol.cs in SourceAssetDB has modification time of '2026-09-02T10:57:55.9711446Z' while content on disk has modification time of '2026-09-02T10:58:08.4959181Z'
  ERROR: Build asset version error: assets/game/gameplay/scripts/enemypatrol.cs in SourceAssetDB has modification time of '2026-09-02T10:57:55.9711446Z' while content on disk has modification time of '2026-09-02T10:58:08.4959181Z'
Number of updated asset objects reloaded before import = 0
Number of asset objects unloaded after import = 0
========================================================================
Received Import Request.
  Time since last request: 0.009079 seconds.
  path: Assets/Game/Gameplay/Scripts/EnemyPatrol.cs
  artifactKey: Guid(37f9febdbcf7f6e4c8b93d9092b8dc89) Importer(815301076,1909f56bfc062723c751e8b465ee728b)
Start importing Assets/Game/Gameplay/Scripts/EnemyPatrol.cs using Guid(37f9febdbcf7f6e4c8b93d9092b8dc89) Importer(815301076,1909f56bfc062723c751e8b465ee728b) [PhysX] Initialized MultithreadedTaskDispatcher with 8 workers.
 -> (artifact id: '00000000000000000000000000000000') in 0.000701 seconds
Import Error Code:(4)
Message: Build asset version error: assets/game/gameplay/scripts/enemypatrol.cs in SourceAssetDB has modification time of '2026-09-02T10:57:55.9711446Z' while content on disk has modification time of '2026-09-02T10:58:08.4959181Z'
  ERROR: Build asset version error: assets/game/gameplay/scripts/enemypatrol.cs in SourceAssetDB has modification time of '2026-09-02T10:57:55.9711446Z' while content on disk has modification time of '2026-09-02T10:58:08.4959181Z'
Number of updated asset objects reloaded before import = 0
Number of asset objects unloaded after import = 0
========================================================================
Received Import Request.
  Time since last request: 0.009052 seconds.
  path: Assets/Game/Gameplay/Scripts/EnemyPatrol.cs
  artifactKey: Guid(37f9febdbcf7f6e4c8b93d9092b8dc89) Importer(815301076,1909f56bfc062723c751e8b465ee728b)
Start importing Assets/Game/Gameplay/Scripts/EnemyPatrol.cs using Guid(37f9febdbcf7f6e4c8b93d9092b8dc89) Importer(815301076,1909f56bfc062723c751e8b465ee728b) [PhysX] Initialized MultithreadedTaskDispatcher with 8 workers.
 -> (artifact id: '00000000000000000000000000000000') in 0.000678 seconds
Import Error Code:(4)
Message: Build asset version error: assets/game/gameplay/scripts/enemypatrol.cs in SourceAssetDB has modification time of '2026-09-02T10:57:55.9711446Z' while content on disk has modification time of '2026-09-02T10:58:08.4959181Z'
  ERROR: Build asset version error: assets/game/gameplay/scripts/enemypatrol.cs in SourceAssetDB has modification time of '2026-09-02T10:57:55.9711446Z' while content on disk has modification time of '2026-09-02T10:58:08.4959181Z'
Number of updated asset objects reloaded before import = 0
Number of asset objects unloaded after import = 0
========================================================================
Received Import Request.
  Time since last request: 0.009211 seconds.
  path: Assets/Game/Gameplay/Scripts/EnemyPatrol.cs
  artifactKey: Guid(37f9febdbcf7f6e4c8b93d9092b8dc89) Importer(815301076,1909f56bfc062723c751e8b465ee728b)
Start importing Assets/Game/Gameplay/Scripts/EnemyPatrol.cs using Guid(37f9febdbcf7f6e4c8b93d9092b8dc89) Importer(815301076,1909f56bfc062723c751e8b465ee728b) [PhysX] Initialized MultithreadedTaskDispatcher with 8 workers.
 -> (artifact id: '00000000000000000000000000000000') in 0.000637 seconds
Import Error Code:(4)
Message: Build asset version error: assets/game/gameplay/scripts/enemypatrol.cs in SourceAssetDB has modification time of '2026-09-02T10:57:55.9711446Z' while content on disk has modification time of '2026-09-02T10:58:08.4959181Z'
  ERROR: Build asset version error: assets/game/gameplay/scripts/enemypatrol.cs in SourceAssetDB has modification time of '2026-09-02T10:57:55.9711446Z' while content on disk has modification time of '2026-09-02T10:58:08.4959181Z'
Number of updated asset objects reloaded before import = 0
Number of asset objects unloaded after import = 0
========================================================================
Received Import Request.
  Time since last request: 0.009665 seconds.
  path: Assets/Game/Gameplay/Scripts/EnemyPatrol.cs
  artifactKey: Guid(37f9febdbcf7f6e4c8b93d9092b8dc89) Importer(815301076,1909f56bfc062723c751e8b465ee728b)
Start importing Assets/Game/Gameplay/Scripts/EnemyPatrol.cs using Guid(37f9febdbcf7f6e4c8b93d9092b8dc89) Importer(815301076,1909f56bfc062723c751e8b465ee728b) [PhysX] Initialized MultithreadedTaskDispatcher with 8 workers.
 -> (artifact id: '00000000000000000000000000000000') in 0.000887 seconds
Import Error Code:(4)
Message: Build asset version error: assets/game/gameplay/scripts/enemypatrol.cs in SourceAssetDB has modification time of '2026-09-02T10:57:55.9711446Z' while content on disk has modification time of '2026-09-02T10:58:08.4959181Z'
  ERROR: Build asset version error: assets/game/gameplay/scripts/enemypatrol.cs in SourceAssetDB has modification time of '2026-09-02T10:57:55.9711446Z' while content on disk has modification time of '2026-09-02T10:58:08.4959181Z'
Number of updated asset objects reloaded before import = 0
Number of asset objects unloaded after import = 0
========================================================================
Received Import Request.
  Time since last request: 0.010083 seconds.
  path: Assets/Game/Gameplay/Scripts/EnemyPatrol.cs
  artifactKey: Guid(37f9febdbcf7f6e4c8b93d9092b8dc89) Importer(815301076,1909f56bfc062723c751e8b465ee728b)
Start importing Assets/Game/Gameplay/Scripts/EnemyPatrol.cs using Guid(37f9febdbcf7f6e4c8b93d9092b8dc89) Importer(815301076,1909f56bfc062723c751e8b465ee728b) [PhysX] Initialized MultithreadedTaskDispatcher with 8 workers.
 -> (artifact id: '00000000000000000000000000000000') in 0.000839 seconds
Import Error Code:(4)
Message: Build asset version error: assets/game/gameplay/scripts/enemypatrol.cs in SourceAssetDB has modification time of '2026-09-02T10:57:55.9711446Z' while content on disk has modification time of '2026-09-02T10:58:08.4959181Z'
  ERROR: Build asset version error: assets/game/gameplay/scripts/enemypatrol.cs in SourceAssetDB has modification time of '2026-09-02T10:57:55.9711446Z' while content on disk has modification time of '2026-09-02T10:58:08.4959181Z'
Number of updated asset objects reloaded before import = 0
Number of asset objects unloaded after import = 0
========================================================================
Received Import Request.
  Time since last request: 0.010578 seconds.
  path: Assets/Game/Gameplay/Scripts/EnemyPatrol.cs
  artifactKey: Guid(37f9febdbcf7f6e4c8b93d9092b8dc89) Importer(815301076,1909f56bfc062723c751e8b465ee728b)
Start importing Assets/Game/Gameplay/Scripts/EnemyPatrol.cs using Guid(37f9febdbcf7f6e4c8b93d9092b8dc89) Importer(815301076,1909f56bfc062723c751e8b465ee728b) [PhysX] Initialized MultithreadedTaskDispatcher with 8 workers.
 -> (artifact id: '00000000000000000000000000000000') in 0.000648 seconds
Import Error Code:(4)
Message: Build asset version error: assets/game/gameplay/scripts/enemypatrol.cs in SourceAssetDB has modification time of '2026-09-02T10:57:55.9711446Z' while content on disk has modification time of '2026-09-02T10:58:08.4959181Z'
  ERROR: Build asset version error: assets/game/gameplay/scripts/enemypatrol.cs in SourceAssetDB has modification time of '2026-09-02T10:57:55.9711446Z' while content on disk has modification time of '2026-09-02T10:58:08.4959181Z'
Number of updated asset objects reloaded before import = 0
Number of asset objects unloaded after import = 0
========================================================================
Received Import Request.
  Time since last request: 0.008913 seconds.
  path: Assets/Game/Gameplay/Scripts/EnemyPatrol.cs
  artifactKey: Guid(37f9febdbcf7f6e4c8b93d9092b8dc89) Importer(815301076,1909f56bfc062723c751e8b465ee728b)
Start importing Assets/Game/Gameplay/Scripts/EnemyPatrol.cs using Guid(37f9febdbcf7f6e4c8b93d9092b8dc89) Importer(815301076,1909f56bfc062723c751e8b465ee728b) [PhysX] Initialized MultithreadedTaskDispatcher with 8 workers.
 -> (artifact id: '00000000000000000000000000000000') in 0.000638 seconds
Import Error Code:(4)
Message: Build asset version error: assets/game/gameplay/scripts/enemypatrol.cs in SourceAssetDB has modification time of '2026-09-02T10:57:55.9711446Z' while content on disk has modification time of '2026-09-02T10:58:08.4959181Z'
  ERROR: Build asset version error: assets/game/gameplay/scripts/enemypatrol.cs in SourceAssetDB has modification time of '2026-09-02T10:57:55.9711446Z' while content on disk has modification time of '2026-09-02T10:58:08.4959181Z'
Number of updated asset objects reloaded before import = 0
Number of asset objects unloaded after import = 0
========================================================================
Received Import Request.
  Time since last request: 0.009090 seconds.
  path: Assets/Game/Gameplay/Scripts/EnemyPatrol.cs
  artifactKey: Guid(37f9febdbcf7f6e4c8b93d9092b8dc89) Importer(815301076,1909f56bfc062723c751e8b465ee728b)
Start importing Assets/Game/Gameplay/Scripts/EnemyPatrol.cs using Guid(37f9febdbcf7f6e4c8b93d9092b8dc89) Importer(815301076,1909f56bfc062723c751e8b465ee728b) [PhysX] Initialized MultithreadedTaskDispatcher with 8 workers.
 -> (artifact id: '00000000000000000000000000000000') in 0.000679 seconds
Import Error Code:(4)
Message: Build asset version error: assets/game/gameplay/scripts/enemypatrol.cs in SourceAssetDB has modification time of '2026-09-02T10:57:55.9711446Z' while content on disk has modification time of '2026-09-02T10:58:08.4959181Z'
  ERROR: Build asset version error: assets/game/gameplay/scripts/enemypatrol.cs in SourceAssetDB has modification time of '2026-09-02T10:57:55.9711446Z' while content on disk has modification time of '2026-09-02T10:58:08.4959181Z'
Number of updated asset objects reloaded before import = 0
Number of asset objects unloaded after import = 0
========================================================================
Received Import Request.
  Time since last request: 0.008710 seconds.
  path: Assets/Game/Gameplay/Scripts/EnemyPatrol.cs
  artifactKey: Guid(37f9febdbcf7f6e4c8b93d9092b8dc89) Importer(815301076,1909f56bfc062723c751e8b465ee728b)
Start importing Assets/Game/Gameplay/Scripts/EnemyPatrol.cs using Guid(37f9febdbcf7f6e4c8b93d9092b8dc89) Importer(815301076,1909f56bfc062723c751e8b465ee728b) [PhysX] Initialized MultithreadedTaskDispatcher with 8 workers.
 -> (artifact id: '00000000000000000000000000000000') in 0.000712 seconds
Import Error Code:(4)
Message: Build asset version error: assets/game/gameplay/scripts/enemypatrol.cs in SourceAssetDB has modification time of '2026-09-02T10:57:55.9711446Z' while content on disk has modification time of '2026-09-02T10:58:08.4959181Z'
  ERROR: Build asset version error: assets/game/gameplay/scripts/enemypatrol.cs in SourceAssetDB has modification time of '2026-09-02T10:57:55.9711446Z' while content on disk has modification time of '2026-09-02T10:58:08.4959181Z'
Number of updated asset objects reloaded before import = 0
Number of asset objects unloaded after import = 0
========================================================================
Received Import Request.
  Time since last request: 0.007501 seconds.
  path: Assets/Game/Gameplay/Scripts/EnemyPatrol.cs
  artifactKey: Guid(37f9febdbcf7f6e4c8b93d9092b8dc89) Importer(815301076,1909f56bfc062723c751e8b465ee728b)
Start importing Assets/Game/Gameplay/Scripts/EnemyPatrol.cs using Guid(37f9febdbcf7f6e4c8b93d9092b8dc89) Importer(815301076,1909f56bfc062723c751e8b465ee728b) [PhysX] Initialized MultithreadedTaskDispatcher with 8 workers.
 -> (artifact id: '00000000000000000000000000000000') in 0.000654 seconds
Import Error Code:(4)
Message: Build asset version error: assets/game/gameplay/scripts/enemypatrol.cs in SourceAssetDB has modification time of '2026-09-02T10:57:55.9711446Z' while content on disk has modification time of '2026-09-02T10:58:08.4959181Z'
  ERROR: Build asset version error: assets/game/gameplay/scripts/enemypatrol.cs in SourceAssetDB has modification time of '2026-09-02T10:57:55.9711446Z' while content on disk has modification time of '2026-09-02T10:58:08.4959181Z'
Number of updated asset objects reloaded before import = 0
Number of asset objects unloaded after import = 0
========================================================================
Received Import Request.
  Time since last request: 0.008675 seconds.
  path: Assets/Game/Gameplay/Scripts/EnemyPatrol.cs
  artifactKey: Guid(37f9febdbcf7f6e4c8b93d9092b8dc89) Importer(815301076,1909f56bfc062723c751e8b465ee728b)
Start importing Assets/Game/Gameplay/Scripts/EnemyPatrol.cs using Guid(37f9febdbcf7f6e4c8b93d9092b8dc89) Importer(815301076,1909f56bfc062723c751e8b465ee728b) [PhysX] Initialized MultithreadedTaskDispatcher with 8 workers.
 -> (artifact id: '00000000000000000000000000000000') in 0.000786 seconds
Import Error Code:(4)
Message: Build asset version error: assets/game/gameplay/scripts/enemypatrol.cs in SourceAssetDB has modification time of '2026-09-02T10:57:55.9711446Z' while content on disk has modification time of '2026-09-02T10:58:08.4959181Z'
  ERROR: Build asset version error: assets/game/gameplay/scripts/enemypatrol.cs in SourceAssetDB has modification time of '2026-09-02T10:57:55.9711446Z' while content on disk has modification time of '2026-09-02T10:58:08.4959181Z'
Number of updated asset objects reloaded before import = 0
Number of asset objects unloaded after import = 0
========================================================================
Received Import Request.
  Time since last request: 0.009797 seconds.
  path: Assets/Game/Gameplay/Scripts/EnemyPatrol.cs
  artifactKey: Guid(37f9febdbcf7f6e4c8b93d9092b8dc89) Importer(815301076,1909f56bfc062723c751e8b465ee728b)
Start importing Assets/Game/Gameplay/Scripts/EnemyPatrol.cs using Guid(37f9febdbcf7f6e4c8b93d9092b8dc89) Importer(815301076,1909f56bfc062723c751e8b465ee728b) [PhysX] Initialized MultithreadedTaskDispatcher with 8 workers.
 -> (artifact id: '00000000000000000000000000000000') in 0.000880 seconds
Import Error Code:(4)
Message: Build asset version error: assets/game/gameplay/scripts/enemypatrol.cs in SourceAssetDB has modification time of '2026-09-02T10:57:55.9711446Z' while content on disk has modification time of '2026-09-02T10:58:08.4959181Z'
  ERROR: Build asset version error: assets/game/gameplay/scripts/enemypatrol.cs in SourceAssetDB has modification time of '2026-09-02T10:57:55.9711446Z' while content on disk has modification time of '2026-09-02T10:58:08.4959181Z'
Number of updated asset objects reloaded before import = 0
Number of asset objects unloaded after import = 0
========================================================================
Received Import Request.
  Time since last request: 0.007893 seconds.
  path: Assets/Game/Gameplay/Scripts/EnemyPatrol.cs
  artifactKey: Guid(37f9febdbcf7f6e4c8b93d9092b8dc89) Importer(815301076,1909f56bfc062723c751e8b465ee728b)
Start importing Assets/Game/Gameplay/Scripts/EnemyPatrol.cs using Guid(37f9febdbcf7f6e4c8b93d9092b8dc89) Importer(815301076,1909f56bfc062723c751e8b465ee728b) [PhysX] Initialized MultithreadedTaskDispatcher with 8 workers.
 -> (artifact id: '00000000000000000000000000000000') in 0.000649 seconds
Import Error Code:(4)
Message: Build asset version error: assets/game/gameplay/scripts/enemypatrol.cs in SourceAssetDB has modification time of '2026-09-02T10:57:55.9711446Z' while content on disk has modification time of '2026-09-02T10:58:08.4959181Z'
  ERROR: Build asset version error: assets/game/gameplay/scripts/enemypatrol.cs in SourceAssetDB has modification time of '2026-09-02T10:57:55.9711446Z' while content on disk has modification time of '2026-09-02T10:58:08.4959181Z'
Number of updated asset objects reloaded before import = 0
Number of asset objects unloaded after import = 0
========================================================================
Received Import Request.
  Time since last request: 0.009310 seconds.
  path: Assets/Game/Gameplay/Scripts/EnemyPatrol.cs
  artifactKey: Guid(37f9febdbcf7f6e4c8b93d9092b8dc89) Importer(815301076,1909f56bfc062723c751e8b465ee728b)
Start importing Assets/Game/Gameplay/Scripts/EnemyPatrol.cs using Guid(37f9febdbcf7f6e4c8b93d9092b8dc89) Importer(815301076,1909f56bfc062723c751e8b465ee728b) [PhysX] Initialized MultithreadedTaskDispatcher with 8 workers.
 -> (artifact id: '00000000000000000000000000000000') in 0.000658 seconds
Import Error Code:(4)
Message: Build asset version error: assets/game/gameplay/scripts/enemypatrol.cs in SourceAssetDB has modification time of '2026-09-02T10:57:55.9711446Z' while content on disk has modification time of '2026-09-02T10:58:08.4959181Z'
  ERROR: Build asset version error: assets/game/gameplay/scripts/enemypatrol.cs in SourceAssetDB has modification time of '2026-09-02T10:57:55.9711446Z' while content on disk has modification time of '2026-09-02T10:58:08.4959181Z'
Number of updated asset objects reloaded before import = 0
Number of asset objects unloaded after import = 0
========================================================================
Received Import Request.
  Time since last request: 0.009004 seconds.
  path: Assets/Game/Gameplay/Scripts/EnemyPatrol.cs
  artifactKey: Guid(37f9febdbcf7f6e4c8b93d9092b8dc89) Importer(815301076,1909f56bfc062723c751e8b465ee728b)
Start importing Assets/Game/Gameplay/Scripts/EnemyPatrol.cs using Guid(37f9febdbcf7f6e4c8b93d9092b8dc89) Importer(815301076,1909f56bfc062723c751e8b465ee728b) [PhysX] Initialized MultithreadedTaskDispatcher with 8 workers.
 -> (artifact id: '00000000000000000000000000000000') in 0.000823 seconds
Import Error Code:(4)
Message: Build asset version error: assets/game/gameplay/scripts/enemypatrol.cs in SourceAssetDB has modification time of '2026-09-02T10:57:55.9711446Z' while content on disk has modification time of '2026-09-02T10:58:08.4959181Z'
  ERROR: Build asset version error: assets/game/gameplay/scripts/enemypatrol.cs in SourceAssetDB has modification time of '2026-09-02T10:57:55.9711446Z' while content on disk has modification time of '2026-09-02T10:58:08.4959181Z'
Number of updated asset objects reloaded before import = 0
Number of asset objects unloaded after import = 0
========================================================================
Received Import Request.
  Time since last request: 0.007910 seconds.
  path: Assets/Game/Gameplay/Scripts/EnemyPatrol.cs
  artifactKey: Guid(37f9febdbcf7f6e4c8b93d9092b8dc89) Importer(815301076,1909f56bfc062723c751e8b465ee728b)
Start importing Assets/Game/Gameplay/Scripts/EnemyPatrol.cs using Guid(37f9febdbcf7f6e4c8b93d9092b8dc89) Importer(815301076,1909f56bfc062723c751e8b465ee728b) [PhysX] Initialized MultithreadedTaskDispatcher with 8 workers.
 -> (artifact id: '00000000000000000000000000000000') in 0.001006 seconds
Import Error Code:(4)
Message: Build asset version error: assets/game/gameplay/scripts/enemypatrol.cs in SourceAssetDB has modification time of '2026-09-02T10:57:55.9711446Z' while content on disk has modification time of '2026-09-02T10:58:08.4959181Z'
  ERROR: Build asset version error: assets/game/gameplay/scripts/enemypatrol.cs in SourceAssetDB has modification time of '2026-09-02T10:57:55.9711446Z' while content on disk has modification time of '2026-09-02T10:58:08.4959181Z'
Number of updated asset objects reloaded before import = 0
Number of asset objects unloaded after import = 0
========================================================================
Received Import Request.
  Time since last request: 0.008464 seconds.
  path: Assets/Game/Gameplay/Scripts/EnemyPatrol.cs
  artifactKey: Guid(37f9febdbcf7f6e4c8b93d9092b8dc89) Importer(815301076,1909f56bfc062723c751e8b465ee728b)
Start importing Assets/Game/Gameplay/Scripts/EnemyPatrol.cs using Guid(37f9febdbcf7f6e4c8b93d9092b8dc89) Importer(815301076,1909f56bfc062723c751e8b465ee728b) [PhysX] Initialized MultithreadedTaskDispatcher with 8 workers.
 -> (artifact id: '00000000000000000000000000000000') in 0.000644 seconds
Import Error Code:(4)
Message: Build asset version error: assets/game/gameplay/scripts/enemypatrol.cs in SourceAssetDB has modification time of '2026-09-02T10:57:55.9711446Z' while content on disk has modification time of '2026-09-02T10:58:08.4959181Z'
  ERROR: Build asset version error: assets/game/gameplay/scripts/enemypatrol.cs in SourceAssetDB has modification time of '2026-09-02T10:57:55.9711446Z' while content on disk has modification time of '2026-09-02T10:58:08.4959181Z'
Number of updated asset objects reloaded before import = 0
Number of asset objects unloaded after import = 0
========================================================================
Received Import Request.
  Time since last request: 0.008443 seconds.
  path: Assets/Game/Gameplay/Scripts/EnemyPatrol.cs
  artifactKey: Guid(37f9febdbcf7f6e4c8b93d9092b8dc89) Importer(815301076,1909f56bfc062723c751e8b465ee728b)
Start importing Assets/Game/Gameplay/Scripts/EnemyPatrol.cs using Guid(37f9febdbcf7f6e4c8b93d9092b8dc89) Importer(815301076,1909f56bfc062723c751e8b465ee728b) [PhysX] Initialized MultithreadedTaskDispatcher with 8 workers.
 -> (artifact id: '00000000000000000000000000000000') in 0.000640 seconds
Import Error Code:(4)
Message: Build asset version error: assets/game/gameplay/scripts/enemypatrol.cs in SourceAssetDB has modification time of '2026-09-02T10:57:55.9711446Z' while content on disk has modification time of '2026-09-02T10:58:08.4959181Z'
  ERROR: Build asset version error: assets/game/gameplay/scripts/enemypatrol.cs in SourceAssetDB has modification time of '2026-09-02T10:57:55.9711446Z' while content on disk has modification time of '2026-09-02T10:58:08.4959181Z'
Number of updated asset objects reloaded before import = 0
Number of asset objects unloaded after import = 0
========================================================================
Received Import Request.
  Time since last request: 0.008419 seconds.
  path: Assets/Game/Gameplay/Scripts/EnemyPatrol.cs
  artifactKey: Guid(37f9febdbcf7f6e4c8b93d9092b8dc89) Importer(815301076,1909f56bfc062723c751e8b465ee728b)
Start importing Assets/Game/Gameplay/Scripts/EnemyPatrol.cs using Guid(37f9febdbcf7f6e4c8b93d9092b8dc89) Importer(815301076,1909f56bfc062723c751e8b465ee728b) [PhysX] Initialized MultithreadedTaskDispatcher with 8 workers.
 -> (artifact id: '00000000000000000000000000000000') in 0.000924 seconds
Import Error Code:(4)
Message: Build asset version error: assets/game/gameplay/scripts/enemypatrol.cs in SourceAssetDB has modification time of '2026-09-02T10:57:55.9711446Z' while content on disk has modification time of '2026-09-02T10:58:08.4959181Z'
  ERROR: Build asset version error: assets/game/gameplay/scripts/enemypatrol.cs in SourceAssetDB has modification time of '2026-09-02T10:57:55.9711446Z' while content on disk has modification time of '2026-09-02T10:58:08.4959181Z'
Number of updated asset objects reloaded before import = 0
Number of asset objects unloaded after import = 0
========================================================================
Received Import Request.
  Time since last request: 0.009179 seconds.
  path: Assets/Game/Gameplay/Scripts/EnemyPatrol.cs
  artifactKey: Guid(37f9febdbcf7f6e4c8b93d9092b8dc89) Importer(815301076,1909f56bfc062723c751e8b465ee728b)
Start importing Assets/Game/Gameplay/Scripts/EnemyPatrol.cs using Guid(37f9febdbcf7f6e4c8b93d9092b8dc89) Importer(815301076,1909f56bfc062723c751e8b465ee728b) [PhysX] Initialized MultithreadedTaskDispatcher with 8 workers.
 -> (artifact id: '00000000000000000000000000000000') in 0.000629 seconds
Import Error Code:(4)
Message: Build asset version error: assets/game/gameplay/scripts/enemypatrol.cs in SourceAssetDB has modification time of '2026-09-02T10:57:55.9711446Z' while content on disk has modification time of '2026-09-02T10:58:08.4959181Z'
  ERROR: Build asset version error: assets/game/gameplay/scripts/enemypatrol.cs in SourceAssetDB has modification time of '2026-09-02T10:57:55.9711446Z' while content on disk has modification time of '2026-09-02T10:58:08.4959181Z'
Number of updated asset objects reloaded before import = 0
Number of asset objects unloaded after import = 0
========================================================================
Received Import Request.
  Time since last request: 0.009328 seconds.
  path: Assets/Game/Gameplay/Scripts/EnemyPatrol.cs
  artifactKey: Guid(37f9febdbcf7f6e4c8b93d9092b8dc89) Importer(815301076,1909f56bfc062723c751e8b465ee728b)
Start importing Assets/Game/Gameplay/Scripts/EnemyPatrol.cs using Guid(37f9febdbcf7f6e4c8b93d9092b8dc89) Importer(815301076,1909f56bfc062723c751e8b465ee728b) [PhysX] Initialized MultithreadedTaskDispatcher with 8 workers.
 -> (artifact id: '00000000000000000000000000000000') in 0.000795 seconds
Import Error Code:(4)
Message: Build asset version error: assets/game/gameplay/scripts/enemypatrol.cs in SourceAssetDB has modification time of '2026-09-02T10:57:55.9711446Z' while content on disk has modification time of '2026-09-02T10:58:08.4959181Z'
  ERROR: Build asset version error: assets/game/gameplay/scripts/enemypatrol.cs in SourceAssetDB has modification time of '2026-09-02T10:57:55.9711446Z' while content on disk has modification time of '2026-09-02T10:58:08.4959181Z'
Number of updated asset objects reloaded before import = 0
Number of asset objects unloaded after import = 0
========================================================================
Received Import Request.
  Time since last request: 0.008958 seconds.
  path: Assets/Game/Gameplay/Scripts/EnemyPatrol.cs
  artifactKey: Guid(37f9febdbcf7f6e4c8b93d9092b8dc89) Importer(815301076,1909f56bfc062723c751e8b465ee728b)
Start importing Assets/Game/Gameplay/Scripts/EnemyPatrol.cs using Guid(37f9febdbcf7f6e4c8b93d9092b8dc89) Importer(815301076,1909f56bfc062723c751e8b465ee728b) [PhysX] Initialized MultithreadedTaskDispatcher with 8 workers.
 -> (artifact id: '00000000000000000000000000000000') in 0.000683 seconds
Import Error Code:(4)
Message: Build asset version error: assets/game/gameplay/scripts/enemypatrol.cs in SourceAssetDB has modification time of '2026-09-02T10:57:55.9711446Z' while content on disk has modification time of '2026-09-02T10:58:08.4959181Z'
  ERROR: Build asset version error: assets/game/gameplay/scripts/enemypatrol.cs in SourceAssetDB has modification time of '2026-09-02T10:57:55.9711446Z' while content on disk has modification time of '2026-09-02T10:58:08.4959181Z'
Number of updated asset objects reloaded before import = 0
Number of asset objects unloaded after import = 0
========================================================================
Received Import Request.
  Time since last request: 0.007911 seconds.
  path: Assets/Game/Gameplay/Scripts/EnemyPatrol.cs
  artifactKey: Guid(37f9febdbcf7f6e4c8b93d9092b8dc89) Importer(815301076,1909f56bfc062723c751e8b465ee728b)
Start importing Assets/Game/Gameplay/Scripts/EnemyPatrol.cs using Guid(37f9febdbcf7f6e4c8b93d9092b8dc89) Importer(815301076,1909f56bfc062723c751e8b465ee728b) [PhysX] Initialized MultithreadedTaskDispatcher with 8 workers.
 -> (artifact id: '00000000000000000000000000000000') in 0.000633 seconds
Import Error Code:(4)
Message: Build asset version error: assets/game/gameplay/scripts/enemypatrol.cs in SourceAssetDB has modification time of '2026-09-02T10:57:55.9711446Z' while content on disk has modification time of '2026-09-02T10:58:08.4959181Z'
  ERROR: Build asset version error: assets/game/gameplay/scripts/enemypatrol.cs in SourceAssetDB has modification time of '2026-09-02T10:57:55.9711446Z' while content on disk has modification time of '2026-09-02T10:58:08.4959181Z'
Number of updated asset objects reloaded before import = 0
Number of asset objects unloaded after import = 0
========================================================================
Received Import Request.
  Time since last request: 0.009406 seconds.
  path: Assets/Game/Gameplay/Scripts/EnemyPatrol.cs
  artifactKey: Guid(37f9febdbcf7f6e4c8b93d9092b8dc89) Importer(815301076,1909f56bfc062723c751e8b465ee728b)
Start importing Assets/Game/Gameplay/Scripts/EnemyPatrol.cs using Guid(37f9febdbcf7f6e4c8b93d9092b8dc89) Importer(815301076,1909f56bfc062723c751e8b465ee728b) [PhysX] Initialized MultithreadedTaskDispatcher with 8 workers.
 -> (artifact id: '00000000000000000000000000000000') in 0.000763 seconds
Import Error Code:(4)
Message: Build asset version error: assets/game/gameplay/scripts/enemypatrol.cs in SourceAssetDB has modification time of '2026-09-02T10:57:55.9711446Z' while content on disk has modification time of '2026-09-02T10:58:08.4959181Z'
  ERROR: Build asset version error: assets/game/gameplay/scripts/enemypatrol.cs in SourceAssetDB has modification time of '2026-09-02T10:57:55.9711446Z' while content on disk has modification time of '2026-09-02T10:58:08.4959181Z'
Number of updated asset objects reloaded before import = 0
Number of asset objects unloaded after import = 0
========================================================================
Received Import Request.
  Time since last request: 0.009122 seconds.
  path: Assets/Game/Gameplay/Scripts/EnemyPatrol.cs
  artifactKey: Guid(37f9febdbcf7f6e4c8b93d9092b8dc89) Importer(815301076,1909f56bfc062723c751e8b465ee728b)
Start importing Assets/Game/Gameplay/Scripts/EnemyPatrol.cs using Guid(37f9febdbcf7f6e4c8b93d9092b8dc89) Importer(815301076,1909f56bfc062723c751e8b465ee728b) [PhysX] Initialized MultithreadedTaskDispatcher with 8 workers.
 -> (artifact id: '00000000000000000000000000000000') in 0.000718 seconds
Import Error Code:(4)
Message: Build asset version error: assets/game/gameplay/scripts/enemypatrol.cs in SourceAssetDB has modification time of '2026-09-02T10:57:55.9711446Z' while content on disk has modification time of '2026-09-02T10:58:08.4959181Z'
  ERROR: Build asset version error: assets/game/gameplay/scripts/enemypatrol.cs in SourceAssetDB has modification time of '2026-09-02T10:57:55.9711446Z' while content on disk has modification time of '2026-09-02T10:58:08.4959181Z'
Number of updated asset objects reloaded before import = 0
Number of asset objects unloaded after import = 0
========================================================================
Received Import Request.
  Time since last request: 0.006650 seconds.
  path: Assets/Game/Gameplay/Scripts/EnemyPatrol.cs
  artifactKey: Guid(37f9febdbcf7f6e4c8b93d9092b8dc89) Importer(815301076,1909f56bfc062723c751e8b465ee728b)
Start importing Assets/Game/Gameplay/Scripts/EnemyPatrol.cs using Guid(37f9febdbcf7f6e4c8b93d9092b8dc89) Importer(815301076,1909f56bfc062723c751e8b465ee728b) [PhysX] Initialized MultithreadedTaskDispatcher with 8 workers.
 -> (artifact id: '00000000000000000000000000000000') in 0.000726 seconds
Import Error Code:(4)
Message: Build asset version error: assets/game/gameplay/scripts/enemypatrol.cs in SourceAssetDB has modification time of '2026-09-02T10:57:55.9711446Z' while content on disk has modification time of '2026-09-02T10:58:08.4959181Z'
  ERROR: Build asset version error: assets/game/gameplay/scripts/enemypatrol.cs in SourceAssetDB has modification time of '2026-09-02T10:57:55.9711446Z' while content on disk has modification time of '2026-09-02T10:58:08.4959181Z'
Number of updated asset objects reloaded before import = 0
Number of asset objects unloaded after import = 0
========================================================================
Received Import Request.
  Time since last request: 0.008319 seconds.
  path: Assets/Game/Gameplay/Scripts/EnemyPatrol.cs
  artifactKey: Guid(37f9febdbcf7f6e4c8b93d9092b8dc89) Importer(815301076,1909f56bfc062723c751e8b465ee728b)
Start importing Assets/Game/Gameplay/Scripts/EnemyPatrol.cs using Guid(37f9febdbcf7f6e4c8b93d9092b8dc89) Importer(815301076,1909f56bfc062723c751e8b465ee728b) [PhysX] Initialized MultithreadedTaskDispatcher with 8 workers.
 -> (artifact id: '00000000000000000000000000000000') in 0.000657 seconds
Import Error Code:(4)
Message: Build asset version error: assets/game/gameplay/scripts/enemypatrol.cs in SourceAssetDB has modification time of '2026-09-02T10:57:55.9711446Z' while content on disk has modification time of '2026-09-02T10:58:08.4959181Z'
  ERROR: Build asset version error: assets/game/gameplay/scripts/enemypatrol.cs in SourceAssetDB has modification time of '2026-09-02T10:57:55.9711446Z' while content on disk has modification time of '2026-09-02T10:58:08.4959181Z'
Number of updated asset objects reloaded before import = 0
Number of asset objects unloaded after import = 0
========================================================================
Received Import Request.
  Time since last request: 0.007359 seconds.
  path: Assets/Game/Gameplay/Scripts/EnemyPatrol.cs
  artifactKey: Guid(37f9febdbcf7f6e4c8b93d9092b8dc89) Importer(815301076,1909f56bfc062723c751e8b465ee728b)
Start importing Assets/Game/Gameplay/Scripts/EnemyPatrol.cs using Guid(37f9febdbcf7f6e4c8b93d9092b8dc89) Importer(815301076,1909f56bfc062723c751e8b465ee728b) [PhysX] Initialized MultithreadedTaskDispatcher with 8 workers.
 -> (artifact id: '00000000000000000000000000000000') in 0.000704 seconds
Import Error Code:(4)
Message: Build asset version error: assets/game/gameplay/scripts/enemypatrol.cs in SourceAssetDB has modification time of '2026-09-02T10:57:55.9711446Z' while content on disk has modification time of '2026-09-02T10:58:08.4959181Z'
  ERROR: Build asset version error: assets/game/gameplay/scripts/enemypatrol.cs in SourceAssetDB has modification time of '2026-09-02T10:57:55.9711446Z' while content on disk has modification time of '2026-09-02T10:58:08.4959181Z'
Number of updated asset objects reloaded before import = 0
Number of asset objects unloaded after import = 0
========================================================================
Received Import Request.
  Time since last request: 0.007549 seconds.
  path: Assets/Game/Gameplay/Scripts/EnemyPatrol.cs
  artifactKey: Guid(37f9febdbcf7f6e4c8b93d9092b8dc89) Importer(815301076,1909f56bfc062723c751e8b465ee728b)
Start importing Assets/Game/Gameplay/Scripts/EnemyPatrol.cs using Guid(37f9febdbcf7f6e4c8b93d9092b8dc89) Importer(815301076,1909f56bfc062723c751e8b465ee728b) [PhysX] Initialized MultithreadedTaskDispatcher with 8 workers.
 -> (artifact id: '00000000000000000000000000000000') in 0.000817 seconds
Import Error Code:(4)
Message: Build asset version error: assets/game/gameplay/scripts/enemypatrol.cs in SourceAssetDB has modification time of '2026-09-02T10:57:55.9711446Z' while content on disk has modification time of '2026-09-02T10:58:08.4959181Z'
  ERROR: Build asset version error: assets/game/gameplay/scripts/enemypatrol.cs in SourceAssetDB has modification time of '2026-09-02T10:57:55.9711446Z' while content on disk has modification time of '2026-09-02T10:58:08.4959181Z'
Number of updated asset objects reloaded before import = 0
Number of asset objects unloaded after import = 0
========================================================================
Received Import Request.
  Time since last request: 0.007411 seconds.
  path: Assets/Game/Gameplay/Scripts/EnemyPatrol.cs
  artifactKey: Guid(37f9febdbcf7f6e4c8b93d9092b8dc89) Importer(815301076,1909f56bfc062723c751e8b465ee728b)
Start importing Assets/Game/Gameplay/Scripts/EnemyPatrol.cs using Guid(37f9febdbcf7f6e4c8b93d9092b8dc89) Importer(815301076,1909f56bfc062723c751e8b465ee728b) [PhysX] Initialized MultithreadedTaskDispatcher with 8 workers.
 -> (artifact id: '00000000000000000000000000000000') in 0.000764 seconds
Import Error Code:(4)
Message: Build asset version error: assets/game/gameplay/scripts/enemypatrol.cs in SourceAssetDB has modification time of '2026-09-02T10:57:55.9711446Z' while content on disk has modification time of '2026-09-02T10:58:08.4959181Z'
  ERROR: Build asset version error: assets/game/gameplay/scripts/enemypatrol.cs in SourceAssetDB has modification time of '2026-09-02T10:57:55.9711446Z' while content on disk has modification time of '2026-09-02T10:58:08.4959181Z'
Number of updated asset objects reloaded before import = 0
Number of asset objects unloaded after import = 0
========================================================================
Received Import Request.
  Time since last request: 0.008140 seconds.
  path: Assets/Game/Gameplay/Scripts/EnemyPatrol.cs
  artifactKey: Guid(37f9febdbcf7f6e4c8b93d9092b8dc89) Importer(815301076,1909f56bfc062723c751e8b465ee728b)
Start importing Assets/Game/Gameplay/Scripts/EnemyPatrol.cs using Guid(37f9febdbcf7f6e4c8b93d9092b8dc89) Importer(815301076,1909f56bfc062723c751e8b465ee728b) [PhysX] Initialized MultithreadedTaskDispatcher with 8 workers.
 -> (artifact id: '00000000000000000000000000000000') in 0.000635 seconds
Import Error Code:(4)
Message: Build asset version error: assets/game/gameplay/scripts/enemypatrol.cs in SourceAssetDB has modification time of '2026-09-02T10:57:55.9711446Z' while content on disk has modification time of '2026-09-02T10:58:08.4959181Z'
  ERROR: Build asset version error: assets/game/gameplay/scripts/enemypatrol.cs in SourceAssetDB has modification time of '2026-09-02T10:57:55.9711446Z' while content on disk has modification time of '2026-09-02T10:58:08.4959181Z'
Number of updated asset objects reloaded before import = 0
Number of asset objects unloaded after import = 0
========================================================================
Received Import Request.
  Time since last request: 0.008155 seconds.
  path: Assets/Game/Gameplay/Scripts/EnemyPatrol.cs
  artifactKey: Guid(37f9febdbcf7f6e4c8b93d9092b8dc89) Importer(815301076,1909f56bfc062723c751e8b465ee728b)
Start importing Assets/Game/Gameplay/Scripts/EnemyPatrol.cs using Guid(37f9febdbcf7f6e4c8b93d9092b8dc89) Importer(815301076,1909f56bfc062723c751e8b465ee728b) [PhysX] Initialized MultithreadedTaskDispatcher with 8 workers.
 -> (artifact id: '00000000000000000000000000000000') in 0.000661 seconds
Import Error Code:(4)
Message: Build asset version error: assets/game/gameplay/scripts/enemypatrol.cs in SourceAssetDB has modification time of '2026-09-02T10:57:55.9711446Z' while content on disk has modification time of '2026-09-02T10:58:08.4959181Z'
  ERROR: Build asset version error: assets/game/gameplay/scripts/enemypatrol.cs in SourceAssetDB has modification time of '2026-09-02T10:57:55.9711446Z' while content on disk has modification time of '2026-09-02T10:58:08.4959181Z'
Number of updated asset objects reloaded before import = 0
Number of asset objects unloaded after import = 0
========================================================================
Received Import Request.
  Time since last request: 0.006142 seconds.
  path: Assets/Game/Gameplay/Scripts/EnemyPatrol.cs
  artifactKey: Guid(37f9febdbcf7f6e4c8b93d9092b8dc89) Importer(815301076,1909f56bfc062723c751e8b465ee728b)
Start importing Assets/Game/Gameplay/Scripts/EnemyPatrol.cs using Guid(37f9febdbcf7f6e4c8b93d9092b8dc89) Importer(815301076,1909f56bfc062723c751e8b465ee728b) [PhysX] Initialized MultithreadedTaskDispatcher with 8 workers.
 -> (artifact id: '00000000000000000000000000000000') in 0.000656 seconds
Import Error Code:(4)
Message: Build asset version error: assets/game/gameplay/scripts/enemypatrol.cs in SourceAssetDB has modification time of '2026-09-02T10:57:55.9711446Z' while content on disk has modification time of '2026-09-02T10:58:08.4959181Z'
  ERROR: Build asset version error: assets/game/gameplay/scripts/enemypatrol.cs in SourceAssetDB has modification time of '2026-09-02T10:57:55.9711446Z' while content on disk has modification time of '2026-09-02T10:58:08.4959181Z'
Number of updated asset objects reloaded before import = 0
Number of asset objects unloaded after import = 0
========================================================================
Received Import Request.
  Time since last request: 0.008333 seconds.
  path: Assets/Game/Gameplay/Scripts/EnemyPatrol.cs
  artifactKey: Guid(37f9febdbcf7f6e4c8b93d9092b8dc89) Importer(815301076,1909f56bfc062723c751e8b465ee728b)
Start importing Assets/Game/Gameplay/Scripts/EnemyPatrol.cs using Guid(37f9febdbcf7f6e4c8b93d9092b8dc89) Importer(815301076,1909f56bfc062723c751e8b465ee728b) [PhysX] Initialized MultithreadedTaskDispatcher with 8 workers.
 -> (artifact id: '00000000000000000000000000000000') in 0.000891 seconds
Import Error Code:(4)
Message: Build asset version error: assets/game/gameplay/scripts/enemypatrol.cs in SourceAssetDB has modification time of '2026-09-02T10:57:55.9711446Z' while content on disk has modification time of '2026-09-02T10:58:08.4959181Z'
  ERROR: Build asset version error: assets/game/gameplay/scripts/enemypatrol.cs in SourceAssetDB has modification time of '2026-09-02T10:57:55.9711446Z' while content on disk has modification time of '2026-09-02T10:58:08.4959181Z'
Number of updated asset objects reloaded before import = 0
Number of asset objects unloaded after import = 0
========================================================================
Received Import Request.
  Time since last request: 0.008981 seconds.
  path: Assets/Game/Gameplay/Scripts/EnemyPatrol.cs
  artifactKey: Guid(37f9febdbcf7f6e4c8b93d9092b8dc89) Importer(815301076,1909f56bfc062723c751e8b465ee728b)
Start importing Assets/Game/Gameplay/Scripts/EnemyPatrol.cs using Guid(37f9febdbcf7f6e4c8b93d9092b8dc89) Importer(815301076,1909f56bfc062723c751e8b465ee728b) [PhysX] Initialized MultithreadedTaskDispatcher with 8 workers.
 -> (artifact id: '00000000000000000000000000000000') in 0.000637 seconds
Import Error Code:(4)
Message: Build asset version error: assets/game/gameplay/scripts/enemypatrol.cs in SourceAssetDB has modification time of '2026-09-02T10:57:55.9711446Z' while content on disk has modification time of '2026-09-02T10:58:08.4959181Z'
  ERROR: Build asset version error: assets/game/gameplay/scripts/enemypatrol.cs in SourceAssetDB has modification time of '2026-09-02T10:57:55.9711446Z' while content on disk has modification time of '2026-09-02T10:58:08.4959181Z'
Number of updated asset objects reloaded before import = 0
Number of asset objects unloaded after import = 0
========================================================================
Received Import Request.
  Time since last request: 0.008569 seconds.
  path: Assets/Game/Gameplay/Scripts/EnemyPatrol.cs
  artifactKey: Guid(37f9febdbcf7f6e4c8b93d9092b8dc89) Importer(815301076,1909f56bfc062723c751e8b465ee728b)
Start importing Assets/Game/Gameplay/Scripts/EnemyPatrol.cs using Guid(37f9febdbcf7f6e4c8b93d9092b8dc89) Importer(815301076,1909f56bfc062723c751e8b465ee728b) [PhysX] Initialized MultithreadedTaskDispatcher with 8 workers.
 -> (artifact id: '00000000000000000000000000000000') in 0.001102 seconds
Import Error Code:(4)
Message: Build asset version error: assets/game/gameplay/scripts/enemypatrol.cs in SourceAssetDB has modification time of '2026-09-02T10:57:55.9711446Z' while content on disk has modification time of '2026-09-02T10:58:08.4959181Z'
  ERROR: Build asset version error: assets/game/gameplay/scripts/enemypatrol.cs in SourceAssetDB has modification time of '2026-09-02T10:57:55.9711446Z' while content on disk has modification time of '2026-09-02T10:58:08.4959181Z'
Number of updated asset objects reloaded before import = 0
Number of asset objects unloaded after import = 0
========================================================================
Received Import Request.
  Time since last request: 0.008299 seconds.
  path: Assets/Game/Gameplay/Scripts/EnemyPatrol.cs
  artifactKey: Guid(37f9febdbcf7f6e4c8b93d9092b8dc89) Importer(815301076,1909f56bfc062723c751e8b465ee728b)
Start importing Assets/Game/Gameplay/Scripts/EnemyPatrol.cs using Guid(37f9febdbcf7f6e4c8b93d9092b8dc89) Importer(815301076,1909f56bfc062723c751e8b465ee728b) [PhysX] Initialized MultithreadedTaskDispatcher with 8 workers.
 -> (artifact id: '00000000000000000000000000000000') in 0.000797 seconds
Import Error Code:(4)
Message: Build asset version error: assets/game/gameplay/scripts/enemypatrol.cs in SourceAssetDB has modification time of '2026-09-02T10:57:55.9711446Z' while content on disk has modification time of '2026-09-02T10:58:08.4959181Z'
  ERROR: Build asset version error: assets/game/gameplay/scripts/enemypatrol.cs in SourceAssetDB has modification time of '2026-09-02T10:57:55.9711446Z' while content on disk has modification time of '2026-09-02T10:58:08.4959181Z'
Number of updated asset objects reloaded before import = 0
Number of asset objects unloaded after import = 0
========================================================================
Received Import Request.
  Time since last request: 0.009250 seconds.
  path: Assets/Game/Gameplay/Scripts/EnemyPatrol.cs
  artifactKey: Guid(37f9febdbcf7f6e4c8b93d9092b8dc89) Importer(815301076,1909f56bfc062723c751e8b465ee728b)
Start importing Assets/Game/Gameplay/Scripts/EnemyPatrol.cs using Guid(37f9febdbcf7f6e4c8b93d9092b8dc89) Importer(815301076,1909f56bfc062723c751e8b465ee728b) [PhysX] Initialized MultithreadedTaskDispatcher with 8 workers.
 -> (artifact id: '00000000000000000000000000000000') in 0.000895 seconds
Import Error Code:(4)
Message: Build asset version error: assets/game/gameplay/scripts/enemypatrol.cs in SourceAssetDB has modification time of '2026-09-02T10:57:55.9711446Z' while content on disk has modification time of '2026-09-02T10:58:08.4959181Z'
  ERROR: Build asset version error: assets/game/gameplay/scripts/enemypatrol.cs in SourceAssetDB has modification time of '2026-09-02T10:57:55.9711446Z' while content on disk has modification time of '2026-09-02T10:58:08.4959181Z'
Number of updated asset objects reloaded before import = 0
Number of asset objects unloaded after import = 0
========================================================================
Received Import Request.
  Time since last request: 0.009341 seconds.
  path: Assets/Game/Gameplay/Scripts/EnemyPatrol.cs
  artifactKey: Guid(37f9febdbcf7f6e4c8b93d9092b8dc89) Importer(815301076,1909f56bfc062723c751e8b465ee728b)
Start importing Assets/Game/Gameplay/Scripts/EnemyPatrol.cs using Guid(37f9febdbcf7f6e4c8b93d9092b8dc89) Importer(815301076,1909f56bfc062723c751e8b465ee728b) [PhysX] Initialized MultithreadedTaskDispatcher with 8 workers.
 -> (artifact id: '00000000000000000000000000000000') in 0.000753 seconds
Import Error Code:(4)
Message: Build asset version error: assets/game/gameplay/scripts/enemypatrol.cs in SourceAssetDB has modification time of '2026-09-02T10:57:55.9711446Z' while content on disk has modification time of '2026-09-02T10:58:08.4959181Z'
  ERROR: Build asset version error: assets/game/gameplay/scripts/enemypatrol.cs in SourceAssetDB has modification time of '2026-09-02T10:57:55.9711446Z' while content on disk has modification time of '2026-09-02T10:58:08.4959181Z'
Number of updated asset objects reloaded before import = 0
Number of asset objects unloaded after import = 0
========================================================================
Received Import Request.
  Time since last request: 0.008000 seconds.
  path: Assets/Game/Gameplay/Scripts/EnemyPatrol.cs
  artifactKey: Guid(37f9febdbcf7f6e4c8b93d9092b8dc89) Importer(815301076,1909f56bfc062723c751e8b465ee728b)
Start importing Assets/Game/Gameplay/Scripts/EnemyPatrol.cs using Guid(37f9febdbcf7f6e4c8b93d9092b8dc89) Importer(815301076,1909f56bfc062723c751e8b465ee728b) [PhysX] Initialized MultithreadedTaskDispatcher with 8 workers.
 -> (artifact id: '00000000000000000000000000000000') in 0.000671 seconds
Import Error Code:(4)
Message: Build asset version error: assets/game/gameplay/scripts/enemypatrol.cs in SourceAssetDB has modification time of '2026-09-02T10:57:55.9711446Z' while content on disk has modification time of '2026-09-02T10:58:08.4959181Z'
  ERROR: Build asset version error: assets/game/gameplay/scripts/enemypatrol.cs in SourceAssetDB has modification time of '2026-09-02T10:57:55.9711446Z' while content on disk has modification time of '2026-09-02T10:58:08.4959181Z'
Number of updated asset objects reloaded before import = 0
Number of asset objects unloaded after import = 0
========================================================================
Received Import Request.
  Time since last request: 0.008345 seconds.
  path: Assets/Game/Gameplay/Scripts/EnemyPatrol.cs
  artifactKey: Guid(37f9febdbcf7f6e4c8b93d9092b8dc89) Importer(815301076,1909f56bfc062723c751e8b465ee728b)
Start importing Assets/Game/Gameplay/Scripts/EnemyPatrol.cs using Guid(37f9febdbcf7f6e4c8b93d9092b8dc89) Importer(815301076,1909f56bfc062723c751e8b465ee728b) [PhysX] Initialized MultithreadedTaskDispatcher with 8 workers.
 -> (artifact id: '00000000000000000000000000000000') in 0.000723 seconds
Import Error Code:(4)
Message: Build asset version error: assets/game/gameplay/scripts/enemypatrol.cs in SourceAssetDB has modification time of '2026-09-02T10:57:55.9711446Z' while content on disk has modification time of '2026-09-02T10:58:08.4959181Z'
  ERROR: Build asset version error: assets/game/gameplay/scripts/enemypatrol.cs in SourceAssetDB has modification time of '2026-09-02T10:57:55.9711446Z' while content on disk has modification time of '2026-09-02T10:58:08.4959181Z'
Number of updated asset objects reloaded before import = 0
Number of asset objects unloaded after import = 0
========================================================================
Received Import Request.
  Time since last request: 0.010298 seconds.
  path: Assets/Game/Gameplay/Scripts/EnemyPatrol.cs
  artifactKey: Guid(37f9febdbcf7f6e4c8b93d9092b8dc89) Importer(815301076,1909f56bfc062723c751e8b465ee728b)
Start importing Assets/Game/Gameplay/Scripts/EnemyPatrol.cs using Guid(37f9febdbcf7f6e4c8b93d9092b8dc89) Importer(815301076,1909f56bfc062723c751e8b465ee728b) [PhysX] Initialized MultithreadedTaskDispatcher with 8 workers.
 -> (artifact id: '00000000000000000000000000000000') in 0.000820 seconds
Import Error Code:(4)
Message: Build asset version error: assets/game/gameplay/scripts/enemypatrol.cs in SourceAssetDB has modification time of '2026-09-02T10:57:55.9711446Z' while content on disk has modification time of '2026-09-02T10:58:08.4959181Z'
  ERROR: Build asset version error: assets/game/gameplay/scripts/enemypatrol.cs in SourceAssetDB has modification time of '2026-09-02T10:57:55.9711446Z' while content on disk has modification time of '2026-09-02T10:58:08.4959181Z'
Number of updated asset objects reloaded before import = 0
Number of asset objects unloaded after import = 0
========================================================================
Received Import Request.
  Time since last request: 0.009336 seconds.
  path: Assets/Game/Gameplay/Scripts/EnemyPatrol.cs
  artifactKey: Guid(37f9febdbcf7f6e4c8b93d9092b8dc89) Importer(815301076,1909f56bfc062723c751e8b465ee728b)
Start importing Assets/Game/Gameplay/Scripts/EnemyPatrol.cs using Guid(37f9febdbcf7f6e4c8b93d9092b8dc89) Importer(815301076,1909f56bfc062723c751e8b465ee728b) [PhysX] Initialized MultithreadedTaskDispatcher with 8 workers.
 -> (artifact id: '00000000000000000000000000000000') in 0.001048 seconds
Import Error Code:(4)
Message: Build asset version error: assets/game/gameplay/scripts/enemypatrol.cs in SourceAssetDB has modification time of '2026-09-02T10:57:55.9711446Z' while content on disk has modification time of '2026-09-02T10:58:08.4959181Z'
  ERROR: Build asset version error: assets/game/gameplay/scripts/enemypatrol.cs in SourceAssetDB has modification time of '2026-09-02T10:57:55.9711446Z' while content on disk has modification time of '2026-09-02T10:58:08.4959181Z'
Number of updated asset objects reloaded before import = 0
Number of asset objects unloaded after import = 0
========================================================================
Received Prepare
Begin MonoManager ReloadAssembly
- Loaded All Assemblies, in  0.678 seconds
Refreshing native plugins compatible for Editor in 4.20 ms, found 1 plugins.
Native extension for WindowsStandalone target not found
Mono: successfully reloaded assembly
- Finished resetting the current domain, in  2.509 seconds
Domain Reload Profiling: 3186ms
	BeginReloadAssembly (232ms)
		ExecutionOrderSort (0ms)
		DisableScriptedObjects (9ms)
		BackupInstance (0ms)
		ReleaseScriptingObjects (0ms)
		CreateAndSetChildDomain (52ms)
	RebuildCommonClasses (48ms)
	RebuildNativeTypeToScriptingClass (17ms)
	initialDomainReloadingComplete (51ms)
	LoadAllAssembliesAndSetupDomain (329ms)
		LoadAssemblies (389ms)
		RebuildTransferFunctionScriptingTraits (0ms)
		AnalyzeDomain (66ms)
			TypeCache.Refresh (12ms)
				TypeCache.ScanAssembly (1ms)
			ScanForSourceGeneratedMonoScriptInfo (35ms)
			ResolveRequiredComponents (16ms)
	FinalizeReload (2510ms)
		ReleaseScriptCaches (0ms)
		RebuildScriptCaches (0ms)
		SetupLoadedEditorAssemblies (1737ms)
			LogAssemblyErrors (0ms)
			InitializePlatformSupportModulesInManaged (8ms)
			SetLoadedEditorAssemblies (6ms)
			RefreshPlugins (0ms)
			BeforeProcessingInitializeOnLoad (96ms)
			ProcessInitializeOnLoadAttributes (510ms)
			ProcessInitializeOnLoadMethodAttributes (1090ms)
			AfterProcessingInitializeOnLoad (10ms)
			EditorAssembliesLoaded (17ms)
		ExecutionOrderSort2 (0ms)
		AwakeInstancesAfterBackupRestoration (125ms)
Refreshing native plugins compatible for Editor in 4.47 ms, found 1 plugins.
Preloading 0 native plugins for Editor in 0.00 ms.
Unloading 4246 Unused Serialized files (Serialized files now loaded: 0)
Unloading 37 unused Assets / (315.0 KB). Loaded Objects now: 5178.
Memory consumption went from 176.6 MB to 176.3 MB.
Total: 27.729000 ms (FindLiveObjects: 0.452000 ms CreateObjectMapping: 0.208700 ms MarkObjects: 26.941200 ms  DeleteObjects: 0.125500 ms)

Prepare: number of updated asset objects reloaded= 0
AssetImportParameters requested are different than current active one (requested -> active):
  custom:container-demuxer-ogg: 62fdf1f143b41e24485cea50d1cbac27 -> 
  custom:video-decoder-ogg-theora: a1e56fd34408186e4bbccfd4996cb3dc -> 
  custom:framework-win-MediaFoundation: 216162199b28c13a410421893ffa2e32 -> 
  custom:CustomObjectIndexerAttribute: 72b91833f83ae208fae7752999fa3104 -> 
  custom:container-demuxer-webm: 4f35f7cbe854078d1ac9338744f61a02 -> 
  custom:container-muxer-webm: aa71ff27fc2769a1b78a27578f13a17b -> 
  custom:video-decoder-webm-vp8: 9c59270c3fd7afecdb556c50c9e8de78 -> 
  custom:SearchIndexIgnoredProperties: e643bd26f0fe6173181afceb89e7c659 -> 
  custom:AudioImporter_EditorPlatform: d09bf68614088b80899f8185d706f6e7 -> 
  custom:video-encoder-webm-vp8: eb34c28f22e8b96e1ab97ce403110664 -> 
  custom:audio-decoder-ogg-vorbis: bf7c407c2cedff20999df2af8eb42d56 -> 
  custom:audio-encoder-webm-vorbis: bf7c407c2cedff20999df2af8eb42d56 -> 
========================================================================
Received Prepare
Begin MonoManager ReloadAssembly
- Loaded All Assemblies, in  0.633 seconds
Refreshing native plugins compatible for Editor in 4.34 ms, found 1 plugins.
Native extension for WindowsStandalone target not found
Mono: successfully reloaded assembly
- Finished resetting the current domain, in  2.489 seconds
Domain Reload Profiling: 3122ms
	BeginReloadAssembly (229ms)
		ExecutionOrderSort (0ms)
		DisableScriptedObjects (10ms)
		BackupInstance (0ms)
		ReleaseScriptingObjects (0ms)
		CreateAndSetChildDomain (52ms)
	RebuildCommonClasses (50ms)
	RebuildNativeTypeToScriptingClass (20ms)
	initialDomainReloadingComplete (44ms)
	LoadAllAssembliesAndSetupDomain (288ms)
		LoadAssemblies (370ms)
		RebuildTransferFunctionScriptingTraits (0ms)
		AnalyzeDomain (35ms)
			TypeCache.Refresh (11ms)
				TypeCache.ScanAssembly (0ms)
			ScanForSourceGeneratedMonoScriptInfo (0ms)
			ResolveRequiredComponents (20ms)
	FinalizeReload (2491ms)
		ReleaseScriptCaches (0ms)
		RebuildScriptCaches (0ms)
		SetupLoadedEditorAssemblies (1646ms)
			LogAssemblyErrors (0ms)
			InitializePlatformSupportModulesInManaged (8ms)
			SetLoadedEditorAssemblies (5ms)
			RefreshPlugins (0ms)
			BeforeProcessingInitializeOnLoad (100ms)
			ProcessInitializeOnLoadAttributes (468ms)
			ProcessInitializeOnLoadMethodAttributes (1051ms)
			AfterProcessingInitializeOnLoad (9ms)
			EditorAssembliesLoaded (4ms)
		ExecutionOrderSort2 (0ms)
		AwakeInstancesAfterBackupRestoration (174ms)
Refreshing native plugins compatible for Editor in 7.21 ms, found 1 plugins.
Preloading 0 native plugins for Editor in 0.00 ms.
Unloading 4246 Unused Serialized files (Serialized files now loaded: 0)
Unloading 37 unused Assets / (315.1 KB). Loaded Objects now: 5179.
Memory consumption went from 176.6 MB to 176.3 MB.
Total: 37.152600 ms (FindLiveObjects: 0.824800 ms CreateObjectMapping: 0.295600 ms MarkObjects: 35.847100 ms  DeleteObjects: 0.183200 ms)

Prepare: number of updated asset objects reloaded= 0
AssetImportParameters requested are different than current active one (requested -> active):
  custom:container-demuxer-ogg: 62fdf1f143b41e24485cea50d1cbac27 -> 
  custom:video-decoder-ogg-theora: a1e56fd34408186e4bbccfd4996cb3dc -> 
  custom:framework-win-MediaFoundation: 216162199b28c13a410421893ffa2e32 -> 
  custom:CustomObjectIndexerAttribute: 72b91833f83ae208fae7752999fa3104 -> 
  custom:container-demuxer-webm: 4f35f7cbe854078d1ac9338744f61a02 -> 
  custom:container-muxer-webm: aa71ff27fc2769a1b78a27578f13a17b -> 
  custom:video-decoder-webm-vp8: 9c59270c3fd7afecdb556c50c9e8de78 -> 
  custom:SearchIndexIgnoredProperties: e643bd26f0fe6173181afceb89e7c659 -> 
  custom:AudioImporter_EditorPlatform: d09bf68614088b80899f8185d706f6e7 -> 
  custom:video-encoder-webm-vp8: eb34c28f22e8b96e1ab97ce403110664 -> 
  custom:audio-decoder-ogg-vorbis: bf7c407c2cedff20999df2af8eb42d56 -> 
  custom:audio-encoder-webm-vorbis: bf7c407c2cedff20999df2af8eb42d56 -> 
========================================================================
Received Prepare
Begin MonoManager ReloadAssembly
- Loaded All Assemblies, in  0.665 seconds
Refreshing native plugins compatible for Editor in 4.11 ms, found 1 plugins.
Native extension for WindowsStandalone target not found
Mono: successfully reloaded assembly
- Finished resetting the current domain, in  2.351 seconds
Domain Reload Profiling: 3016ms
	BeginReloadAssembly (233ms)
		ExecutionOrderSort (0ms)
		DisableScriptedObjects (8ms)
		BackupInstance (0ms)
		ReleaseScriptingObjects (0ms)
		CreateAndSetChildDomain (55ms)
	RebuildCommonClasses (52ms)
	RebuildNativeTypeToScriptingClass (19ms)
	initialDomainReloadingComplete (39ms)
	LoadAllAssembliesAndSetupDomain (320ms)
		LoadAssemblies (379ms)
		RebuildTransferFunctionScriptingTraits (0ms)
		AnalyzeDomain (67ms)
			TypeCache.Refresh (12ms)
				TypeCache.ScanAssembly (1ms)
			ScanForSourceGeneratedMonoScriptInfo (35ms)
			ResolveRequiredComponents (18ms)
	FinalizeReload (2353ms)
		ReleaseScriptCaches (0ms)
		RebuildScriptCaches (0ms)
		SetupLoadedEditorAssemblies (1669ms)
			LogAssemblyErrors (0ms)
			InitializePlatformSupportModulesInManaged (10ms)
			SetLoadedEditorAssemblies (7ms)
			RefreshPlugins (0ms)
			BeforeProcessingInitializeOnLoad (99ms)
			ProcessInitializeOnLoadAttributes (487ms)
			ProcessInitializeOnLoadMethodAttributes (1060ms)
			AfterProcessingInitializeOnLoad (7ms)
			EditorAssembliesLoaded (0ms)
		ExecutionOrderSort2 (0ms)
		AwakeInstancesAfterBackupRestoration (51ms)
Refreshing native plugins compatible for Editor in 6.63 ms, found 1 plugins.
Preloading 0 native plugins for Editor in 0.00 ms.
Unloading 4246 Unused Serialized files (Serialized files now loaded: 0)
Unloading 37 unused Assets / (315.0 KB). Loaded Objects now: 5180.
Memory consumption went from 176.6 MB to 176.3 MB.
Total: 36.743000 ms (FindLiveObjects: 0.431200 ms CreateObjectMapping: 0.192900 ms MarkObjects: 35.978200 ms  DeleteObjects: 0.139000 ms)

Prepare: number of updated asset objects reloaded= 0
AssetImportParameters requested are different than current active one (requested -> active):
  custom:container-demuxer-ogg: 62fdf1f143b41e24485cea50d1cbac27 -> 
  custom:video-decoder-ogg-theora: a1e56fd34408186e4bbccfd4996cb3dc -> 
  custom:framework-win-MediaFoundation: 216162199b28c13a410421893ffa2e32 -> 
  custom:CustomObjectIndexerAttribute: 72b91833f83ae208fae7752999fa3104 -> 
  custom:container-demuxer-webm: 4f35f7cbe854078d1ac9338744f61a02 -> 
  custom:container-muxer-webm: aa71ff27fc2769a1b78a27578f13a17b -> 
  custom:video-decoder-webm-vp8: 9c59270c3fd7afecdb556c50c9e8de78 -> 
  custom:SearchIndexIgnoredProperties: e643bd26f0fe6173181afceb89e7c659 -> 
  custom:AudioImporter_EditorPlatform: d09bf68614088b80899f8185d706f6e7 -> 
  custom:video-encoder-webm-vp8: eb34c28f22e8b96e1ab97ce403110664 -> 
  custom:audio-decoder-ogg-vorbis: bf7c407c2cedff20999df2af8eb42d56 -> 
  custom:audio-encoder-webm-vorbis: bf7c407c2cedff20999df2af8eb42d56 -> 
========================================================================
Received Import Request.
  Time since last request: 261.702677 seconds.
  path: Assets/Game/Gameplay/Scripts/EnemyPatrol.cs
  artifactKey: Guid(37f9febdbcf7f6e4c8b93d9092b8dc89) Importer(815301076,1909f56bfc062723c751e8b465ee728b)
Start importing Assets/Game/Gameplay/Scripts/EnemyPatrol.cs using Guid(37f9febdbcf7f6e4c8b93d9092b8dc89) Importer(815301076,1909f56bfc062723c751e8b465ee728b) [PhysX] Initialized MultithreadedTaskDispatcher with 8 workers.
 -> (artifact id: '87d56413cc7e9e9c8ee1ce405e7434b6') in 0.008117 seconds
Number of updated asset objects reloaded before import = 0
Number of asset objects unloaded after import = 0
========================================================================
Received Prepare
Begin MonoManager ReloadAssembly
- Loaded All Assemblies, in  0.665 seconds
Refreshing native plugins compatible for Editor in 4.29 ms, found 1 plugins.
Native extension for WindowsStandalone target not found
Mono: successfully reloaded assembly
- Finished resetting the current domain, in  2.648 seconds
Domain Reload Profiling: 3311ms
	BeginReloadAssembly (235ms)
		ExecutionOrderSort (0ms)
		DisableScriptedObjects (9ms)
		BackupInstance (0ms)
		ReleaseScriptingObjects (0ms)
		CreateAndSetChildDomain (52ms)
	RebuildCommonClasses (59ms)
	RebuildNativeTypeToScriptingClass (16ms)
	initialDomainReloadingComplete (47ms)
	LoadAllAssembliesAndSetupDomain (306ms)
		LoadAssemblies (405ms)
		RebuildTransferFunctionScriptingTraits (0ms)
		AnalyzeDomain (31ms)
			TypeCache.Refresh (8ms)
				TypeCache.ScanAssembly (0ms)
			ScanForSourceGeneratedMonoScriptInfo (0ms)
			ResolveRequiredComponents (20ms)
	FinalizeReload (2649ms)
		ReleaseScriptCaches (0ms)
		RebuildScriptCaches (0ms)
		SetupLoadedEditorAssemblies (1717ms)
			LogAssemblyErrors (0ms)
			InitializePlatformSupportModulesInManaged (7ms)
			SetLoadedEditorAssemblies (5ms)
			RefreshPlugins (0ms)
			BeforeProcessingInitializeOnLoad (102ms)
			ProcessInitializeOnLoadAttributes (463ms)
			ProcessInitializeOnLoadMethodAttributes (1120ms)
			AfterProcessingInitializeOnLoad (9ms)
			EditorAssembliesLoaded (9ms)
		ExecutionOrderSort2 (0ms)
		AwakeInstancesAfterBackupRestoration (269ms)
Refreshing native plugins compatible for Editor in 5.69 ms, found 1 plugins.
Preloading 0 native plugins for Editor in 0.00 ms.
Unloading 4246 Unused Serialized files (Serialized files now loaded: 0)
Unloading 37 unused Assets / (315.0 KB). Loaded Objects now: 5181.
Memory consumption went from 176.6 MB to 176.3 MB.
Total: 35.736300 ms (FindLiveObjects: 0.441500 ms CreateObjectMapping: 0.191100 ms MarkObjects: 34.916500 ms  DeleteObjects: 0.185600 ms)

Prepare: number of updated asset objects reloaded= 0
AssetImportParameters requested are different than current active one (requested -> active):
  custom:container-demuxer-ogg: 62fdf1f143b41e24485cea50d1cbac27 -> 
  custom:video-decoder-ogg-theora: a1e56fd34408186e4bbccfd4996cb3dc -> 
  custom:framework-win-MediaFoundation: 216162199b28c13a410421893ffa2e32 -> 
  custom:CustomObjectIndexerAttribute: 72b91833f83ae208fae7752999fa3104 -> 
  custom:container-demuxer-webm: 4f35f7cbe854078d1ac9338744f61a02 -> 
  custom:container-muxer-webm: aa71ff27fc2769a1b78a27578f13a17b -> 
  custom:video-decoder-webm-vp8: 9c59270c3fd7afecdb556c50c9e8de78 -> 
  custom:SearchIndexIgnoredProperties: e643bd26f0fe6173181afceb89e7c659 -> 
  custom:AudioImporter_EditorPlatform: d09bf68614088b80899f8185d706f6e7 -> 
  custom:video-encoder-webm-vp8: eb34c28f22e8b96e1ab97ce403110664 -> 
  custom:audio-decoder-ogg-vorbis: bf7c407c2cedff20999df2af8eb42d56 -> 
  custom:audio-encoder-webm-vorbis: bf7c407c2cedff20999df2af8eb42d56 -> 
========================================================================
Received Prepare
Begin MonoManager ReloadAssembly
- Loaded All Assemblies, in  0.632 seconds
Refreshing native plugins compatible for Editor in 4.28 ms, found 1 plugins.
Native extension for WindowsStandalone target not found
Mono: successfully reloaded assembly
- Finished resetting the current domain, in  2.467 seconds
Domain Reload Profiling: 3096ms
	BeginReloadAssembly (231ms)
		ExecutionOrderSort (0ms)
		DisableScriptedObjects (11ms)
		BackupInstance (0ms)
		ReleaseScriptingObjects (0ms)
		CreateAndSetChildDomain (50ms)
	RebuildCommonClasses (54ms)
	RebuildNativeTypeToScriptingClass (18ms)
	initialDomainReloadingComplete (48ms)
	LoadAllAssembliesAndSetupDomain (277ms)
		LoadAssemblies (374ms)
		RebuildTransferFunctionScriptingTraits (0ms)
		AnalyzeDomain (28ms)
			TypeCache.Refresh (7ms)
				TypeCache.ScanAssembly (0ms)
			ScanForSourceGeneratedMonoScriptInfo (0ms)
			ResolveRequiredComponents (18ms)
	FinalizeReload (2468ms)
		ReleaseScriptCaches (0ms)
		RebuildScriptCaches (0ms)
		SetupLoadedEditorAssemblies (1606ms)
			LogAssemblyErrors (0ms)
			InitializePlatformSupportModulesInManaged (7ms)
			SetLoadedEditorAssemblies (5ms)
			RefreshPlugins (0ms)
			BeforeProcessingInitializeOnLoad (107ms)
			ProcessInitializeOnLoadAttributes (446ms)
			ProcessInitializeOnLoadMethodAttributes (1031ms)
			AfterProcessingInitializeOnLoad (6ms)
			EditorAssembliesLoaded (4ms)
		ExecutionOrderSort2 (0ms)
		AwakeInstancesAfterBackupRestoration (181ms)
Refreshing native plugins compatible for Editor in 4.74 ms, found 1 plugins.
Preloading 0 native plugins for Editor in 0.00 ms.
Unloading 4246 Unused Serialized files (Serialized files now loaded: 0)
Unloading 37 unused Assets / (315.0 KB). Loaded Objects now: 5182.
Memory consumption went from 176.6 MB to 176.3 MB.
Total: 36.187800 ms (FindLiveObjects: 0.459100 ms CreateObjectMapping: 0.192200 ms MarkObjects: 35.409500 ms  DeleteObjects: 0.125600 ms)

Prepare: number of updated asset objects reloaded= 0
AssetImportParameters requested are different than current active one (requested -> active):
  custom:container-demuxer-ogg: 62fdf1f143b41e24485cea50d1cbac27 -> 
  custom:video-decoder-ogg-theora: a1e56fd34408186e4bbccfd4996cb3dc -> 
  custom:framework-win-MediaFoundation: 216162199b28c13a410421893ffa2e32 -> 
  custom:CustomObjectIndexerAttribute: 72b91833f83ae208fae7752999fa3104 -> 
  custom:container-demuxer-webm: 4f35f7cbe854078d1ac9338744f61a02 -> 
  custom:container-muxer-webm: aa71ff27fc2769a1b78a27578f13a17b -> 
  custom:video-decoder-webm-vp8: 9c59270c3fd7afecdb556c50c9e8de78 -> 
  custom:SearchIndexIgnoredProperties: e643bd26f0fe6173181afceb89e7c659 -> 
  custom:AudioImporter_EditorPlatform: d09bf68614088b80899f8185d706f6e7 -> 
  custom:video-encoder-webm-vp8: eb34c28f22e8b96e1ab97ce403110664 -> 
  custom:audio-decoder-ogg-vorbis: bf7c407c2cedff20999df2af8eb42d56 -> 
  custom:audio-encoder-webm-vorbis: bf7c407c2cedff20999df2af8eb42d56 -> 
========================================================================
Received Prepare
Begin MonoManager ReloadAssembly
- Loaded All Assemblies, in  0.711 seconds
Refreshing native plugins compatible for Editor in 4.18 ms, found 1 plugins.
Native extension for WindowsStandalone target not found
Mono: successfully reloaded assembly
- Finished resetting the current domain, in  2.529 seconds
Domain Reload Profiling: 3239ms
	BeginReloadAssembly (233ms)
		ExecutionOrderSort (0ms)
		DisableScriptedObjects (8ms)
		BackupInstance (0ms)
		ReleaseScriptingObjects (0ms)
		CreateAndSetChildDomain (51ms)
	RebuildCommonClasses (68ms)
	RebuildNativeTypeToScriptingClass (17ms)
	initialDomainReloadingComplete (40ms)
	LoadAllAssembliesAndSetupDomain (351ms)
		LoadAssemblies (403ms)
		RebuildTransferFunctionScriptingTraits (0ms)
		AnalyzeDomain (77ms)
			TypeCache.Refresh (14ms)
				TypeCache.ScanAssembly (1ms)
			ScanForSourceGeneratedMonoScriptInfo (43ms)
			ResolveRequiredComponents (17ms)
	FinalizeReload (2530ms)
		ReleaseScriptCaches (0ms)
		RebuildScriptCaches (0ms)
		SetupLoadedEditorAssemblies (1696ms)
			LogAssemblyErrors (0ms)
			InitializePlatformSupportModulesInManaged (9ms)
			SetLoadedEditorAssemblies (5ms)
			RefreshPlugins (0ms)
			BeforeProcessingInitializeOnLoad (96ms)
			ProcessInitializeOnLoadAttributes (483ms)
			ProcessInitializeOnLoadMethodAttributes (1093ms)
			AfterProcessingInitializeOnLoad (9ms)
			EditorAssembliesLoaded (0ms)
		ExecutionOrderSort2 (0ms)
		AwakeInstancesAfterBackupRestoration (163ms)
Refreshing native plugins compatible for Editor in 4.35 ms, found 1 plugins.
Preloading 0 native plugins for Editor in 0.00 ms.
Unloading 4246 Unused Serialized files (Serialized files now loaded: 0)
Unloading 37 unused Assets / (315.1 KB). Loaded Objects now: 5183.
Memory consumption went from 176.6 MB to 176.3 MB.
Total: 34.970000 ms (FindLiveObjects: 0.427300 ms CreateObjectMapping: 0.193600 ms MarkObjects: 34.219400 ms  DeleteObjects: 0.127800 ms)

Prepare: number of updated asset objects reloaded= 0
AssetImportParameters requested are different than current active one (requested -> active):
  custom:container-demuxer-ogg: 62fdf1f143b41e24485cea50d1cbac27 -> 
  custom:video-decoder-ogg-theora: a1e56fd34408186e4bbccfd4996cb3dc -> 
  custom:framework-win-MediaFoundation: 216162199b28c13a410421893ffa2e32 -> 
  custom:CustomObjectIndexerAttribute: 72b91833f83ae208fae7752999fa3104 -> 
  custom:container-demuxer-webm: 4f35f7cbe854078d1ac9338744f61a02 -> 
  custom:container-muxer-webm: aa71ff27fc2769a1b78a27578f13a17b -> 
  custom:video-decoder-webm-vp8: 9c59270c3fd7afecdb556c50c9e8de78 -> 
  custom:SearchIndexIgnoredProperties: e643bd26f0fe6173181afceb89e7c659 -> 
  custom:AudioImporter_EditorPlatform: d09bf68614088b80899f8185d706f6e7 -> 
  custom:video-encoder-webm-vp8: eb34c28f22e8b96e1ab97ce403110664 -> 
  custom:audio-decoder-ogg-vorbis: bf7c407c2cedff20999df2af8eb42d56 -> 
  custom:audio-encoder-webm-vorbis: bf7c407c2cedff20999df2af8eb42d56 -> 
========================================================================
Received Prepare
Begin MonoManager ReloadAssembly
- Loaded All Assemblies, in  0.696 seconds
Refreshing native plugins compatible for Editor in 4.51 ms, found 1 plugins.
Native extension for WindowsStandalone target not found
Mono: successfully reloaded assembly
- Finished resetting the current domain, in  2.655 seconds
Domain Reload Profiling: 3350ms
	BeginReloadAssembly (266ms)
		ExecutionOrderSort (0ms)
		DisableScriptedObjects (13ms)
		BackupInstance (0ms)
		ReleaseScriptingObjects (0ms)
		CreateAndSetChildDomain (62ms)
	RebuildCommonClasses (62ms)
	RebuildNativeTypeToScriptingClass (26ms)
	initialDomainReloadingComplete (44ms)
	LoadAllAssembliesAndSetupDomain (295ms)
		LoadAssemblies (410ms)
		RebuildTransferFunctionScriptingTraits (0ms)
		AnalyzeDomain (27ms)
			TypeCache.Refresh (7ms)
				TypeCache.ScanAssembly (0ms)
			ScanForSourceGeneratedMonoScriptInfo (0ms)
			ResolveRequiredComponents (17ms)
	FinalizeReload (2657ms)
		ReleaseScriptCaches (0ms)
		RebuildScriptCaches (0ms)
		SetupLoadedEditorAssemblies (1853ms)
			LogAssemblyErrors (0ms)
			InitializePlatformSupportModulesInManaged (7ms)
			SetLoadedEditorAssemblies (6ms)
			RefreshPlugins (0ms)
			BeforeProcessingInitializeOnLoad (97ms)
			ProcessInitializeOnLoadAttributes (477ms)
			ProcessInitializeOnLoadMethodAttributes (1250ms)
			AfterProcessingInitializeOnLoad (12ms)
			EditorAssembliesLoaded (5ms)
		ExecutionOrderSort2 (0ms)
		AwakeInstancesAfterBackupRestoration (98ms)
Refreshing native plugins compatible for Editor in 4.43 ms, found 1 plugins.
Preloading 0 native plugins for Editor in 0.00 ms.
Unloading 4246 Unused Serialized files (Serialized files now loaded: 0)
Unloading 37 unused Assets / (315.0 KB). Loaded Objects now: 5184.
Memory consumption went from 176.6 MB to 176.3 MB.
Total: 35.436300 ms (FindLiveObjects: 0.422500 ms CreateObjectMapping: 0.189600 ms MarkObjects: 34.687500 ms  DeleteObjects: 0.135200 ms)

Prepare: number of updated asset objects reloaded= 0
AssetImportParameters requested are different than current active one (requested -> active):
  custom:container-demuxer-ogg: 62fdf1f143b41e24485cea50d1cbac27 -> 
  custom:video-decoder-ogg-theora: a1e56fd34408186e4bbccfd4996cb3dc -> 
  custom:framework-win-MediaFoundation: 216162199b28c13a410421893ffa2e32 -> 
  custom:CustomObjectIndexerAttribute: 72b91833f83ae208fae7752999fa3104 -> 
  custom:container-demuxer-webm: 4f35f7cbe854078d1ac9338744f61a02 -> 
  custom:container-muxer-webm: aa71ff27fc2769a1b78a27578f13a17b -> 
  custom:video-decoder-webm-vp8: 9c59270c3fd7afecdb556c50c9e8de78 -> 
  custom:SearchIndexIgnoredProperties: e643bd26f0fe6173181afceb89e7c659 -> 
  custom:AudioImporter_EditorPlatform: d09bf68614088b80899f8185d706f6e7 -> 
  custom:video-encoder-webm-vp8: eb34c28f22e8b96e1ab97ce403110664 -> 
  custom:audio-decoder-ogg-vorbis: bf7c407c2cedff20999df2af8eb42d56 -> 
  custom:audio-encoder-webm-vorbis: bf7c407c2cedff20999df2af8eb42d56 -> 
========================================================================
Received Prepare
Begin MonoManager ReloadAssembly
- Loaded All Assemblies, in  0.665 seconds
Refreshing native plugins compatible for Editor in 4.26 ms, found 1 plugins.
Native extension for WindowsStandalone target not found
Mono: successfully reloaded assembly
- Finished resetting the current domain, in  2.649 seconds
Domain Reload Profiling: 3312ms
	BeginReloadAssembly (252ms)
		ExecutionOrderSort (0ms)
		DisableScriptedObjects (11ms)
		BackupInstance (0ms)
		ReleaseScriptingObjects (0ms)
		CreateAndSetChildDomain (61ms)
	RebuildCommonClasses (55ms)
	RebuildNativeTypeToScriptingClass (22ms)
	initialDomainReloadingComplete (48ms)
	LoadAllAssembliesAndSetupDomain (283ms)
		LoadAssemblies (394ms)
		RebuildTransferFunctionScriptingTraits (0ms)
		AnalyzeDomain (27ms)
			TypeCache.Refresh (7ms)
				TypeCache.ScanAssembly (0ms)
			ScanForSourceGeneratedMonoScriptInfo (0ms)
			ResolveRequiredComponents (17ms)
	FinalizeReload (2650ms)
		ReleaseScriptCaches (0ms)
		RebuildScriptCaches (0ms)
		SetupLoadedEditorAssemblies (1646ms)
			LogAssemblyErrors (0ms)
			InitializePlatformSupportModulesInManaged (10ms)
			SetLoadedEditorAssemblies (7ms)
			RefreshPlugins (0ms)
			BeforeProcessingInitializeOnLoad (94ms)
			ProcessInitializeOnLoadAttributes (476ms)
			ProcessInitializeOnLoadMethodAttributes (1044ms)
			AfterProcessingInitializeOnLoad (10ms)
			EditorAssembliesLoaded (4ms)
		ExecutionOrderSort2 (0ms)
		AwakeInstancesAfterBackupRestoration (325ms)
Refreshing native plugins compatible for Editor in 5.35 ms, found 1 plugins.
Preloading 0 native plugins for Editor in 0.00 ms.
Unloading 4246 Unused Serialized files (Serialized files now loaded: 0)
Unloading 37 unused Assets / (315.1 KB). Loaded Objects now: 5185.
Memory consumption went from 176.6 MB to 176.3 MB.
Total: 36.835100 ms (FindLiveObjects: 0.489900 ms CreateObjectMapping: 0.342500 ms MarkObjects: 35.871300 ms  DeleteObjects: 0.130000 ms)

Prepare: number of updated asset objects reloaded= 0
AssetImportParameters requested are different than current active one (requested -> active):
  custom:container-demuxer-ogg: 62fdf1f143b41e24485cea50d1cbac27 -> 
  custom:video-decoder-ogg-theora: a1e56fd34408186e4bbccfd4996cb3dc -> 
  custom:framework-win-MediaFoundation: 216162199b28c13a410421893ffa2e32 -> 
  custom:CustomObjectIndexerAttribute: 72b91833f83ae208fae7752999fa3104 -> 
  custom:container-demuxer-webm: 4f35f7cbe854078d1ac9338744f61a02 -> 
  custom:container-muxer-webm: aa71ff27fc2769a1b78a27578f13a17b -> 
  custom:video-decoder-webm-vp8: 9c59270c3fd7afecdb556c50c9e8de78 -> 
  custom:SearchIndexIgnoredProperties: e643bd26f0fe6173181afceb89e7c659 -> 
  custom:AudioImporter_EditorPlatform: d09bf68614088b80899f8185d706f6e7 -> 
  custom:video-encoder-webm-vp8: eb34c28f22e8b96e1ab97ce403110664 -> 
  custom:audio-decoder-ogg-vorbis: bf7c407c2cedff20999df2af8eb42d56 -> 
  custom:audio-encoder-webm-vorbis: bf7c407c2cedff20999df2af8eb42d56 -> 
========================================================================
Received Prepare
Begin MonoManager ReloadAssembly
- Loaded All Assemblies, in  0.658 seconds
Refreshing native plugins compatible for Editor in 4.19 ms, found 1 plugins.
Native extension for WindowsStandalone target not found
Mono: successfully reloaded assembly
- Finished resetting the current domain, in  2.530 seconds
Domain Reload Profiling: 3186ms
	BeginReloadAssembly (232ms)
		ExecutionOrderSort (0ms)
		DisableScriptedObjects (10ms)
		BackupInstance (0ms)
		ReleaseScriptingObjects (0ms)
		CreateAndSetChildDomain (52ms)
	RebuildCommonClasses (50ms)
	RebuildNativeTypeToScriptingClass (17ms)
	initialDomainReloadingComplete (39ms)
	LoadAllAssembliesAndSetupDomain (317ms)
		LoadAssemblies (381ms)
		RebuildTransferFunctionScriptingTraits (0ms)
		AnalyzeDomain (60ms)
			TypeCache.Refresh (12ms)
				TypeCache.ScanAssembly (1ms)
			ScanForSourceGeneratedMonoScriptInfo (29ms)
			ResolveRequiredComponents (16ms)
	FinalizeReload (2531ms)
		ReleaseScriptCaches (0ms)
		RebuildScriptCaches (0ms)
		SetupLoadedEditorAssemblies (1644ms)
			LogAssemblyErrors (0ms)
			InitializePlatformSupportModulesInManaged (8ms)
			SetLoadedEditorAssemblies (5ms)
			RefreshPlugins (0ms)
			BeforeProcessingInitializeOnLoad (99ms)
			ProcessInitializeOnLoadAttributes (500ms)
			ProcessInitializeOnLoadMethodAttributes (1017ms)
			AfterProcessingInitializeOnLoad (7ms)
			EditorAssembliesLoaded (8ms)
		ExecutionOrderSort2 (0ms)
		AwakeInstancesAfterBackupRestoration (235ms)
Refreshing native plugins compatible for Editor in 5.06 ms, found 1 plugins.
Preloading 0 native plugins for Editor in 0.00 ms.
Unloading 4246 Unused Serialized files (Serialized files now loaded: 0)
Unloading 37 unused Assets / (315.0 KB). Loaded Objects now: 5186.
Memory consumption went from 176.6 MB to 176.3 MB.
Total: 36.084100 ms (FindLiveObjects: 0.426400 ms CreateObjectMapping: 0.191900 ms MarkObjects: 35.279700 ms  DeleteObjects: 0.184500 ms)

Prepare: number of updated asset objects reloaded= 0
AssetImportParameters requested are different than current active one (requested -> active):
  custom:container-demuxer-ogg: 62fdf1f143b41e24485cea50d1cbac27 -> 
  custom:video-decoder-ogg-theora: a1e56fd34408186e4bbccfd4996cb3dc -> 
  custom:framework-win-MediaFoundation: 216162199b28c13a410421893ffa2e32 -> 
  custom:CustomObjectIndexerAttribute: 72b91833f83ae208fae7752999fa3104 -> 
  custom:container-demuxer-webm: 4f35f7cbe854078d1ac9338744f61a02 -> 
  custom:container-muxer-webm: aa71ff27fc2769a1b78a27578f13a17b -> 
  custom:video-decoder-webm-vp8: 9c59270c3fd7afecdb556c50c9e8de78 -> 
  custom:SearchIndexIgnoredProperties: e643bd26f0fe6173181afceb89e7c659 -> 
  custom:AudioImporter_EditorPlatform: d09bf68614088b80899f8185d706f6e7 -> 
  custom:video-encoder-webm-vp8: eb34c28f22e8b96e1ab97ce403110664 -> 
  custom:audio-decoder-ogg-vorbis: bf7c407c2cedff20999df2af8eb42d56 -> 
  custom:audio-encoder-webm-vorbis: bf7c407c2cedff20999df2af8eb42d56 -> 
========================================================================
Received Import Request.
  Time since last request: 4154.956342 seconds.
  path: Assets/Game/Gameplay/Scripts/EnemyPatrol.cs
  artifactKey: Guid(37f9febdbcf7f6e4c8b93d9092b8dc89) Importer(815301076,1909f56bfc062723c751e8b465ee728b)
Start importing Assets/Game/Gameplay/Scripts/EnemyPatrol.cs using Guid(37f9febdbcf7f6e4c8b93d9092b8dc89) Importer(815301076,1909f56bfc062723c751e8b465ee728b) [PhysX] Initialized MultithreadedTaskDispatcher with 8 workers.
 -> (artifact id: 'eda4f31ca35204b2d3741e41962f47e0') in 0.003048 seconds
Number of updated asset objects reloaded before import = 0
Number of asset objects unloaded after import = 0
========================================================================
Received Prepare
Begin MonoManager ReloadAssembly
- Loaded All Assemblies, in  0.693 seconds
Refreshing native plugins compatible for Editor in 4.31 ms, found 1 plugins.
Native extension for WindowsStandalone target not found
Mono: successfully reloaded assembly
- Finished resetting the current domain, in  2.672 seconds
Domain Reload Profiling: 3364ms
	BeginReloadAssembly (262ms)
		ExecutionOrderSort (0ms)
		DisableScriptedObjects (10ms)
		BackupInstance (0ms)
		ReleaseScriptingObjects (0ms)
		CreateAndSetChildDomain (62ms)
	RebuildCommonClasses (67ms)
	RebuildNativeTypeToScriptingClass (25ms)
	initialDomainReloadingComplete (43ms)
	LoadAllAssembliesAndSetupDomain (293ms)
		LoadAssemblies (396ms)
		RebuildTransferFunctionScriptingTraits (0ms)
		AnalyzeDomain (28ms)
			TypeCache.Refresh (7ms)
				TypeCache.ScanAssembly (0ms)
			ScanForSourceGeneratedMonoScriptInfo (0ms)
			ResolveRequiredComponents (17ms)
	FinalizeReload (2673ms)
		ReleaseScriptCaches (0ms)
		RebuildScriptCaches (0ms)
		SetupLoadedEditorAssemblies (1945ms)
			LogAssemblyErrors (0ms)
			InitializePlatformSupportModulesInManaged (9ms)
			SetLoadedEditorAssemblies (6ms)
			RefreshPlugins (0ms)
			BeforeProcessingInitializeOnLoad (100ms)
			ProcessInitializeOnLoadAttributes (481ms)
			ProcessInitializeOnLoadMethodAttributes (1339ms)
			AfterProcessingInitializeOnLoad (9ms)
			EditorAssembliesLoaded (0ms)
		ExecutionOrderSort2 (0ms)
		AwakeInstancesAfterBackupRestoration (48ms)
Refreshing native plugins compatible for Editor in 6.20 ms, found 1 plugins.
Preloading 0 native plugins for Editor in 0.00 ms.
Unloading 4246 Unused Serialized files (Serialized files now loaded: 0)
Unloading 37 unused Assets / (316.0 KB). Loaded Objects now: 5187.
Memory consumption went from 176.6 MB to 176.3 MB.
Total: 36.299200 ms (FindLiveObjects: 0.677700 ms CreateObjectMapping: 0.290700 ms MarkObjects: 35.191900 ms  DeleteObjects: 0.137300 ms)

Prepare: number of updated asset objects reloaded= 0
AssetImportParameters requested are different than current active one (requested -> active):
  custom:container-demuxer-ogg: 62fdf1f143b41e24485cea50d1cbac27 -> 
  custom:video-decoder-ogg-theora: a1e56fd34408186e4bbccfd4996cb3dc -> 
  custom:framework-win-MediaFoundation: 216162199b28c13a410421893ffa2e32 -> 
  custom:CustomObjectIndexerAttribute: 72b91833f83ae208fae7752999fa3104 -> 
  custom:container-demuxer-webm: 4f35f7cbe854078d1ac9338744f61a02 -> 
  custom:container-muxer-webm: aa71ff27fc2769a1b78a27578f13a17b -> 
  custom:video-decoder-webm-vp8: 9c59270c3fd7afecdb556c50c9e8de78 -> 
  custom:SearchIndexIgnoredProperties: e643bd26f0fe6173181afceb89e7c659 -> 
  custom:AudioImporter_EditorPlatform: d09bf68614088b80899f8185d706f6e7 -> 
  custom:video-encoder-webm-vp8: eb34c28f22e8b96e1ab97ce403110664 -> 
  custom:audio-decoder-ogg-vorbis: bf7c407c2cedff20999df2af8eb42d56 -> 
  custom:audio-encoder-webm-vorbis: bf7c407c2cedff20999df2af8eb42d56 -> 
========================================================================
Received Prepare
Begin MonoManager ReloadAssembly
- Loaded All Assemblies, in  0.676 seconds
Refreshing native plugins compatible for Editor in 4.29 ms, found 1 plugins.
Native extension for WindowsStandalone target not found
Mono: successfully reloaded assembly
- Finished resetting the current domain, in  2.621 seconds
Domain Reload Profiling: 3296ms
	BeginReloadAssembly (232ms)
		ExecutionOrderSort (0ms)
		DisableScriptedObjects (8ms)
		BackupInstance (0ms)
		ReleaseScriptingObjects (0ms)
		CreateAndSetChildDomain (49ms)
	RebuildCommonClasses (57ms)
	RebuildNativeTypeToScriptingClass (19ms)
	initialDomainReloadingComplete (40ms)
	LoadAllAssembliesAndSetupDomain (326ms)
		LoadAssemblies (391ms)
		RebuildTransferFunctionScriptingTraits (0ms)
		AnalyzeDomain (65ms)
			TypeCache.Refresh (14ms)
				TypeCache.ScanAssembly (2ms)
			ScanForSourceGeneratedMonoScriptInfo (31ms)
			ResolveRequiredComponents (16ms)
	FinalizeReload (2622ms)
		ReleaseScriptCaches (0ms)
		RebuildScriptCaches (0ms)
		SetupLoadedEditorAssemblies (1900ms)
			LogAssemblyErrors (0ms)
			InitializePlatformSupportModulesInManaged (7ms)
			SetLoadedEditorAssemblies (5ms)
			RefreshPlugins (0ms)
			BeforeProcessingInitializeOnLoad (98ms)
			ProcessInitializeOnLoadAttributes (504ms)
			ProcessInitializeOnLoadMethodAttributes (1278ms)
			AfterProcessingInitializeOnLoad (7ms)
			EditorAssembliesLoaded (0ms)
		ExecutionOrderSort2 (0ms)
		AwakeInstancesAfterBackupRestoration (51ms)
Refreshing native plugins compatible for Editor in 4.71 ms, found 1 plugins.
Preloading 0 native plugins for Editor in 0.00 ms.
Unloading 4246 Unused Serialized files (Serialized files now loaded: 0)
Unloading 37 unused Assets / (315.1 KB). Loaded Objects now: 5188.
Memory consumption went from 176.6 MB to 176.3 MB.
Total: 37.718200 ms (FindLiveObjects: 0.545600 ms CreateObjectMapping: 0.359000 ms MarkObjects: 36.676700 ms  DeleteObjects: 0.134800 ms)

Prepare: number of updated asset objects reloaded= 0
AssetImportParameters requested are different than current active one (requested -> active):
  custom:container-demuxer-ogg: 62fdf1f143b41e24485cea50d1cbac27 -> 
  custom:video-decoder-ogg-theora: a1e56fd34408186e4bbccfd4996cb3dc -> 
  custom:framework-win-MediaFoundation: 216162199b28c13a410421893ffa2e32 -> 
  custom:CustomObjectIndexerAttribute: 72b91833f83ae208fae7752999fa3104 -> 
  custom:container-demuxer-webm: 4f35f7cbe854078d1ac9338744f61a02 -> 
  custom:container-muxer-webm: aa71ff27fc2769a1b78a27578f13a17b -> 
  custom:video-decoder-webm-vp8: 9c59270c3fd7afecdb556c50c9e8de78 -> 
  custom:SearchIndexIgnoredProperties: e643bd26f0fe6173181afceb89e7c659 -> 
  custom:AudioImporter_EditorPlatform: d09bf68614088b80899f8185d706f6e7 -> 
  custom:video-encoder-webm-vp8: eb34c28f22e8b96e1ab97ce403110664 -> 
  custom:audio-decoder-ogg-vorbis: bf7c407c2cedff20999df2af8eb42d56 -> 
  custom:audio-encoder-webm-vorbis: bf7c407c2cedff20999df2af8eb42d56 -> 
========================================================================
Received Prepare
Begin MonoManager ReloadAssembly
- Loaded All Assemblies, in  0.683 seconds
Refreshing native plugins compatible for Editor in 4.23 ms, found 1 plugins.
Native extension for WindowsStandalone target not found
Mono: successfully reloaded assembly
- Finished resetting the current domain, in  2.777 seconds
Domain Reload Profiling: 3459ms
	BeginReloadAssembly (263ms)
		ExecutionOrderSort (0ms)
		DisableScriptedObjects (8ms)
		BackupInstance (0ms)
		ReleaseScriptingObjects (0ms)
		CreateAndSetChildDomain (67ms)
	RebuildCommonClasses (63ms)
	RebuildNativeTypeToScriptingClass (26ms)
	initialDomainReloadingComplete (45ms)
	LoadAllAssembliesAndSetupDomain (284ms)
		LoadAssemblies (390ms)
		RebuildTransferFunctionScriptingTraits (0ms)
		AnalyzeDomain (29ms)
			TypeCache.Refresh (7ms)
				TypeCache.ScanAssembly (0ms)
			ScanForSourceGeneratedMonoScriptInfo (0ms)
			ResolveRequiredComponents (19ms)
	FinalizeReload (2778ms)
		ReleaseScriptCaches (0ms)
		RebuildScriptCaches (0ms)
		SetupLoadedEditorAssemblies (1816ms)
			LogAssemblyErrors (0ms)
			InitializePlatformSupportModulesInManaged (7ms)
			SetLoadedEditorAssemblies (5ms)
			RefreshPlugins (0ms)
			BeforeProcessingInitializeOnLoad (104ms)
			ProcessInitializeOnLoadAttributes (507ms)
			ProcessInitializeOnLoadMethodAttributes (1174ms)
			AfterProcessingInitializeOnLoad (9ms)
			EditorAssembliesLoaded (10ms)
		ExecutionOrderSort2 (0ms)
		AwakeInstancesAfterBackupRestoration (200ms)
Refreshing native plugins compatible for Editor in 4.79 ms, found 1 plugins.
Preloading 0 native plugins for Editor in 0.00 ms.
Unloading 4246 Unused Serialized files (Serialized files now loaded: 0)
Unloading 37 unused Assets / (315.0 KB). Loaded Objects now: 5189.
Memory consumption went from 176.6 MB to 176.3 MB.
Total: 35.311000 ms (FindLiveObjects: 0.424300 ms CreateObjectMapping: 0.188900 ms MarkObjects: 34.558800 ms  DeleteObjects: 0.137500 ms)

Prepare: number of updated asset objects reloaded= 0
AssetImportParameters requested are different than current active one (requested -> active):
  custom:container-demuxer-ogg: 62fdf1f143b41e24485cea50d1cbac27 -> 
  custom:video-decoder-ogg-theora: a1e56fd34408186e4bbccfd4996cb3dc -> 
  custom:framework-win-MediaFoundation: 216162199b28c13a410421893ffa2e32 -> 
  custom:CustomObjectIndexerAttribute: 72b91833f83ae208fae7752999fa3104 -> 
  custom:container-demuxer-webm: 4f35f7cbe854078d1ac9338744f61a02 -> 
  custom:container-muxer-webm: aa71ff27fc2769a1b78a27578f13a17b -> 
  custom:video-decoder-webm-vp8: 9c59270c3fd7afecdb556c50c9e8de78 -> 
  custom:SearchIndexIgnoredProperties: e643bd26f0fe6173181afceb89e7c659 -> 
  custom:AudioImporter_EditorPlatform: d09bf68614088b80899f8185d706f6e7 -> 
  custom:video-encoder-webm-vp8: eb34c28f22e8b96e1ab97ce403110664 -> 
  custom:audio-decoder-ogg-vorbis: bf7c407c2cedff20999df2af8eb42d56 -> 
  custom:audio-encoder-webm-vorbis: bf7c407c2cedff20999df2af8eb42d56 -> 
========================================================================
Received Prepare
Begin MonoManager ReloadAssembly
- Loaded All Assemblies, in  0.680 seconds
Refreshing native plugins compatible for Editor in 4.21 ms, found 1 plugins.
Native extension for WindowsStandalone target not found
Mono: successfully reloaded assembly
- Finished resetting the current domain, in  2.478 seconds
Domain Reload Profiling: 3157ms
	BeginReloadAssembly (224ms)
		ExecutionOrderSort (0ms)
		DisableScriptedObjects (9ms)
		BackupInstance (0ms)
		ReleaseScriptingObjects (0ms)
		CreateAndSetChildDomain (53ms)
	RebuildCommonClasses (58ms)
	RebuildNativeTypeToScriptingClass (22ms)
	initialDomainReloadingComplete (44ms)
	LoadAllAssembliesAndSetupDomain (331ms)
		LoadAssemblies (378ms)
		RebuildTransferFunctionScriptingTraits (0ms)
		AnalyzeDomain (71ms)
			TypeCache.Refresh (12ms)
				TypeCache.ScanAssembly (1ms)
			ScanForSourceGeneratedMonoScriptInfo (33ms)
			ResolveRequiredComponents (23ms)
	FinalizeReload (2479ms)
		ReleaseScriptCaches (0ms)
		RebuildScriptCaches (0ms)
		SetupLoadedEditorAssemblies (1719ms)
			LogAssemblyErrors (0ms)
			InitializePlatformSupportModulesInManaged (7ms)
			SetLoadedEditorAssemblies (5ms)
			RefreshPlugins (0ms)
			BeforeProcessingInitializeOnLoad (103ms)
			ProcessInitializeOnLoadAttributes (501ms)
			ProcessInitializeOnLoadMethodAttributes (1090ms)
			AfterProcessingInitializeOnLoad (10ms)
			EditorAssembliesLoaded (2ms)
		ExecutionOrderSort2 (0ms)
		AwakeInstancesAfterBackupRestoration (140ms)
Refreshing native plugins compatible for Editor in 6.61 ms, found 1 plugins.
Preloading 0 native plugins for Editor in 0.00 ms.
Unloading 4246 Unused Serialized files (Serialized files now loaded: 0)
Unloading 37 unused Assets / (315.1 KB). Loaded Objects now: 5190.
Memory consumption went from 176.6 MB to 176.3 MB.
Total: 33.641200 ms (FindLiveObjects: 0.750600 ms CreateObjectMapping: 0.232000 ms MarkObjects: 32.490300 ms  DeleteObjects: 0.166200 ms)

Prepare: number of updated asset objects reloaded= 0
AssetImportParameters requested are different than current active one (requested -> active):
  custom:container-demuxer-ogg: 62fdf1f143b41e24485cea50d1cbac27 -> 
  custom:video-decoder-ogg-theora: a1e56fd34408186e4bbccfd4996cb3dc -> 
  custom:framework-win-MediaFoundation: 216162199b28c13a410421893ffa2e32 -> 
  custom:CustomObjectIndexerAttribute: 72b91833f83ae208fae7752999fa3104 -> 
  custom:container-demuxer-webm: 4f35f7cbe854078d1ac9338744f61a02 -> 
  custom:container-muxer-webm: aa71ff27fc2769a1b78a27578f13a17b -> 
  custom:video-decoder-webm-vp8: 9c59270c3fd7afecdb556c50c9e8de78 -> 
  custom:SearchIndexIgnoredProperties: e643bd26f0fe6173181afceb89e7c659 -> 
  custom:AudioImporter_EditorPlatform: d09bf68614088b80899f8185d706f6e7 -> 
  custom:video-encoder-webm-vp8: eb34c28f22e8b96e1ab97ce403110664 -> 
  custom:audio-decoder-ogg-vorbis: bf7c407c2cedff20999df2af8eb42d56 -> 
  custom:audio-encoder-webm-vorbis: bf7c407c2cedff20999df2af8eb42d56 -> 
========================================================================
Received Prepare
Begin MonoManager ReloadAssembly
- Loaded All Assemblies, in  0.647 seconds
Refreshing native plugins compatible for Editor in 4.24 ms, found 1 plugins.
Native extension for WindowsStandalone target not found
Mono: successfully reloaded assembly
- Finished resetting the current domain, in  2.578 seconds
Domain Reload Profiling: 3223ms
	BeginReloadAssembly (251ms)
		ExecutionOrderSort (0ms)
		DisableScriptedObjects (9ms)
		BackupInstance (0ms)
		ReleaseScriptingObjects (0ms)
		CreateAndSetChildDomain (58ms)
	RebuildCommonClasses (52ms)
	RebuildNativeTypeToScriptingClass (22ms)
	initialDomainReloadingComplete (40ms)
	LoadAllAssembliesAndSetupDomain (279ms)
		LoadAssemblies (383ms)
		RebuildTransferFunctionScriptingTraits (0ms)
		AnalyzeDomain (28ms)
			TypeCache.Refresh (7ms)
				TypeCache.ScanAssembly (0ms)
			ScanForSourceGeneratedMonoScriptInfo (0ms)
			ResolveRequiredComponents (17ms)
	FinalizeReload (2579ms)
		ReleaseScriptCaches (0ms)
		RebuildScriptCaches (0ms)
		SetupLoadedEditorAssemblies (1639ms)
			LogAssemblyErrors (0ms)
			InitializePlatformSupportModulesInManaged (7ms)
			SetLoadedEditorAssemblies (6ms)
			RefreshPlugins (0ms)
			BeforeProcessingInitializeOnLoad (103ms)
			ProcessInitializeOnLoadAttributes (454ms)
			ProcessInitializeOnLoadMethodAttributes (1056ms)
			AfterProcessingInitializeOnLoad (8ms)
			EditorAssembliesLoaded (5ms)
		ExecutionOrderSort2 (0ms)
		AwakeInstancesAfterBackupRestoration (278ms)
Refreshing native plugins compatible for Editor in 5.41 ms, found 1 plugins.
Preloading 0 native plugins for Editor in 0.00 ms.
Unloading 4246 Unused Serialized files (Serialized files now loaded: 0)
Unloading 37 unused Assets / (315.2 KB). Loaded Objects now: 5191.
Memory consumption went from 176.6 MB to 176.3 MB.
Total: 38.228200 ms (FindLiveObjects: 0.500100 ms CreateObjectMapping: 0.241300 ms MarkObjects: 37.352500 ms  DeleteObjects: 0.132800 ms)

Prepare: number of updated asset objects reloaded= 0
AssetImportParameters requested are different than current active one (requested -> active):
  custom:container-demuxer-ogg: 62fdf1f143b41e24485cea50d1cbac27 -> 
  custom:video-decoder-ogg-theora: a1e56fd34408186e4bbccfd4996cb3dc -> 
  custom:framework-win-MediaFoundation: 216162199b28c13a410421893ffa2e32 -> 
  custom:CustomObjectIndexerAttribute: 72b91833f83ae208fae7752999fa3104 -> 
  custom:container-demuxer-webm: 4f35f7cbe854078d1ac9338744f61a02 -> 
  custom:container-muxer-webm: aa71ff27fc2769a1b78a27578f13a17b -> 
  custom:video-decoder-webm-vp8: 9c59270c3fd7afecdb556c50c9e8de78 -> 
  custom:SearchIndexIgnoredProperties: e643bd26f0fe6173181afceb89e7c659 -> 
  custom:AudioImporter_EditorPlatform: d09bf68614088b80899f8185d706f6e7 -> 
  custom:video-encoder-webm-vp8: eb34c28f22e8b96e1ab97ce403110664 -> 
  custom:audio-decoder-ogg-vorbis: bf7c407c2cedff20999df2af8eb42d56 -> 
  custom:audio-encoder-webm-vorbis: bf7c407c2cedff20999df2af8eb42d56 -> 
========================================================================
Received Prepare
Begin MonoManager ReloadAssembly
- Loaded All Assemblies, in  0.648 seconds
Refreshing native plugins compatible for Editor in 5.11 ms, found 1 plugins.
Native extension for WindowsStandalone target not found
Mono: successfully reloaded assembly
- Finished resetting the current domain, in  2.510 seconds
Domain Reload Profiling: 3157ms
	BeginReloadAssembly (222ms)
		ExecutionOrderSort (0ms)
		DisableScriptedObjects (9ms)
		BackupInstance (0ms)
		ReleaseScriptingObjects (0ms)
		CreateAndSetChildDomain (50ms)
	RebuildCommonClasses (52ms)
	RebuildNativeTypeToScriptingClass (17ms)
	initialDomainReloadingComplete (44ms)
	LoadAllAssembliesAndSetupDomain (310ms)
		LoadAssemblies (360ms)
		RebuildTransferFunctionScriptingTraits (0ms)
		AnalyzeDomain (65ms)
			TypeCache.Refresh (15ms)
				TypeCache.ScanAssembly (2ms)
			ScanForSourceGeneratedMonoScriptInfo (31ms)
			ResolveRequiredComponents (16ms)
	FinalizeReload (2512ms)
		ReleaseScriptCaches (0ms)
		RebuildScriptCaches (0ms)
		SetupLoadedEditorAssemblies (1799ms)
			LogAssemblyErrors (0ms)
			InitializePlatformSupportModulesInManaged (7ms)
			SetLoadedEditorAssemblies (7ms)
			RefreshPlugins (0ms)
			BeforeProcessingInitializeOnLoad (95ms)
			ProcessInitializeOnLoadAttributes (490ms)
			ProcessInitializeOnLoadMethodAttributes (1156ms)
			AfterProcessingInitializeOnLoad (8ms)
			EditorAssembliesLoaded (37ms)
		ExecutionOrderSort2 (0ms)
		AwakeInstancesAfterBackupRestoration (56ms)
Refreshing native plugins compatible for Editor in 4.58 ms, found 1 plugins.
Preloading 0 native plugins for Editor in 0.00 ms.
Unloading 4246 Unused Serialized files (Serialized files now loaded: 0)
Unloading 37 unused Assets / (315.0 KB). Loaded Objects now: 5192.
Memory consumption went from 176.6 MB to 176.3 MB.
Total: 37.510300 ms (FindLiveObjects: 0.870800 ms CreateObjectMapping: 0.313000 ms MarkObjects: 36.191100 ms  DeleteObjects: 0.133500 ms)

Prepare: number of updated asset objects reloaded= 0
AssetImportParameters requested are different than current active one (requested -> active):
  custom:container-demuxer-ogg: 62fdf1f143b41e24485cea50d1cbac27 -> 
  custom:video-decoder-ogg-theora: a1e56fd34408186e4bbccfd4996cb3dc -> 
  custom:framework-win-MediaFoundation: 216162199b28c13a410421893ffa2e32 -> 
  custom:CustomObjectIndexerAttribute: 72b91833f83ae208fae7752999fa3104 -> 
  custom:container-demuxer-webm: 4f35f7cbe854078d1ac9338744f61a02 -> 
  custom:container-muxer-webm: aa71ff27fc2769a1b78a27578f13a17b -> 
  custom:video-decoder-webm-vp8: 9c59270c3fd7afecdb556c50c9e8de78 -> 
  custom:SearchIndexIgnoredProperties: e643bd26f0fe6173181afceb89e7c659 -> 
  custom:AudioImporter_EditorPlatform: d09bf68614088b80899f8185d706f6e7 -> 
  custom:video-encoder-webm-vp8: eb34c28f22e8b96e1ab97ce403110664 -> 
  custom:audio-decoder-ogg-vorbis: bf7c407c2cedff20999df2af8eb42d56 -> 
  custom:audio-encoder-webm-vorbis: bf7c407c2cedff20999df2af8eb42d56 -> 
========================================================================
Received Prepare
Begin MonoManager ReloadAssembly
- Loaded All Assemblies, in  0.642 seconds
Refreshing native plugins compatible for Editor in 4.31 ms, found 1 plugins.
Native extension for WindowsStandalone target not found
Mono: successfully reloaded assembly
- Finished resetting the current domain, in  2.554 seconds
Domain Reload Profiling: 3194ms
	BeginReloadAssembly (240ms)
		ExecutionOrderSort (0ms)
		DisableScriptedObjects (8ms)
		BackupInstance (0ms)
		ReleaseScriptingObjects (0ms)
		CreateAndSetChildDomain (58ms)
	RebuildCommonClasses (55ms)
	RebuildNativeTypeToScriptingClass (16ms)
	initialDomainReloadingComplete (40ms)
	LoadAllAssembliesAndSetupDomain (289ms)
		LoadAssemblies (392ms)
		RebuildTransferFunctionScriptingTraits (0ms)
		AnalyzeDomain (27ms)
			TypeCache.Refresh (7ms)
				TypeCache.ScanAssembly (0ms)
			ScanForSourceGeneratedMonoScriptInfo (0ms)
			ResolveRequiredComponents (17ms)
	FinalizeReload (2555ms)
		ReleaseScriptCaches (0ms)
		RebuildScriptCaches (0ms)
		SetupLoadedEditorAssemblies (1522ms)
			LogAssemblyErrors (0ms)
			InitializePlatformSupportModulesInManaged (8ms)
			SetLoadedEditorAssemblies (5ms)
			RefreshPlugins (0ms)
			BeforeProcessingInitializeOnLoad (95ms)
			ProcessInitializeOnLoadAttributes (471ms)
			ProcessInitializeOnLoadMethodAttributes (931ms)
			AfterProcessingInitializeOnLoad (7ms)
			EditorAssembliesLoaded (3ms)
		ExecutionOrderSort2 (0ms)
		AwakeInstancesAfterBackupRestoration (316ms)
Refreshing native plugins compatible for Editor in 4.76 ms, found 1 plugins.
Preloading 0 native plugins for Editor in 0.00 ms.
Unloading 4246 Unused Serialized files (Serialized files now loaded: 0)
Unloading 37 unused Assets / (315.1 KB). Loaded Objects now: 5193.
Memory consumption went from 176.6 MB to 176.3 MB.
Total: 41.596800 ms (FindLiveObjects: 0.446000 ms CreateObjectMapping: 0.193100 ms MarkObjects: 40.736900 ms  DeleteObjects: 0.219000 ms)

Prepare: number of updated asset objects reloaded= 0
AssetImportParameters requested are different than current active one (requested -> active):
  custom:container-demuxer-ogg: 62fdf1f143b41e24485cea50d1cbac27 -> 
  custom:video-decoder-ogg-theora: a1e56fd34408186e4bbccfd4996cb3dc -> 
  custom:framework-win-MediaFoundation: 216162199b28c13a410421893ffa2e32 -> 
  custom:CustomObjectIndexerAttribute: 72b91833f83ae208fae7752999fa3104 -> 
  custom:container-demuxer-webm: 4f35f7cbe854078d1ac9338744f61a02 -> 
  custom:container-muxer-webm: aa71ff27fc2769a1b78a27578f13a17b -> 
  custom:video-decoder-webm-vp8: 9c59270c3fd7afecdb556c50c9e8de78 -> 
  custom:SearchIndexIgnoredProperties: e643bd26f0fe6173181afceb89e7c659 -> 
  custom:AudioImporter_EditorPlatform: d09bf68614088b80899f8185d706f6e7 -> 
  custom:video-encoder-webm-vp8: eb34c28f22e8b96e1ab97ce403110664 -> 
  custom:audio-decoder-ogg-vorbis: bf7c407c2cedff20999df2af8eb42d56 -> 
  custom:audio-encoder-webm-vorbis: bf7c407c2cedff20999df2af8eb42d56 -> 
