Using pre-set license
Built from '2022.3/staging' branch; Version is '2022.3.38f1 (c5d5a7410213) revision 12965287'; Using compiler version '192829333'; Build Type 'Release'
OS: 'Windows 10  (10.0.19045) 64bit Professional' Language: 'ru' Physical Memory: 16277 MB
BatchMode: 1, IsHumanControllingUs: 0, StartBugReporterOnCrash: 0, Is64bit: 1, IsPro: 1

COMMAND LINE ARGUMENTS:
E:\Unity 2022.3.38f1\Editor\Unity.exe
-adb2
-batchMode
-noUpm
-name
AssetImportWorker3
-projectPath
D:/TerentevaA_GUN36
-logFile
Logs/AssetImportWorker3.log
-srvPort
64644
Successfully changed project path to: D:/TerentevaA_GUN36
D:/TerentevaA_GUN36
[UnityMemory] Configuration Parameters - Can be set up in boot.config
    "memorysetup-bucket-allocator-granularity=16"
    "memorysetup-bucket-allocator-bucket-count=8"
    "memorysetup-bucket-allocator-block-size=33554432"
    "memorysetup-bucket-allocator-block-count=8"
    "memorysetup-main-allocator-block-size=16777216"
    "memorysetup-thread-allocator-block-size=16777216"
    "memorysetup-gfx-main-allocator-block-size=16777216"
    "memorysetup-gfx-thread-allocator-block-size=16777216"
    "memorysetup-cache-allocator-block-size=4194304"
    "memorysetup-typetree-allocator-block-size=2097152"
    "memorysetup-profiler-bucket-allocator-granularity=16"
    "memorysetup-profiler-bucket-allocator-bucket-count=8"
    "memorysetup-profiler-bucket-allocator-block-size=33554432"
    "memorysetup-profiler-bucket-allocator-block-count=8"
    "memorysetup-profiler-allocator-block-size=16777216"
    "memorysetup-profiler-editor-allocator-block-size=1048576"
    "memorysetup-temp-allocator-size-main=16777216"
    "memorysetup-job-temp-allocator-block-size=2097152"
    "memorysetup-job-temp-allocator-block-size-background=1048576"
    "memorysetup-job-temp-allocator-reduction-small-platforms=262144"
    "memorysetup-allocator-temp-initial-block-size-main=262144"
    "memorysetup-allocator-temp-initial-block-size-worker=262144"
    "memorysetup-temp-allocator-size-background-worker=32768"
    "memorysetup-temp-allocator-size-job-worker=262144"
    "memorysetup-temp-allocator-size-preload-manager=33554432"
    "memorysetup-temp-allocator-size-nav-mesh-worker=65536"
    "memorysetup-temp-allocator-size-audio-worker=65536"
    "memorysetup-temp-allocator-size-cloud-worker=32768"
    "memorysetup-temp-allocator-size-gi-baking-worker=262144"
    "memorysetup-temp-allocator-size-gfx=262144"
Player connection [17916]  Target information:

Player connection [17916]  * "[IP] 192.168.1.10 [Port] 0 [Flags] 2 [Guid] 4175155616 [EditorId] 4175155616 [Version] 1048832 [Id] WindowsEditor(7,DESKTOP-D32SDH0) [Debug] 1 [PackageName] WindowsEditor [ProjectName] Editor" 

Player connection [17916]  * "[IP] 26.173.226.218 [Port] 0 [Flags] 2 [Guid] 4175155616 [EditorId] 4175155616 [Version] 1048832 [Id] WindowsEditor(7,DESKTOP-D32SDH0) [Debug] 1 [PackageName] WindowsEditor [ProjectName] Editor" 

Player connection [17916] Host joined multi-casting on [225.0.0.222:54997]...
Player connection [17916] Host joined alternative multi-casting on [225.0.0.222:34997]...
[PhysX] Initialized MultithreadedTaskDispatcher with 8 workers.
Refreshing native plugins compatible for Editor in 12.76 ms, found 0 plugins.
Preloading 0 native plugins for Editor in 0.00 ms.
Initialize engine version: 2022.3.38f1 (c5d5a7410213)
[Subsystems] Discovering subsystems at path E:/Unity 2022.3.38f1/Editor/Data/Resources/UnitySubsystems
[Subsystems] Discovering subsystems at path D:/TerentevaA_GUN36/Assets
GfxDevice: creating device client; threaded=0; jobified=0
Direct3D:
    Version:  Direct3D 11.0 [level 11.1]
    Renderer: NVIDIA GeForce GTX 1660 SUPER (ID=0x21c4)
    Vendor:   NVIDIA
    VRAM:     5966 MB
    Driver:   32.0.16.1088
Initialize mono
Mono path[0] = 'E:/Unity 2022.3.38f1/Editor/Data/Managed'
Mono path[1] = 'E:/Unity 2022.3.38f1/Editor/Data/MonoBleedingEdge/lib/mono/unityjit-win32'
Mono config path = 'E:/Unity 2022.3.38f1/Editor/Data/MonoBleedingEdge/etc'
Using monoOptions --debugger-agent=transport=dt_socket,embedding=1,server=y,suspend=n,address=127.0.0.1:56396
Begin MonoManager ReloadAssembly
Registering precompiled unity dll's ...
Register platform support module: E:/Unity 2022.3.38f1/Editor/Data/PlaybackEngines/WindowsStandaloneSupport/UnityEditor.WindowsStandalone.Extensions.dll
Registered in 0.013200 seconds.
- Loaded All Assemblies, in  1.067 seconds
Native extension for WindowsStandalone target not found
Mono: successfully reloaded assembly
- Finished resetting the current domain, in  0.830 seconds
Domain Reload Profiling: 1895ms
	BeginReloadAssembly (292ms)
		ExecutionOrderSort (0ms)
		DisableScriptedObjects (0ms)
		BackupInstance (0ms)
		ReleaseScriptingObjects (0ms)
		CreateAndSetChildDomain (2ms)
	RebuildCommonClasses (105ms)
	RebuildNativeTypeToScriptingClass (40ms)
	initialDomainReloadingComplete (137ms)
	LoadAllAssembliesAndSetupDomain (490ms)
		LoadAssemblies (288ms)
		RebuildTransferFunctionScriptingTraits (0ms)
		AnalyzeDomain (487ms)
			TypeCache.Refresh (484ms)
				TypeCache.ScanAssembly (441ms)
			ScanForSourceGeneratedMonoScriptInfo (1ms)
			ResolveRequiredComponents (1ms)
	FinalizeReload (831ms)
		ReleaseScriptCaches (0ms)
		RebuildScriptCaches (0ms)
		SetupLoadedEditorAssemblies (662ms)
			LogAssemblyErrors (0ms)
			InitializePlatformSupportModulesInManaged (41ms)
			SetLoadedEditorAssemblies (19ms)
			RefreshPlugins (0ms)
			BeforeProcessingInitializeOnLoad (5ms)
			ProcessInitializeOnLoadAttributes (409ms)
			ProcessInitializeOnLoadMethodAttributes (187ms)
			AfterProcessingInitializeOnLoad (0ms)
			EditorAssembliesLoaded (0ms)
		ExecutionOrderSort2 (0ms)
		AwakeInstancesAfterBackupRestoration (0ms)
========================================================================
Worker process is ready to serve import requests
Begin MonoManager ReloadAssembly
- Loaded All Assemblies, in  1.691 seconds
Refreshing native plugins compatible for Editor in 2.97 ms, found 0 plugins.
Native extension for WindowsStandalone target not found
Mono: successfully reloaded assembly
- Finished resetting the current domain, in  1.392 seconds
Domain Reload Profiling: 3083ms
	BeginReloadAssembly (469ms)
		ExecutionOrderSort (0ms)
		DisableScriptedObjects (17ms)
		BackupInstance (0ms)
		ReleaseScriptingObjects (0ms)
		CreateAndSetChildDomain (57ms)
	RebuildCommonClasses (126ms)
	RebuildNativeTypeToScriptingClass (38ms)
	initialDomainReloadingComplete (138ms)
	LoadAllAssembliesAndSetupDomain (918ms)
		LoadAssemblies (699ms)
		RebuildTransferFunctionScriptingTraits (0ms)
		AnalyzeDomain (473ms)
			TypeCache.Refresh (390ms)
				TypeCache.ScanAssembly (368ms)
			ScanForSourceGeneratedMonoScriptInfo (46ms)
			ResolveRequiredComponents (36ms)
	FinalizeReload (1395ms)
		ReleaseScriptCaches (0ms)
		RebuildScriptCaches (0ms)
		SetupLoadedEditorAssemblies (898ms)
			LogAssemblyErrors (0ms)
			InitializePlatformSupportModulesInManaged (12ms)
			SetLoadedEditorAssemblies (12ms)
			RefreshPlugins (0ms)
			BeforeProcessingInitializeOnLoad (199ms)
			ProcessInitializeOnLoadAttributes (435ms)
			ProcessInitializeOnLoadMethodAttributes (225ms)
			AfterProcessingInitializeOnLoad (15ms)
			EditorAssembliesLoaded (0ms)
		ExecutionOrderSort2 (0ms)
		AwakeInstancesAfterBackupRestoration (26ms)
Launched and connected shader compiler UnityShaderCompiler.exe after 0.21 seconds
Refreshing native plugins compatible for Editor in 3.89 ms, found 0 plugins.
Preloading 0 native plugins for Editor in 0.00 ms.
Unloading 3056 Unused Serialized files (Serialized files now loaded: 0)
Unloading 55 unused Assets / (0.7 MB). Loaded Objects now: 3514.
Memory consumption went from 148.6 MB to 147.8 MB.
Total: 29.488900 ms (FindLiveObjects: 0.581700 ms CreateObjectMapping: 0.248400 ms MarkObjects: 27.950200 ms  DeleteObjects: 0.706400 ms)

AssetImportParameters requested are different than current active one (requested -> active):
  custom:video-decoder-webm-vp8: 9c59270c3fd7afecdb556c50c9e8de78 -> 
  custom:SearchIndexIgnoredProperties: e643bd26f0fe6173181afceb89e7c659 -> 
  custom:container-demuxer-ogg: 62fdf1f143b41e24485cea50d1cbac27 -> 
  custom:AudioImporter_EditorPlatform: d09bf68614088b80899f8185d706f6e7 -> 
  custom:video-decoder-ogg-theora: a1e56fd34408186e4bbccfd4996cb3dc -> 
  custom:framework-win-MediaFoundation: 216162199b28c13a410421893ffa2e32 -> 
  custom:video-encoder-webm-vp8: eb34c28f22e8b96e1ab97ce403110664 -> 
  custom:audio-decoder-ogg-vorbis: bf7c407c2cedff20999df2af8eb42d56 -> 
  custom:CustomObjectIndexerAttribute: 72b91833f83ae208fae7752999fa3104 -> 
  custom:container-demuxer-webm: 4f35f7cbe854078d1ac9338744f61a02 -> 
  custom:audio-encoder-webm-vorbis: bf7c407c2cedff20999df2af8eb42d56 -> 
  custom:container-muxer-webm: aa71ff27fc2769a1b78a27578f13a17b -> 
========================================================================
Received Import Request.
  Time since last request: 6072.409517 seconds.
  path: Assets/TestTask_MobileGame/ProjectSettings/VersionControlSettings.asset
  artifactKey: Guid(a12722c5c1b02894f90c5d7c32ef2bd1) Importer(2089858483,3d70f49cd1c2eb9ae422958d1c652c6b)
Start importing Assets/TestTask_MobileGame/ProjectSettings/VersionControlSettings.asset using Guid(a12722c5c1b02894f90c5d7c32ef2bd1) Importer(2089858483,3d70f49cd1c2eb9ae422958d1c652c6b) [PhysX] Initialized MultithreadedTaskDispatcher with 8 workers.
 -> (artifact id: '45c0c3cf274726d61e88cfc6b3e97391') in 0.298606 seconds
Number of updated asset objects reloaded before import = 0
Number of asset objects unloaded after import = 0
========================================================================
Received Import Request.
  Time since last request: 0.000652 seconds.
  path: Assets/TestTask_MobileGame/UserSettings/Layouts/default-2022.dwlt
  artifactKey: Guid(ecaa42761cdfcea4c98ab9d8c3a5d18b) Importer(2089858483,0ecaa5967403d082aa24f35e1b516d23)
Start importing Assets/TestTask_MobileGame/UserSettings/Layouts/default-2022.dwlt using Guid(ecaa42761cdfcea4c98ab9d8c3a5d18b) Importer(2089858483,0ecaa5967403d082aa24f35e1b516d23) [PhysX] Initialized MultithreadedTaskDispatcher with 8 workers.
 -> (artifact id: '1f43509ac3781881550e582a5c9ffb1d') in 0.287010 seconds
Number of updated asset objects reloaded before import = 0
Number of asset objects unloaded after import = 1
========================================================================
Received Import Request.
  Time since last request: 0.003033 seconds.
  path: Assets/PolyOne/Free Modular Terrain/Model/SM_Grass_v8_01.fbx
  artifactKey: Guid(f8b95f09bb8da7e40b2dc23fc0a8a2b2) Importer(2089858483,0ecaa5967403d082aa24f35e1b516d23)
Start importing Assets/PolyOne/Free Modular Terrain/Model/SM_Grass_v8_01.fbx using Guid(f8b95f09bb8da7e40b2dc23fc0a8a2b2) Importer(2089858483,0ecaa5967403d082aa24f35e1b516d23) [PhysX] Initialized MultithreadedTaskDispatcher with 8 workers.
 -> (artifact id: '8a10db989092e838bc07473e47eaa9cf') in 0.259683 seconds
Number of updated asset objects reloaded before import = 0
Number of asset objects unloaded after import = 7
========================================================================
Received Import Request.
  Time since last request: 0.000034 seconds.
  path: Assets/PolyOne/Free Modular Terrain/Model/SM_Cliffs_08.fbx
  artifactKey: Guid(f75d487e5903ab54f9eb204adc9a61d1) Importer(2089858483,0ecaa5967403d082aa24f35e1b516d23)
Start importing Assets/PolyOne/Free Modular Terrain/Model/SM_Cliffs_08.fbx using Guid(f75d487e5903ab54f9eb204adc9a61d1) Importer(2089858483,0ecaa5967403d082aa24f35e1b516d23) [PhysX] Initialized MultithreadedTaskDispatcher with 8 workers.
 -> (artifact id: 'c23e9a22c1ee3a656b2b56a4808888ab') in 0.041633 seconds
Number of updated asset objects reloaded before import = 0
Number of asset objects unloaded after import = 7
========================================================================
Received Import Request.
  Time since last request: 0.000047 seconds.
  path: Assets/TestTask_MobileGame/ProjectSettings/ProjectVersion.txt
  artifactKey: Guid(dba86c83f848e4f469a16a131efe6370) Importer(2089858483,0ecaa5967403d082aa24f35e1b516d23)
Start importing Assets/TestTask_MobileGame/ProjectSettings/ProjectVersion.txt using Guid(dba86c83f848e4f469a16a131efe6370) Importer(2089858483,0ecaa5967403d082aa24f35e1b516d23) [PhysX] Initialized MultithreadedTaskDispatcher with 8 workers.
 -> (artifact id: '6954f5dde3cc241897d6189440e069d2') in 0.014139 seconds
Number of updated asset objects reloaded before import = 0
Number of asset objects unloaded after import = 1
========================================================================
Received Import Request.
  Time since last request: 0.000032 seconds.
  path: Assets/PolyOne/Free Modular Terrain/Prefabs/SM_Grass_v8_01.prefab
  artifactKey: Guid(5abe5cabe48b7d348a12bb6c7295f95f) Importer(2089858483,3d70f49cd1c2eb9ae422958d1c652c6b)
Start importing Assets/PolyOne/Free Modular Terrain/Prefabs/SM_Grass_v8_01.prefab using Guid(5abe5cabe48b7d348a12bb6c7295f95f) Importer(2089858483,3d70f49cd1c2eb9ae422958d1c652c6b) [PhysX] Initialized MultithreadedTaskDispatcher with 8 workers.
 -> (artifact id: '703a703b66be9cf5cb51c9fd698c27b4') in 0.022013 seconds
Number of updated asset objects reloaded before import = 0
Number of asset objects unloaded after import = 8
========================================================================
Received Import Request.
  Time since last request: 0.000032 seconds.
  path: Assets/TestTask_MobileGame/Assets/Resources/ProjectContext.prefab
  artifactKey: Guid(8ae817221616b6b45800c6ad1f25eb88) Importer(2089858483,3d70f49cd1c2eb9ae422958d1c652c6b)
Start importing Assets/TestTask_MobileGame/Assets/Resources/ProjectContext.prefab using Guid(8ae817221616b6b45800c6ad1f25eb88) Importer(2089858483,3d70f49cd1c2eb9ae422958d1c652c6b) [PhysX] Initialized MultithreadedTaskDispatcher with 8 workers.
 -> (artifact id: '15d79197e2193e5e6c869329763d4367') in 0.030993 seconds
Number of updated asset objects reloaded before import = 0
Number of asset objects unloaded after import = 6
========================================================================
Received Import Request.
  Time since last request: 0.000029 seconds.
  path: Assets/TestTask_MobileGame/Assets/TextMesh Pro/Fonts/LiberationSans.ttf
  artifactKey: Guid(e3265ab4bf004d28a9537516768c1c75) Importer(2089858483,0ecaa5967403d082aa24f35e1b516d23)
Start importing Assets/TestTask_MobileGame/Assets/TextMesh Pro/Fonts/LiberationSans.ttf using Guid(e3265ab4bf004d28a9537516768c1c75) Importer(2089858483,0ecaa5967403d082aa24f35e1b516d23) [PhysX] Initialized MultithreadedTaskDispatcher with 8 workers.
 -> (artifact id: '66a0c90faf4f55a470f0908ad3faae49') in 0.127630 seconds
Number of updated asset objects reloaded before import = 0
Number of asset objects unloaded after import = 3
========================================================================
Received Import Request.
  Time since last request: 0.000033 seconds.
  path: Assets/TestTask_MobileGame/ProjectSettings/PackageManagerSettings.asset
  artifactKey: Guid(aefd3c8be0bbab04ca058321731239de) Importer(2089858483,0ecaa5967403d082aa24f35e1b516d23)
Start importing Assets/TestTask_MobileGame/ProjectSettings/PackageManagerSettings.asset using Guid(aefd3c8be0bbab04ca058321731239de) Importer(2089858483,0ecaa5967403d082aa24f35e1b516d23) [PhysX] Initialized MultithreadedTaskDispatcher with 8 workers.
 -> (artifact id: '8f16b745f2dd47a608621b7585a4612f') in 0.045622 seconds
Number of updated asset objects reloaded before import = 0
Number of asset objects unloaded after import = 1
========================================================================
Received Import Request.
  Time since last request: 0.000173 seconds.
  path: Assets/TestTask_MobileGame/Assets/Scripts/Enemy/EnemyEntity.cs
  artifactKey: Guid(36c65973e7a085e48a7fbda1e54b44e7) Importer(2089858483,0ecaa5967403d082aa24f35e1b516d23)
Start importing Assets/TestTask_MobileGame/Assets/Scripts/Enemy/EnemyEntity.cs using Guid(36c65973e7a085e48a7fbda1e54b44e7) Importer(2089858483,0ecaa5967403d082aa24f35e1b516d23) [PhysX] Initialized MultithreadedTaskDispatcher with 8 workers.
 -> (artifact id: '0ba96cb27cca720b6bdb87a803a9dbe0') in 0.012491 seconds
Number of updated asset objects reloaded before import = 0
Number of asset objects unloaded after import = 1
========================================================================
Received Import Request.
  Time since last request: 0.000427 seconds.
  path: Assets/TestTask_MobileGame/Assets/Scenes/Main.unity
  artifactKey: Guid(3fc8acdd13e6c734bafef6554d6fdbcd) Importer(2089858483,0ecaa5967403d082aa24f35e1b516d23)
Start importing Assets/TestTask_MobileGame/Assets/Scenes/Main.unity using Guid(3fc8acdd13e6c734bafef6554d6fdbcd) Importer(2089858483,0ecaa5967403d082aa24f35e1b516d23) [PhysX] Initialized MultithreadedTaskDispatcher with 8 workers.
 -> (artifact id: 'b8de9ebc5322e54dddc1599b6056d548') in 0.015111 seconds
Number of updated asset objects reloaded before import = 0
Number of asset objects unloaded after import = 1
========================================================================
Received Import Request.
  Time since last request: 0.000031 seconds.
  path: Assets/TestTask_MobileGame/Assets/Plugins/UniRx/Examples/Sample13_ToDoItem.prefab
  artifactKey: Guid(173222196f3e1f0448b383f260df7d44) Importer(2089858483,3d70f49cd1c2eb9ae422958d1c652c6b)
Start importing Assets/TestTask_MobileGame/Assets/Plugins/UniRx/Examples/Sample13_ToDoItem.prefab using Guid(173222196f3e1f0448b383f260df7d44) Importer(2089858483,3d70f49cd1c2eb9ae422958d1c652c6b) [PhysX] Initialized MultithreadedTaskDispatcher with 8 workers.
 -> (artifact id: '8fa073c23d73148caec354b3b84cbab3') in 0.066816 seconds
Number of updated asset objects reloaded before import = 0
Number of asset objects unloaded after import = 17
========================================================================
Received Import Request.
  Time since last request: 0.000030 seconds.
  path: Assets/TestTask_MobileGame/ProjectSettings/MemorySettings.asset
  artifactKey: Guid(92c55490eadefe7409276f401f1e24af) Importer(2089858483,3d70f49cd1c2eb9ae422958d1c652c6b)
Start importing Assets/TestTask_MobileGame/ProjectSettings/MemorySettings.asset using Guid(92c55490eadefe7409276f401f1e24af) Importer(2089858483,3d70f49cd1c2eb9ae422958d1c652c6b) [PhysX] Initialized MultithreadedTaskDispatcher with 8 workers.
 -> (artifact id: 'bcf263edafcf99fee74efc83fb024751') in 0.026004 seconds
Number of updated asset objects reloaded before import = 0
Number of asset objects unloaded after import = 0
========================================================================
Received Import Request.
  Time since last request: 0.000821 seconds.
  path: Assets/TestTask_MobileGame/Assets/TextMesh Pro/Shaders/TMPro_Properties.cginc
  artifactKey: Guid(3997e2241185407d80309a82f9148466) Importer(2089858483,0ecaa5967403d082aa24f35e1b516d23)
Start importing Assets/TestTask_MobileGame/Assets/TextMesh Pro/Shaders/TMPro_Properties.cginc using Guid(3997e2241185407d80309a82f9148466) Importer(2089858483,0ecaa5967403d082aa24f35e1b516d23) [PhysX] Initialized MultithreadedTaskDispatcher with 8 workers.
 -> (artifact id: '4a268a3f69515600ae7dcc844342a2d0') in 0.024177 seconds
Number of updated asset objects reloaded before import = 0
Number of asset objects unloaded after import = 1
========================================================================
Received Import Request.
  Time since last request: 0.003471 seconds.
  path: Assets/PolyOne/Free Modular Terrain/Texture/T_BaseColor_v01.psd
  artifactKey: Guid(612c43d0ed7aab749a484462e0db56ee) Importer(2089858483,0ecaa5967403d082aa24f35e1b516d23)
Start importing Assets/PolyOne/Free Modular Terrain/Texture/T_BaseColor_v01.psd using Guid(612c43d0ed7aab749a484462e0db56ee) Importer(2089858483,0ecaa5967403d082aa24f35e1b516d23) [PhysX] Initialized MultithreadedTaskDispatcher with 8 workers.
 -> (artifact id: '406ba544666dc41e3683272848a323ff') in 0.122797 seconds
Number of updated asset objects reloaded before import = 0
Number of asset objects unloaded after import = 1
========================================================================
Received Import Request.
  Time since last request: 0.000068 seconds.
  path: Assets/PolyOne/Free Modular Terrain/Model/SM_Terrain_02.fbx
  artifactKey: Guid(2a3e18afcd37ede40878e91ee9b25e7b) Importer(2089858483,0ecaa5967403d082aa24f35e1b516d23)
Start importing Assets/PolyOne/Free Modular Terrain/Model/SM_Terrain_02.fbx using Guid(2a3e18afcd37ede40878e91ee9b25e7b) Importer(2089858483,0ecaa5967403d082aa24f35e1b516d23) [PhysX] Initialized MultithreadedTaskDispatcher with 8 workers.
 -> (artifact id: 'c48474ea8d2f5cd3c2216f466218ef7b') in 0.057597 seconds
Number of updated asset objects reloaded before import = 0
Number of asset objects unloaded after import = 7
========================================================================
Received Import Request.
  Time since last request: 0.000046 seconds.
  path: Assets/TestTask_MobileGame/Assets/Plugins/UniRx/Scripts/Observable.Creation.cs
  artifactKey: Guid(e63036d2dba75f64382beed512fd086c) Importer(2089858483,0ecaa5967403d082aa24f35e1b516d23)
Start importing Assets/TestTask_MobileGame/Assets/Plugins/UniRx/Scripts/Observable.Creation.cs using Guid(e63036d2dba75f64382beed512fd086c) Importer(2089858483,0ecaa5967403d082aa24f35e1b516d23) [PhysX] Initialized MultithreadedTaskDispatcher with 8 workers.
 -> (artifact id: '9b32746d2ceb8ae9d0e728f4d39a3f75') in 0.019987 seconds
Number of updated asset objects reloaded before import = 0
Number of asset objects unloaded after import = 1
========================================================================
Received Import Request.
  Time since last request: 0.000140 seconds.
  path: Assets/TestTask_MobileGame/Assets/Plugins/UniRx/Scripts/Observable.FromAsync.cs
  artifactKey: Guid(601f5bb7bb302a14cb46df717729b8c7) Importer(2089858483,0ecaa5967403d082aa24f35e1b516d23)
Start importing Assets/TestTask_MobileGame/Assets/Plugins/UniRx/Scripts/Observable.FromAsync.cs using Guid(601f5bb7bb302a14cb46df717729b8c7) Importer(2089858483,0ecaa5967403d082aa24f35e1b516d23) [PhysX] Initialized MultithreadedTaskDispatcher with 8 workers.
 -> (artifact id: '817051df8e73a1b830733d34097681ba') in 0.010557 seconds
Number of updated asset objects reloaded before import = 0
Number of asset objects unloaded after import = 1
========================================================================
Received Import Request.
  Time since last request: 0.000048 seconds.
  path: Assets/TestTask_MobileGame/Assets/Plugins/UniTask/Editor/UniTaskTrackerTreeView.cs
  artifactKey: Guid(52e2d973a2156674e8c1c9433ed031f7) Importer(2089858483,0ecaa5967403d082aa24f35e1b516d23)
Start importing Assets/TestTask_MobileGame/Assets/Plugins/UniTask/Editor/UniTaskTrackerTreeView.cs using Guid(52e2d973a2156674e8c1c9433ed031f7) Importer(2089858483,0ecaa5967403d082aa24f35e1b516d23) [PhysX] Initialized MultithreadedTaskDispatcher with 8 workers.
 -> (artifact id: 'a82932c6ab48be42f0759817aaab655a') in 0.017702 seconds
Number of updated asset objects reloaded before import = 0
Number of asset objects unloaded after import = 1
========================================================================
Received Import Request.
  Time since last request: 0.000030 seconds.
  path: Assets/TestTask_MobileGame/Assets/TextMesh Pro/Shaders/TMP_Bitmap.shader
  artifactKey: Guid(128e987d567d4e2c824d754223b3f3b0) Importer(2089858483,0ecaa5967403d082aa24f35e1b516d23)
Start importing Assets/TestTask_MobileGame/Assets/TextMesh Pro/Shaders/TMP_Bitmap.shader using Guid(128e987d567d4e2c824d754223b3f3b0) Importer(2089858483,0ecaa5967403d082aa24f35e1b516d23) [PhysX] Initialized MultithreadedTaskDispatcher with 8 workers.
 -> (artifact id: 'd5305b64291a3dbd3bc78940324cf642') in 0.017851 seconds
Number of updated asset objects reloaded before import = 0
Number of asset objects unloaded after import = 1
========================================================================
Received Import Request.
  Time since last request: 0.000034 seconds.
  path: Assets/TestTask_MobileGame/Assets/Plugins/UniTask/Editor/UniTask.Editor.asmdef
  artifactKey: Guid(4129704b5a1a13841ba16f230bf24a57) Importer(2089858483,0ecaa5967403d082aa24f35e1b516d23)
Start importing Assets/TestTask_MobileGame/Assets/Plugins/UniTask/Editor/UniTask.Editor.asmdef using Guid(4129704b5a1a13841ba16f230bf24a57) Importer(2089858483,0ecaa5967403d082aa24f35e1b516d23) [PhysX] Initialized MultithreadedTaskDispatcher with 8 workers.
 -> (artifact id: 'f69dd3e13e595e1e54f2daf8a223077a') in 0.028713 seconds
Number of updated asset objects reloaded before import = 0
Number of asset objects unloaded after import = 1
========================================================================
Received Import Request.
  Time since last request: 0.000459 seconds.
  path: Assets/TestTask_MobileGame/Assets/TextMesh Pro/Shaders/TMP_SDF.shader
  artifactKey: Guid(68e6db2ebdc24f95958faec2be5558d6) Importer(2089858483,0ecaa5967403d082aa24f35e1b516d23)
Start importing Assets/TestTask_MobileGame/Assets/TextMesh Pro/Shaders/TMP_SDF.shader using Guid(68e6db2ebdc24f95958faec2be5558d6) Importer(2089858483,0ecaa5967403d082aa24f35e1b516d23) [PhysX] Initialized MultithreadedTaskDispatcher with 8 workers.
 -> (artifact id: 'd0431996edbdcd904c4836c4c3c55dc2') in 0.016750 seconds
Number of updated asset objects reloaded before import = 0
Number of asset objects unloaded after import = 1
========================================================================
Received Import Request.
  Time since last request: 0.000032 seconds.
  path: Assets/TestTask_MobileGame/Assets/Plugins/UniRx/Examples/UniRx.Examples.asmdef
  artifactKey: Guid(71799519d12379b49b6b53aea974bea5) Importer(2089858483,0ecaa5967403d082aa24f35e1b516d23)
Start importing Assets/TestTask_MobileGame/Assets/Plugins/UniRx/Examples/UniRx.Examples.asmdef using Guid(71799519d12379b49b6b53aea974bea5) Importer(2089858483,0ecaa5967403d082aa24f35e1b516d23) [PhysX] Initialized MultithreadedTaskDispatcher with 8 workers.
 -> (artifact id: 'cca70d97e730e17718fcce2bff8c4a36') in 0.027095 seconds
Number of updated asset objects reloaded before import = 0
Number of asset objects unloaded after import = 1
========================================================================
Received Import Request.
  Time since last request: 0.000040 seconds.
  path: Assets/TestTask_MobileGame/UserSettings/EditorUserSettings.asset
  artifactKey: Guid(d7a72bec9be53a14a8357249343c4d76) Importer(2089858483,0ecaa5967403d082aa24f35e1b516d23)
Start importing Assets/TestTask_MobileGame/UserSettings/EditorUserSettings.asset using Guid(d7a72bec9be53a14a8357249343c4d76) Importer(2089858483,0ecaa5967403d082aa24f35e1b516d23) [PhysX] Initialized MultithreadedTaskDispatcher with 8 workers.
 -> (artifact id: 'e7bf36c957cc20fa37ccddd25c4aa396') in 0.016523 seconds
Number of updated asset objects reloaded before import = 0
Number of asset objects unloaded after import = 1
========================================================================
Received Import Request.
  Time since last request: 0.000044 seconds.
  path: Assets/TestTask_MobileGame/ProjectSettings/QualitySettings.asset
  artifactKey: Guid(48977ad3e5ea0a348a0dfcea908cec3c) Importer(2089858483,0ecaa5967403d082aa24f35e1b516d23)
Start importing Assets/TestTask_MobileGame/ProjectSettings/QualitySettings.asset using Guid(48977ad3e5ea0a348a0dfcea908cec3c) Importer(2089858483,0ecaa5967403d082aa24f35e1b516d23) [PhysX] Initialized MultithreadedTaskDispatcher with 8 workers.
 -> (artifact id: '0789171c0f4903ff58de9807ad862dd8') in 0.019338 seconds
Number of updated asset objects reloaded before import = 0
Number of asset objects unloaded after import = 1
========================================================================
Received Import Request.
  Time since last request: 0.000033 seconds.
  path: Assets/TestTask_MobileGame/Assets/Plugins/UniTask/Editor/SplitterGUILayout.cs
  artifactKey: Guid(40ef2e46f900131419e869398a8d3c9d) Importer(2089858483,0ecaa5967403d082aa24f35e1b516d23)
Start importing Assets/TestTask_MobileGame/Assets/Plugins/UniTask/Editor/SplitterGUILayout.cs using Guid(40ef2e46f900131419e869398a8d3c9d) Importer(2089858483,0ecaa5967403d082aa24f35e1b516d23) [PhysX] Initialized MultithreadedTaskDispatcher with 8 workers.
 -> (artifact id: '3a1048c208540dcb739eb5fc726e813c') in 0.030772 seconds
Number of updated asset objects reloaded before import = 0
Number of asset objects unloaded after import = 1
========================================================================
Received Import Request.
  Time since last request: 0.001375 seconds.
  path: Assets/TestTask_MobileGame/Assets/TextMesh Pro/Shaders/TMP_SDF-Mobile SSD.shader
  artifactKey: Guid(c8d12adcee749c344b8117cf7c7eb912) Importer(2089858483,0ecaa5967403d082aa24f35e1b516d23)
Start importing Assets/TestTask_MobileGame/Assets/TextMesh Pro/Shaders/TMP_SDF-Mobile SSD.shader using Guid(c8d12adcee749c344b8117cf7c7eb912) Importer(2089858483,0ecaa5967403d082aa24f35e1b516d23) [PhysX] Initialized MultithreadedTaskDispatcher with 8 workers.
 -> (artifact id: '44b06c98f04acc0b4277343f8735aa76') in 0.030358 seconds
Number of updated asset objects reloaded before import = 0
Number of asset objects unloaded after import = 1
========================================================================
Received Import Request.
  Time since last request: 0.000032 seconds.
  path: Assets/UniversalRenderPipelineGlobalSettings.asset
  artifactKey: Guid(ce723ad0134e8714aa55ee7e83750d83) Importer(2089858483,0ecaa5967403d082aa24f35e1b516d23)
Start importing Assets/UniversalRenderPipelineGlobalSettings.asset using Guid(ce723ad0134e8714aa55ee7e83750d83) Importer(2089858483,0ecaa5967403d082aa24f35e1b516d23) [PhysX] Initialized MultithreadedTaskDispatcher with 8 workers.
 -> (artifact id: '3512a85fa3701e2ab863571f93259d0e') in 0.097055 seconds
Number of updated asset objects reloaded before import = 0
Number of asset objects unloaded after import = 1
========================================================================
Received Import Request.
  Time since last request: 0.000032 seconds.
  path: Assets/PolyOne/Free Modular Terrain/Model/SM_Hills_01.fbx
  artifactKey: Guid(34c12c174474d704dab361434acec964) Importer(2089858483,0ecaa5967403d082aa24f35e1b516d23)
Start importing Assets/PolyOne/Free Modular Terrain/Model/SM_Hills_01.fbx using Guid(34c12c174474d704dab361434acec964) Importer(2089858483,0ecaa5967403d082aa24f35e1b516d23) [PhysX] Initialized MultithreadedTaskDispatcher with 8 workers.
 -> (artifact id: '52fe73402b841d720aba4f48d510c386') in 0.045028 seconds
Number of updated asset objects reloaded before import = 0
Number of asset objects unloaded after import = 7
========================================================================
Received Import Request.
  Time since last request: 0.000051 seconds.
  path: Assets/PolyOne/Free Modular Terrain/Model/SM_Mountains_12.fbx
  artifactKey: Guid(e1b3c7cbda9ff5f4fa38b72e8cf5e580) Importer(2089858483,0ecaa5967403d082aa24f35e1b516d23)
Start importing Assets/PolyOne/Free Modular Terrain/Model/SM_Mountains_12.fbx using Guid(e1b3c7cbda9ff5f4fa38b72e8cf5e580) Importer(2089858483,0ecaa5967403d082aa24f35e1b516d23) [PhysX] Initialized MultithreadedTaskDispatcher with 8 workers.
 -> (artifact id: '9c643c4aec9f43790e84819e31115487') in 0.049678 seconds
Number of updated asset objects reloaded before import = 0
Number of asset objects unloaded after import = 7
========================================================================
Received Import Request.
  Time since last request: 0.181032 seconds.
  path: Assets/TestTask_MobileGame/Assets/Plugins/UniTask/Runtime/CancellationTokenExtensions.cs
  artifactKey: Guid(4be7209f04146bd45ac5ee775a5f7c26) Importer(2089858483,0ecaa5967403d082aa24f35e1b516d23)
Start importing Assets/TestTask_MobileGame/Assets/Plugins/UniTask/Runtime/CancellationTokenExtensions.cs using Guid(4be7209f04146bd45ac5ee775a5f7c26) Importer(2089858483,0ecaa5967403d082aa24f35e1b516d23) [PhysX] Initialized MultithreadedTaskDispatcher with 8 workers.
 -> (artifact id: 'fbea22d001611b84f7430693a2361f72') in 0.029603 seconds
Number of updated asset objects reloaded before import = 0
Number of asset objects unloaded after import = 1
========================================================================
Received Import Request.
  Time since last request: 0.000047 seconds.
  path: Assets/TestTask_MobileGame/Assets/Plugins/UniTask/Runtime/UniTask.WhenAll.Generated.cs
  artifactKey: Guid(5110117231c8a6d4095fd0cbd3f4c142) Importer(2089858483,0ecaa5967403d082aa24f35e1b516d23)
Start importing Assets/TestTask_MobileGame/Assets/Plugins/UniTask/Runtime/UniTask.WhenAll.Generated.cs using Guid(5110117231c8a6d4095fd0cbd3f4c142) Importer(2089858483,0ecaa5967403d082aa24f35e1b516d23) [PhysX] Initialized MultithreadedTaskDispatcher with 8 workers.
 -> (artifact id: '17ba11ba9745c3e6ad8e4c40850b56e9') in 0.039201 seconds
Number of updated asset objects reloaded before import = 0
Number of asset objects unloaded after import = 1
========================================================================
Received Import Request.
  Time since last request: 0.001825 seconds.
  path: Assets/TestTask_MobileGame/Assets/Plugins/UniTask/Runtime/UnityWebRequestException.cs
  artifactKey: Guid(013a499e522703a42962a779b4d9850c) Importer(2089858483,0ecaa5967403d082aa24f35e1b516d23)
Start importing Assets/TestTask_MobileGame/Assets/Plugins/UniTask/Runtime/UnityWebRequestException.cs using Guid(013a499e522703a42962a779b4d9850c) Importer(2089858483,0ecaa5967403d082aa24f35e1b516d23) [PhysX] Initialized MultithreadedTaskDispatcher with 8 workers.
 -> (artifact id: 'd9a3403319fdf95605cda2ed6dfe842a') in 0.013650 seconds
Number of updated asset objects reloaded before import = 0
Number of asset objects unloaded after import = 1
========================================================================
Received Import Request.
  Time since last request: 0.000773 seconds.
  path: Assets/TestTask_MobileGame/Assets/Plugins/UniTask/Runtime/UniTask.WhenAny.cs
  artifactKey: Guid(c32578978c37eaf41bdd90e1b034637d) Importer(2089858483,0ecaa5967403d082aa24f35e1b516d23)
Start importing Assets/TestTask_MobileGame/Assets/Plugins/UniTask/Runtime/UniTask.WhenAny.cs using Guid(c32578978c37eaf41bdd90e1b034637d) Importer(2089858483,0ecaa5967403d082aa24f35e1b516d23) [PhysX] Initialized MultithreadedTaskDispatcher with 8 workers.
 -> (artifact id: '25e5b1074f562520e99c794f7423896f') in 0.022025 seconds
Number of updated asset objects reloaded before import = 0
Number of asset objects unloaded after import = 1
========================================================================
Received Import Request.
  Time since last request: 0.000032 seconds.
  path: Assets/TestTask_MobileGame/Assets/Plugins/UniRx/Scripts/Disposables/DictionaryDisposable.cs
  artifactKey: Guid(702939929fc84d544b12076b76aa73b5) Importer(2089858483,0ecaa5967403d082aa24f35e1b516d23)
Start importing Assets/TestTask_MobileGame/Assets/Plugins/UniRx/Scripts/Disposables/DictionaryDisposable.cs using Guid(702939929fc84d544b12076b76aa73b5) Importer(2089858483,0ecaa5967403d082aa24f35e1b516d23) [PhysX] Initialized MultithreadedTaskDispatcher with 8 workers.
 -> (artifact id: '1166858a1ffcd693af31f66e9d37bf66') in 0.021548 seconds
Number of updated asset objects reloaded before import = 0
Number of asset objects unloaded after import = 1
========================================================================
Received Import Request.
  Time since last request: 0.000046 seconds.
  path: Assets/TestTask_MobileGame/Assets/Plugins/UniRx/Scripts/Disposables/RefCountDisposable.cs
  artifactKey: Guid(2fb5a2cdb138579498eb20d8b7818ad8) Importer(2089858483,0ecaa5967403d082aa24f35e1b516d23)
Start importing Assets/TestTask_MobileGame/Assets/Plugins/UniRx/Scripts/Disposables/RefCountDisposable.cs using Guid(2fb5a2cdb138579498eb20d8b7818ad8) Importer(2089858483,0ecaa5967403d082aa24f35e1b516d23) [PhysX] Initialized MultithreadedTaskDispatcher with 8 workers.
 -> (artifact id: 'b07b6f7261e76fc16b2519969fee517b') in 0.020141 seconds
Number of updated asset objects reloaded before import = 0
Number of asset objects unloaded after import = 1
========================================================================
Received Import Request.
  Time since last request: 0.000031 seconds.
  path: Assets/TestTask_MobileGame/Assets/Plugins/UniTask/Runtime/UniTaskScheduler.cs
  artifactKey: Guid(d6cad69921702d5488d96b5ef30df1b0) Importer(2089858483,0ecaa5967403d082aa24f35e1b516d23)
Start importing Assets/TestTask_MobileGame/Assets/Plugins/UniTask/Runtime/UniTaskScheduler.cs using Guid(d6cad69921702d5488d96b5ef30df1b0) Importer(2089858483,0ecaa5967403d082aa24f35e1b516d23) [PhysX] Initialized MultithreadedTaskDispatcher with 8 workers.
 -> (artifact id: 'a1354216e0eccbbf7ae133f100e491b7') in 0.020896 seconds
Number of updated asset objects reloaded before import = 0
Number of asset objects unloaded after import = 1
========================================================================
Received Import Request.
  Time since last request: 0.000329 seconds.
  path: Assets/TestTask_MobileGame/Assets/Plugins/UniTask/Runtime/UnityAsyncExtensions.cs
  artifactKey: Guid(8cc7fd65dd1433e419be4764aeb51391) Importer(2089858483,0ecaa5967403d082aa24f35e1b516d23)
Start importing Assets/TestTask_MobileGame/Assets/Plugins/UniTask/Runtime/UnityAsyncExtensions.cs using Guid(8cc7fd65dd1433e419be4764aeb51391) Importer(2089858483,0ecaa5967403d082aa24f35e1b516d23) [PhysX] Initialized MultithreadedTaskDispatcher with 8 workers.
 -> (artifact id: 'fda2de4101b3fb65392cc09b2a003410') in 0.012715 seconds
Number of updated asset objects reloaded before import = 0
Number of asset objects unloaded after import = 1
========================================================================
Received Import Request.
  Time since last request: 0.000468 seconds.
  path: Assets/TestTask_MobileGame/Assets/Scripts/Core/SaveLoad/ISaveLoadDataHandler.cs
  artifactKey: Guid(273bfd759fc942b1a5e5dc66e4fa6da6) Importer(2089858483,0ecaa5967403d082aa24f35e1b516d23)
Start importing Assets/TestTask_MobileGame/Assets/Scripts/Core/SaveLoad/ISaveLoadDataHandler.cs using Guid(273bfd759fc942b1a5e5dc66e4fa6da6) Importer(2089858483,0ecaa5967403d082aa24f35e1b516d23) [PhysX] Initialized MultithreadedTaskDispatcher with 8 workers.
 -> (artifact id: '853bbb1d0ac08ab4b03777672afb42f2') in 0.029592 seconds
Number of updated asset objects reloaded before import = 0
Number of asset objects unloaded after import = 1
========================================================================
Received Import Request.
  Time since last request: 0.003511 seconds.
  path: Assets/TestTask_MobileGame/Assets/Plugins/Zenject/Source/Zenject.csproj
  artifactKey: Guid(8645273165cb7f54290d6eaa1e10ab37) Importer(2089858483,0ecaa5967403d082aa24f35e1b516d23)
Start importing Assets/TestTask_MobileGame/Assets/Plugins/Zenject/Source/Zenject.csproj using Guid(8645273165cb7f54290d6eaa1e10ab37) Importer(2089858483,0ecaa5967403d082aa24f35e1b516d23) [PhysX] Initialized MultithreadedTaskDispatcher with 8 workers.
 -> (artifact id: '0375c9ebee078f2750fa50cde9d6723b') in 0.020203 seconds
Number of updated asset objects reloaded before import = 0
Number of asset objects unloaded after import = 1
========================================================================
Received Import Request.
  Time since last request: 0.000327 seconds.
  path: Assets/TestTask_MobileGame/Assets/Scripts/Messages/Input/InputFinishedMessage.cs
  artifactKey: Guid(43c85ededb394496b70d3b286fc34954) Importer(2089858483,0ecaa5967403d082aa24f35e1b516d23)
Start importing Assets/TestTask_MobileGame/Assets/Scripts/Messages/Input/InputFinishedMessage.cs using Guid(43c85ededb394496b70d3b286fc34954) Importer(2089858483,0ecaa5967403d082aa24f35e1b516d23) [PhysX] Initialized MultithreadedTaskDispatcher with 8 workers.
 -> (artifact id: '197ba6779c8d298db4f1c7d0d3401826') in 0.013329 seconds
Number of updated asset objects reloaded before import = 0
Number of asset objects unloaded after import = 1
========================================================================
Received Import Request.
  Time since last request: 0.000705 seconds.
  path: Assets/TestTask_MobileGame/Assets/Scripts/Core/InputSource/TouchInput.cs
  artifactKey: Guid(1837ee8526f84d1a927dc7698ad12441) Importer(2089858483,0ecaa5967403d082aa24f35e1b516d23)
Start importing Assets/TestTask_MobileGame/Assets/Scripts/Core/InputSource/TouchInput.cs using Guid(1837ee8526f84d1a927dc7698ad12441) Importer(2089858483,0ecaa5967403d082aa24f35e1b516d23) [PhysX] Initialized MultithreadedTaskDispatcher with 8 workers.
 -> (artifact id: '09f8e50cdf88aee0dc629a197836decb') in 0.009787 seconds
Number of updated asset objects reloaded before import = 0
Number of asset objects unloaded after import = 1
========================================================================
Received Import Request.
  Time since last request: 0.002228 seconds.
  path: Assets/TestTask_MobileGame/Assets/Scripts/Presenters/Menu/GameOverPresenter.cs
  artifactKey: Guid(e63964033e98470c99a267dcd12d80ba) Importer(2089858483,0ecaa5967403d082aa24f35e1b516d23)
Start importing Assets/TestTask_MobileGame/Assets/Scripts/Presenters/Menu/GameOverPresenter.cs using Guid(e63964033e98470c99a267dcd12d80ba) Importer(2089858483,0ecaa5967403d082aa24f35e1b516d23) [PhysX] Initialized MultithreadedTaskDispatcher with 8 workers.
 -> (artifact id: '491cb73c6f2967f0040ae3f41aaaa58e') in 0.023419 seconds
Number of updated asset objects reloaded before import = 0
Number of asset objects unloaded after import = 1
========================================================================
Received Import Request.
  Time since last request: 0.000382 seconds.
  path: Assets/TestTask_MobileGame/Assets/Plugins/UniTask/Runtime/ExceptionExtensions.cs
  artifactKey: Guid(930800098504c0d46958ce23a0495202) Importer(2089858483,0ecaa5967403d082aa24f35e1b516d23)
Start importing Assets/TestTask_MobileGame/Assets/Plugins/UniTask/Runtime/ExceptionExtensions.cs using Guid(930800098504c0d46958ce23a0495202) Importer(2089858483,0ecaa5967403d082aa24f35e1b516d23) [PhysX] Initialized MultithreadedTaskDispatcher with 8 workers.
 -> (artifact id: 'd2bdb732841973d489915b5cdb0bb45b') in 0.017399 seconds
Number of updated asset objects reloaded before import = 0
Number of asset objects unloaded after import = 1
========================================================================
Received Import Request.
  Time since last request: 0.000039 seconds.
  path: Assets/TestTask_MobileGame/Assets/Scripts/Core/Tweener/RotateCurveTweener.cs
  artifactKey: Guid(84ebe49f3e1b44aa9aefa465a63eb5a3) Importer(2089858483,0ecaa5967403d082aa24f35e1b516d23)
Start importing Assets/TestTask_MobileGame/Assets/Scripts/Core/Tweener/RotateCurveTweener.cs using Guid(84ebe49f3e1b44aa9aefa465a63eb5a3) Importer(2089858483,0ecaa5967403d082aa24f35e1b516d23) [PhysX] Initialized MultithreadedTaskDispatcher with 8 workers.
 -> (artifact id: '8cb3cecd31ff06e4d7b610fe2468f0ac') in 0.012063 seconds
Number of updated asset objects reloaded before import = 0
Number of asset objects unloaded after import = 1
========================================================================
Received Import Request.
  Time since last request: 0.000031 seconds.
  path: Assets/TestTask_MobileGame/Assets/Scripts/Core/Messenger/Messenger.cs
  artifactKey: Guid(6591a14cf7474fbeb8cc8002cac9fd2c) Importer(2089858483,0ecaa5967403d082aa24f35e1b516d23)
Start importing Assets/TestTask_MobileGame/Assets/Scripts/Core/Messenger/Messenger.cs using Guid(6591a14cf7474fbeb8cc8002cac9fd2c) Importer(2089858483,0ecaa5967403d082aa24f35e1b516d23) [PhysX] Initialized MultithreadedTaskDispatcher with 8 workers.
 -> (artifact id: 'cab3fe049833d01e5486258b8a9cc02f') in 0.017965 seconds
Number of updated asset objects reloaded before import = 0
Number of asset objects unloaded after import = 1
========================================================================
Received Import Request.
  Time since last request: 0.197467 seconds.
  path: Assets/TestTask_MobileGame/Assets/Plugins/UniRx/Scripts/InternalUtil/CancellableTaskCompletionSource.cs
  artifactKey: Guid(622c7ba8630c25b4c911cd1612ee0887) Importer(2089858483,0ecaa5967403d082aa24f35e1b516d23)
Start importing Assets/TestTask_MobileGame/Assets/Plugins/UniRx/Scripts/InternalUtil/CancellableTaskCompletionSource.cs using Guid(622c7ba8630c25b4c911cd1612ee0887) Importer(2089858483,0ecaa5967403d082aa24f35e1b516d23) [PhysX] Initialized MultithreadedTaskDispatcher with 8 workers.
 -> (artifact id: '728d7b513897436af93ae757128896c0') in 0.046601 seconds
Number of updated asset objects reloaded before import = 0
Number of asset objects unloaded after import = 1
========================================================================
Received Import Request.
  Time since last request: 0.001033 seconds.
  path: Assets/TestTask_MobileGame/Assets/Plugins/UniRx/Scripts/Operators/Timeout.cs
  artifactKey: Guid(a22cd4a86f62fc64384dddb043530703) Importer(2089858483,0ecaa5967403d082aa24f35e1b516d23)
Start importing Assets/TestTask_MobileGame/Assets/Plugins/UniRx/Scripts/Operators/Timeout.cs using Guid(a22cd4a86f62fc64384dddb043530703) Importer(2089858483,0ecaa5967403d082aa24f35e1b516d23) [PhysX] Initialized MultithreadedTaskDispatcher with 8 workers.
 -> (artifact id: 'c3893120f5f98404a425bebb7ce8b007') in 0.010710 seconds
Number of updated asset objects reloaded before import = 0
Number of asset objects unloaded after import = 1
========================================================================
Received Import Request.
  Time since last request: 0.000650 seconds.
  path: Assets/TestTask_MobileGame/Assets/Plugins/UniRx/Scripts/Operators/Scan.cs
  artifactKey: Guid(461fecd0ef4d48c4d95aae68c2ca2c1c) Importer(2089858483,0ecaa5967403d082aa24f35e1b516d23)
Start importing Assets/TestTask_MobileGame/Assets/Plugins/UniRx/Scripts/Operators/Scan.cs using Guid(461fecd0ef4d48c4d95aae68c2ca2c1c) Importer(2089858483,0ecaa5967403d082aa24f35e1b516d23) [PhysX] Initialized MultithreadedTaskDispatcher with 8 workers.
 -> (artifact id: '1536a6801e5d482413e10c1e5e1c3a1f') in 0.018133 seconds
Number of updated asset objects reloaded before import = 0
Number of asset objects unloaded after import = 1
========================================================================
Received Import Request.
  Time since last request: 0.000031 seconds.
  path: Assets/TestTask_MobileGame/Assets/Plugins/UniRx/Scripts/UnityEngineBridge/YieldInstructionCache.cs
  artifactKey: Guid(2493deaccf35b0542800b0851771e665) Importer(2089858483,0ecaa5967403d082aa24f35e1b516d23)
Start importing Assets/TestTask_MobileGame/Assets/Plugins/UniRx/Scripts/UnityEngineBridge/YieldInstructionCache.cs using Guid(2493deaccf35b0542800b0851771e665) Importer(2089858483,0ecaa5967403d082aa24f35e1b516d23) [PhysX] Initialized MultithreadedTaskDispatcher with 8 workers.
 -> (artifact id: '198151f7cd901b04cf57ca0574d7a9d6') in 0.037137 seconds
Number of updated asset objects reloaded before import = 0
Number of asset objects unloaded after import = 1
========================================================================
Received Import Request.
  Time since last request: 0.000036 seconds.
  path: Assets/TestTask_MobileGame/Assets/Plugins/UniRx/Scripts/InternalUtil/ScheduledItem.cs
  artifactKey: Guid(45457ee4a77967347828238b7a52b851) Importer(2089858483,0ecaa5967403d082aa24f35e1b516d23)
Start importing Assets/TestTask_MobileGame/Assets/Plugins/UniRx/Scripts/InternalUtil/ScheduledItem.cs using Guid(45457ee4a77967347828238b7a52b851) Importer(2089858483,0ecaa5967403d082aa24f35e1b516d23) [PhysX] Initialized MultithreadedTaskDispatcher with 8 workers.
 -> (artifact id: '4db9a915abdc927dabe5c89af1cd99f5') in 0.016932 seconds
Number of updated asset objects reloaded before import = 0
Number of asset objects unloaded after import = 1
========================================================================
Received Import Request.
  Time since last request: 0.000238 seconds.
  path: Assets/TestTask_MobileGame/Assets/Plugins/UniTask/Runtime/Internal/ContinuationQueue.cs
  artifactKey: Guid(f66c32454e50f2546b17deadc80a4c77) Importer(2089858483,0ecaa5967403d082aa24f35e1b516d23)
Start importing Assets/TestTask_MobileGame/Assets/Plugins/UniTask/Runtime/Internal/ContinuationQueue.cs using Guid(f66c32454e50f2546b17deadc80a4c77) Importer(2089858483,0ecaa5967403d082aa24f35e1b516d23) [PhysX] Initialized MultithreadedTaskDispatcher with 8 workers.
 -> (artifact id: 'e1492511f170ee848be26926c1788e93') in 0.032609 seconds
Number of updated asset objects reloaded before import = 0
Number of asset objects unloaded after import = 1
========================================================================
Received Import Request.
  Time since last request: 0.001520 seconds.
  path: Assets/TestTask_MobileGame/Assets/Plugins/UniRx/Scripts/Operators/Concat.cs
  artifactKey: Guid(740c2691a7e434f439abfdcac75ea809) Importer(2089858483,0ecaa5967403d082aa24f35e1b516d23)
Start importing Assets/TestTask_MobileGame/Assets/Plugins/UniRx/Scripts/Operators/Concat.cs using Guid(740c2691a7e434f439abfdcac75ea809) Importer(2089858483,0ecaa5967403d082aa24f35e1b516d23) [PhysX] Initialized MultithreadedTaskDispatcher with 8 workers.
 -> (artifact id: 'ac1248b562e1c2ac81d947c9aff57e57') in 0.011617 seconds
Number of updated asset objects reloaded before import = 0
Number of asset objects unloaded after import = 1
========================================================================
Received Import Request.
  Time since last request: 0.001834 seconds.
  path: Assets/TestTask_MobileGame/Assets/Plugins/UniRx/Scripts/InternalUtil/MicroCoroutine.cs
  artifactKey: Guid(108be6d634275c94a95eeb2a39de0792) Importer(2089858483,0ecaa5967403d082aa24f35e1b516d23)
Start importing Assets/TestTask_MobileGame/Assets/Plugins/UniRx/Scripts/InternalUtil/MicroCoroutine.cs using Guid(108be6d634275c94a95eeb2a39de0792) Importer(2089858483,0ecaa5967403d082aa24f35e1b516d23) [PhysX] Initialized MultithreadedTaskDispatcher with 8 workers.
 -> (artifact id: '9251ddf5e299c86231779251bed80bfd') in 0.025356 seconds
Number of updated asset objects reloaded before import = 0
Number of asset objects unloaded after import = 1
========================================================================
Received Import Request.
  Time since last request: 0.000947 seconds.
  path: Assets/TestTask_MobileGame/Assets/Plugins/UniTask/Runtime/CompilerServices/StateMachineRunner.cs
  artifactKey: Guid(98649642833cabf44a9dc060ce4c84a1) Importer(2089858483,0ecaa5967403d082aa24f35e1b516d23)
Start importing Assets/TestTask_MobileGame/Assets/Plugins/UniTask/Runtime/CompilerServices/StateMachineRunner.cs using Guid(98649642833cabf44a9dc060ce4c84a1) Importer(2089858483,0ecaa5967403d082aa24f35e1b516d23) [PhysX] Initialized MultithreadedTaskDispatcher with 8 workers.
 -> (artifact id: 'd47e26793325c961e85668e4a925e877') in 0.013707 seconds
Number of updated asset objects reloaded before import = 0
Number of asset objects unloaded after import = 1
========================================================================
Received Import Request.
  Time since last request: 0.001644 seconds.
  path: Assets/TestTask_MobileGame/Assets/Plugins/UniRx/Scripts/UnityEngineBridge/ReactiveDictionary.cs
  artifactKey: Guid(12cd1079b0fe33f429f9f174c1f849af) Importer(2089858483,0ecaa5967403d082aa24f35e1b516d23)
Start importing Assets/TestTask_MobileGame/Assets/Plugins/UniRx/Scripts/UnityEngineBridge/ReactiveDictionary.cs using Guid(12cd1079b0fe33f429f9f174c1f849af) Importer(2089858483,0ecaa5967403d082aa24f35e1b516d23) [PhysX] Initialized MultithreadedTaskDispatcher with 8 workers.
 -> (artifact id: 'da45cbba86baae7dc168f99236997339') in 0.017318 seconds
Number of updated asset objects reloaded before import = 0
Number of asset objects unloaded after import = 1
========================================================================
Received Import Request.
  Time since last request: 0.000392 seconds.
  path: Assets/TestTask_MobileGame/Assets/Plugins/UniRx/Scripts/Operators/PairWise.cs
  artifactKey: Guid(f66e4871304e6e74d8548d597457e53c) Importer(2089858483,0ecaa5967403d082aa24f35e1b516d23)
Start importing Assets/TestTask_MobileGame/Assets/Plugins/UniRx/Scripts/Operators/PairWise.cs using Guid(f66e4871304e6e74d8548d597457e53c) Importer(2089858483,0ecaa5967403d082aa24f35e1b516d23) [PhysX] Initialized MultithreadedTaskDispatcher with 8 workers.
 -> (artifact id: '6c3056958fb312a9527366802af3d4de') in 0.008471 seconds
Number of updated asset objects reloaded before import = 0
Number of asset objects unloaded after import = 1
========================================================================
Received Import Request.
  Time since last request: 0.000033 seconds.
  path: Assets/TestTask_MobileGame/Assets/Plugins/UniRx/Scripts/Notifiers/BooleanNotifier.cs
  artifactKey: Guid(5ee30c0abdddd7241acbe24df0637678) Importer(2089858483,0ecaa5967403d082aa24f35e1b516d23)
Start importing Assets/TestTask_MobileGame/Assets/Plugins/UniRx/Scripts/Notifiers/BooleanNotifier.cs using Guid(5ee30c0abdddd7241acbe24df0637678) Importer(2089858483,0ecaa5967403d082aa24f35e1b516d23) [PhysX] Initialized MultithreadedTaskDispatcher with 8 workers.
 -> (artifact id: '3b37aa3f92f1aa79bf2a03635dc5fb30') in 0.014995 seconds
Number of updated asset objects reloaded before import = 0
Number of asset objects unloaded after import = 1
========================================================================
Received Import Request.
  Time since last request: 0.000034 seconds.
  path: Assets/TestTask_MobileGame/Assets/Plugins/UniRx/Scripts/Operators/AsObservable.cs
  artifactKey: Guid(9e4851fd48b2b42469d71b311254877b) Importer(2089858483,0ecaa5967403d082aa24f35e1b516d23)
Start importing Assets/TestTask_MobileGame/Assets/Plugins/UniRx/Scripts/Operators/AsObservable.cs using Guid(9e4851fd48b2b42469d71b311254877b) Importer(2089858483,0ecaa5967403d082aa24f35e1b516d23) [PhysX] Initialized MultithreadedTaskDispatcher with 8 workers.
 -> (artifact id: '103d75165b6149512494d6ab4f80e586') in 0.016398 seconds
Number of updated asset objects reloaded before import = 0
Number of asset objects unloaded after import = 1
========================================================================
Received Import Request.
  Time since last request: 0.000036 seconds.
  path: Assets/TestTask_MobileGame/Assets/Plugins/UniRx/Scripts/Operators/SkipWhile.cs
  artifactKey: Guid(4bc7a1e818d05654694d51e883739cca) Importer(2089858483,0ecaa5967403d082aa24f35e1b516d23)
Start importing Assets/TestTask_MobileGame/Assets/Plugins/UniRx/Scripts/Operators/SkipWhile.cs using Guid(4bc7a1e818d05654694d51e883739cca) Importer(2089858483,0ecaa5967403d082aa24f35e1b516d23) [PhysX] Initialized MultithreadedTaskDispatcher with 8 workers.
 -> (artifact id: '7d69ef09c287687356663231b471fb8b') in 0.025783 seconds
Number of updated asset objects reloaded before import = 0
Number of asset objects unloaded after import = 1
========================================================================
Received Import Request.
  Time since last request: 0.000043 seconds.
  path: Assets/TestTask_MobileGame/Assets/Plugins/UniRx/Scripts/UnityEngineBridge/MainThreadDispatcher.cs
  artifactKey: Guid(c3cd207057515c4438a31a6a7b548fe7) Importer(2089858483,0ecaa5967403d082aa24f35e1b516d23)
Start importing Assets/TestTask_MobileGame/Assets/Plugins/UniRx/Scripts/UnityEngineBridge/MainThreadDispatcher.cs using Guid(c3cd207057515c4438a31a6a7b548fe7) Importer(2089858483,0ecaa5967403d082aa24f35e1b516d23) [PhysX] Initialized MultithreadedTaskDispatcher with 8 workers.
 -> (artifact id: '21295f0252fac46b068e9bc4d50e64a2') in 0.026085 seconds
Number of updated asset objects reloaded before import = 0
Number of asset objects unloaded after import = 1
========================================================================
Received Import Request.
  Time since last request: 0.000440 seconds.
  path: Assets/TestTask_MobileGame/Assets/Plugins/UniRx/Scripts/Operators/Delay.cs
  artifactKey: Guid(2af9c507ce062994a904e4b5565b49c0) Importer(2089858483,0ecaa5967403d082aa24f35e1b516d23)
Start importing Assets/TestTask_MobileGame/Assets/Plugins/UniRx/Scripts/Operators/Delay.cs using Guid(2af9c507ce062994a904e4b5565b49c0) Importer(2089858483,0ecaa5967403d082aa24f35e1b516d23) [PhysX] Initialized MultithreadedTaskDispatcher with 8 workers.
 -> (artifact id: '446308be701d7fb1fd474959a1c1ed8d') in 0.170626 seconds
Number of updated asset objects reloaded before import = 0
Number of asset objects unloaded after import = 1
========================================================================
Received Import Request.
  Time since last request: 0.000880 seconds.
  path: Assets/TestTask_MobileGame/Assets/Plugins/UniTask/Runtime/Internal/UnityEqualityComparer.cs
  artifactKey: Guid(ebaaf14253c9cfb47b23283218ff9b67) Importer(2089858483,0ecaa5967403d082aa24f35e1b516d23)
Start importing Assets/TestTask_MobileGame/Assets/Plugins/UniTask/Runtime/Internal/UnityEqualityComparer.cs using Guid(ebaaf14253c9cfb47b23283218ff9b67) Importer(2089858483,0ecaa5967403d082aa24f35e1b516d23) [PhysX] Initialized MultithreadedTaskDispatcher with 8 workers.
 -> (artifact id: '3e496de6e4783b64c946cb87f0ff23c6') in 0.017174 seconds
Number of updated asset objects reloaded before import = 0
Number of asset objects unloaded after import = 1
========================================================================
Received Import Request.
  Time since last request: 0.000049 seconds.
  path: Assets/TestTask_MobileGame/Assets/Plugins/Zenject/Source/Factories/PrefabResourceFactory.cs
  artifactKey: Guid(5fd50037209abd647b7ae7391717f015) Importer(2089858483,0ecaa5967403d082aa24f35e1b516d23)
Start importing Assets/TestTask_MobileGame/Assets/Plugins/Zenject/Source/Factories/PrefabResourceFactory.cs using Guid(5fd50037209abd647b7ae7391717f015) Importer(2089858483,0ecaa5967403d082aa24f35e1b516d23) [PhysX] Initialized MultithreadedTaskDispatcher with 8 workers.
 -> (artifact id: '4b4c3dc17fae142509dfc93b40a6b610') in 0.015673 seconds
Number of updated asset objects reloaded before import = 0
Number of asset objects unloaded after import = 1
========================================================================
Received Import Request.
  Time since last request: 0.000282 seconds.
  path: Assets/TestTask_MobileGame/Assets/Plugins/UniTask/Runtime/Linq/Single.cs
  artifactKey: Guid(1bcd3928b90472e43a3a92c3ba708967) Importer(2089858483,0ecaa5967403d082aa24f35e1b516d23)
Start importing Assets/TestTask_MobileGame/Assets/Plugins/UniTask/Runtime/Linq/Single.cs using Guid(1bcd3928b90472e43a3a92c3ba708967) Importer(2089858483,0ecaa5967403d082aa24f35e1b516d23) [PhysX] Initialized MultithreadedTaskDispatcher with 8 workers.
 -> (artifact id: '1c88909feb64861960c2bc2d2005526d') in 0.008812 seconds
Number of updated asset objects reloaded before import = 0
Number of asset objects unloaded after import = 1
========================================================================
Received Import Request.
  Time since last request: 0.000030 seconds.
  path: Assets/TestTask_MobileGame/Assets/Plugins/Zenject/Source/Binding/BindingUtil.cs
  artifactKey: Guid(3d9014e328d4ff04682edfaaa5bdad36) Importer(2089858483,0ecaa5967403d082aa24f35e1b516d23)
Start importing Assets/TestTask_MobileGame/Assets/Plugins/Zenject/Source/Binding/BindingUtil.cs using Guid(3d9014e328d4ff04682edfaaa5bdad36) Importer(2089858483,0ecaa5967403d082aa24f35e1b516d23) [PhysX] Initialized MultithreadedTaskDispatcher with 8 workers.
 -> (artifact id: '3eeb7c65537427bba851fc88330a8a23') in 0.011935 seconds
Number of updated asset objects reloaded before import = 0
Number of asset objects unloaded after import = 1
========================================================================
Received Import Request.
  Time since last request: 0.000062 seconds.
  path: Assets/TestTask_MobileGame/Assets/Plugins/UniTask/Runtime/Linq/All.cs
  artifactKey: Guid(7271437e0033af2448b600ee248924dd) Importer(2089858483,0ecaa5967403d082aa24f35e1b516d23)
Start importing Assets/TestTask_MobileGame/Assets/Plugins/UniTask/Runtime/Linq/All.cs using Guid(7271437e0033af2448b600ee248924dd) Importer(2089858483,0ecaa5967403d082aa24f35e1b516d23) [PhysX] Initialized MultithreadedTaskDispatcher with 8 workers.
 -> (artifact id: '4037676e36d35bd1b34eff4e82ec4066') in 0.012347 seconds
Number of updated asset objects reloaded before import = 0
Number of asset objects unloaded after import = 1
========================================================================
Received Import Request.
  Time since last request: 0.000043 seconds.
  path: Assets/TestTask_MobileGame/Assets/Plugins/UniTask/Runtime/Linq/Where.cs
  artifactKey: Guid(d882a3238d9535e4e8ce1ad3291eb7fb) Importer(2089858483,0ecaa5967403d082aa24f35e1b516d23)
Start importing Assets/TestTask_MobileGame/Assets/Plugins/UniTask/Runtime/Linq/Where.cs using Guid(d882a3238d9535e4e8ce1ad3291eb7fb) Importer(2089858483,0ecaa5967403d082aa24f35e1b516d23) [PhysX] Initialized MultithreadedTaskDispatcher with 8 workers.
 -> (artifact id: '0f5b79da28c28c5f3d632ef0e4b32726') in 0.013311 seconds
Number of updated asset objects reloaded before import = 0
Number of asset objects unloaded after import = 1
========================================================================
Received Import Request.
  Time since last request: 0.000031 seconds.
  path: Assets/TestTask_MobileGame/Assets/Plugins/UniTask/Runtime/Internal/TaskTracker.cs
  artifactKey: Guid(a203c73eb4ccdbb44bddfd82d38fdda9) Importer(2089858483,0ecaa5967403d082aa24f35e1b516d23)
Start importing Assets/TestTask_MobileGame/Assets/Plugins/UniTask/Runtime/Internal/TaskTracker.cs using Guid(a203c73eb4ccdbb44bddfd82d38fdda9) Importer(2089858483,0ecaa5967403d082aa24f35e1b516d23) [PhysX] Initialized MultithreadedTaskDispatcher with 8 workers.
 -> (artifact id: '98849ba1468bc4e6b1aac2baef3eccd0') in 0.013619 seconds
Number of updated asset objects reloaded before import = 0
Number of asset objects unloaded after import = 1
========================================================================
Received Import Request.
  Time since last request: 0.000024 seconds.
  path: Assets/TestTask_MobileGame/Assets/Plugins/UniTask/Runtime/Triggers/MonoBehaviourMessagesTriggers.cs
  artifactKey: Guid(c30655636c35c3d4da44064af3d2d9a7) Importer(2089858483,0ecaa5967403d082aa24f35e1b516d23)
Start importing Assets/TestTask_MobileGame/Assets/Plugins/UniTask/Runtime/Triggers/MonoBehaviourMessagesTriggers.cs using Guid(c30655636c35c3d4da44064af3d2d9a7) Importer(2089858483,0ecaa5967403d082aa24f35e1b516d23) [PhysX] Initialized MultithreadedTaskDispatcher with 8 workers.
 -> (artifact id: 'e48314f7d0c6a8e2640cc6405d2f9b7d') in 0.015313 seconds
Number of updated asset objects reloaded before import = 0
Number of asset objects unloaded after import = 1
========================================================================
Received Import Request.
  Time since last request: 0.000035 seconds.
  path: Assets/TestTask_MobileGame/Assets/Plugins/Zenject/OptionalExtras/SampleGame1 (Beginner)/AsteroidsSettings.lighting
  artifactKey: Guid(a8eb2f7a4b5e041379e2cf1fde9fb74d) Importer(2089858483,0ecaa5967403d082aa24f35e1b516d23)
Start importing Assets/TestTask_MobileGame/Assets/Plugins/Zenject/OptionalExtras/SampleGame1 (Beginner)/AsteroidsSettings.lighting using Guid(a8eb2f7a4b5e041379e2cf1fde9fb74d) Importer(2089858483,0ecaa5967403d082aa24f35e1b516d23) [PhysX] Initialized MultithreadedTaskDispatcher with 8 workers.
LightingSettings: switching bake backend from 1 to 0.
 -> (artifact id: '908e74a12723fa38d817a073a1b15319') in 0.081091 seconds
Number of updated asset objects reloaded before import = 0
Number of asset objects unloaded after import = 1
========================================================================
Received Import Request.
  Time since last request: 0.000048 seconds.
  path: Assets/TestTask_MobileGame/Assets/Plugins/UniTask/Runtime/Linq/Merge.cs
  artifactKey: Guid(ca56812f160c45d0bacb4339819edf1a) Importer(2089858483,0ecaa5967403d082aa24f35e1b516d23)
Start importing Assets/TestTask_MobileGame/Assets/Plugins/UniTask/Runtime/Linq/Merge.cs using Guid(ca56812f160c45d0bacb4339819edf1a) Importer(2089858483,0ecaa5967403d082aa24f35e1b516d23) [PhysX] Initialized MultithreadedTaskDispatcher with 8 workers.
 -> (artifact id: '6d1710853e9b392092e46c5a9bbfaf77') in 0.020692 seconds
Number of updated asset objects reloaded before import = 0
Number of asset objects unloaded after import = 1
========================================================================
Received Import Request.
  Time since last request: 0.000029 seconds.
  path: Assets/TestTask_MobileGame/Assets/Plugins/UniTask/Runtime/Linq/ForEach.cs
  artifactKey: Guid(ca8d7f8177ba16140920af405aea3fd4) Importer(2089858483,0ecaa5967403d082aa24f35e1b516d23)
Start importing Assets/TestTask_MobileGame/Assets/Plugins/UniTask/Runtime/Linq/ForEach.cs using Guid(ca8d7f8177ba16140920af405aea3fd4) Importer(2089858483,0ecaa5967403d082aa24f35e1b516d23) [PhysX] Initialized MultithreadedTaskDispatcher with 8 workers.
 -> (artifact id: 'a4823148d40a8bc635f2aca1881bea24') in 0.014727 seconds
Number of updated asset objects reloaded before import = 0
Number of asset objects unloaded after import = 1
========================================================================
Received Import Request.
  Time since last request: 0.000029 seconds.
  path: Assets/TestTask_MobileGame/Assets/Plugins/UniTask/Runtime/Linq/MinMax.cs
  artifactKey: Guid(2d6da02d9ab970e4999daf7147d98e36) Importer(2089858483,0ecaa5967403d082aa24f35e1b516d23)
Start importing Assets/TestTask_MobileGame/Assets/Plugins/UniTask/Runtime/Linq/MinMax.cs using Guid(2d6da02d9ab970e4999daf7147d98e36) Importer(2089858483,0ecaa5967403d082aa24f35e1b516d23) [PhysX] Initialized MultithreadedTaskDispatcher with 8 workers.
 -> (artifact id: '9698c2ac3972fc1073c77b2dd24a3361') in 0.014756 seconds
Number of updated asset objects reloaded before import = 0
Number of asset objects unloaded after import = 1
========================================================================
Received Import Request.
  Time since last request: 0.000034 seconds.
  path: Assets/TestTask_MobileGame/Assets/Plugins/UniTask/Runtime/Linq/TakeWhile.cs
  artifactKey: Guid(bca55adabcc4b3141b50b8b09634f764) Importer(2089858483,0ecaa5967403d082aa24f35e1b516d23)
Start importing Assets/TestTask_MobileGame/Assets/Plugins/UniTask/Runtime/Linq/TakeWhile.cs using Guid(bca55adabcc4b3141b50b8b09634f764) Importer(2089858483,0ecaa5967403d082aa24f35e1b516d23) [PhysX] Initialized MultithreadedTaskDispatcher with 8 workers.
 -> (artifact id: 'e4d520150dc435a0200fe82690c7a5c2') in 0.010445 seconds
Number of updated asset objects reloaded before import = 0
Number of asset objects unloaded after import = 1
========================================================================
Received Import Request.
  Time since last request: 0.000029 seconds.
  path: Assets/TestTask_MobileGame/Assets/Plugins/Zenject/Source/Runtime/GuiRenderer.cs
  artifactKey: Guid(d6ee197c5aed3b048b76b82a9be3d094) Importer(2089858483,0ecaa5967403d082aa24f35e1b516d23)
Start importing Assets/TestTask_MobileGame/Assets/Plugins/Zenject/Source/Runtime/GuiRenderer.cs using Guid(d6ee197c5aed3b048b76b82a9be3d094) Importer(2089858483,0ecaa5967403d082aa24f35e1b516d23) [PhysX] Initialized MultithreadedTaskDispatcher with 8 workers.
 -> (artifact id: '98f34b39791b21b26647544e88255ebd') in 0.010004 seconds
Number of updated asset objects reloaded before import = 0
Number of asset objects unloaded after import = 1
========================================================================
Received Import Request.
  Time since last request: 0.000031 seconds.
  path: Assets/TestTask_MobileGame/Assets/Plugins/Zenject/Source/Util/ZenjectException.cs
  artifactKey: Guid(60bbf1e064ae9674185f3f301957c914) Importer(2089858483,0ecaa5967403d082aa24f35e1b516d23)
Start importing Assets/TestTask_MobileGame/Assets/Plugins/Zenject/Source/Util/ZenjectException.cs using Guid(60bbf1e064ae9674185f3f301957c914) Importer(2089858483,0ecaa5967403d082aa24f35e1b516d23) [PhysX] Initialized MultithreadedTaskDispatcher with 8 workers.
 -> (artifact id: '38f5a2ecf95373dd51d0421884e357dc') in 0.012817 seconds
Number of updated asset objects reloaded before import = 0
Number of asset objects unloaded after import = 1
========================================================================
Received Import Request.
  Time since last request: 0.000215 seconds.
  path: Assets/TestTask_MobileGame/Assets/Plugins/Zenject/Source/Providers/TransientProvider.cs
  artifactKey: Guid(84c5bc61bc03f17468a1953edb7dcd42) Importer(2089858483,0ecaa5967403d082aa24f35e1b516d23)
Start importing Assets/TestTask_MobileGame/Assets/Plugins/Zenject/Source/Providers/TransientProvider.cs using Guid(84c5bc61bc03f17468a1953edb7dcd42) Importer(2089858483,0ecaa5967403d082aa24f35e1b516d23) [PhysX] Initialized MultithreadedTaskDispatcher with 8 workers.
 -> (artifact id: '61dbbde20e5914f4f2eb385a46aa7fee') in 0.021418 seconds
Number of updated asset objects reloaded before import = 0
Number of asset objects unloaded after import = 1
========================================================================
Received Import Request.
  Time since last request: 0.000038 seconds.
  path: Assets/TestTask_MobileGame/Assets/Plugins/Zenject/Source/Runtime/PoolableManager.cs
  artifactKey: Guid(aef2cb2ede47a96439cbb34a8935111a) Importer(2089858483,0ecaa5967403d082aa24f35e1b516d23)
Start importing Assets/TestTask_MobileGame/Assets/Plugins/Zenject/Source/Runtime/PoolableManager.cs using Guid(aef2cb2ede47a96439cbb34a8935111a) Importer(2089858483,0ecaa5967403d082aa24f35e1b516d23) [PhysX] Initialized MultithreadedTaskDispatcher with 8 workers.
 -> (artifact id: '78e3ad23f72cf5b3304d55e63ee05c2f') in 0.015502 seconds
Number of updated asset objects reloaded before import = 0
Number of asset objects unloaded after import = 1
========================================================================
Received Import Request.
  Time since last request: 0.000051 seconds.
  path: Assets/TestTask_MobileGame/Assets/Plugins/Zenject/Source/Util/DisposeBlock.cs
  artifactKey: Guid(031fb76cf466ade4baf3269c39c146bd) Importer(2089858483,0ecaa5967403d082aa24f35e1b516d23)
Start importing Assets/TestTask_MobileGame/Assets/Plugins/Zenject/Source/Util/DisposeBlock.cs using Guid(031fb76cf466ade4baf3269c39c146bd) Importer(2089858483,0ecaa5967403d082aa24f35e1b516d23) [PhysX] Initialized MultithreadedTaskDispatcher with 8 workers.
 -> (artifact id: '72d8e37644a99de3e7cb64789dd6a560') in 0.012130 seconds
Number of updated asset objects reloaded before import = 0
Number of asset objects unloaded after import = 1
========================================================================
Received Import Request.
  Time since last request: 0.000029 seconds.
  path: Assets/TestTask_MobileGame/Assets/Plugins/UniRx/Scripts/UnityEngineBridge/Operators/SampleFrame.cs
  artifactKey: Guid(e04c7fc1929a3db458bf7ae31bcd9e55) Importer(2089858483,0ecaa5967403d082aa24f35e1b516d23)
Start importing Assets/TestTask_MobileGame/Assets/Plugins/UniRx/Scripts/UnityEngineBridge/Operators/SampleFrame.cs using Guid(e04c7fc1929a3db458bf7ae31bcd9e55) Importer(2089858483,0ecaa5967403d082aa24f35e1b516d23) [PhysX] Initialized MultithreadedTaskDispatcher with 8 workers.
 -> (artifact id: '9c023f899fa3096e2d779166a4cc5caf') in 0.014813 seconds
Number of updated asset objects reloaded before import = 0
Number of asset objects unloaded after import = 1
========================================================================
Received Import Request.
  Time since last request: 0.000042 seconds.
  path: Assets/TestTask_MobileGame/Assets/Plugins/UniRx/Scripts/UnityEngineBridge/Triggers/ObservableStateMachineTrigger.cs
  artifactKey: Guid(1e29959e46c7ea7409560769cde085ae) Importer(2089858483,0ecaa5967403d082aa24f35e1b516d23)
Start importing Assets/TestTask_MobileGame/Assets/Plugins/UniRx/Scripts/UnityEngineBridge/Triggers/ObservableStateMachineTrigger.cs using Guid(1e29959e46c7ea7409560769cde085ae) Importer(2089858483,0ecaa5967403d082aa24f35e1b516d23) [PhysX] Initialized MultithreadedTaskDispatcher with 8 workers.
 -> (artifact id: 'bef00b0a8048babb8bc5183c3aef25f1') in 0.018222 seconds
Number of updated asset objects reloaded before import = 0
Number of asset objects unloaded after import = 1
========================================================================
Received Import Request.
  Time since last request: 0.000044 seconds.
  path: Assets/TestTask_MobileGame/Assets/Plugins/UniTask/Runtime/Linq/Queue.cs
  artifactKey: Guid(b7ea1bcf9dbebb042bc99c7816249e02) Importer(2089858483,0ecaa5967403d082aa24f35e1b516d23)
Start importing Assets/TestTask_MobileGame/Assets/Plugins/UniTask/Runtime/Linq/Queue.cs using Guid(b7ea1bcf9dbebb042bc99c7816249e02) Importer(2089858483,0ecaa5967403d082aa24f35e1b516d23) [PhysX] Initialized MultithreadedTaskDispatcher with 8 workers.
 -> (artifact id: '50131f63a503c020339db149a8ffb690') in 0.012448 seconds
Number of updated asset objects reloaded before import = 0
Number of asset objects unloaded after import = 1
========================================================================
Received Import Request.
  Time since last request: 0.000035 seconds.
  path: Assets/TestTask_MobileGame/Assets/Plugins/UniRx/Scripts/UnityEngineBridge/Operators/TimeoutFrame.cs
  artifactKey: Guid(c27be0a585d78a944bccd31b86ee6722) Importer(2089858483,0ecaa5967403d082aa24f35e1b516d23)
Start importing Assets/TestTask_MobileGame/Assets/Plugins/UniRx/Scripts/UnityEngineBridge/Operators/TimeoutFrame.cs using Guid(c27be0a585d78a944bccd31b86ee6722) Importer(2089858483,0ecaa5967403d082aa24f35e1b516d23) [PhysX] Initialized MultithreadedTaskDispatcher with 8 workers.
 -> (artifact id: '67fd668df59808cc6a5815c9ed053520') in 0.011922 seconds
Number of updated asset objects reloaded before import = 0
Number of asset objects unloaded after import = 1
========================================================================
Received Import Request.
  Time since last request: 0.000031 seconds.
  path: Assets/TestTask_MobileGame/Assets/Plugins/UniRx/Scripts/UnityEngineBridge/Operators/RepeatUntil.cs
  artifactKey: Guid(93507e8a72a71094f870c8dbe1e5bed8) Importer(2089858483,0ecaa5967403d082aa24f35e1b516d23)
Start importing Assets/TestTask_MobileGame/Assets/Plugins/UniRx/Scripts/UnityEngineBridge/Operators/RepeatUntil.cs using Guid(93507e8a72a71094f870c8dbe1e5bed8) Importer(2089858483,0ecaa5967403d082aa24f35e1b516d23) [PhysX] Initialized MultithreadedTaskDispatcher with 8 workers.
 -> (artifact id: '77db1225b8726ea1eff6e13ecebf1c00') in 0.012288 seconds
Number of updated asset objects reloaded before import = 0
Number of asset objects unloaded after import = 1
========================================================================
Received Import Request.
  Time since last request: 0.000033 seconds.
  path: Assets/TestTask_MobileGame/Assets/Plugins/UniRx/Scripts/UnityEngineBridge/Triggers/ObservableParticleTrigger.cs
  artifactKey: Guid(9e6a20494274d5045a1b36a770ea76b4) Importer(2089858483,0ecaa5967403d082aa24f35e1b516d23)
Start importing Assets/TestTask_MobileGame/Assets/Plugins/UniRx/Scripts/UnityEngineBridge/Triggers/ObservableParticleTrigger.cs using Guid(9e6a20494274d5045a1b36a770ea76b4) Importer(2089858483,0ecaa5967403d082aa24f35e1b516d23) [PhysX] Initialized MultithreadedTaskDispatcher with 8 workers.
 -> (artifact id: '882ff859c57b6a781ad5f64d3f10c570') in 0.023282 seconds
Number of updated asset objects reloaded before import = 0
Number of asset objects unloaded after import = 1
========================================================================
Received Import Request.
  Time since last request: 0.000063 seconds.
  path: Assets/TestTask_MobileGame/Assets/Plugins/UniTask/Runtime/Linq/DistinctUntilChanged.cs
  artifactKey: Guid(0351f6767df7e644b935d4d599968162) Importer(2089858483,0ecaa5967403d082aa24f35e1b516d23)
Start importing Assets/TestTask_MobileGame/Assets/Plugins/UniTask/Runtime/Linq/DistinctUntilChanged.cs using Guid(0351f6767df7e644b935d4d599968162) Importer(2089858483,0ecaa5967403d082aa24f35e1b516d23) [PhysX] Initialized MultithreadedTaskDispatcher with 8 workers.
 -> (artifact id: '4bd5555fbc9733ea2d016b158e409294') in 0.015043 seconds
Number of updated asset objects reloaded before import = 0
Number of asset objects unloaded after import = 1
========================================================================
Received Import Request.
  Time since last request: 0.000042 seconds.
  path: Assets/TestTask_MobileGame/Assets/Plugins/UniRx/Scripts/UnityEngineBridge/Triggers/ObservablePointerDownTrigger.cs
  artifactKey: Guid(c7ae5b5965df2344d99ef7792521b937) Importer(2089858483,0ecaa5967403d082aa24f35e1b516d23)
Start importing Assets/TestTask_MobileGame/Assets/Plugins/UniRx/Scripts/UnityEngineBridge/Triggers/ObservablePointerDownTrigger.cs using Guid(c7ae5b5965df2344d99ef7792521b937) Importer(2089858483,0ecaa5967403d082aa24f35e1b516d23) [PhysX] Initialized MultithreadedTaskDispatcher with 8 workers.
 -> (artifact id: '5ba9b35f376df6d18b839d93a93d345c') in 0.010915 seconds
Number of updated asset objects reloaded before import = 0
Number of asset objects unloaded after import = 1
========================================================================
Received Import Request.
  Time since last request: 0.000032 seconds.
  path: Assets/TestTask_MobileGame/Assets/Plugins/UniRx/Scripts/UnityEngineBridge/Triggers/ObservableFixedUpdateTrigger.cs
  artifactKey: Guid(d525c42c11d945f4398061ed8f84e5f4) Importer(2089858483,0ecaa5967403d082aa24f35e1b516d23)
Start importing Assets/TestTask_MobileGame/Assets/Plugins/UniRx/Scripts/UnityEngineBridge/Triggers/ObservableFixedUpdateTrigger.cs using Guid(d525c42c11d945f4398061ed8f84e5f4) Importer(2089858483,0ecaa5967403d082aa24f35e1b516d23) [PhysX] Initialized MultithreadedTaskDispatcher with 8 workers.
 -> (artifact id: '81ec12b95bed1b2d01235c71520ccdcb') in 0.012878 seconds
Number of updated asset objects reloaded before import = 0
Number of asset objects unloaded after import = 1
========================================================================
Received Import Request.
  Time since last request: 0.000028 seconds.
  path: Assets/TestTask_MobileGame/Assets/Plugins/Zenject/Source/Main/LazyInstanceInjector.cs
  artifactKey: Guid(c7bd2a03033e83a4c9dab4d27166b412) Importer(2089858483,0ecaa5967403d082aa24f35e1b516d23)
Start importing Assets/TestTask_MobileGame/Assets/Plugins/Zenject/Source/Main/LazyInstanceInjector.cs using Guid(c7bd2a03033e83a4c9dab4d27166b412) Importer(2089858483,0ecaa5967403d082aa24f35e1b516d23) [PhysX] Initialized MultithreadedTaskDispatcher with 8 workers.
 -> (artifact id: '389174d1adf4a5e89f9a74a215a14d22') in 0.016441 seconds
Number of updated asset objects reloaded before import = 0
Number of asset objects unloaded after import = 1
========================================================================
Received Import Request.
  Time since last request: 0.000595 seconds.
  path: Assets/TestTask_MobileGame/Assets/Plugins/Zenject/Source/Providers/MethodMultipleProviderUntyped.cs
  artifactKey: Guid(dd9674ffe36a06141afeab1ebbc399f0) Importer(2089858483,0ecaa5967403d082aa24f35e1b516d23)
Start importing Assets/TestTask_MobileGame/Assets/Plugins/Zenject/Source/Providers/MethodMultipleProviderUntyped.cs using Guid(dd9674ffe36a06141afeab1ebbc399f0) Importer(2089858483,0ecaa5967403d082aa24f35e1b516d23) [PhysX] Initialized MultithreadedTaskDispatcher with 8 workers.
 -> (artifact id: 'a41b6b2cf93a55a9154e3045dcd15f8c') in 0.014420 seconds
Number of updated asset objects reloaded before import = 0
Number of asset objects unloaded after import = 1
========================================================================
Received Import Request.
  Time since last request: 0.000286 seconds.
  path: Assets/TestTask_MobileGame/Assets/Plugins/Zenject/Source/Internal/LinqExtensions.cs
  artifactKey: Guid(68fac2f8aa1edec4b9ef45794638a59c) Importer(2089858483,0ecaa5967403d082aa24f35e1b516d23)
Start importing Assets/TestTask_MobileGame/Assets/Plugins/Zenject/Source/Internal/LinqExtensions.cs using Guid(68fac2f8aa1edec4b9ef45794638a59c) Importer(2089858483,0ecaa5967403d082aa24f35e1b516d23) [PhysX] Initialized MultithreadedTaskDispatcher with 8 workers.
 -> (artifact id: 'fa36cd79c9085f45d385adef24ed0ca6') in 0.017535 seconds
Number of updated asset objects reloaded before import = 0
Number of asset objects unloaded after import = 1
========================================================================
Received Import Request.
  Time since last request: 0.000034 seconds.
  path: Assets/TestTask_MobileGame/Assets/Plugins/Zenject/Source/Providers/GetterProvider.cs
  artifactKey: Guid(ce3e2ecdd52e4db469d9bc497ff5e5f5) Importer(2089858483,0ecaa5967403d082aa24f35e1b516d23)
Start importing Assets/TestTask_MobileGame/Assets/Plugins/Zenject/Source/Providers/GetterProvider.cs using Guid(ce3e2ecdd52e4db469d9bc497ff5e5f5) Importer(2089858483,0ecaa5967403d082aa24f35e1b516d23) [PhysX] Initialized MultithreadedTaskDispatcher with 8 workers.
 -> (artifact id: '632ee434c08bfed80ddbad54fec9a042') in 0.011323 seconds
Number of updated asset objects reloaded before import = 0
Number of asset objects unloaded after import = 1
========================================================================
Received Import Request.
  Time since last request: 0.000035 seconds.
  path: Assets/TestTask_MobileGame/Assets/Plugins/Zenject/Source/Injection/LazyInject.cs
  artifactKey: Guid(54883063c774a244c898edbc91b859a0) Importer(2089858483,0ecaa5967403d082aa24f35e1b516d23)
Start importing Assets/TestTask_MobileGame/Assets/Plugins/Zenject/Source/Injection/LazyInject.cs using Guid(54883063c774a244c898edbc91b859a0) Importer(2089858483,0ecaa5967403d082aa24f35e1b516d23) [PhysX] Initialized MultithreadedTaskDispatcher with 8 workers.
 -> (artifact id: 'ae3fc65e5929bc8ae15ebc01f7772c08') in 0.021624 seconds
Number of updated asset objects reloaded before import = 0
Number of asset objects unloaded after import = 1
========================================================================
Received Import Request.
  Time since last request: 0.000590 seconds.
  path: Assets/TestTask_MobileGame/Assets/Plugins/UniTask/Runtime/Internal/PlayerLoopRunner.cs
  artifactKey: Guid(340c6d420bb4f484aa8683415ea92571) Importer(2089858483,0ecaa5967403d082aa24f35e1b516d23)
Start importing Assets/TestTask_MobileGame/Assets/Plugins/UniTask/Runtime/Internal/PlayerLoopRunner.cs using Guid(340c6d420bb4f484aa8683415ea92571) Importer(2089858483,0ecaa5967403d082aa24f35e1b516d23) [PhysX] Initialized MultithreadedTaskDispatcher with 8 workers.
 -> (artifact id: 'db2edc9bde9bbcc43432eceaa53b7e65') in 0.013454 seconds
Number of updated asset objects reloaded before import = 0
Number of asset objects unloaded after import = 1
========================================================================
Received Import Request.
  Time since last request: 0.000037 seconds.
  path: Assets/TestTask_MobileGame/Assets/Plugins/Zenject/Source/Runtime/Kernels/SceneKernel.cs
  artifactKey: Guid(aff38aaefd39d0d41a92c2707718d15c) Importer(2089858483,0ecaa5967403d082aa24f35e1b516d23)
Start importing Assets/TestTask_MobileGame/Assets/Plugins/Zenject/Source/Runtime/Kernels/SceneKernel.cs using Guid(aff38aaefd39d0d41a92c2707718d15c) Importer(2089858483,0ecaa5967403d082aa24f35e1b516d23) [PhysX] Initialized MultithreadedTaskDispatcher with 8 workers.
 -> (artifact id: 'fb294e934b76d955302318828f816b06') in 0.013558 seconds
Number of updated asset objects reloaded before import = 0
Number of asset objects unloaded after import = 1
========================================================================
Received Import Request.
  Time since last request: 0.000170 seconds.
  path: Assets/TestTask_MobileGame/Assets/Plugins/Zenject/OptionalExtras/ReflectionBaking/Unity/ZenjectReflectionBakingSettingsEditor.cs
  artifactKey: Guid(90683e755a104ed4ab5841ef7bb58742) Importer(2089858483,0ecaa5967403d082aa24f35e1b516d23)
Start importing Assets/TestTask_MobileGame/Assets/Plugins/Zenject/OptionalExtras/ReflectionBaking/Unity/ZenjectReflectionBakingSettingsEditor.cs using Guid(90683e755a104ed4ab5841ef7bb58742) Importer(2089858483,0ecaa5967403d082aa24f35e1b516d23) [PhysX] Initialized MultithreadedTaskDispatcher with 8 workers.
 -> (artifact id: 'e0fd3c6c3c154becb716e0a65db124f9') in 0.029200 seconds
Number of updated asset objects reloaded before import = 0
Number of asset objects unloaded after import = 1
========================================================================
Received Import Request.
  Time since last request: 0.000029 seconds.
  path: Assets/TestTask_MobileGame/Assets/Plugins/Zenject/Source/Factories/Pooling/MonoMemoryPool.cs
  artifactKey: Guid(1334aecb808e6c145a993cb441f43bdb) Importer(2089858483,0ecaa5967403d082aa24f35e1b516d23)
Start importing Assets/TestTask_MobileGame/Assets/Plugins/Zenject/Source/Factories/Pooling/MonoMemoryPool.cs using Guid(1334aecb808e6c145a993cb441f43bdb) Importer(2089858483,0ecaa5967403d082aa24f35e1b516d23) [PhysX] Initialized MultithreadedTaskDispatcher with 8 workers.
 -> (artifact id: 'ea14c4211b2bce938132a2e1c1f7a9c7') in 0.011258 seconds
Number of updated asset objects reloaded before import = 0
Number of asset objects unloaded after import = 1
========================================================================
Received Import Request.
  Time since last request: 0.001476 seconds.
  path: Assets/TestTask_MobileGame/Assets/Plugins/Zenject/Source/Binding/Binders/IfNotBoundBinder.cs
  artifactKey: Guid(b9f24b7d14dcf8441a1c2b4166a5ec9c) Importer(2089858483,0ecaa5967403d082aa24f35e1b516d23)
Start importing Assets/TestTask_MobileGame/Assets/Plugins/Zenject/Source/Binding/Binders/IfNotBoundBinder.cs using Guid(b9f24b7d14dcf8441a1c2b4166a5ec9c) Importer(2089858483,0ecaa5967403d082aa24f35e1b516d23) [PhysX] Initialized MultithreadedTaskDispatcher with 8 workers.
 -> (artifact id: 'e4c36a3e9f692bda9fe3879d254195ac') in 0.039064 seconds
Number of updated asset objects reloaded before import = 0
Number of asset objects unloaded after import = 1
========================================================================
Received Import Request.
  Time since last request: 0.007633 seconds.
  path: Assets/TestTask_MobileGame/Assets/Plugins/Zenject/Source/Providers/SubContainerCreators/SubContainerCreatorByNewPrefab.cs
  artifactKey: Guid(17fc7cad09fe4e94f939551c85abf6d9) Importer(2089858483,0ecaa5967403d082aa24f35e1b516d23)
Start importing Assets/TestTask_MobileGame/Assets/Plugins/Zenject/Source/Providers/SubContainerCreators/SubContainerCreatorByNewPrefab.cs using Guid(17fc7cad09fe4e94f939551c85abf6d9) Importer(2089858483,0ecaa5967403d082aa24f35e1b516d23) [PhysX] Initialized MultithreadedTaskDispatcher with 8 workers.
 -> (artifact id: '210a0a64640fb7f3f1471dbf8473ee28') in 0.013633 seconds
Number of updated asset objects reloaded before import = 0
Number of asset objects unloaded after import = 1
========================================================================
Received Import Request.
  Time since last request: 0.000367 seconds.
  path: Assets/TestTask_MobileGame/Assets/Plugins/Zenject/OptionalExtras/SampleGame1 (Beginner)/Media/Meshes/ship.fbx
  artifactKey: Guid(aad20efdfba4b7c418eea1794edbb9f0) Importer(2089858483,0ecaa5967403d082aa24f35e1b516d23)
Start importing Assets/TestTask_MobileGame/Assets/Plugins/Zenject/OptionalExtras/SampleGame1 (Beginner)/Media/Meshes/ship.fbx using Guid(aad20efdfba4b7c418eea1794edbb9f0) Importer(2089858483,0ecaa5967403d082aa24f35e1b516d23) [PhysX] Initialized MultithreadedTaskDispatcher with 8 workers.
 -> (artifact id: '1b9b4b5e47707e7aeb8961f09fac473f') in 0.220139 seconds
Number of updated asset objects reloaded before import = 0
Number of asset objects unloaded after import = 16
========================================================================
Received Import Request.
  Time since last request: 0.000176 seconds.
  path: Assets/TestTask_MobileGame/Assets/Plugins/UniRx/Scripts/UnityEngineBridge/Triggers/ObservableUpdateSelectedTrigger.cs
  artifactKey: Guid(4d207a04db328fd4d970c1457530deb3) Importer(2089858483,0ecaa5967403d082aa24f35e1b516d23)
Start importing Assets/TestTask_MobileGame/Assets/Plugins/UniRx/Scripts/UnityEngineBridge/Triggers/ObservableUpdateSelectedTrigger.cs using Guid(4d207a04db328fd4d970c1457530deb3) Importer(2089858483,0ecaa5967403d082aa24f35e1b516d23) [PhysX] Initialized MultithreadedTaskDispatcher with 8 workers.
 -> (artifact id: 'bec17e77e530c1c1fc40009a58267b26') in 0.022330 seconds
Number of updated asset objects reloaded before import = 0
Number of asset objects unloaded after import = 1
========================================================================
Received Import Request.
  Time since last request: 0.000041 seconds.
  path: Assets/TestTask_MobileGame/Assets/Plugins/Zenject/Source/Runtime/AnimatorInterfaces/AnimatorInstaller.cs
  artifactKey: Guid(f4cbf7c6883911843ae4a64582422dda) Importer(2089858483,0ecaa5967403d082aa24f35e1b516d23)
Start importing Assets/TestTask_MobileGame/Assets/Plugins/Zenject/Source/Runtime/AnimatorInterfaces/AnimatorInstaller.cs using Guid(f4cbf7c6883911843ae4a64582422dda) Importer(2089858483,0ecaa5967403d082aa24f35e1b516d23) [PhysX] Initialized MultithreadedTaskDispatcher with 8 workers.
 -> (artifact id: 'd05096f25505f17f03b52b1bbfd8c6d6') in 0.020224 seconds
Number of updated asset objects reloaded before import = 0
Number of asset objects unloaded after import = 1
========================================================================
Received Import Request.
  Time since last request: 0.000116 seconds.
  path: Assets/TestTask_MobileGame/Assets/Plugins/Zenject/Source/Providers/PrefabCreators/PrefabInstantiator.cs
  artifactKey: Guid(7dfc3341d0446554996b2969abf2d1ff) Importer(2089858483,0ecaa5967403d082aa24f35e1b516d23)
Start importing Assets/TestTask_MobileGame/Assets/Plugins/Zenject/Source/Providers/PrefabCreators/PrefabInstantiator.cs using Guid(7dfc3341d0446554996b2969abf2d1ff) Importer(2089858483,0ecaa5967403d082aa24f35e1b516d23) [PhysX] Initialized MultithreadedTaskDispatcher with 8 workers.
 -> (artifact id: '9f53c307eef66c831959260541dc65fd') in 0.024150 seconds
Number of updated asset objects reloaded before import = 0
Number of asset objects unloaded after import = 1
========================================================================
Received Import Request.
  Time since last request: 0.000028 seconds.
  path: Assets/TestTask_MobileGame/Assets/Plugins/Zenject/OptionalExtras/SampleGame2 (Advanced)/Scripts/Enemy/EnemyDeathHandler.cs
  artifactKey: Guid(52b884b41e3642c489f58f461470f589) Importer(2089858483,0ecaa5967403d082aa24f35e1b516d23)
Start importing Assets/TestTask_MobileGame/Assets/Plugins/Zenject/OptionalExtras/SampleGame2 (Advanced)/Scripts/Enemy/EnemyDeathHandler.cs using Guid(52b884b41e3642c489f58f461470f589) Importer(2089858483,0ecaa5967403d082aa24f35e1b516d23) [PhysX] Initialized MultithreadedTaskDispatcher with 8 workers.
 -> (artifact id: '42ddedbdd1e87114d198ac2adffcdba5') in 0.011913 seconds
Number of updated asset objects reloaded before import = 0
Number of asset objects unloaded after import = 1
========================================================================
Received Import Request.
  Time since last request: 0.000029 seconds.
  path: Assets/TestTask_MobileGame/Assets/Plugins/Zenject/OptionalExtras/SampleGame2 (Advanced)/Scripts/Player/PlayerMoveHandler.cs
  artifactKey: Guid(d1291ab8856aa9e44a39831fce2c2f0c) Importer(2089858483,0ecaa5967403d082aa24f35e1b516d23)
Start importing Assets/TestTask_MobileGame/Assets/Plugins/Zenject/OptionalExtras/SampleGame2 (Advanced)/Scripts/Player/PlayerMoveHandler.cs using Guid(d1291ab8856aa9e44a39831fce2c2f0c) Importer(2089858483,0ecaa5967403d082aa24f35e1b516d23) [PhysX] Initialized MultithreadedTaskDispatcher with 8 workers.
 -> (artifact id: '7cf98732831aa97e6d09b8f3636f5340') in 0.026517 seconds
Number of updated asset objects reloaded before import = 0
Number of asset objects unloaded after import = 1
========================================================================
Received Import Request.
  Time since last request: 0.000024 seconds.
  path: Assets/TestTask_MobileGame/Assets/Plugins/Zenject/OptionalExtras/SampleGame2 (Advanced)/Resources/SpaceFighter/GameSettings.asset
  artifactKey: Guid(91a82aa816bb01d4cb9396481c2614a1) Importer(2089858483,0ecaa5967403d082aa24f35e1b516d23)
Start importing Assets/TestTask_MobileGame/Assets/Plugins/Zenject/OptionalExtras/SampleGame2 (Advanced)/Resources/SpaceFighter/GameSettings.asset using Guid(91a82aa816bb01d4cb9396481c2614a1) Importer(2089858483,0ecaa5967403d082aa24f35e1b516d23) [PhysX] Initialized MultithreadedTaskDispatcher with 8 workers.
 -> (artifact id: 'edcd0e8e1a51743c221cc94eba739dc5') in 0.079040 seconds
Number of updated asset objects reloaded before import = 0
Number of asset objects unloaded after import = 35
========================================================================
Received Import Request.
  Time since last request: 0.000033 seconds.
  path: Assets/TestTask_MobileGame/Assets/Plugins/UniRx/Scripts/UnityEngineBridge/Triggers/ObservableTransformChangedTrigger.cs
  artifactKey: Guid(835e244a602942c4c84a09c9bdedf229) Importer(2089858483,0ecaa5967403d082aa24f35e1b516d23)
Start importing Assets/TestTask_MobileGame/Assets/Plugins/UniRx/Scripts/UnityEngineBridge/Triggers/ObservableTransformChangedTrigger.cs using Guid(835e244a602942c4c84a09c9bdedf229) Importer(2089858483,0ecaa5967403d082aa24f35e1b516d23) [PhysX] Initialized MultithreadedTaskDispatcher with 8 workers.
 -> (artifact id: '4f4adb8db50bc7274b827d19c09af770') in 0.013735 seconds
Number of updated asset objects reloaded before import = 0
Number of asset objects unloaded after import = 1
========================================================================
Received Import Request.
  Time since last request: 0.000042 seconds.
  path: Assets/TestTask_MobileGame/Assets/Plugins/Zenject/Source/Binding/Finalizers/SubContainerBindingFinalizer.cs
  artifactKey: Guid(b263fb784fd4b8140b850ff4d68c7aad) Importer(2089858483,0ecaa5967403d082aa24f35e1b516d23)
Start importing Assets/TestTask_MobileGame/Assets/Plugins/Zenject/Source/Binding/Finalizers/SubContainerBindingFinalizer.cs using Guid(b263fb784fd4b8140b850ff4d68c7aad) Importer(2089858483,0ecaa5967403d082aa24f35e1b516d23) [PhysX] Initialized MultithreadedTaskDispatcher with 8 workers.
 -> (artifact id: '3463bf340c75d883d351e7eda786dd82') in 0.009647 seconds
Number of updated asset objects reloaded before import = 0
Number of asset objects unloaded after import = 1
========================================================================
Received Import Request.
  Time since last request: 0.000095 seconds.
  path: Assets/TestTask_MobileGame/Assets/Plugins/Zenject/Source/Factories/Pooling/MonoPoolableMemoryPool.cs
  artifactKey: Guid(5475433f41ca61c4a9095affbf60b848) Importer(2089858483,0ecaa5967403d082aa24f35e1b516d23)
Start importing Assets/TestTask_MobileGame/Assets/Plugins/Zenject/Source/Factories/Pooling/MonoPoolableMemoryPool.cs using Guid(5475433f41ca61c4a9095affbf60b848) Importer(2089858483,0ecaa5967403d082aa24f35e1b516d23) [PhysX] Initialized MultithreadedTaskDispatcher with 8 workers.
 -> (artifact id: '3b95a5dc2f55faa022af1e20e28afbd3') in 0.014658 seconds
Number of updated asset objects reloaded before import = 0
Number of asset objects unloaded after import = 1
========================================================================
Received Import Request.
  Time since last request: 0.000032 seconds.
  path: Assets/TestTask_MobileGame/Assets/Plugins/Zenject/OptionalExtras/SampleGame2 (Advanced)/Media/Textures/Flame.psd
  artifactKey: Guid(b260cbc8d9bc048bd8834c7a1b5aed36) Importer(2089858483,0ecaa5967403d082aa24f35e1b516d23)
Start importing Assets/TestTask_MobileGame/Assets/Plugins/Zenject/OptionalExtras/SampleGame2 (Advanced)/Media/Textures/Flame.psd using Guid(b260cbc8d9bc048bd8834c7a1b5aed36) Importer(2089858483,0ecaa5967403d082aa24f35e1b516d23) [PhysX] Initialized MultithreadedTaskDispatcher with 8 workers.
 -> (artifact id: '5562ed947d02f3ecd82f4173a37edcf6') in 0.047535 seconds
Number of updated asset objects reloaded before import = 0
Number of asset objects unloaded after import = 1
========================================================================
Received Import Request.
  Time since last request: 0.000731 seconds.
  path: Assets/TestTask_MobileGame/Assets/Plugins/Zenject/OptionalExtras/ReflectionBaking/Unity/AssemblyPathRegistry.cs
  artifactKey: Guid(f96372c95411c904bb55ba67b55e0c84) Importer(2089858483,0ecaa5967403d082aa24f35e1b516d23)
Start importing Assets/TestTask_MobileGame/Assets/Plugins/Zenject/OptionalExtras/ReflectionBaking/Unity/AssemblyPathRegistry.cs using Guid(f96372c95411c904bb55ba67b55e0c84) Importer(2089858483,0ecaa5967403d082aa24f35e1b516d23) [PhysX] Initialized MultithreadedTaskDispatcher with 8 workers.
 -> (artifact id: '568eefd6bfaa82ba08583cd8cb4ad3db') in 0.017525 seconds
Number of updated asset objects reloaded before import = 0
Number of asset objects unloaded after import = 1
========================================================================
Received Import Request.
  Time since last request: 0.000036 seconds.
  path: Assets/TestTask_MobileGame/Assets/Plugins/Zenject/Source/Binding/Finalizers/PrefabResourceBindingFinalizer.cs
  artifactKey: Guid(b851ccfb909f66c4587d694f6e37b279) Importer(2089858483,0ecaa5967403d082aa24f35e1b516d23)
Start importing Assets/TestTask_MobileGame/Assets/Plugins/Zenject/Source/Binding/Finalizers/PrefabResourceBindingFinalizer.cs using Guid(b851ccfb909f66c4587d694f6e37b279) Importer(2089858483,0ecaa5967403d082aa24f35e1b516d23) [PhysX] Initialized MultithreadedTaskDispatcher with 8 workers.
 -> (artifact id: '2f5729989d619c161e20593a2fa2b28a') in 0.012650 seconds
Number of updated asset objects reloaded before import = 0
Number of asset objects unloaded after import = 1
========================================================================
Received Import Request.
  Time since last request: 0.000028 seconds.
  path: Assets/TestTask_MobileGame/Assets/Plugins/Zenject/OptionalExtras/ReflectionBaking/Lib/Zenject.ReflectionBaking.Mono.Cecil.dll
  artifactKey: Guid(0fdc9d5333ed94347bd076c3946dd19d) Importer(2089858483,0ecaa5967403d082aa24f35e1b516d23)
Start importing Assets/TestTask_MobileGame/Assets/Plugins/Zenject/OptionalExtras/ReflectionBaking/Lib/Zenject.ReflectionBaking.Mono.Cecil.dll using Guid(0fdc9d5333ed94347bd076c3946dd19d) Importer(2089858483,0ecaa5967403d082aa24f35e1b516d23) [PhysX] Initialized MultithreadedTaskDispatcher with 8 workers.
 -> (artifact id: 'a6d83a6e88efc74a279ecef8983699ff') in 0.023156 seconds
Number of updated asset objects reloaded before import = 0
Number of asset objects unloaded after import = 1
========================================================================
Received Import Request.
  Time since last request: 0.000032 seconds.
  path: Assets/TestTask_MobileGame/Assets/Plugins/Zenject/Source/Binding/Finalizers/SubContainerPrefabBindingFinalizer.cs
  artifactKey: Guid(da4cb0f689a9b074aa3d2f2da8b38015) Importer(2089858483,0ecaa5967403d082aa24f35e1b516d23)
Start importing Assets/TestTask_MobileGame/Assets/Plugins/Zenject/Source/Binding/Finalizers/SubContainerPrefabBindingFinalizer.cs using Guid(da4cb0f689a9b074aa3d2f2da8b38015) Importer(2089858483,0ecaa5967403d082aa24f35e1b516d23) [PhysX] Initialized MultithreadedTaskDispatcher with 8 workers.
 -> (artifact id: '8e52b89fa18a33aeb3114452a74f55e9') in 0.018587 seconds
Number of updated asset objects reloaded before import = 0
Number of asset objects unloaded after import = 1
========================================================================
Received Import Request.
  Time since last request: 0.000214 seconds.
  path: Assets/TestTask_MobileGame/Assets/Plugins/Zenject/OptionalExtras/ReflectionBaking/Lib/Zenject.ReflectionBaking.Mono.Cecil.Rocks.dll
  artifactKey: Guid(58ca997f0a3dfb84590febf580194214) Importer(2089858483,0ecaa5967403d082aa24f35e1b516d23)
Start importing Assets/TestTask_MobileGame/Assets/Plugins/Zenject/OptionalExtras/ReflectionBaking/Lib/Zenject.ReflectionBaking.Mono.Cecil.Rocks.dll using Guid(58ca997f0a3dfb84590febf580194214) Importer(2089858483,0ecaa5967403d082aa24f35e1b516d23) [PhysX] Initialized MultithreadedTaskDispatcher with 8 workers.
 -> (artifact id: '4de41541befbd7b11c0f7bba7e571ad7') in 0.013890 seconds
Number of updated asset objects reloaded before import = 0
Number of asset objects unloaded after import = 1
========================================================================
Received Import Request.
  Time since last request: 0.000044 seconds.
  path: Assets/TestTask_MobileGame/Assets/Plugins/UniTask/Runtime/Linq/UnityExtensions/EveryValueChanged.cs
  artifactKey: Guid(1ec39f1c41c305344854782c935ad354) Importer(2089858483,0ecaa5967403d082aa24f35e1b516d23)
Start importing Assets/TestTask_MobileGame/Assets/Plugins/UniTask/Runtime/Linq/UnityExtensions/EveryValueChanged.cs using Guid(1ec39f1c41c305344854782c935ad354) Importer(2089858483,0ecaa5967403d082aa24f35e1b516d23) [PhysX] Initialized MultithreadedTaskDispatcher with 8 workers.
 -> (artifact id: 'b49a0913b80b9c8dde1c100e94c33ee2') in 0.035044 seconds
Number of updated asset objects reloaded before import = 0
Number of asset objects unloaded after import = 1
========================================================================
Received Import Request.
  Time since last request: 0.000044 seconds.
  path: Assets/TestTask_MobileGame/Assets/Plugins/Zenject/OptionalExtras/SampleGame2 (Advanced)/Scripts/Installers/GameInstaller.cs
  artifactKey: Guid(e432172e250876f4ab278b0d24d58673) Importer(2089858483,0ecaa5967403d082aa24f35e1b516d23)
Start importing Assets/TestTask_MobileGame/Assets/Plugins/Zenject/OptionalExtras/SampleGame2 (Advanced)/Scripts/Installers/GameInstaller.cs using Guid(e432172e250876f4ab278b0d24d58673) Importer(2089858483,0ecaa5967403d082aa24f35e1b516d23) [PhysX] Initialized MultithreadedTaskDispatcher with 8 workers.
 -> (artifact id: 'eb6b9ad41c157fac57a447d0149a5f40') in 0.010172 seconds
Number of updated asset objects reloaded before import = 0
Number of asset objects unloaded after import = 1
========================================================================
Received Import Request.
  Time since last request: 0.000065 seconds.
  path: Assets/TestTask_MobileGame/Assets/Plugins/Zenject/Source/Install/Contexts/SceneContext.cs
  artifactKey: Guid(89715ad69b973a14899afa2c6730b30b) Importer(2089858483,0ecaa5967403d082aa24f35e1b516d23)
Start importing Assets/TestTask_MobileGame/Assets/Plugins/Zenject/Source/Install/Contexts/SceneContext.cs using Guid(89715ad69b973a14899afa2c6730b30b) Importer(2089858483,0ecaa5967403d082aa24f35e1b516d23) [PhysX] Initialized MultithreadedTaskDispatcher with 8 workers.
 -> (artifact id: '9430423c7fe1df8990fe859fe0d5d78c') in 0.016178 seconds
Number of updated asset objects reloaded before import = 0
Number of asset objects unloaded after import = 1
========================================================================
Received Import Request.
  Time since last request: 0.000029 seconds.
  path: Assets/TestTask_MobileGame/Assets/Plugins/Zenject/Source/Factories/Pooling/Util/PoolCleanupChecker.cs
  artifactKey: Guid(69aee89274cd16b48aa790ddd5a061d2) Importer(2089858483,0ecaa5967403d082aa24f35e1b516d23)
Start importing Assets/TestTask_MobileGame/Assets/Plugins/Zenject/Source/Factories/Pooling/Util/PoolCleanupChecker.cs using Guid(69aee89274cd16b48aa790ddd5a061d2) Importer(2089858483,0ecaa5967403d082aa24f35e1b516d23) [PhysX] Initialized MultithreadedTaskDispatcher with 8 workers.
 -> (artifact id: 'f8e6863cc67b9fa0a4248a602bec88c3') in 0.013229 seconds
Number of updated asset objects reloaded before import = 0
Number of asset objects unloaded after import = 1
========================================================================
Received Import Request.
  Time since last request: 0.000024 seconds.
  path: Assets/TestTask_MobileGame/Assets/Plugins/Zenject/OptionalExtras/Signals/Internal/Binders/BindSignal/SignalCallbackWrapper.cs
  artifactKey: Guid(9a8599dbdf9033e468671e40de134ccf) Importer(2089858483,0ecaa5967403d082aa24f35e1b516d23)
Start importing Assets/TestTask_MobileGame/Assets/Plugins/Zenject/OptionalExtras/Signals/Internal/Binders/BindSignal/SignalCallbackWrapper.cs using Guid(9a8599dbdf9033e468671e40de134ccf) Importer(2089858483,0ecaa5967403d082aa24f35e1b516d23) [PhysX] Initialized MultithreadedTaskDispatcher with 8 workers.
 -> (artifact id: '615b0b945fffc2fe9f0cdaea687a8340') in 0.010423 seconds
Number of updated asset objects reloaded before import = 0
Number of asset objects unloaded after import = 1
========================================================================
Received Import Request.
  Time since last request: 0.000031 seconds.
  path: Assets/TestTask_MobileGame/Assets/Plugins/Zenject/OptionalExtras/SampleGame1 (Beginner)/Media/Imported/SpaceShip/Textures/512_TXTR+Spec.tif
  artifactKey: Guid(96dace51c0add3a46a111a286f8455a6) Importer(2089858483,0ecaa5967403d082aa24f35e1b516d23)
Start importing Assets/TestTask_MobileGame/Assets/Plugins/Zenject/OptionalExtras/SampleGame1 (Beginner)/Media/Imported/SpaceShip/Textures/512_TXTR+Spec.tif using Guid(96dace51c0add3a46a111a286f8455a6) Importer(2089858483,0ecaa5967403d082aa24f35e1b516d23) [PhysX] Initialized MultithreadedTaskDispatcher with 8 workers.
 -> (artifact id: '58caeeb4701cd27687d2219d2e493f7b') in 0.104270 seconds
Number of updated asset objects reloaded before import = 0
Number of asset objects unloaded after import = 1
========================================================================
Received Import Request.
  Time since last request: 0.000047 seconds.
  path: Assets/TestTask_MobileGame/Assets/Plugins/Zenject/Source/Binding/Binders/Factory/FactoryToChoiceBinder/FactoryToChoiceBinder6.cs
  artifactKey: Guid(4c738f3e9159a7e4f8450de246530f96) Importer(2089858483,0ecaa5967403d082aa24f35e1b516d23)
Start importing Assets/TestTask_MobileGame/Assets/Plugins/Zenject/Source/Binding/Binders/Factory/FactoryToChoiceBinder/FactoryToChoiceBinder6.cs using Guid(4c738f3e9159a7e4f8450de246530f96) Importer(2089858483,0ecaa5967403d082aa24f35e1b516d23) [PhysX] Initialized MultithreadedTaskDispatcher with 8 workers.
 -> (artifact id: 'ef8af50ae08eaf10194d954a0f474029') in 0.009504 seconds
Number of updated asset objects reloaded before import = 0
Number of asset objects unloaded after import = 1
========================================================================
Received Import Request.
  Time since last request: 0.000069 seconds.
  path: Assets/TestTask_MobileGame/Assets/Plugins/Zenject/OptionalExtras/SampleGame1 (Beginner)/Media/Imported/Materials/Glow.mat
  artifactKey: Guid(209ea2f17ebe64e85a177a9bbad10476) Importer(2089858483,0ecaa5967403d082aa24f35e1b516d23)
Start importing Assets/TestTask_MobileGame/Assets/Plugins/Zenject/OptionalExtras/SampleGame1 (Beginner)/Media/Imported/Materials/Glow.mat using Guid(209ea2f17ebe64e85a177a9bbad10476) Importer(2089858483,0ecaa5967403d082aa24f35e1b516d23) [PhysX] Initialized MultithreadedTaskDispatcher with 8 workers.
 -> (artifact id: 'c1a151f9a84960db83a674e644d50d8c') in 0.016353 seconds
Number of updated asset objects reloaded before import = 0
Number of asset objects unloaded after import = 2
========================================================================
Received Import Request.
  Time since last request: 0.000031 seconds.
  path: Assets/TestTask_MobileGame/Assets/Plugins/Zenject/Source/Providers/ComponentProviders/AddToGameObjectComponentProviders/AddToGameObjectComponentProviderBase.cs
  artifactKey: Guid(d818f8110e5b31d4eb27001e5c5b3eb9) Importer(2089858483,0ecaa5967403d082aa24f35e1b516d23)
Start importing Assets/TestTask_MobileGame/Assets/Plugins/Zenject/Source/Providers/ComponentProviders/AddToGameObjectComponentProviders/AddToGameObjectComponentProviderBase.cs using Guid(d818f8110e5b31d4eb27001e5c5b3eb9) Importer(2089858483,0ecaa5967403d082aa24f35e1b516d23) [PhysX] Initialized MultithreadedTaskDispatcher with 8 workers.
 -> (artifact id: '059a3ff93aeef7fcbacb51f8c02937a7') in 0.010858 seconds
Number of updated asset objects reloaded before import = 0
Number of asset objects unloaded after import = 1
========================================================================
Received Import Request.
  Time since last request: 0.000098 seconds.
  path: Assets/TestTask_MobileGame/Assets/Plugins/Zenject/Source/Factories/Pooling/Util/StaticMemoryPoolRegistry.cs
  artifactKey: Guid(cccc66ed95242b544bd7f501f0ecb89b) Importer(2089858483,0ecaa5967403d082aa24f35e1b516d23)
Start importing Assets/TestTask_MobileGame/Assets/Plugins/Zenject/Source/Factories/Pooling/Util/StaticMemoryPoolRegistry.cs using Guid(cccc66ed95242b544bd7f501f0ecb89b) Importer(2089858483,0ecaa5967403d082aa24f35e1b516d23) [PhysX] Initialized MultithreadedTaskDispatcher with 8 workers.
 -> (artifact id: 'b4a61b76e9783aa0ab1e3d4ce54ef9cf') in 0.012687 seconds
Number of updated asset objects reloaded before import = 0
Number of asset objects unloaded after import = 1
========================================================================
Received Import Request.
  Time since last request: 0.000033 seconds.
  path: Assets/TestTask_MobileGame/Assets/Plugins/Zenject/OptionalExtras/SampleGame1 (Beginner)/Media/Imported/Materials/FireA.mat
  artifactKey: Guid(0babe53ca63bb49209164496ab5e4231) Importer(2089858483,0ecaa5967403d082aa24f35e1b516d23)
Start importing Assets/TestTask_MobileGame/Assets/Plugins/Zenject/OptionalExtras/SampleGame1 (Beginner)/Media/Imported/Materials/FireA.mat using Guid(0babe53ca63bb49209164496ab5e4231) Importer(2089858483,0ecaa5967403d082aa24f35e1b516d23) [PhysX] Initialized MultithreadedTaskDispatcher with 8 workers.
 -> (artifact id: '7ddf2b1c2c27030a9eebb59573fb5556') in 0.034020 seconds
Number of updated asset objects reloaded before import = 0
Number of asset objects unloaded after import = 2
========================================================================
Received Import Request.
  Time since last request: 0.000815 seconds.
  path: Assets/TestTask_MobileGame/Assets/Plugins/Zenject/Source/Binding/Binders/Factory/FactoryFromBinder/FactoryFromBinder2.cs
  artifactKey: Guid(a36f88760754c1c498ab3270dfb88b72) Importer(2089858483,0ecaa5967403d082aa24f35e1b516d23)
Start importing Assets/TestTask_MobileGame/Assets/Plugins/Zenject/Source/Binding/Binders/Factory/FactoryFromBinder/FactoryFromBinder2.cs using Guid(a36f88760754c1c498ab3270dfb88b72) Importer(2089858483,0ecaa5967403d082aa24f35e1b516d23) [PhysX] Initialized MultithreadedTaskDispatcher with 8 workers.
 -> (artifact id: '6efb2bf170dbc5cf094e8c51640bc037') in 0.017678 seconds
Number of updated asset objects reloaded before import = 0
Number of asset objects unloaded after import = 1
========================================================================
Received Import Request.
  Time since last request: 0.001867 seconds.
  path: Assets/TestTask_MobileGame/Assets/Plugins/Zenject/OptionalExtras/SampleGame2 (Advanced)/Scripts/Enemy/States/EnemyStateFollow.cs
  artifactKey: Guid(f6b8435c02df92747b53470f32656b93) Importer(2089858483,0ecaa5967403d082aa24f35e1b516d23)
Start importing Assets/TestTask_MobileGame/Assets/Plugins/Zenject/OptionalExtras/SampleGame2 (Advanced)/Scripts/Enemy/States/EnemyStateFollow.cs using Guid(f6b8435c02df92747b53470f32656b93) Importer(2089858483,0ecaa5967403d082aa24f35e1b516d23) [PhysX] Initialized MultithreadedTaskDispatcher with 8 workers.
 -> (artifact id: 'd33f41425697156b32b59b30c4530b66') in 0.013120 seconds
Number of updated asset objects reloaded before import = 0
Number of asset objects unloaded after import = 1
========================================================================
Received Import Request.
  Time since last request: 0.000037 seconds.
  path: Assets/TestTask_MobileGame/Assets/Plugins/Zenject/Source/Binding/Binders/Factory/FactoryToChoiceBinder/FactoryToChoiceBinder2.cs
  artifactKey: Guid(59c18bddf62adaf46b1de0564bf02388) Importer(2089858483,0ecaa5967403d082aa24f35e1b516d23)
Start importing Assets/TestTask_MobileGame/Assets/Plugins/Zenject/Source/Binding/Binders/Factory/FactoryToChoiceBinder/FactoryToChoiceBinder2.cs using Guid(59c18bddf62adaf46b1de0564bf02388) Importer(2089858483,0ecaa5967403d082aa24f35e1b516d23) [PhysX] Initialized MultithreadedTaskDispatcher with 8 workers.
 -> (artifact id: '21e9baf0e1ed03f0d48ee704ff36af97') in 0.012502 seconds
Number of updated asset objects reloaded before import = 0
Number of asset objects unloaded after import = 1
========================================================================
Received Import Request.
  Time since last request: 0.000038 seconds.
  path: Assets/TestTask_MobileGame/Assets/Plugins/Zenject/OptionalExtras/SampleGame1 (Beginner)/Media/Imported/Textures/Campfireright.psd
  artifactKey: Guid(f6a7e4120ea5b4ca39d145c3f3b9669d) Importer(2089858483,0ecaa5967403d082aa24f35e1b516d23)
Start importing Assets/TestTask_MobileGame/Assets/Plugins/Zenject/OptionalExtras/SampleGame1 (Beginner)/Media/Imported/Textures/Campfireright.psd using Guid(f6a7e4120ea5b4ca39d145c3f3b9669d) Importer(2089858483,0ecaa5967403d082aa24f35e1b516d23) [PhysX] Initialized MultithreadedTaskDispatcher with 8 workers.
 -> (artifact id: '42014689cd1f17f0cb23672d8888548e') in 0.055039 seconds
Number of updated asset objects reloaded before import = 0
Number of asset objects unloaded after import = 1
========================================================================
Received Import Request.
  Time since last request: 0.000031 seconds.
  path: Assets/TestTask_MobileGame/Assets/Plugins/Zenject/OptionalExtras/Signals/Internal/Binders/DeclareSignal/DeclareSignalRequireHandlerAsyncTickPriorityCopyBinder.cs
  artifactKey: Guid(7cc67ec88be096e4a89e01987d671cb9) Importer(2089858483,0ecaa5967403d082aa24f35e1b516d23)
Start importing Assets/TestTask_MobileGame/Assets/Plugins/Zenject/OptionalExtras/Signals/Internal/Binders/DeclareSignal/DeclareSignalRequireHandlerAsyncTickPriorityCopyBinder.cs using Guid(7cc67ec88be096e4a89e01987d671cb9) Importer(2089858483,0ecaa5967403d082aa24f35e1b516d23) [PhysX] Initialized MultithreadedTaskDispatcher with 8 workers.
 -> (artifact id: 'dc7f5bed8b25fcac250e80d90c01ceea') in 0.018528 seconds
Number of updated asset objects reloaded before import = 0
Number of asset objects unloaded after import = 1
========================================================================
Received Import Request.
  Time since last request: 0.000065 seconds.
  path: Assets/TestTask_MobileGame/Assets/Plugins/Zenject/Source/Editor/Editors/ContextEditor.cs
  artifactKey: Guid(23155ecdf203bf24480fd49763b73677) Importer(2089858483,0ecaa5967403d082aa24f35e1b516d23)
Start importing Assets/TestTask_MobileGame/Assets/Plugins/Zenject/Source/Editor/Editors/ContextEditor.cs using Guid(23155ecdf203bf24480fd49763b73677) Importer(2089858483,0ecaa5967403d082aa24f35e1b516d23) [PhysX] Initialized MultithreadedTaskDispatcher with 8 workers.
 -> (artifact id: '7a033094e9040da378f57ce4658d218d') in 0.042861 seconds
Number of updated asset objects reloaded before import = 0
Number of asset objects unloaded after import = 1
========================================================================
Received Import Request.
  Time since last request: 0.000307 seconds.
  path: Assets/TestTask_MobileGame/Assets/Plugins/Zenject/OptionalExtras/SampleGame1 (Beginner)/Media/Imported/SpaceShip/Space_Shooter.fbm/1K_Body-TXTR.jpg
  artifactKey: Guid(01e65fb55683f1f4182f15ee0a5057ad) Importer(2089858483,0ecaa5967403d082aa24f35e1b516d23)
Start importing Assets/TestTask_MobileGame/Assets/Plugins/Zenject/OptionalExtras/SampleGame1 (Beginner)/Media/Imported/SpaceShip/Space_Shooter.fbm/1K_Body-TXTR.jpg using Guid(01e65fb55683f1f4182f15ee0a5057ad) Importer(2089858483,0ecaa5967403d082aa24f35e1b516d23) [PhysX] Initialized MultithreadedTaskDispatcher with 8 workers.
 -> (artifact id: '2662456aa11d41125669be6741aa417c') in 0.091546 seconds
Number of updated asset objects reloaded before import = 0
Number of asset objects unloaded after import = 1
========================================================================
Received Import Request.
  Time since last request: 0.000354 seconds.
  path: Assets/TestTask_MobileGame/Assets/Plugins/Zenject/Source/Binding/Binders/Conventions/ConventionBindInfo.cs
  artifactKey: Guid(f1e908965ce63ab40b271724cb5490aa) Importer(2089858483,0ecaa5967403d082aa24f35e1b516d23)
Start importing Assets/TestTask_MobileGame/Assets/Plugins/Zenject/Source/Binding/Binders/Conventions/ConventionBindInfo.cs using Guid(f1e908965ce63ab40b271724cb5490aa) Importer(2089858483,0ecaa5967403d082aa24f35e1b516d23) [PhysX] Initialized MultithreadedTaskDispatcher with 8 workers.
 -> (artifact id: '54fb5845d6bbd6983c2f7ba95870ea8a') in 0.016868 seconds
Number of updated asset objects reloaded before import = 0
Number of asset objects unloaded after import = 1
========================================================================
Received Import Request.
  Time since last request: 0.001625 seconds.
  path: Assets/TestTask_MobileGame/Assets/Plugins/Zenject/OptionalExtras/SampleGame1 (Beginner)/Media/Imported/Materials/CampFire_Smoke.mat
  artifactKey: Guid(edd0d4a6265d34cbea0dc848ce7114af) Importer(2089858483,0ecaa5967403d082aa24f35e1b516d23)
Start importing Assets/TestTask_MobileGame/Assets/Plugins/Zenject/OptionalExtras/SampleGame1 (Beginner)/Media/Imported/Materials/CampFire_Smoke.mat using Guid(edd0d4a6265d34cbea0dc848ce7114af) Importer(2089858483,0ecaa5967403d082aa24f35e1b516d23) [PhysX] Initialized MultithreadedTaskDispatcher with 8 workers.
 -> (artifact id: '7c1a5623b3ca05bd3e47d8d4f6cd298b') in 0.028226 seconds
Number of updated asset objects reloaded before import = 0
Number of asset objects unloaded after import = 2
========================================================================
Received Import Request.
  Time since last request: 0.000025 seconds.
  path: Assets/TestTask_MobileGame/Assets/Plugins/Zenject/OptionalExtras/SampleGame1 (Beginner)/Media/Physics/Default.physicMaterial
  artifactKey: Guid(19e1775e0162387408a846a5e92cc2c2) Importer(2089858483,0ecaa5967403d082aa24f35e1b516d23)
Start importing Assets/TestTask_MobileGame/Assets/Plugins/Zenject/OptionalExtras/SampleGame1 (Beginner)/Media/Physics/Default.physicMaterial using Guid(19e1775e0162387408a846a5e92cc2c2) Importer(2089858483,0ecaa5967403d082aa24f35e1b516d23) [PhysX] Initialized MultithreadedTaskDispatcher with 8 workers.
 -> (artifact id: '70709c83b6a0060341157e9374edce5f') in 0.010631 seconds
Number of updated asset objects reloaded before import = 0
Number of asset objects unloaded after import = 1
========================================================================
Received Import Request.
  Time since last request: 0.000028 seconds.
  path: Assets/TestTask_MobileGame/Assets/Plugins/Zenject/OptionalExtras/Signals/Internal/Binders/SignalTickPriorityCopyBinder.cs
  artifactKey: Guid(fb1dbf2ad8637f340a532132f4555abd) Importer(2089858483,0ecaa5967403d082aa24f35e1b516d23)
Start importing Assets/TestTask_MobileGame/Assets/Plugins/Zenject/OptionalExtras/Signals/Internal/Binders/SignalTickPriorityCopyBinder.cs using Guid(fb1dbf2ad8637f340a532132f4555abd) Importer(2089858483,0ecaa5967403d082aa24f35e1b516d23) [PhysX] Initialized MultithreadedTaskDispatcher with 8 workers.
 -> (artifact id: '0482c4ef9230b344af62676a2b05d5b0') in 0.043463 seconds
Number of updated asset objects reloaded before import = 0
Number of asset objects unloaded after import = 1
========================================================================
Received Import Request.
  Time since last request: 0.000032 seconds.
  path: Assets/TestTask_MobileGame/Assets/Plugins/Zenject/OptionalExtras/SampleGame2 (Advanced)/Scripts/Enemy/EnemyStateManager.cs
  artifactKey: Guid(4087d354966adf44fa24ee0fa597f6da) Importer(2089858483,0ecaa5967403d082aa24f35e1b516d23)
Start importing Assets/TestTask_MobileGame/Assets/Plugins/Zenject/OptionalExtras/SampleGame2 (Advanced)/Scripts/Enemy/EnemyStateManager.cs using Guid(4087d354966adf44fa24ee0fa597f6da) Importer(2089858483,0ecaa5967403d082aa24f35e1b516d23) [PhysX] Initialized MultithreadedTaskDispatcher with 8 workers.
 -> (artifact id: 'be4f9a96e7179e36a10ae978b17c9fdc') in 0.013524 seconds
Number of updated asset objects reloaded before import = 0
Number of asset objects unloaded after import = 1
========================================================================
Received Import Request.
  Time since last request: 0.000031 seconds.
  path: Assets/TestTask_MobileGame/Assets/Plugins/Zenject/OptionalExtras/SampleGame1 (Beginner)/Scripts/Asteroid/Asteroid.cs
  artifactKey: Guid(5608cae0fd6ebbd46b5ad3c03b150682) Importer(2089858483,0ecaa5967403d082aa24f35e1b516d23)
Start importing Assets/TestTask_MobileGame/Assets/Plugins/Zenject/OptionalExtras/SampleGame1 (Beginner)/Scripts/Asteroid/Asteroid.cs using Guid(5608cae0fd6ebbd46b5ad3c03b150682) Importer(2089858483,0ecaa5967403d082aa24f35e1b516d23) [PhysX] Initialized MultithreadedTaskDispatcher with 8 workers.
 -> (artifact id: '9db914257798534909f982bcba076543') in 0.036116 seconds
Number of updated asset objects reloaded before import = 0
Number of asset objects unloaded after import = 1
========================================================================
Received Import Request.
  Time since last request: 0.000035 seconds.
  path: Assets/TestTask_MobileGame/Assets/Plugins/Zenject/Source/Binding/Finalizers/ScopableBindingFinalizer.cs
  artifactKey: Guid(d2392181aaeca434cb15e2719d7567d6) Importer(2089858483,0ecaa5967403d082aa24f35e1b516d23)
Start importing Assets/TestTask_MobileGame/Assets/Plugins/Zenject/Source/Binding/Finalizers/ScopableBindingFinalizer.cs using Guid(d2392181aaeca434cb15e2719d7567d6) Importer(2089858483,0ecaa5967403d082aa24f35e1b516d23) [PhysX] Initialized MultithreadedTaskDispatcher with 8 workers.
 -> (artifact id: '2c904224ac4102e9f951d3e961f68daf') in 0.010046 seconds
Number of updated asset objects reloaded before import = 0
Number of asset objects unloaded after import = 1
========================================================================
Received Import Request.
  Time since last request: 0.000074 seconds.
  path: Assets/TestTask_MobileGame/Assets/Plugins/Zenject/OptionalExtras/SampleGame2 (Advanced)/Scripts/Enemy/States/EnemyStateAttack.cs
  artifactKey: Guid(3d2bd141d86c3fb40a0a616c19e6de0c) Importer(2089858483,0ecaa5967403d082aa24f35e1b516d23)
Start importing Assets/TestTask_MobileGame/Assets/Plugins/Zenject/OptionalExtras/SampleGame2 (Advanced)/Scripts/Enemy/States/EnemyStateAttack.cs using Guid(3d2bd141d86c3fb40a0a616c19e6de0c) Importer(2089858483,0ecaa5967403d082aa24f35e1b516d23) [PhysX] Initialized MultithreadedTaskDispatcher with 8 workers.
 -> (artifact id: 'dc1e80ee59e84989c1c1795d870398fd') in 0.017369 seconds
Number of updated asset objects reloaded before import = 0
Number of asset objects unloaded after import = 1
========================================================================
Received Import Request.
  Time since last request: 0.000073 seconds.
  path: Assets/TestTask_MobileGame/Assets/Plugins/Zenject/Source/Binding/Binders/Factory/FactoryToChoiceIdBinder/FactoryToChoiceIdBinder0.cs
  artifactKey: Guid(dca817e151a0eac4480344dcf838b949) Importer(2089858483,0ecaa5967403d082aa24f35e1b516d23)
Start importing Assets/TestTask_MobileGame/Assets/Plugins/Zenject/Source/Binding/Binders/Factory/FactoryToChoiceIdBinder/FactoryToChoiceIdBinder0.cs using Guid(dca817e151a0eac4480344dcf838b949) Importer(2089858483,0ecaa5967403d082aa24f35e1b516d23) [PhysX] Initialized MultithreadedTaskDispatcher with 8 workers.
 -> (artifact id: 'd941dc1cbf9a6b8b46617c4d86a0a722') in 0.010049 seconds
Number of updated asset objects reloaded before import = 0
Number of asset objects unloaded after import = 1
========================================================================
Received Import Request.
  Time since last request: 0.000031 seconds.
  path: Assets/TestTask_MobileGame/Assets/Plugins/Zenject/OptionalExtras/SampleGame1 (Beginner)/Media/Imported/Rocks/textures/normal.jpg
  artifactKey: Guid(853943b2b36a4624ab8455cd26861c46) Importer(2089858483,0ecaa5967403d082aa24f35e1b516d23)
Start importing Assets/TestTask_MobileGame/Assets/Plugins/Zenject/OptionalExtras/SampleGame1 (Beginner)/Media/Imported/Rocks/textures/normal.jpg using Guid(853943b2b36a4624ab8455cd26861c46) Importer(2089858483,0ecaa5967403d082aa24f35e1b516d23) [PhysX] Initialized MultithreadedTaskDispatcher with 8 workers.
 -> (artifact id: 'fae0ea8a72f787058248df901a8d069e') in 0.054402 seconds
Number of updated asset objects reloaded before import = 0
Number of asset objects unloaded after import = 1
========================================================================
Received Import Request.
  Time since last request: 0.000062 seconds.
  path: Assets/TestTask_MobileGame/Assets/Plugins/Zenject/Source/Editor/ZenMenuItems.cs
  artifactKey: Guid(d45338750ad0b4f4b90ed09091927b46) Importer(2089858483,0ecaa5967403d082aa24f35e1b516d23)
Start importing Assets/TestTask_MobileGame/Assets/Plugins/Zenject/Source/Editor/ZenMenuItems.cs using Guid(d45338750ad0b4f4b90ed09091927b46) Importer(2089858483,0ecaa5967403d082aa24f35e1b516d23) [PhysX] Initialized MultithreadedTaskDispatcher with 8 workers.
 -> (artifact id: '18e3e54a35f3a303db4d94dee43abd43') in 0.028226 seconds
Number of updated asset objects reloaded before import = 0
Number of asset objects unloaded after import = 1
========================================================================
Received Import Request.
  Time since last request: 0.001033 seconds.
  path: Assets/TestTask_MobileGame/Assets/Plugins/Zenject/Source/Binding/Binders/Factory/FactoryFromBinder/SubContainerBinder/FactorySubContainerBinder1.cs
  artifactKey: Guid(b119fe818c4bae143ab8f9a4f2a1b0fd) Importer(2089858483,0ecaa5967403d082aa24f35e1b516d23)
Start importing Assets/TestTask_MobileGame/Assets/Plugins/Zenject/Source/Binding/Binders/Factory/FactoryFromBinder/SubContainerBinder/FactorySubContainerBinder1.cs using Guid(b119fe818c4bae143ab8f9a4f2a1b0fd) Importer(2089858483,0ecaa5967403d082aa24f35e1b516d23) [PhysX] Initialized MultithreadedTaskDispatcher with 8 workers.
 -> (artifact id: '63fffd5530ffe96a5c34f0b84f92b09c') in 0.017510 seconds
Number of updated asset objects reloaded before import = 0
Number of asset objects unloaded after import = 1
========================================================================
Received Import Request.
  Time since last request: 0.000106 seconds.
  path: Assets/TestTask_MobileGame/Assets/Plugins/Zenject/Source/Factories/PlaceholderFactory.cs
  artifactKey: Guid(665a56f53857092408155478e576cfd0) Importer(2089858483,0ecaa5967403d082aa24f35e1b516d23)
Start importing Assets/TestTask_MobileGame/Assets/Plugins/Zenject/Source/Factories/PlaceholderFactory.cs using Guid(665a56f53857092408155478e576cfd0) Importer(2089858483,0ecaa5967403d082aa24f35e1b516d23) [PhysX] Initialized MultithreadedTaskDispatcher with 8 workers.
 -> (artifact id: '6e709a486df17982df2e22c33386f180') in 0.010435 seconds
Number of updated asset objects reloaded before import = 0
Number of asset objects unloaded after import = 1
========================================================================
Received Import Request.
  Time since last request: 0.000029 seconds.
  path: Assets/TestTask_MobileGame/Assets/Plugins/Zenject/OptionalExtras/SampleGame2 (Advanced)/Scripts/Misc/EnemySpawner.cs
  artifactKey: Guid(1daabbbef5fff9a4b9a2c94659ecdf57) Importer(2089858483,0ecaa5967403d082aa24f35e1b516d23)
Start importing Assets/TestTask_MobileGame/Assets/Plugins/Zenject/OptionalExtras/SampleGame2 (Advanced)/Scripts/Misc/EnemySpawner.cs using Guid(1daabbbef5fff9a4b9a2c94659ecdf57) Importer(2089858483,0ecaa5967403d082aa24f35e1b516d23) [PhysX] Initialized MultithreadedTaskDispatcher with 8 workers.
 -> (artifact id: '9eef455d92af6af1077a3bc8dffb89dd') in 0.026697 seconds
Number of updated asset objects reloaded before import = 0
Number of asset objects unloaded after import = 1
========================================================================
Received Import Request.
  Time since last request: 0.000032 seconds.
  path: Assets/TestTask_MobileGame/Assets/Plugins/Zenject/OptionalExtras/SampleGame2 (Advanced)/Media/Sounds/damage.wav
  artifactKey: Guid(f9517356afb533a41b9e7cb6f155031e) Importer(2089858483,0ecaa5967403d082aa24f35e1b516d23)
Start importing Assets/TestTask_MobileGame/Assets/Plugins/Zenject/OptionalExtras/SampleGame2 (Advanced)/Media/Sounds/damage.wav using Guid(f9517356afb533a41b9e7cb6f155031e) Importer(2089858483,0ecaa5967403d082aa24f35e1b516d23) [PhysX] Initialized MultithreadedTaskDispatcher with 8 workers.
 -> (artifact id: '1668e0b6963ecc9364106d37136f8eed') in 0.093821 seconds
Number of updated asset objects reloaded before import = 0
Number of asset objects unloaded after import = 1
========================================================================
Received Import Request.
  Time since last request: 0.000029 seconds.
  path: Assets/TestTask_MobileGame/Assets/Plugins/UniRx/Scripts/UnityEngineBridge/Triggers/ObservableTriggerExtensions.cs
  artifactKey: Guid(3ee4df960144b9042874516111cf2d6c) Importer(2089858483,0ecaa5967403d082aa24f35e1b516d23)
Start importing Assets/TestTask_MobileGame/Assets/Plugins/UniRx/Scripts/UnityEngineBridge/Triggers/ObservableTriggerExtensions.cs using Guid(3ee4df960144b9042874516111cf2d6c) Importer(2089858483,0ecaa5967403d082aa24f35e1b516d23) [PhysX] Initialized MultithreadedTaskDispatcher with 8 workers.
 -> (artifact id: '3d80219d134cb792eb2dd33cf076aff2') in 0.011084 seconds
Number of updated asset objects reloaded before import = 0
Number of asset objects unloaded after import = 1
========================================================================
Received Import Request.
  Time since last request: 0.000035 seconds.
  path: Assets/TestTask_MobileGame/Assets/Plugins/UniRx/Scripts/Operators/RefCount.cs
  artifactKey: Guid(17a77b422aa699d4d8cfbf6de804d238) Importer(2089858483,0ecaa5967403d082aa24f35e1b516d23)
Start importing Assets/TestTask_MobileGame/Assets/Plugins/UniRx/Scripts/Operators/RefCount.cs using Guid(17a77b422aa699d4d8cfbf6de804d238) Importer(2089858483,0ecaa5967403d082aa24f35e1b516d23) [PhysX] Initialized MultithreadedTaskDispatcher with 8 workers.
 -> (artifact id: '396a95d78ec87f6e10caeebf604616b7') in 0.012758 seconds
Number of updated asset objects reloaded before import = 0
Number of asset objects unloaded after import = 1
========================================================================
Received Import Request.
  Time since last request: 0.000036 seconds.
  path: Assets/TestTask_MobileGame/Assets/Plugins/UniRx/Scripts/UnityEngineBridge/MainThreadScheduler.cs
  artifactKey: Guid(f141c5dc72b97084a85631367a946ee8) Importer(2089858483,0ecaa5967403d082aa24f35e1b516d23)
Start importing Assets/TestTask_MobileGame/Assets/Plugins/UniRx/Scripts/UnityEngineBridge/MainThreadScheduler.cs using Guid(f141c5dc72b97084a85631367a946ee8) Importer(2089858483,0ecaa5967403d082aa24f35e1b516d23) [PhysX] Initialized MultithreadedTaskDispatcher with 8 workers.
 -> (artifact id: '7e7aa73cb4370700f797177c68ed4adf') in 0.015080 seconds
Number of updated asset objects reloaded before import = 0
Number of asset objects unloaded after import = 1
========================================================================
Received Import Request.
  Time since last request: 0.000057 seconds.
  path: Assets/TestTask_MobileGame/Assets/Plugins/Zenject/Source/Providers/SubContainerCreators/SubContainerCreatorByMethod.cs
  artifactKey: Guid(5f4bb37c4e2a5bf44865ed1ab3bef21e) Importer(2089858483,0ecaa5967403d082aa24f35e1b516d23)
Start importing Assets/TestTask_MobileGame/Assets/Plugins/Zenject/Source/Providers/SubContainerCreators/SubContainerCreatorByMethod.cs using Guid(5f4bb37c4e2a5bf44865ed1ab3bef21e) Importer(2089858483,0ecaa5967403d082aa24f35e1b516d23) [PhysX] Initialized MultithreadedTaskDispatcher with 8 workers.
 -> (artifact id: '971b3c71cdc8aa669bedc1969883f788') in 0.010919 seconds
Number of updated asset objects reloaded before import = 0
Number of asset objects unloaded after import = 1
========================================================================
Received Import Request.
  Time since last request: 0.000032 seconds.
  path: Assets/TestTask_MobileGame/Assets/Plugins/UniRx/Scripts/Schedulers/Scheduler.cs
  artifactKey: Guid(bfeb53a7ea29f714798ba6bb3bd70ba4) Importer(2089858483,0ecaa5967403d082aa24f35e1b516d23)
Start importing Assets/TestTask_MobileGame/Assets/Plugins/UniRx/Scripts/Schedulers/Scheduler.cs using Guid(bfeb53a7ea29f714798ba6bb3bd70ba4) Importer(2089858483,0ecaa5967403d082aa24f35e1b516d23) [PhysX] Initialized MultithreadedTaskDispatcher with 8 workers.
 -> (artifact id: '4ed2637835b2a46bfb908a4423c994e9') in 0.015800 seconds
Number of updated asset objects reloaded before import = 0
Number of asset objects unloaded after import = 1
========================================================================
Received Import Request.
  Time since last request: 0.000030 seconds.
  path: Assets/TestTask_MobileGame/Assets/Plugins/UniRx/Scripts/UnityEngineBridge/Diagnostics/LogEntryExtensions.cs
  artifactKey: Guid(8706ef5a13e53ec46b4848a7eec5e826) Importer(2089858483,0ecaa5967403d082aa24f35e1b516d23)
Start importing Assets/TestTask_MobileGame/Assets/Plugins/UniRx/Scripts/UnityEngineBridge/Diagnostics/LogEntryExtensions.cs using Guid(8706ef5a13e53ec46b4848a7eec5e826) Importer(2089858483,0ecaa5967403d082aa24f35e1b516d23) [PhysX] Initialized MultithreadedTaskDispatcher with 8 workers.
 -> (artifact id: '4347e036c95a9ce918f79011f1c1c01f') in 0.012315 seconds
Number of updated asset objects reloaded before import = 0
Number of asset objects unloaded after import = 1
========================================================================
Received Prepare
Switching render pipeline 00000000000000000000000000000000 -> 7a47944f5181ed94f94b6ddaec3e3d1a
Refreshing native plugins compatible for Editor in 3.09 ms, found 0 plugins.
Preloading 0 native plugins for Editor in 0.00 ms.
Unloading 53 Unused Serialized files (Serialized files now loaded: 0)
Unloading 10 unused Assets / (0.8 MB). Loaded Objects now: 3567.
Memory consumption went from 87.3 MB to 86.5 MB.
Total: 9.003500 ms (FindLiveObjects: 0.575600 ms CreateObjectMapping: 0.207300 ms MarkObjects: 7.253900 ms  DeleteObjects: 0.964400 ms)

Prepare: number of updated asset objects reloaded= 0
AssetImportParameters requested are different than current active one (requested -> active):
  custom:video-decoder-webm-vp8: 9c59270c3fd7afecdb556c50c9e8de78 -> 
  custom:SearchIndexIgnoredProperties: e643bd26f0fe6173181afceb89e7c659 -> 
  custom:container-demuxer-ogg: 62fdf1f143b41e24485cea50d1cbac27 -> 
  custom:AudioImporter_EditorPlatform: d09bf68614088b80899f8185d706f6e7 -> 
  custom:video-decoder-ogg-theora: a1e56fd34408186e4bbccfd4996cb3dc -> 
  custom:framework-win-MediaFoundation: 216162199b28c13a410421893ffa2e32 -> 
  custom:video-encoder-webm-vp8: eb34c28f22e8b96e1ab97ce403110664 -> 
  custom:audio-decoder-ogg-vorbis: bf7c407c2cedff20999df2af8eb42d56 -> 
  custom:CustomObjectIndexerAttribute: 72b91833f83ae208fae7752999fa3104 -> 
  custom:container-demuxer-webm: 4f35f7cbe854078d1ac9338744f61a02 -> 
  custom:audio-encoder-webm-vorbis: bf7c407c2cedff20999df2af8eb42d56 -> 
  custom:container-muxer-webm: aa71ff27fc2769a1b78a27578f13a17b -> 
========================================================================
Received Prepare
Refreshing native plugins compatible for Editor in 4.28 ms, found 0 plugins.
Preloading 0 native plugins for Editor in 0.00 ms.
Unloading 16 Unused Serialized files (Serialized files now loaded: 0)
Unloading 2 unused Assets / (308.1 KB). Loaded Objects now: 3583.
Memory consumption went from 90.3 MB to 90.0 MB.
Total: 8.317500 ms (FindLiveObjects: 0.626500 ms CreateObjectMapping: 0.227000 ms MarkObjects: 7.313000 ms  DeleteObjects: 0.149300 ms)

Prepare: number of updated asset objects reloaded= 1
AssetImportParameters requested are different than current active one (requested -> active):
  custom:video-decoder-webm-vp8: 9c59270c3fd7afecdb556c50c9e8de78 -> 
  custom:SearchIndexIgnoredProperties: e643bd26f0fe6173181afceb89e7c659 -> 
  custom:container-demuxer-ogg: 62fdf1f143b41e24485cea50d1cbac27 -> 
  custom:AudioImporter_EditorPlatform: d09bf68614088b80899f8185d706f6e7 -> 
  custom:video-decoder-ogg-theora: a1e56fd34408186e4bbccfd4996cb3dc -> 
  custom:framework-win-MediaFoundation: 216162199b28c13a410421893ffa2e32 -> 
  custom:video-encoder-webm-vp8: eb34c28f22e8b96e1ab97ce403110664 -> 
  custom:audio-decoder-ogg-vorbis: bf7c407c2cedff20999df2af8eb42d56 -> 
  custom:CustomObjectIndexerAttribute: 72b91833f83ae208fae7752999fa3104 -> 
  custom:container-demuxer-webm: 4f35f7cbe854078d1ac9338744f61a02 -> 
  custom:audio-encoder-webm-vorbis: bf7c407c2cedff20999df2af8eb42d56 -> 
  custom:container-muxer-webm: aa71ff27fc2769a1b78a27578f13a17b -> 
========================================================================
Received Import Request.
  Time since last request: 16.482170 seconds.
  path: Assets/Settings
  artifactKey: Guid(2c9e7ce172d55184fb048190b1919578) Importer(2089858483,0ecaa5967403d082aa24f35e1b516d23)
Start importing Assets/Settings using Guid(2c9e7ce172d55184fb048190b1919578) Importer(2089858483,0ecaa5967403d082aa24f35e1b516d23) [PhysX] Initialized MultithreadedTaskDispatcher with 8 workers.
 -> (artifact id: '69eb38727607109cedc728adfb98a211') in 0.022273 seconds
Number of updated asset objects reloaded before import = 5
Number of asset objects unloaded after import = 1
========================================================================
Received Import Request.
  Time since last request: 0.000025 seconds.
  path: Assets/TestTask_MobileGame/Assets/Plugins/UniRx/Examples/Sample13_ToDoItem.prefab
  artifactKey: Guid(173222196f3e1f0448b383f260df7d44) Importer(2089858483,0ecaa5967403d082aa24f35e1b516d23)
Start importing Assets/TestTask_MobileGame/Assets/Plugins/UniRx/Examples/Sample13_ToDoItem.prefab using Guid(173222196f3e1f0448b383f260df7d44) Importer(2089858483,0ecaa5967403d082aa24f35e1b516d23) [PhysX] Initialized MultithreadedTaskDispatcher with 8 workers.
 -> (artifact id: '60d61fc21440f753ef1c650feec8b90a') in 0.058522 seconds
Number of updated asset objects reloaded before import = 0
Number of asset objects unloaded after import = 17
========================================================================
Received Import Request.
  Time since last request: 0.000035 seconds.
  path: Assets/TestTask_MobileGame/Assets/Plugins/Zenject/OptionalExtras/SampleGame1 (Beginner)/Media/Imported/Rocks/meshes/Materials/rock_01Mat.mat
  artifactKey: Guid(a1f30c6b2183c3f4a9ffa3cb444d6ddc) Importer(2089858483,0ecaa5967403d082aa24f35e1b516d23)
Start importing Assets/TestTask_MobileGame/Assets/Plugins/Zenject/OptionalExtras/SampleGame1 (Beginner)/Media/Imported/Rocks/meshes/Materials/rock_01Mat.mat using Guid(a1f30c6b2183c3f4a9ffa3cb444d6ddc) Importer(2089858483,0ecaa5967403d082aa24f35e1b516d23) [PhysX] Initialized MultithreadedTaskDispatcher with 8 workers.
 -> (artifact id: '751070c0b55775a57d05c2e00d042820') in 0.020910 seconds
Number of updated asset objects reloaded before import = 0
Number of asset objects unloaded after import = 3
========================================================================
Received Import Request.
  Time since last request: 0.000031 seconds.
  path: Assets/TestTask_MobileGame/Assets/Plugins/Zenject/OptionalExtras/SampleGame1 (Beginner)/Media/Imported/SpaceShip/Materials/Space_Shooter_Material.mat
  artifactKey: Guid(a514b444dba54df418424449041a3aa6) Importer(2089858483,0ecaa5967403d082aa24f35e1b516d23)
Start importing Assets/TestTask_MobileGame/Assets/Plugins/Zenject/OptionalExtras/SampleGame1 (Beginner)/Media/Imported/SpaceShip/Materials/Space_Shooter_Material.mat using Guid(a514b444dba54df418424449041a3aa6) Importer(2089858483,0ecaa5967403d082aa24f35e1b516d23) [PhysX] Initialized MultithreadedTaskDispatcher with 8 workers.
 -> (artifact id: '207154d5c669d8cd77675d7996aba515') in 0.012997 seconds
Number of updated asset objects reloaded before import = 0
Number of asset objects unloaded after import = 3
========================================================================
Received Import Request.
  Time since last request: 0.000025 seconds.
  path: Assets/TestTask_MobileGame/Assets/Plugins/Zenject/OptionalExtras/SampleGame1 (Beginner)/Media/Meshes/Materials/shipdoor.mat
  artifactKey: Guid(02f272d5e8ff508428baf80fadda022a) Importer(2089858483,0ecaa5967403d082aa24f35e1b516d23)
Start importing Assets/TestTask_MobileGame/Assets/Plugins/Zenject/OptionalExtras/SampleGame1 (Beginner)/Media/Meshes/Materials/shipdoor.mat using Guid(02f272d5e8ff508428baf80fadda022a) Importer(2089858483,0ecaa5967403d082aa24f35e1b516d23) [PhysX] Initialized MultithreadedTaskDispatcher with 8 workers.
 -> (artifact id: 'ad0cbba93c25169ba7f6c600b1cd5959') in 0.012275 seconds
Number of updated asset objects reloaded before import = 0
Number of asset objects unloaded after import = 1
========================================================================
Received Import Request.
  Time since last request: 0.000028 seconds.
  path: Assets/TestTask_MobileGame/Assets/Resources/Player.prefab
  artifactKey: Guid(311943430a6af404ea958893b6cf2522) Importer(2089858483,0ecaa5967403d082aa24f35e1b516d23)
Start importing Assets/TestTask_MobileGame/Assets/Resources/Player.prefab using Guid(311943430a6af404ea958893b6cf2522) Importer(2089858483,0ecaa5967403d082aa24f35e1b516d23) [PhysX] Initialized MultithreadedTaskDispatcher with 8 workers.
 -> (artifact id: '04b6efa6a75fb3388b679fc541a93da7') in 0.022749 seconds
Number of updated asset objects reloaded before import = 0
Number of asset objects unloaded after import = 5
========================================================================
Received Import Request.
  Time since last request: 0.000029 seconds.
  path: Assets/TestTask_MobileGame/Assets/Materials/Floor.mat
  artifactKey: Guid(50df675c6ca81454981f9cbf66fc2680) Importer(2089858483,0ecaa5967403d082aa24f35e1b516d23)
Start importing Assets/TestTask_MobileGame/Assets/Materials/Floor.mat using Guid(50df675c6ca81454981f9cbf66fc2680) Importer(2089858483,0ecaa5967403d082aa24f35e1b516d23) [PhysX] Initialized MultithreadedTaskDispatcher with 8 workers.
 -> (artifact id: '667500fad86d5e0bc5c160600bf34d76') in 0.012217 seconds
Number of updated asset objects reloaded before import = 0
Number of asset objects unloaded after import = 1
========================================================================
Received Import Request.
  Time since last request: 0.000027 seconds.
  path: Assets/TestTask_MobileGame/Assets/Plugins/Zenject/OptionalExtras/SampleGame1 (Beginner)/Media/Imported/SpaceShip/Materials/1K_Body-TXTR.mat
  artifactKey: Guid(a0e138ce6cd06f74d83cf3884415be92) Importer(2089858483,0ecaa5967403d082aa24f35e1b516d23)
Start importing Assets/TestTask_MobileGame/Assets/Plugins/Zenject/OptionalExtras/SampleGame1 (Beginner)/Media/Imported/SpaceShip/Materials/1K_Body-TXTR.mat using Guid(a0e138ce6cd06f74d83cf3884415be92) Importer(2089858483,0ecaa5967403d082aa24f35e1b516d23) [PhysX] Initialized MultithreadedTaskDispatcher with 8 workers.
 -> (artifact id: '6b6b95caa78419f3bfcdd2d111618717') in 0.011569 seconds
Number of updated asset objects reloaded before import = 0
Number of asset objects unloaded after import = 3
========================================================================
Received Import Request.
  Time since last request: 0.000027 seconds.
  path: Assets/Settings/Very High_PipelineAsset_ForwardRenderer.asset
  artifactKey: Guid(5f8fa3a2852dfaa44889d980c30fb524) Importer(2089858483,0ecaa5967403d082aa24f35e1b516d23)
Start importing Assets/Settings/Very High_PipelineAsset_ForwardRenderer.asset using Guid(5f8fa3a2852dfaa44889d980c30fb524) Importer(2089858483,0ecaa5967403d082aa24f35e1b516d23) [PhysX] Initialized MultithreadedTaskDispatcher with 8 workers.
 -> (artifact id: 'eff87ed32eb0008fba021936bd894080') in 0.032789 seconds
Number of updated asset objects reloaded before import = 0
Number of asset objects unloaded after import = 1
========================================================================
Received Import Request.
  Time since last request: 0.000026 seconds.
  path: Assets/TestTask_MobileGame/Assets/Plugins/Zenject/OptionalExtras/SampleGame2 (Advanced)/Media/Prefabs/Bullet.prefab
  artifactKey: Guid(4d22825d6393b964f90d550dd2acc50f) Importer(2089858483,0ecaa5967403d082aa24f35e1b516d23)
Start importing Assets/TestTask_MobileGame/Assets/Plugins/Zenject/OptionalExtras/SampleGame2 (Advanced)/Media/Prefabs/Bullet.prefab using Guid(4d22825d6393b964f90d550dd2acc50f) Importer(2089858483,0ecaa5967403d082aa24f35e1b516d23) [PhysX] Initialized MultithreadedTaskDispatcher with 8 workers.
 -> (artifact id: '1a881418b2cbc30caf6b13ac938b9ff3') in 0.024546 seconds
Number of updated asset objects reloaded before import = 0
Number of asset objects unloaded after import = 10
========================================================================
Received Import Request.
  Time since last request: 0.000035 seconds.
  path: Assets/TestTask_MobileGame/Assets/Plugins/Zenject/OptionalExtras/SampleGame1 (Beginner)/Media/Textures/Background/Materials/Free_Shmup_Sprites_Starfield 1.mat
  artifactKey: Guid(f96f18654fcb0a742b51183dab201105) Importer(2089858483,0ecaa5967403d082aa24f35e1b516d23)
Start importing Assets/TestTask_MobileGame/Assets/Plugins/Zenject/OptionalExtras/SampleGame1 (Beginner)/Media/Textures/Background/Materials/Free_Shmup_Sprites_Starfield 1.mat using Guid(f96f18654fcb0a742b51183dab201105) Importer(2089858483,0ecaa5967403d082aa24f35e1b516d23) [PhysX] Initialized MultithreadedTaskDispatcher with 8 workers.
 -> (artifact id: 'e73d50f8ca26ab5b851d1cb7c5669159') in 0.011147 seconds
Number of updated asset objects reloaded before import = 0
Number of asset objects unloaded after import = 2
========================================================================
Received Import Request.
  Time since last request: 0.000037 seconds.
  path: Assets/Settings/Ultra_PipelineAsset_ForwardRenderer.asset
  artifactKey: Guid(9bee323d51166614db8cae7cefebaf9d) Importer(2089858483,0ecaa5967403d082aa24f35e1b516d23)
Start importing Assets/Settings/Ultra_PipelineAsset_ForwardRenderer.asset using Guid(9bee323d51166614db8cae7cefebaf9d) Importer(2089858483,0ecaa5967403d082aa24f35e1b516d23) [PhysX] Initialized MultithreadedTaskDispatcher with 8 workers.
 -> (artifact id: '68b790e2b0631b90bb946104f8876419') in 0.023717 seconds
Number of updated asset objects reloaded before import = 0
Number of asset objects unloaded after import = 1
========================================================================
Received Import Request.
  Time since last request: 0.000031 seconds.
  path: Assets/Settings/High_PipelineAsset.asset
  artifactKey: Guid(023474af5c0d92d41960e0dbe155e4fc) Importer(2089858483,0ecaa5967403d082aa24f35e1b516d23)
Start importing Assets/Settings/High_PipelineAsset.asset using Guid(023474af5c0d92d41960e0dbe155e4fc) Importer(2089858483,0ecaa5967403d082aa24f35e1b516d23) [PhysX] Initialized MultithreadedTaskDispatcher with 8 workers.
 -> (artifact id: '9b1ff0219b0058685022ee6c8f45d039') in 0.070022 seconds
Number of updated asset objects reloaded before import = 0
Number of asset objects unloaded after import = 2
========================================================================
Received Import Request.
  Time since last request: 0.000022 seconds.
  path: Assets/Settings/Medium_PipelineAsset.asset
  artifactKey: Guid(033360b19154f674aa8d7d4e7d477fb9) Importer(2089858483,0ecaa5967403d082aa24f35e1b516d23)
Start importing Assets/Settings/Medium_PipelineAsset.asset using Guid(033360b19154f674aa8d7d4e7d477fb9) Importer(2089858483,0ecaa5967403d082aa24f35e1b516d23) [PhysX] Initialized MultithreadedTaskDispatcher with 8 workers.
 -> (artifact id: 'feb2bca61a0501bc8680d75fd13f16c9') in 0.021348 seconds
Number of updated asset objects reloaded before import = 0
Number of asset objects unloaded after import = 2
========================================================================
Received Import Request.
  Time since last request: 0.000031 seconds.
  path: Assets/TestTask_MobileGame/Assets/Plugins/UniRx/Examples/Sample13SceneSettings.lighting
  artifactKey: Guid(dbc8e635e7439c6439ff84aecf5b64f9) Importer(2089858483,0ecaa5967403d082aa24f35e1b516d23)
Start importing Assets/TestTask_MobileGame/Assets/Plugins/UniRx/Examples/Sample13SceneSettings.lighting using Guid(dbc8e635e7439c6439ff84aecf5b64f9) Importer(2089858483,0ecaa5967403d082aa24f35e1b516d23) [PhysX] Initialized MultithreadedTaskDispatcher with 8 workers.
LightingSettings: switching bake backend from 1 to 0.
 -> (artifact id: 'e59ffe28b9e0d61177dacecf67167b90') in 0.014452 seconds
Number of updated asset objects reloaded before import = 0
Number of asset objects unloaded after import = 1
========================================================================
Received Import Request.
  Time since last request: 0.000033 seconds.
  path: Assets/Settings/Low_PipelineAsset_ForwardRenderer.asset
  artifactKey: Guid(d1115460e340d044f960f536ad080ab3) Importer(2089858483,0ecaa5967403d082aa24f35e1b516d23)
Start importing Assets/Settings/Low_PipelineAsset_ForwardRenderer.asset using Guid(d1115460e340d044f960f536ad080ab3) Importer(2089858483,0ecaa5967403d082aa24f35e1b516d23) [PhysX] Initialized MultithreadedTaskDispatcher with 8 workers.
 -> (artifact id: '5a1bd33c9c273b1cdaf937d2bde406bc') in 0.020022 seconds
Number of updated asset objects reloaded before import = 0
Number of asset objects unloaded after import = 1
========================================================================
Received Import Request.
  Time since last request: 0.000044 seconds.
  path: Assets/Settings/Ultra_PipelineAsset.asset
  artifactKey: Guid(da5d483d9fdcc834fb67cc0ed2738a4e) Importer(2089858483,0ecaa5967403d082aa24f35e1b516d23)
Start importing Assets/Settings/Ultra_PipelineAsset.asset using Guid(da5d483d9fdcc834fb67cc0ed2738a4e) Importer(2089858483,0ecaa5967403d082aa24f35e1b516d23) [PhysX] Initialized MultithreadedTaskDispatcher with 8 workers.
 -> (artifact id: '5fd276e4766f8e368b0937a4ed3ae476') in 0.020865 seconds
Number of updated asset objects reloaded before import = 0
Number of asset objects unloaded after import = 1
========================================================================
Received Import Request.
  Time since last request: 309.561166 seconds.
  path: Assets/PolyOne/Free Modular Terrain/Prefabs/SM_Cliffs_03.prefab
  artifactKey: Guid(335c8e3e62b2e0e469351832b0b7aed0) Importer(815301076,1909f56bfc062723c751e8b465ee728b)
Start importing Assets/PolyOne/Free Modular Terrain/Prefabs/SM_Cliffs_03.prefab using Guid(335c8e3e62b2e0e469351832b0b7aed0) Importer(815301076,1909f56bfc062723c751e8b465ee728b) [PhysX] Initialized MultithreadedTaskDispatcher with 8 workers.
[PhysX] Initialized MultithreadedTaskDispatcher with 8 workers.
 -> (artifact id: '0b87e3ab8e1e5d779ba3c80fca38f76e') in 1.571709 seconds
Number of updated asset objects reloaded before import = 0
Number of asset objects unloaded after import = 11
========================================================================
Received Import Request.
  Time since last request: 28.495994 seconds.
  path: Assets/PolyOne/Free Modular Terrain/Prefabs/SM_Cliffs_06.prefab
  artifactKey: Guid(791620c57aeccb1458f38ec232ae29e8) Importer(815301076,1909f56bfc062723c751e8b465ee728b)
Start importing Assets/PolyOne/Free Modular Terrain/Prefabs/SM_Cliffs_06.prefab using Guid(791620c57aeccb1458f38ec232ae29e8) Importer(815301076,1909f56bfc062723c751e8b465ee728b) [PhysX] Initialized MultithreadedTaskDispatcher with 8 workers.
[PhysX] Initialized MultithreadedTaskDispatcher with 8 workers.
 -> (artifact id: '04b73e475123d999278a470cf530c9ad') in 0.012485 seconds
Number of updated asset objects reloaded before import = 0
Number of asset objects unloaded after import = 10
========================================================================
Received Import Request.
  Time since last request: 3.024512 seconds.
  path: Assets/PolyOne/Free Modular Terrain/Prefabs/SM_Grass_v4_01.prefab
  artifactKey: Guid(60dcb4b6818225d43af86929dee12fe6) Importer(815301076,1909f56bfc062723c751e8b465ee728b)
Start importing Assets/PolyOne/Free Modular Terrain/Prefabs/SM_Grass_v4_01.prefab using Guid(60dcb4b6818225d43af86929dee12fe6) Importer(815301076,1909f56bfc062723c751e8b465ee728b) [PhysX] Initialized MultithreadedTaskDispatcher with 8 workers.
[PhysX] Initialized MultithreadedTaskDispatcher with 8 workers.
 -> (artifact id: 'c577ffe013664692e718011d6927369b') in 0.028648 seconds
Number of updated asset objects reloaded before import = 0
Number of asset objects unloaded after import = 10
========================================================================
Received Import Request.
  Time since last request: 1.543361 seconds.
  path: Assets/PolyOne/Free Modular Terrain/Prefabs/SM_Grass_v8_01.prefab
  artifactKey: Guid(5abe5cabe48b7d348a12bb6c7295f95f) Importer(815301076,1909f56bfc062723c751e8b465ee728b)
Start importing Assets/PolyOne/Free Modular Terrain/Prefabs/SM_Grass_v8_01.prefab using Guid(5abe5cabe48b7d348a12bb6c7295f95f) Importer(815301076,1909f56bfc062723c751e8b465ee728b) [PhysX] Initialized MultithreadedTaskDispatcher with 8 workers.
[PhysX] Initialized MultithreadedTaskDispatcher with 8 workers.
 -> (artifact id: '3b089966d9e5e02745ad86cc9f5b0c0a') in 0.019757 seconds
Number of updated asset objects reloaded before import = 0
Number of asset objects unloaded after import = 10
========================================================================
Received Import Request.
  Time since last request: 0.586553 seconds.
  path: Assets/PolyOne/Free Modular Terrain/Prefabs/SM_Grass_v8_02.prefab
  artifactKey: Guid(4914800dd2cb66543a3e675c0071d3f0) Importer(815301076,1909f56bfc062723c751e8b465ee728b)
Start importing Assets/PolyOne/Free Modular Terrain/Prefabs/SM_Grass_v8_02.prefab using Guid(4914800dd2cb66543a3e675c0071d3f0) Importer(815301076,1909f56bfc062723c751e8b465ee728b) [PhysX] Initialized MultithreadedTaskDispatcher with 8 workers.
[PhysX] Initialized MultithreadedTaskDispatcher with 8 workers.
 -> (artifact id: '8a4a221673b28fc5fce63222ca0cef35') in 0.041600 seconds
Number of updated asset objects reloaded before import = 0
Number of asset objects unloaded after import = 10
========================================================================
Received Import Request.
  Time since last request: 1.339037 seconds.
  path: Assets/PolyOne/Free Modular Terrain/Prefabs/SM_Hills_01.prefab
  artifactKey: Guid(27a0ce3b6aab1c243bd181d225d35df5) Importer(815301076,1909f56bfc062723c751e8b465ee728b)
Start importing Assets/PolyOne/Free Modular Terrain/Prefabs/SM_Hills_01.prefab using Guid(27a0ce3b6aab1c243bd181d225d35df5) Importer(815301076,1909f56bfc062723c751e8b465ee728b) [PhysX] Initialized MultithreadedTaskDispatcher with 8 workers.
[PhysX] Initialized MultithreadedTaskDispatcher with 8 workers.
 -> (artifact id: 'e4544deb490095a3d3cc7551f824981d') in 0.011873 seconds
Number of updated asset objects reloaded before import = 0
Number of asset objects unloaded after import = 10
========================================================================
Received Import Request.
  Time since last request: 1.042296 seconds.
  path: Assets/PolyOne/Free Modular Terrain/Prefabs/SM_Mountains_11.prefab
  artifactKey: Guid(7c4d9dcc2ad012f41a52362d2bba2b26) Importer(815301076,1909f56bfc062723c751e8b465ee728b)
Start importing Assets/PolyOne/Free Modular Terrain/Prefabs/SM_Mountains_11.prefab using Guid(7c4d9dcc2ad012f41a52362d2bba2b26) Importer(815301076,1909f56bfc062723c751e8b465ee728b) [PhysX] Initialized MultithreadedTaskDispatcher with 8 workers.
[PhysX] Initialized MultithreadedTaskDispatcher with 8 workers.
 -> (artifact id: '3a18732ecc011818d635f54225bfb89f') in 0.016191 seconds
Number of updated asset objects reloaded before import = 0
Number of asset objects unloaded after import = 10
========================================================================
Received Import Request.
  Time since last request: 1.508588 seconds.
  path: Assets/PolyOne/Free Modular Terrain/Prefabs/SM_Mountains_12.prefab
  artifactKey: Guid(68faf84d52a4f7e4e87fc77859873fbd) Importer(815301076,1909f56bfc062723c751e8b465ee728b)
Start importing Assets/PolyOne/Free Modular Terrain/Prefabs/SM_Mountains_12.prefab using Guid(68faf84d52a4f7e4e87fc77859873fbd) Importer(815301076,1909f56bfc062723c751e8b465ee728b) [PhysX] Initialized MultithreadedTaskDispatcher with 8 workers.
[PhysX] Initialized MultithreadedTaskDispatcher with 8 workers.
 -> (artifact id: '2619624b808596265da1c4f5c3fde673') in 0.022773 seconds
Number of updated asset objects reloaded before import = 0
Number of asset objects unloaded after import = 10
========================================================================
Received Import Request.
  Time since last request: 0.672833 seconds.
  path: Assets/PolyOne/Free Modular Terrain/Prefabs/SM_Terrain_02.prefab
  artifactKey: Guid(72f64d2d2f97793409bca236ad93d486) Importer(815301076,1909f56bfc062723c751e8b465ee728b)
Start importing Assets/PolyOne/Free Modular Terrain/Prefabs/SM_Terrain_02.prefab using Guid(72f64d2d2f97793409bca236ad93d486) Importer(815301076,1909f56bfc062723c751e8b465ee728b) [PhysX] Initialized MultithreadedTaskDispatcher with 8 workers.
[PhysX] Initialized MultithreadedTaskDispatcher with 8 workers.
 -> (artifact id: '05b9ca5b4fe99cea4c2d9f4454929209') in 0.021490 seconds
Number of updated asset objects reloaded before import = 0
Number of asset objects unloaded after import = 10
========================================================================
Received Import Request.
  Time since last request: 53.104501 seconds.
  path: Assets/PolyOne/Free Modular Terrain/Prefabs/SM_Terrain_05.prefab
  artifactKey: Guid(9be0a3c94d6c6d141a4f5bed91c6df0a) Importer(815301076,1909f56bfc062723c751e8b465ee728b)
Start importing Assets/PolyOne/Free Modular Terrain/Prefabs/SM_Terrain_05.prefab using Guid(9be0a3c94d6c6d141a4f5bed91c6df0a) Importer(815301076,1909f56bfc062723c751e8b465ee728b) [PhysX] Initialized MultithreadedTaskDispatcher with 8 workers.
[PhysX] Initialized MultithreadedTaskDispatcher with 8 workers.
 -> (artifact id: '9660837768dc481bdd6e8802f0c0f767') in 0.016196 seconds
Number of updated asset objects reloaded before import = 0
Number of asset objects unloaded after import = 10
========================================================================
Received Import Request.
  Time since last request: 1.276186 seconds.
  path: Assets/PolyOne/Free Modular Terrain/Prefabs/SM_Terrain_03.prefab
  artifactKey: Guid(7a31b542268b8cf498b9162630d9ea15) Importer(815301076,1909f56bfc062723c751e8b465ee728b)
Start importing Assets/PolyOne/Free Modular Terrain/Prefabs/SM_Terrain_03.prefab using Guid(7a31b542268b8cf498b9162630d9ea15) Importer(815301076,1909f56bfc062723c751e8b465ee728b) [PhysX] Initialized MultithreadedTaskDispatcher with 8 workers.
[PhysX] Initialized MultithreadedTaskDispatcher with 8 workers.
 -> (artifact id: '4a960dee41a20c1be83ea1f18551f61e') in 0.015659 seconds
Number of updated asset objects reloaded before import = 0
Number of asset objects unloaded after import = 10
========================================================================
Received Import Request.
  Time since last request: 134.119736 seconds.
  path: Assets/PolyOne/Free Modular Terrain/Prefabs/SM_Grass_v4_02.prefab
  artifactKey: Guid(a435e309a28d19243ae5c059cbda9ab8) Importer(815301076,1909f56bfc062723c751e8b465ee728b)
Start importing Assets/PolyOne/Free Modular Terrain/Prefabs/SM_Grass_v4_02.prefab using Guid(a435e309a28d19243ae5c059cbda9ab8) Importer(815301076,1909f56bfc062723c751e8b465ee728b) [PhysX] Initialized MultithreadedTaskDispatcher with 8 workers.
[PhysX] Initialized MultithreadedTaskDispatcher with 8 workers.
 -> (artifact id: '2713b9782f06591e912faa639c42eef6') in 0.017726 seconds
Number of updated asset objects reloaded before import = 0
Number of asset objects unloaded after import = 10
========================================================================
Received Import Request.
  Time since last request: 4.454185 seconds.
  path: Assets/PolyOne/Free Modular Terrain/Prefabs/SM_Cliffs_08.prefab
  artifactKey: Guid(5f7791ca2a487fc4895c93bfd26774f6) Importer(815301076,1909f56bfc062723c751e8b465ee728b)
Start importing Assets/PolyOne/Free Modular Terrain/Prefabs/SM_Cliffs_08.prefab using Guid(5f7791ca2a487fc4895c93bfd26774f6) Importer(815301076,1909f56bfc062723c751e8b465ee728b) [PhysX] Initialized MultithreadedTaskDispatcher with 8 workers.
[PhysX] Initialized MultithreadedTaskDispatcher with 8 workers.
 -> (artifact id: '40c7e8ddf7c7dd85e97f8dce22911088') in 0.014214 seconds
Number of updated asset objects reloaded before import = 0
Number of asset objects unloaded after import = 10
========================================================================
Received Import Request.
  Time since last request: 147.917827 seconds.
  path: ProjectSettings/TagManager.asset
  artifactKey: Guid(00000000000000003000000000000000) Importer(815301076,1909f56bfc062723c751e8b465ee728b)
Start importing ProjectSettings/TagManager.asset using Guid(00000000000000003000000000000000) Importer(815301076,1909f56bfc062723c751e8b465ee728b) [PhysX] Initialized MultithreadedTaskDispatcher with 8 workers.
 -> (artifact id: '5a2ec5c024ccefeab603a0b74d60f1ff') in 0.000984 seconds
Number of updated asset objects reloaded before import = 0
Number of asset objects unloaded after import = 0
========================================================================
Received Import Request.
  Time since last request: 110.553196 seconds.
  path: Assets/TestTask_MobileGame/Assets/Scripts/ResourceHill.cs
  artifactKey: Guid(350acc2326f12984c8d2d7068f0faaba) Importer(815301076,1909f56bfc062723c751e8b465ee728b)
Start importing Assets/TestTask_MobileGame/Assets/Scripts/ResourceHill.cs using Guid(350acc2326f12984c8d2d7068f0faaba) Importer(815301076,1909f56bfc062723c751e8b465ee728b) [PhysX] Initialized MultithreadedTaskDispatcher with 8 workers.
 -> (artifact id: '9a979b223b539c15bb43245ba08e35d4') in 0.000738 seconds
Number of updated asset objects reloaded before import = 0
Number of asset objects unloaded after import = 0
========================================================================
Received Import Request.
  Time since last request: 1.122142 seconds.
  path: Assets/TestTask_MobileGame/Assets/Scripts/ResourceHill.cs
  artifactKey: Guid(350acc2326f12984c8d2d7068f0faaba) Importer(2089858483,0ecaa5967403d082aa24f35e1b516d23)
Start importing Assets/TestTask_MobileGame/Assets/Scripts/ResourceHill.cs using Guid(350acc2326f12984c8d2d7068f0faaba) Importer(2089858483,0ecaa5967403d082aa24f35e1b516d23) [PhysX] Initialized MultithreadedTaskDispatcher with 8 workers.
 -> (artifact id: '9707fdfed472b7a098a77546c5149f9e') in 0.008172 seconds
Number of updated asset objects reloaded before import = 0
Number of asset objects unloaded after import = 1
========================================================================
Received Import Request.
  Time since last request: 17.812496 seconds.
  path: Assets/TestTask_MobileGame/Assets/Scripts/ResourceHill.cs
  artifactKey: Guid(350acc2326f12984c8d2d7068f0faaba) Importer(815301076,1909f56bfc062723c751e8b465ee728b)
Start importing Assets/TestTask_MobileGame/Assets/Scripts/ResourceHill.cs using Guid(350acc2326f12984c8d2d7068f0faaba) Importer(815301076,1909f56bfc062723c751e8b465ee728b) [PhysX] Initialized MultithreadedTaskDispatcher with 8 workers.
 -> (artifact id: 'e42ddb4470e05a6f1212757143fed9f2') in 0.000975 seconds
Number of updated asset objects reloaded before import = 0
Number of asset objects unloaded after import = 0
========================================================================
Received Import Request.
  Time since last request: 0.782681 seconds.
  path: Assets/TestTask_MobileGame/Assets/Scripts/ResourceHill.cs
  artifactKey: Guid(350acc2326f12984c8d2d7068f0faaba) Importer(2089858483,0ecaa5967403d082aa24f35e1b516d23)
Start importing Assets/TestTask_MobileGame/Assets/Scripts/ResourceHill.cs using Guid(350acc2326f12984c8d2d7068f0faaba) Importer(2089858483,0ecaa5967403d082aa24f35e1b516d23) [PhysX] Initialized MultithreadedTaskDispatcher with 8 workers.
 -> (artifact id: '8dd2c63c707e99e1d75111206f27537a') in 0.005276 seconds
Number of updated asset objects reloaded before import = 0
Number of asset objects unloaded after import = 1
========================================================================
Received Prepare
Begin MonoManager ReloadAssembly
- Loaded All Assemblies, in  0.681 seconds
Refreshing native plugins compatible for Editor in 3.12 ms, found 0 plugins.
Native extension for WindowsStandalone target not found
Mono: successfully reloaded assembly
- Finished resetting the current domain, in  1.035 seconds
Domain Reload Profiling: 1713ms
	BeginReloadAssembly (292ms)
		ExecutionOrderSort (0ms)
		DisableScriptedObjects (17ms)
		BackupInstance (0ms)
		ReleaseScriptingObjects (0ms)
		CreateAndSetChildDomain (84ms)
	RebuildCommonClasses (55ms)
	RebuildNativeTypeToScriptingClass (23ms)
	initialDomainReloadingComplete (45ms)
	LoadAllAssembliesAndSetupDomain (263ms)
		LoadAssemblies (339ms)
		RebuildTransferFunctionScriptingTraits (0ms)
		AnalyzeDomain (67ms)
			TypeCache.Refresh (14ms)
				TypeCache.ScanAssembly (3ms)
			ScanForSourceGeneratedMonoScriptInfo (30ms)
			ResolveRequiredComponents (22ms)
	FinalizeReload (1036ms)
		ReleaseScriptCaches (0ms)
		RebuildScriptCaches (0ms)
		SetupLoadedEditorAssemblies (475ms)
			LogAssemblyErrors (0ms)
			InitializePlatformSupportModulesInManaged (8ms)
			SetLoadedEditorAssemblies (4ms)
			RefreshPlugins (0ms)
			BeforeProcessingInitializeOnLoad (91ms)
			ProcessInitializeOnLoadAttributes (233ms)
			ProcessInitializeOnLoadMethodAttributes (131ms)
			AfterProcessingInitializeOnLoad (8ms)
			EditorAssembliesLoaded (0ms)
		ExecutionOrderSort2 (0ms)
		AwakeInstancesAfterBackupRestoration (31ms)
Refreshing native plugins compatible for Editor in 1.78 ms, found 0 plugins.
Preloading 0 native plugins for Editor in 0.00 ms.
Unloading 2955 Unused Serialized files (Serialized files now loaded: 0)
Unloading 27 unused Assets / (344.7 KB). Loaded Objects now: 3634.
Memory consumption went from 138.0 MB to 137.7 MB.
Total: 4.793000 ms (FindLiveObjects: 0.312600 ms CreateObjectMapping: 0.136000 ms MarkObjects: 4.122500 ms  DeleteObjects: 0.220500 ms)

Prepare: number of updated asset objects reloaded= 0
AssetImportParameters requested are different than current active one (requested -> active):
  custom:video-decoder-webm-vp8: 9c59270c3fd7afecdb556c50c9e8de78 -> 
  custom:SearchIndexIgnoredProperties: e643bd26f0fe6173181afceb89e7c659 -> 
  custom:container-demuxer-ogg: 62fdf1f143b41e24485cea50d1cbac27 -> 
  custom:AudioImporter_EditorPlatform: d09bf68614088b80899f8185d706f6e7 -> 
  custom:video-decoder-ogg-theora: a1e56fd34408186e4bbccfd4996cb3dc -> 
  custom:framework-win-MediaFoundation: 216162199b28c13a410421893ffa2e32 -> 
  custom:video-encoder-webm-vp8: eb34c28f22e8b96e1ab97ce403110664 -> 
  custom:audio-decoder-ogg-vorbis: bf7c407c2cedff20999df2af8eb42d56 -> 
  custom:CustomObjectIndexerAttribute: 72b91833f83ae208fae7752999fa3104 -> 
  custom:container-demuxer-webm: 4f35f7cbe854078d1ac9338744f61a02 -> 
  custom:audio-encoder-webm-vorbis: bf7c407c2cedff20999df2af8eb42d56 -> 
  custom:container-muxer-webm: aa71ff27fc2769a1b78a27578f13a17b -> 
========================================================================
Received Prepare
Begin MonoManager ReloadAssembly
- Loaded All Assemblies, in  0.583 seconds
Refreshing native plugins compatible for Editor in 1.81 ms, found 0 plugins.
Native extension for WindowsStandalone target not found
Mono: successfully reloaded assembly
- Finished resetting the current domain, in  1.014 seconds
Domain Reload Profiling: 1595ms
	BeginReloadAssembly (220ms)
		ExecutionOrderSort (0ms)
		DisableScriptedObjects (8ms)
		BackupInstance (0ms)
		ReleaseScriptingObjects (0ms)
		CreateAndSetChildDomain (42ms)
	RebuildCommonClasses (66ms)
	RebuildNativeTypeToScriptingClass (21ms)
	initialDomainReloadingComplete (40ms)
	LoadAllAssembliesAndSetupDomain (233ms)
		LoadAssemblies (335ms)
		RebuildTransferFunctionScriptingTraits (0ms)
		AnalyzeDomain (28ms)
			TypeCache.Refresh (6ms)
				TypeCache.ScanAssembly (0ms)
			ScanForSourceGeneratedMonoScriptInfo (0ms)
			ResolveRequiredComponents (19ms)
	FinalizeReload (1014ms)
		ReleaseScriptCaches (0ms)
		RebuildScriptCaches (0ms)
		SetupLoadedEditorAssemblies (485ms)
			LogAssemblyErrors (0ms)
			InitializePlatformSupportModulesInManaged (7ms)
			SetLoadedEditorAssemblies (5ms)
			RefreshPlugins (0ms)
			BeforeProcessingInitializeOnLoad (90ms)
			ProcessInitializeOnLoadAttributes (253ms)
			ProcessInitializeOnLoadMethodAttributes (123ms)
			AfterProcessingInitializeOnLoad (6ms)
			EditorAssembliesLoaded (0ms)
		ExecutionOrderSort2 (0ms)
		AwakeInstancesAfterBackupRestoration (30ms)
Refreshing native plugins compatible for Editor in 1.83 ms, found 0 plugins.
Preloading 0 native plugins for Editor in 0.00 ms.
Unloading 2955 Unused Serialized files (Serialized files now loaded: 0)
Unloading 24 unused Assets / (313.4 KB). Loaded Objects now: 3635.
Memory consumption went from 137.9 MB to 137.6 MB.
Total: 5.149100 ms (FindLiveObjects: 0.410300 ms CreateObjectMapping: 0.177000 ms MarkObjects: 4.462400 ms  DeleteObjects: 0.098000 ms)

Prepare: number of updated asset objects reloaded= 0
AssetImportParameters requested are different than current active one (requested -> active):
  custom:video-decoder-webm-vp8: 9c59270c3fd7afecdb556c50c9e8de78 -> 
  custom:SearchIndexIgnoredProperties: e643bd26f0fe6173181afceb89e7c659 -> 
  custom:container-demuxer-ogg: 62fdf1f143b41e24485cea50d1cbac27 -> 
  custom:AudioImporter_EditorPlatform: d09bf68614088b80899f8185d706f6e7 -> 
  custom:video-decoder-ogg-theora: a1e56fd34408186e4bbccfd4996cb3dc -> 
  custom:framework-win-MediaFoundation: 216162199b28c13a410421893ffa2e32 -> 
  custom:video-encoder-webm-vp8: eb34c28f22e8b96e1ab97ce403110664 -> 
  custom:audio-decoder-ogg-vorbis: bf7c407c2cedff20999df2af8eb42d56 -> 
  custom:CustomObjectIndexerAttribute: 72b91833f83ae208fae7752999fa3104 -> 
  custom:container-demuxer-webm: 4f35f7cbe854078d1ac9338744f61a02 -> 
  custom:audio-encoder-webm-vorbis: bf7c407c2cedff20999df2af8eb42d56 -> 
  custom:container-muxer-webm: aa71ff27fc2769a1b78a27578f13a17b -> 
========================================================================
Received Import Request.
  Time since last request: 404.317179 seconds.
  path: Assets/TestTask_MobileGame/Assets/Scripts/CameraFollow.cs
  artifactKey: Guid(223329b724cee5944b0fce86e0e53c26) Importer(815301076,1909f56bfc062723c751e8b465ee728b)
Start importing Assets/TestTask_MobileGame/Assets/Scripts/CameraFollow.cs using Guid(223329b724cee5944b0fce86e0e53c26) Importer(815301076,1909f56bfc062723c751e8b465ee728b) [PhysX] Initialized MultithreadedTaskDispatcher with 8 workers.
 -> (artifact id: '72a5171b8b2fcc92bab885d664e91e34') in 0.003057 seconds
Number of updated asset objects reloaded before import = 0
Number of asset objects unloaded after import = 0
========================================================================
Received Import Request.
  Time since last request: 1.850047 seconds.
  path: Assets/TestTask_MobileGame/Assets/Scripts/CameraFollow.cs
  artifactKey: Guid(223329b724cee5944b0fce86e0e53c26) Importer(2089858483,0ecaa5967403d082aa24f35e1b516d23)
Start importing Assets/TestTask_MobileGame/Assets/Scripts/CameraFollow.cs using Guid(223329b724cee5944b0fce86e0e53c26) Importer(2089858483,0ecaa5967403d082aa24f35e1b516d23) [PhysX] Initialized MultithreadedTaskDispatcher with 8 workers.
 -> (artifact id: 'd04aaec7e2eb511ad36dbeb8ace087c7') in 0.499201 seconds
Number of updated asset objects reloaded before import = 0
Number of asset objects unloaded after import = 1
========================================================================
Received Prepare
Begin MonoManager ReloadAssembly
- Loaded All Assemblies, in  0.842 seconds
Refreshing native plugins compatible for Editor in 3.15 ms, found 0 plugins.
Native extension for WindowsStandalone target not found
Mono: successfully reloaded assembly
- Finished resetting the current domain, in  3.818 seconds
Domain Reload Profiling: 4658ms
	BeginReloadAssembly (318ms)
		ExecutionOrderSort (0ms)
		DisableScriptedObjects (12ms)
		BackupInstance (0ms)
		ReleaseScriptingObjects (0ms)
		CreateAndSetChildDomain (78ms)
	RebuildCommonClasses (83ms)
	RebuildNativeTypeToScriptingClass (27ms)
	initialDomainReloadingComplete (60ms)
	LoadAllAssembliesAndSetupDomain (351ms)
		LoadAssemblies (439ms)
		RebuildTransferFunctionScriptingTraits (0ms)
		AnalyzeDomain (78ms)
			TypeCache.Refresh (15ms)
				TypeCache.ScanAssembly (3ms)
			ScanForSourceGeneratedMonoScriptInfo (40ms)
			ResolveRequiredComponents (22ms)
	FinalizeReload (3819ms)
		ReleaseScriptCaches (0ms)
		RebuildScriptCaches (0ms)
		SetupLoadedEditorAssemblies (2494ms)
			LogAssemblyErrors (0ms)
			InitializePlatformSupportModulesInManaged (19ms)
			SetLoadedEditorAssemblies (12ms)
			RefreshPlugins (0ms)
			BeforeProcessingInitializeOnLoad (377ms)
			ProcessInitializeOnLoadAttributes (1022ms)
			ProcessInitializeOnLoadMethodAttributes (1051ms)
			AfterProcessingInitializeOnLoad (11ms)
			EditorAssembliesLoaded (2ms)
		ExecutionOrderSort2 (0ms)
		AwakeInstancesAfterBackupRestoration (39ms)
Refreshing native plugins compatible for Editor in 3.22 ms, found 0 plugins.
Preloading 0 native plugins for Editor in 0.00 ms.
Unloading 2956 Unused Serialized files (Serialized files now loaded: 0)
Unloading 24 unused Assets / (313.5 KB). Loaded Objects now: 3637.
Memory consumption went from 137.9 MB to 137.6 MB.
Total: 6.981300 ms (FindLiveObjects: 0.758300 ms CreateObjectMapping: 0.734100 ms MarkObjects: 5.295900 ms  DeleteObjects: 0.190700 ms)

Prepare: number of updated asset objects reloaded= 0
AssetImportParameters requested are different than current active one (requested -> active):
  custom:video-decoder-webm-vp8: 9c59270c3fd7afecdb556c50c9e8de78 -> 
  custom:SearchIndexIgnoredProperties: e643bd26f0fe6173181afceb89e7c659 -> 
  custom:container-demuxer-ogg: 62fdf1f143b41e24485cea50d1cbac27 -> 
  custom:AudioImporter_EditorPlatform: d09bf68614088b80899f8185d706f6e7 -> 
  custom:video-decoder-ogg-theora: a1e56fd34408186e4bbccfd4996cb3dc -> 
  custom:framework-win-MediaFoundation: 216162199b28c13a410421893ffa2e32 -> 
  custom:video-encoder-webm-vp8: eb34c28f22e8b96e1ab97ce403110664 -> 
  custom:audio-decoder-ogg-vorbis: bf7c407c2cedff20999df2af8eb42d56 -> 
  custom:CustomObjectIndexerAttribute: 72b91833f83ae208fae7752999fa3104 -> 
  custom:container-demuxer-webm: 4f35f7cbe854078d1ac9338744f61a02 -> 
  custom:audio-encoder-webm-vorbis: bf7c407c2cedff20999df2af8eb42d56 -> 
  custom:container-muxer-webm: aa71ff27fc2769a1b78a27578f13a17b -> 
========================================================================
Received Import Request.
  Time since last request: 10.567380 seconds.
  path: Assets/TestTask_MobileGame/Assets/Scripts/CameraFollow.cs
  artifactKey: Guid(223329b724cee5944b0fce86e0e53c26) Importer(815301076,1909f56bfc062723c751e8b465ee728b)
Start importing Assets/TestTask_MobileGame/Assets/Scripts/CameraFollow.cs using Guid(223329b724cee5944b0fce86e0e53c26) Importer(815301076,1909f56bfc062723c751e8b465ee728b) [PhysX] Initialized MultithreadedTaskDispatcher with 8 workers.
 -> (artifact id: '0b316abea45d739946fa7497f9829c15') in 0.002229 seconds
Number of updated asset objects reloaded before import = 0
Number of asset objects unloaded after import = 0
========================================================================
Received Prepare
Begin MonoManager ReloadAssembly
- Loaded All Assemblies, in  0.661 seconds
Refreshing native plugins compatible for Editor in 3.09 ms, found 0 plugins.
Native extension for WindowsStandalone target not found
Mono: successfully reloaded assembly
- Finished resetting the current domain, in  1.137 seconds
Domain Reload Profiling: 1797ms
	BeginReloadAssembly (241ms)
		ExecutionOrderSort (0ms)
		DisableScriptedObjects (9ms)
		BackupInstance (0ms)
		ReleaseScriptingObjects (0ms)
		CreateAndSetChildDomain (46ms)
	RebuildCommonClasses (59ms)
	RebuildNativeTypeToScriptingClass (19ms)
	initialDomainReloadingComplete (41ms)
	LoadAllAssembliesAndSetupDomain (299ms)
		LoadAssemblies (363ms)
		RebuildTransferFunctionScriptingTraits (0ms)
		AnalyzeDomain (79ms)
			TypeCache.Refresh (15ms)
				TypeCache.ScanAssembly (3ms)
			ScanForSourceGeneratedMonoScriptInfo (36ms)
			ResolveRequiredComponents (27ms)
	FinalizeReload (1138ms)
		ReleaseScriptCaches (0ms)
		RebuildScriptCaches (0ms)
		SetupLoadedEditorAssemblies (531ms)
			LogAssemblyErrors (0ms)
			InitializePlatformSupportModulesInManaged (8ms)
			SetLoadedEditorAssemblies (5ms)
			RefreshPlugins (0ms)
			BeforeProcessingInitializeOnLoad (101ms)
			ProcessInitializeOnLoadAttributes (283ms)
			ProcessInitializeOnLoadMethodAttributes (124ms)
			AfterProcessingInitializeOnLoad (10ms)
			EditorAssembliesLoaded (0ms)
		ExecutionOrderSort2 (0ms)
		AwakeInstancesAfterBackupRestoration (27ms)
Refreshing native plugins compatible for Editor in 1.79 ms, found 0 plugins.
Preloading 0 native plugins for Editor in 0.00 ms.
Unloading 2956 Unused Serialized files (Serialized files now loaded: 0)
Unloading 24 unused Assets / (313.4 KB). Loaded Objects now: 3638.
Memory consumption went from 137.9 MB to 137.6 MB.
Total: 4.532700 ms (FindLiveObjects: 0.305100 ms CreateObjectMapping: 0.133900 ms MarkObjects: 3.993400 ms  DeleteObjects: 0.098600 ms)

Prepare: number of updated asset objects reloaded= 0
AssetImportParameters requested are different than current active one (requested -> active):
  custom:video-decoder-webm-vp8: 9c59270c3fd7afecdb556c50c9e8de78 -> 
  custom:SearchIndexIgnoredProperties: e643bd26f0fe6173181afceb89e7c659 -> 
  custom:container-demuxer-ogg: 62fdf1f143b41e24485cea50d1cbac27 -> 
  custom:AudioImporter_EditorPlatform: d09bf68614088b80899f8185d706f6e7 -> 
  custom:video-decoder-ogg-theora: a1e56fd34408186e4bbccfd4996cb3dc -> 
  custom:framework-win-MediaFoundation: 216162199b28c13a410421893ffa2e32 -> 
  custom:video-encoder-webm-vp8: eb34c28f22e8b96e1ab97ce403110664 -> 
  custom:audio-decoder-ogg-vorbis: bf7c407c2cedff20999df2af8eb42d56 -> 
  custom:CustomObjectIndexerAttribute: 72b91833f83ae208fae7752999fa3104 -> 
  custom:container-demuxer-webm: 4f35f7cbe854078d1ac9338744f61a02 -> 
  custom:audio-encoder-webm-vorbis: bf7c407c2cedff20999df2af8eb42d56 -> 
  custom:container-muxer-webm: aa71ff27fc2769a1b78a27578f13a17b -> 
========================================================================
Received Import Request.
  Time since last request: 21.906095 seconds.
  path: Assets/TestTask_MobileGame/Assets/Scripts/CameraFollow.cs
  artifactKey: Guid(223329b724cee5944b0fce86e0e53c26) Importer(815301076,1909f56bfc062723c751e8b465ee728b)
Start importing Assets/TestTask_MobileGame/Assets/Scripts/CameraFollow.cs using Guid(223329b724cee5944b0fce86e0e53c26) Importer(815301076,1909f56bfc062723c751e8b465ee728b) [PhysX] Initialized MultithreadedTaskDispatcher with 8 workers.
 -> (artifact id: '2c586ae7881802d7ce40992ae034957f') in 0.008285 seconds
Number of updated asset objects reloaded before import = 0
Number of asset objects unloaded after import = 0
========================================================================
Received Import Request.
  Time since last request: 13.736192 seconds.
  path: Assets/TestTask_MobileGame/Assets/Scripts/Constants.cs
  artifactKey: Guid(1012af712a934498816dc704a21b1fe4) Importer(815301076,1909f56bfc062723c751e8b465ee728b)
Start importing Assets/TestTask_MobileGame/Assets/Scripts/Constants.cs using Guid(1012af712a934498816dc704a21b1fe4) Importer(815301076,1909f56bfc062723c751e8b465ee728b) [PhysX] Initialized MultithreadedTaskDispatcher with 8 workers.
 -> (artifact id: 'a19314fec2d9d97ae6f0d116b991e578') in 0.000764 seconds
Number of updated asset objects reloaded before import = 0
Number of asset objects unloaded after import = 0
========================================================================
Received Import Request.
  Time since last request: 45.358803 seconds.
  path: Assets/TestTask_MobileGame/Assets/Prefabs
  artifactKey: Guid(e7ff2e84d5c4fc447933bf12ae027c5f) Importer(815301076,1909f56bfc062723c751e8b465ee728b)
Start importing Assets/TestTask_MobileGame/Assets/Prefabs using Guid(e7ff2e84d5c4fc447933bf12ae027c5f) Importer(815301076,1909f56bfc062723c751e8b465ee728b) [PhysX] Initialized MultithreadedTaskDispatcher with 8 workers.
 -> (artifact id: '14341bcde5fc7b8f42f8bc922a62fae1') in 0.001416 seconds
Number of updated asset objects reloaded before import = 0
Number of asset objects unloaded after import = 0
========================================================================
Received Import Request.
  Time since last request: 0.939927 seconds.
  path: Assets/TestTask_MobileGame/Assets/Prefabs
  artifactKey: Guid(e7ff2e84d5c4fc447933bf12ae027c5f) Importer(2089858483,0ecaa5967403d082aa24f35e1b516d23)
Start importing Assets/TestTask_MobileGame/Assets/Prefabs using Guid(e7ff2e84d5c4fc447933bf12ae027c5f) Importer(2089858483,0ecaa5967403d082aa24f35e1b516d23) [PhysX] Initialized MultithreadedTaskDispatcher with 8 workers.
 -> (artifact id: 'f81f8fa09bc0e116ec613ce46c42ee6d') in 0.192590 seconds
Number of updated asset objects reloaded before import = 0
Number of asset objects unloaded after import = 1
========================================================================
Received Import Request.
  Time since last request: 2.010527 seconds.
  path: Assets/TestTask_MobileGame/Assets/Prefabs/Player.prefab
  artifactKey: Guid(c6221f70daad9884fb73ef4e0dc8cff5) Importer(815301076,1909f56bfc062723c751e8b465ee728b)
Start importing Assets/TestTask_MobileGame/Assets/Prefabs/Player.prefab using Guid(c6221f70daad9884fb73ef4e0dc8cff5) Importer(815301076,1909f56bfc062723c751e8b465ee728b) [PhysX] Initialized MultithreadedTaskDispatcher with 8 workers.
[PhysX] Initialized MultithreadedTaskDispatcher with 8 workers.
 -> (artifact id: '085eff3ee24a15d6c4e7b0db45781ea1') in 0.416075 seconds
Number of updated asset objects reloaded before import = 0
Number of asset objects unloaded after import = 32
========================================================================
Received Import Request.
  Time since last request: 0.533072 seconds.
  path: Assets/TestTask_MobileGame/Assets/Prefabs/Player.prefab
  artifactKey: Guid(c6221f70daad9884fb73ef4e0dc8cff5) Importer(2089858483,0ecaa5967403d082aa24f35e1b516d23)
Start importing Assets/TestTask_MobileGame/Assets/Prefabs/Player.prefab using Guid(c6221f70daad9884fb73ef4e0dc8cff5) Importer(2089858483,0ecaa5967403d082aa24f35e1b516d23) [PhysX] Initialized MultithreadedTaskDispatcher with 8 workers.
 -> (artifact id: '12d9e256bc2ddd22acc3dca6eeec4554') in 0.128508 seconds
Number of updated asset objects reloaded before import = 0
Number of asset objects unloaded after import = 11
========================================================================
Received Import Request.
  Time since last request: 0.388951 seconds.
  path: Assets/TestTask_MobileGame/Assets/Prefabs/Enemy.prefab
  artifactKey: Guid(9b4e93914dcece14f9989440afcdb73e) Importer(815301076,1909f56bfc062723c751e8b465ee728b)
Start importing Assets/TestTask_MobileGame/Assets/Prefabs/Enemy.prefab using Guid(9b4e93914dcece14f9989440afcdb73e) Importer(815301076,1909f56bfc062723c751e8b465ee728b) [PhysX] Initialized MultithreadedTaskDispatcher with 8 workers.
[PhysX] Initialized MultithreadedTaskDispatcher with 8 workers.
 -> (artifact id: 'a5ce9f35555525e073d03edbdb39f017') in 0.012331 seconds
Number of updated asset objects reloaded before import = 0
Number of asset objects unloaded after import = 10
========================================================================
Received Import Request.
  Time since last request: 0.949188 seconds.
  path: Assets/TestTask_MobileGame/Assets/Prefabs/Enemy.prefab
  artifactKey: Guid(9b4e93914dcece14f9989440afcdb73e) Importer(2089858483,0ecaa5967403d082aa24f35e1b516d23)
Start importing Assets/TestTask_MobileGame/Assets/Prefabs/Enemy.prefab using Guid(9b4e93914dcece14f9989440afcdb73e) Importer(2089858483,0ecaa5967403d082aa24f35e1b516d23) [PhysX] Initialized MultithreadedTaskDispatcher with 8 workers.
 -> (artifact id: '5d5e379109f4844481b21a37b6640217') in 0.014645 seconds
Number of updated asset objects reloaded before import = 0
Number of asset objects unloaded after import = 8
========================================================================
Received Prepare
Begin MonoManager ReloadAssembly
- Loaded All Assemblies, in  0.622 seconds
Refreshing native plugins compatible for Editor in 2.18 ms, found 0 plugins.
Native extension for WindowsStandalone target not found
Mono: successfully reloaded assembly
- Finished resetting the current domain, in  1.025 seconds
Domain Reload Profiling: 1645ms
	BeginReloadAssembly (255ms)
		ExecutionOrderSort (0ms)
		DisableScriptedObjects (18ms)
		BackupInstance (0ms)
		ReleaseScriptingObjects (0ms)
		CreateAndSetChildDomain (67ms)
	RebuildCommonClasses (63ms)
	RebuildNativeTypeToScriptingClass (22ms)
	initialDomainReloadingComplete (44ms)
	LoadAllAssembliesAndSetupDomain (235ms)
		LoadAssemblies (334ms)
		RebuildTransferFunctionScriptingTraits (0ms)
		AnalyzeDomain (29ms)
			TypeCache.Refresh (7ms)
				TypeCache.ScanAssembly (0ms)
			ScanForSourceGeneratedMonoScriptInfo (0ms)
			ResolveRequiredComponents (21ms)
	FinalizeReload (1025ms)
		ReleaseScriptCaches (0ms)
		RebuildScriptCaches (0ms)
		SetupLoadedEditorAssemblies (471ms)
			LogAssemblyErrors (0ms)
			InitializePlatformSupportModulesInManaged (7ms)
			SetLoadedEditorAssemblies (6ms)
			RefreshPlugins (0ms)
			BeforeProcessingInitializeOnLoad (86ms)
			ProcessInitializeOnLoadAttributes (233ms)
			ProcessInitializeOnLoadMethodAttributes (132ms)
			AfterProcessingInitializeOnLoad (6ms)
			EditorAssembliesLoaded (0ms)
		ExecutionOrderSort2 (0ms)
		AwakeInstancesAfterBackupRestoration (27ms)
Refreshing native plugins compatible for Editor in 1.86 ms, found 0 plugins.
Preloading 0 native plugins for Editor in 0.00 ms.
Unloading 2956 Unused Serialized files (Serialized files now loaded: 0)
Unloading 24 unused Assets / (313.4 KB). Loaded Objects now: 3677.
Memory consumption went from 138.1 MB to 137.8 MB.
Total: 4.806800 ms (FindLiveObjects: 0.342000 ms CreateObjectMapping: 0.134400 ms MarkObjects: 4.222900 ms  DeleteObjects: 0.106100 ms)

Prepare: number of updated asset objects reloaded= 0
AssetImportParameters requested are different than current active one (requested -> active):
  custom:video-decoder-webm-vp8: 9c59270c3fd7afecdb556c50c9e8de78 -> 
  custom:SearchIndexIgnoredProperties: e643bd26f0fe6173181afceb89e7c659 -> 
  custom:container-demuxer-ogg: 62fdf1f143b41e24485cea50d1cbac27 -> 
  custom:AudioImporter_EditorPlatform: d09bf68614088b80899f8185d706f6e7 -> 
  custom:video-decoder-ogg-theora: a1e56fd34408186e4bbccfd4996cb3dc -> 
  custom:framework-win-MediaFoundation: 216162199b28c13a410421893ffa2e32 -> 
  custom:video-encoder-webm-vp8: eb34c28f22e8b96e1ab97ce403110664 -> 
  custom:audio-decoder-ogg-vorbis: bf7c407c2cedff20999df2af8eb42d56 -> 
  custom:CustomObjectIndexerAttribute: 72b91833f83ae208fae7752999fa3104 -> 
  custom:container-demuxer-webm: 4f35f7cbe854078d1ac9338744f61a02 -> 
  custom:audio-encoder-webm-vorbis: bf7c407c2cedff20999df2af8eb42d56 -> 
  custom:container-muxer-webm: aa71ff27fc2769a1b78a27578f13a17b -> 
========================================================================
Received Prepare
Begin MonoManager ReloadAssembly
- Loaded All Assemblies, in  0.588 seconds
Refreshing native plugins compatible for Editor in 1.73 ms, found 0 plugins.
Native extension for WindowsStandalone target not found
Mono: successfully reloaded assembly
- Finished resetting the current domain, in  1.024 seconds
Domain Reload Profiling: 1608ms
	BeginReloadAssembly (234ms)
		ExecutionOrderSort (0ms)
		DisableScriptedObjects (8ms)
		BackupInstance (0ms)
		ReleaseScriptingObjects (0ms)
		CreateAndSetChildDomain (41ms)
	RebuildCommonClasses (60ms)
	RebuildNativeTypeToScriptingClass (19ms)
	initialDomainReloadingComplete (39ms)
	LoadAllAssembliesAndSetupDomain (232ms)
		LoadAssemblies (346ms)
		RebuildTransferFunctionScriptingTraits (0ms)
		AnalyzeDomain (28ms)
			TypeCache.Refresh (6ms)
				TypeCache.ScanAssembly (0ms)
			ScanForSourceGeneratedMonoScriptInfo (0ms)
			ResolveRequiredComponents (21ms)
	FinalizeReload (1024ms)
		ReleaseScriptCaches (0ms)
		RebuildScriptCaches (0ms)
		SetupLoadedEditorAssemblies (484ms)
			LogAssemblyErrors (0ms)
			InitializePlatformSupportModulesInManaged (7ms)
			SetLoadedEditorAssemblies (4ms)
			RefreshPlugins (0ms)
			BeforeProcessingInitializeOnLoad (84ms)
			ProcessInitializeOnLoadAttributes (245ms)
			ProcessInitializeOnLoadMethodAttributes (136ms)
			AfterProcessingInitializeOnLoad (8ms)
			EditorAssembliesLoaded (0ms)
		ExecutionOrderSort2 (0ms)
		AwakeInstancesAfterBackupRestoration (31ms)
Refreshing native plugins compatible for Editor in 2.86 ms, found 0 plugins.
Preloading 0 native plugins for Editor in 0.00 ms.
Unloading 2956 Unused Serialized files (Serialized files now loaded: 0)
Unloading 24 unused Assets / (313.0 KB). Loaded Objects now: 3678.
Memory consumption went from 138.0 MB to 137.7 MB.
Total: 6.172000 ms (FindLiveObjects: 0.802000 ms CreateObjectMapping: 0.274900 ms MarkObjects: 4.960600 ms  DeleteObjects: 0.132900 ms)

Prepare: number of updated asset objects reloaded= 0
AssetImportParameters requested are different than current active one (requested -> active):
  custom:video-decoder-webm-vp8: 9c59270c3fd7afecdb556c50c9e8de78 -> 
  custom:SearchIndexIgnoredProperties: e643bd26f0fe6173181afceb89e7c659 -> 
  custom:container-demuxer-ogg: 62fdf1f143b41e24485cea50d1cbac27 -> 
  custom:AudioImporter_EditorPlatform: d09bf68614088b80899f8185d706f6e7 -> 
  custom:video-decoder-ogg-theora: a1e56fd34408186e4bbccfd4996cb3dc -> 
  custom:framework-win-MediaFoundation: 216162199b28c13a410421893ffa2e32 -> 
  custom:video-encoder-webm-vp8: eb34c28f22e8b96e1ab97ce403110664 -> 
  custom:audio-decoder-ogg-vorbis: bf7c407c2cedff20999df2af8eb42d56 -> 
  custom:CustomObjectIndexerAttribute: 72b91833f83ae208fae7752999fa3104 -> 
  custom:container-demuxer-webm: 4f35f7cbe854078d1ac9338744f61a02 -> 
  custom:audio-encoder-webm-vorbis: bf7c407c2cedff20999df2af8eb42d56 -> 
  custom:container-muxer-webm: aa71ff27fc2769a1b78a27578f13a17b -> 
========================================================================
Received Prepare
Begin MonoManager ReloadAssembly
- Loaded All Assemblies, in  0.622 seconds
Refreshing native plugins compatible for Editor in 2.40 ms, found 0 plugins.
Native extension for WindowsStandalone target not found
Mono: successfully reloaded assembly
- Finished resetting the current domain, in  1.075 seconds
Domain Reload Profiling: 1694ms
	BeginReloadAssembly (250ms)
		ExecutionOrderSort (0ms)
		DisableScriptedObjects (11ms)
		BackupInstance (0ms)
		ReleaseScriptingObjects (0ms)
		CreateAndSetChildDomain (57ms)
	RebuildCommonClasses (56ms)
	RebuildNativeTypeToScriptingClass (22ms)
	initialDomainReloadingComplete (48ms)
	LoadAllAssembliesAndSetupDomain (242ms)
		LoadAssemblies (354ms)
		RebuildTransferFunctionScriptingTraits (0ms)
		AnalyzeDomain (26ms)
			TypeCache.Refresh (7ms)
				TypeCache.ScanAssembly (0ms)
			ScanForSourceGeneratedMonoScriptInfo (0ms)
			ResolveRequiredComponents (17ms)
	FinalizeReload (1076ms)
		ReleaseScriptCaches (0ms)
		RebuildScriptCaches (0ms)
		SetupLoadedEditorAssemblies (522ms)
			LogAssemblyErrors (0ms)
			InitializePlatformSupportModulesInManaged (7ms)
			SetLoadedEditorAssemblies (4ms)
			RefreshPlugins (0ms)
			BeforeProcessingInitializeOnLoad (93ms)
			ProcessInitializeOnLoadAttributes (259ms)
			ProcessInitializeOnLoadMethodAttributes (151ms)
			AfterProcessingInitializeOnLoad (8ms)
			EditorAssembliesLoaded (0ms)
		ExecutionOrderSort2 (0ms)
		AwakeInstancesAfterBackupRestoration (29ms)
Refreshing native plugins compatible for Editor in 2.28 ms, found 0 plugins.
Preloading 0 native plugins for Editor in 0.00 ms.
Unloading 2956 Unused Serialized files (Serialized files now loaded: 0)
Unloading 24 unused Assets / (313.4 KB). Loaded Objects now: 3679.
Memory consumption went from 138.0 MB to 137.7 MB.
Total: 5.505800 ms (FindLiveObjects: 0.608600 ms CreateObjectMapping: 0.211100 ms MarkObjects: 4.477600 ms  DeleteObjects: 0.206700 ms)

Prepare: number of updated asset objects reloaded= 0
AssetImportParameters requested are different than current active one (requested -> active):
  custom:video-decoder-webm-vp8: 9c59270c3fd7afecdb556c50c9e8de78 -> 
  custom:SearchIndexIgnoredProperties: e643bd26f0fe6173181afceb89e7c659 -> 
  custom:container-demuxer-ogg: 62fdf1f143b41e24485cea50d1cbac27 -> 
  custom:AudioImporter_EditorPlatform: d09bf68614088b80899f8185d706f6e7 -> 
  custom:video-decoder-ogg-theora: a1e56fd34408186e4bbccfd4996cb3dc -> 
  custom:framework-win-MediaFoundation: 216162199b28c13a410421893ffa2e32 -> 
  custom:video-encoder-webm-vp8: eb34c28f22e8b96e1ab97ce403110664 -> 
  custom:audio-decoder-ogg-vorbis: bf7c407c2cedff20999df2af8eb42d56 -> 
  custom:CustomObjectIndexerAttribute: 72b91833f83ae208fae7752999fa3104 -> 
  custom:container-demuxer-webm: 4f35f7cbe854078d1ac9338744f61a02 -> 
  custom:audio-encoder-webm-vorbis: bf7c407c2cedff20999df2af8eb42d56 -> 
  custom:container-muxer-webm: aa71ff27fc2769a1b78a27578f13a17b -> 
========================================================================
Received Import Request.
  Time since last request: 231.665760 seconds.
  path: Assets/TestTask_MobileGame/Assets/Prefabs/Enemy.prefab
  artifactKey: Guid(9b4e93914dcece14f9989440afcdb73e) Importer(2089858483,0ecaa5967403d082aa24f35e1b516d23)
Start importing Assets/TestTask_MobileGame/Assets/Prefabs/Enemy.prefab using Guid(9b4e93914dcece14f9989440afcdb73e) Importer(2089858483,0ecaa5967403d082aa24f35e1b516d23) [PhysX] Initialized MultithreadedTaskDispatcher with 8 workers.
 -> (artifact id: 'f73af99626054507fd0d9a9bf499c2e8') in 0.290770 seconds
Number of updated asset objects reloaded before import = 0
Number of asset objects unloaded after import = 9
========================================================================
Received Import Request.
  Time since last request: 1.523248 seconds.
  path: Assets/TestTask_MobileGame/Assets/Prefabs/Enemy.prefab
  artifactKey: Guid(9b4e93914dcece14f9989440afcdb73e) Importer(2089858483,0ecaa5967403d082aa24f35e1b516d23)
Start importing Assets/TestTask_MobileGame/Assets/Prefabs/Enemy.prefab using Guid(9b4e93914dcece14f9989440afcdb73e) Importer(2089858483,0ecaa5967403d082aa24f35e1b516d23) [PhysX] Initialized MultithreadedTaskDispatcher with 8 workers.
 -> (artifact id: '501b0391a7a2081a7899dbac258d98c1') in 0.050431 seconds
Number of updated asset objects reloaded before import = 0
Number of asset objects unloaded after import = 10
========================================================================
Received Import Request.
  Time since last request: 1.648590 seconds.
  path: Assets/TestTask_MobileGame/Assets/Prefabs/Enemy.prefab
  artifactKey: Guid(9b4e93914dcece14f9989440afcdb73e) Importer(2089858483,0ecaa5967403d082aa24f35e1b516d23)
Start importing Assets/TestTask_MobileGame/Assets/Prefabs/Enemy.prefab using Guid(9b4e93914dcece14f9989440afcdb73e) Importer(2089858483,0ecaa5967403d082aa24f35e1b516d23) [PhysX] Initialized MultithreadedTaskDispatcher with 8 workers.
 -> (artifact id: 'c1a54a9fac3ed64b37f55af65e9274eb') in 0.019123 seconds
Number of updated asset objects reloaded before import = 0
Number of asset objects unloaded after import = 11
========================================================================
Received Prepare
Begin MonoManager ReloadAssembly
- Loaded All Assemblies, in  0.641 seconds
Refreshing native plugins compatible for Editor in 1.85 ms, found 0 plugins.
Native extension for WindowsStandalone target not found
Mono: successfully reloaded assembly
- Finished resetting the current domain, in  1.056 seconds
Domain Reload Profiling: 1695ms
	BeginReloadAssembly (271ms)
		ExecutionOrderSort (0ms)
		DisableScriptedObjects (9ms)
		BackupInstance (0ms)
		ReleaseScriptingObjects (0ms)
		CreateAndSetChildDomain (65ms)
	RebuildCommonClasses (50ms)
	RebuildNativeTypeToScriptingClass (16ms)
	initialDomainReloadingComplete (40ms)
	LoadAllAssembliesAndSetupDomain (262ms)
		LoadAssemblies (355ms)
		RebuildTransferFunctionScriptingTraits (0ms)
		AnalyzeDomain (56ms)
			TypeCache.Refresh (10ms)
				TypeCache.ScanAssembly (1ms)
			ScanForSourceGeneratedMonoScriptInfo (29ms)
			ResolveRequiredComponents (17ms)
	FinalizeReload (1057ms)
		ReleaseScriptCaches (0ms)
		RebuildScriptCaches (0ms)
		SetupLoadedEditorAssemblies (487ms)
			LogAssemblyErrors (0ms)
			InitializePlatformSupportModulesInManaged (7ms)
			SetLoadedEditorAssemblies (4ms)
			RefreshPlugins (0ms)
			BeforeProcessingInitializeOnLoad (87ms)
			ProcessInitializeOnLoadAttributes (241ms)
			ProcessInitializeOnLoadMethodAttributes (139ms)
			AfterProcessingInitializeOnLoad (10ms)
			EditorAssembliesLoaded (0ms)
		ExecutionOrderSort2 (0ms)
		AwakeInstancesAfterBackupRestoration (30ms)
Refreshing native plugins compatible for Editor in 3.33 ms, found 0 plugins.
Preloading 0 native plugins for Editor in 0.00 ms.
Unloading 2956 Unused Serialized files (Serialized files now loaded: 0)
Unloading 24 unused Assets / (313.0 KB). Loaded Objects now: 3680.
Memory consumption went from 138.0 MB to 137.7 MB.
Total: 4.795200 ms (FindLiveObjects: 0.301300 ms CreateObjectMapping: 0.132500 ms MarkObjects: 4.248800 ms  DeleteObjects: 0.108700 ms)

Prepare: number of updated asset objects reloaded= 0
AssetImportParameters requested are different than current active one (requested -> active):
  custom:video-decoder-webm-vp8: 9c59270c3fd7afecdb556c50c9e8de78 -> 
  custom:SearchIndexIgnoredProperties: e643bd26f0fe6173181afceb89e7c659 -> 
  custom:container-demuxer-ogg: 62fdf1f143b41e24485cea50d1cbac27 -> 
  custom:AudioImporter_EditorPlatform: d09bf68614088b80899f8185d706f6e7 -> 
  custom:video-decoder-ogg-theora: a1e56fd34408186e4bbccfd4996cb3dc -> 
  custom:framework-win-MediaFoundation: 216162199b28c13a410421893ffa2e32 -> 
  custom:video-encoder-webm-vp8: eb34c28f22e8b96e1ab97ce403110664 -> 
  custom:audio-decoder-ogg-vorbis: bf7c407c2cedff20999df2af8eb42d56 -> 
  custom:CustomObjectIndexerAttribute: 72b91833f83ae208fae7752999fa3104 -> 
  custom:container-demuxer-webm: 4f35f7cbe854078d1ac9338744f61a02 -> 
  custom:audio-encoder-webm-vorbis: bf7c407c2cedff20999df2af8eb42d56 -> 
  custom:container-muxer-webm: aa71ff27fc2769a1b78a27578f13a17b -> 
========================================================================
Received Prepare
Begin MonoManager ReloadAssembly
- Loaded All Assemblies, in  0.573 seconds
Refreshing native plugins compatible for Editor in 1.75 ms, found 0 plugins.
Native extension for WindowsStandalone target not found
Mono: successfully reloaded assembly
- Finished resetting the current domain, in  1.066 seconds
Domain Reload Profiling: 1638ms
	BeginReloadAssembly (228ms)
		ExecutionOrderSort (0ms)
		DisableScriptedObjects (8ms)
		BackupInstance (0ms)
		ReleaseScriptingObjects (0ms)
		CreateAndSetChildDomain (40ms)
	RebuildCommonClasses (51ms)
	RebuildNativeTypeToScriptingClass (19ms)
	initialDomainReloadingComplete (40ms)
	LoadAllAssembliesAndSetupDomain (233ms)
		LoadAssemblies (330ms)
		RebuildTransferFunctionScriptingTraits (0ms)
		AnalyzeDomain (31ms)
			TypeCache.Refresh (6ms)
				TypeCache.ScanAssembly (0ms)
			ScanForSourceGeneratedMonoScriptInfo (1ms)
			ResolveRequiredComponents (23ms)
	FinalizeReload (1067ms)
		ReleaseScriptCaches (0ms)
		RebuildScriptCaches (0ms)
		SetupLoadedEditorAssemblies (494ms)
			LogAssemblyErrors (0ms)
			InitializePlatformSupportModulesInManaged (9ms)
			SetLoadedEditorAssemblies (4ms)
			RefreshPlugins (0ms)
			BeforeProcessingInitializeOnLoad (90ms)
			ProcessInitializeOnLoadAttributes (244ms)
			ProcessInitializeOnLoadMethodAttributes (139ms)
			AfterProcessingInitializeOnLoad (8ms)
			EditorAssembliesLoaded (0ms)
		ExecutionOrderSort2 (0ms)
		AwakeInstancesAfterBackupRestoration (35ms)
Refreshing native plugins compatible for Editor in 2.11 ms, found 0 plugins.
Preloading 0 native plugins for Editor in 0.00 ms.
Unloading 2956 Unused Serialized files (Serialized files now loaded: 0)
Unloading 24 unused Assets / (313.5 KB). Loaded Objects now: 3681.
Memory consumption went from 138.0 MB to 137.7 MB.
Total: 5.700200 ms (FindLiveObjects: 0.358300 ms CreateObjectMapping: 0.134900 ms MarkObjects: 5.089800 ms  DeleteObjects: 0.115900 ms)

Prepare: number of updated asset objects reloaded= 0
AssetImportParameters requested are different than current active one (requested -> active):
  custom:video-decoder-webm-vp8: 9c59270c3fd7afecdb556c50c9e8de78 -> 
  custom:SearchIndexIgnoredProperties: e643bd26f0fe6173181afceb89e7c659 -> 
  custom:container-demuxer-ogg: 62fdf1f143b41e24485cea50d1cbac27 -> 
  custom:AudioImporter_EditorPlatform: d09bf68614088b80899f8185d706f6e7 -> 
  custom:video-decoder-ogg-theora: a1e56fd34408186e4bbccfd4996cb3dc -> 
  custom:framework-win-MediaFoundation: 216162199b28c13a410421893ffa2e32 -> 
  custom:video-encoder-webm-vp8: eb34c28f22e8b96e1ab97ce403110664 -> 
  custom:audio-decoder-ogg-vorbis: bf7c407c2cedff20999df2af8eb42d56 -> 
  custom:CustomObjectIndexerAttribute: 72b91833f83ae208fae7752999fa3104 -> 
  custom:container-demuxer-webm: 4f35f7cbe854078d1ac9338744f61a02 -> 
  custom:audio-encoder-webm-vorbis: bf7c407c2cedff20999df2af8eb42d56 -> 
  custom:container-muxer-webm: aa71ff27fc2769a1b78a27578f13a17b -> 
========================================================================
Received Prepare
Begin MonoManager ReloadAssembly
- Loaded All Assemblies, in  0.583 seconds
Refreshing native plugins compatible for Editor in 1.78 ms, found 0 plugins.
Native extension for WindowsStandalone target not found
Mono: successfully reloaded assembly
- Finished resetting the current domain, in  1.034 seconds
Domain Reload Profiling: 1615ms
	BeginReloadAssembly (230ms)
		ExecutionOrderSort (0ms)
		DisableScriptedObjects (10ms)
		BackupInstance (0ms)
		ReleaseScriptingObjects (0ms)
		CreateAndSetChildDomain (47ms)
	RebuildCommonClasses (62ms)
	RebuildNativeTypeToScriptingClass (17ms)
	initialDomainReloadingComplete (41ms)
	LoadAllAssembliesAndSetupDomain (231ms)
		LoadAssemblies (335ms)
		RebuildTransferFunctionScriptingTraits (0ms)
		AnalyzeDomain (26ms)
			TypeCache.Refresh (7ms)
				TypeCache.ScanAssembly (0ms)
			ScanForSourceGeneratedMonoScriptInfo (0ms)
			ResolveRequiredComponents (18ms)
	FinalizeReload (1035ms)
		ReleaseScriptCaches (0ms)
		RebuildScriptCaches (0ms)
		SetupLoadedEditorAssemblies (494ms)
			LogAssemblyErrors (0ms)
			InitializePlatformSupportModulesInManaged (8ms)
			SetLoadedEditorAssemblies (4ms)
			RefreshPlugins (0ms)
			BeforeProcessingInitializeOnLoad (91ms)
			ProcessInitializeOnLoadAttributes (248ms)
			ProcessInitializeOnLoadMethodAttributes (137ms)
			AfterProcessingInitializeOnLoad (7ms)
			EditorAssembliesLoaded (0ms)
		ExecutionOrderSort2 (0ms)
		AwakeInstancesAfterBackupRestoration (25ms)
Refreshing native plugins compatible for Editor in 2.66 ms, found 0 plugins.
Preloading 0 native plugins for Editor in 0.00 ms.
Unloading 2956 Unused Serialized files (Serialized files now loaded: 0)
Unloading 24 unused Assets / (313.0 KB). Loaded Objects now: 3682.
Memory consumption went from 138.0 MB to 137.7 MB.
Total: 5.323800 ms (FindLiveObjects: 0.327000 ms CreateObjectMapping: 0.135300 ms MarkObjects: 4.645200 ms  DeleteObjects: 0.214400 ms)

Prepare: number of updated asset objects reloaded= 0
AssetImportParameters requested are different than current active one (requested -> active):
  custom:video-decoder-webm-vp8: 9c59270c3fd7afecdb556c50c9e8de78 -> 
  custom:SearchIndexIgnoredProperties: e643bd26f0fe6173181afceb89e7c659 -> 
  custom:container-demuxer-ogg: 62fdf1f143b41e24485cea50d1cbac27 -> 
  custom:AudioImporter_EditorPlatform: d09bf68614088b80899f8185d706f6e7 -> 
  custom:video-decoder-ogg-theora: a1e56fd34408186e4bbccfd4996cb3dc -> 
  custom:framework-win-MediaFoundation: 216162199b28c13a410421893ffa2e32 -> 
  custom:video-encoder-webm-vp8: eb34c28f22e8b96e1ab97ce403110664 -> 
  custom:audio-decoder-ogg-vorbis: bf7c407c2cedff20999df2af8eb42d56 -> 
  custom:CustomObjectIndexerAttribute: 72b91833f83ae208fae7752999fa3104 -> 
  custom:container-demuxer-webm: 4f35f7cbe854078d1ac9338744f61a02 -> 
  custom:audio-encoder-webm-vorbis: bf7c407c2cedff20999df2af8eb42d56 -> 
  custom:container-muxer-webm: aa71ff27fc2769a1b78a27578f13a17b -> 
========================================================================
Received Import Request.
  Time since last request: 249.562169 seconds.
  path: Assets/TestTask_MobileGame/Assets/Scripts/ResourceHill.cs
  artifactKey: Guid(350acc2326f12984c8d2d7068f0faaba) Importer(815301076,1909f56bfc062723c751e8b465ee728b)
Start importing Assets/TestTask_MobileGame/Assets/Scripts/ResourceHill.cs using Guid(350acc2326f12984c8d2d7068f0faaba) Importer(815301076,1909f56bfc062723c751e8b465ee728b) [PhysX] Initialized MultithreadedTaskDispatcher with 8 workers.
 -> (artifact id: '91ca8277f7861512484c4d29950d8007') in 0.007559 seconds
Number of updated asset objects reloaded before import = 0
Number of asset objects unloaded after import = 0
========================================================================
Received Prepare
Begin MonoManager ReloadAssembly
- Loaded All Assemblies, in  0.592 seconds
Refreshing native plugins compatible for Editor in 1.93 ms, found 0 plugins.
Native extension for WindowsStandalone target not found
Mono: successfully reloaded assembly
- Finished resetting the current domain, in  1.072 seconds
Domain Reload Profiling: 1662ms
	BeginReloadAssembly (234ms)
		ExecutionOrderSort (0ms)
		DisableScriptedObjects (8ms)
		BackupInstance (0ms)
		ReleaseScriptingObjects (0ms)
		CreateAndSetChildDomain (48ms)
	RebuildCommonClasses (52ms)
	RebuildNativeTypeToScriptingClass (23ms)
	initialDomainReloadingComplete (39ms)
	LoadAllAssembliesAndSetupDomain (242ms)
		LoadAssemblies (351ms)
		RebuildTransferFunctionScriptingTraits (0ms)
		AnalyzeDomain (28ms)
			TypeCache.Refresh (8ms)
				TypeCache.ScanAssembly (0ms)
			ScanForSourceGeneratedMonoScriptInfo (0ms)
			ResolveRequiredComponents (18ms)
	FinalizeReload (1072ms)
		ReleaseScriptCaches (0ms)
		RebuildScriptCaches (0ms)
		SetupLoadedEditorAssemblies (532ms)
			LogAssemblyErrors (0ms)
			InitializePlatformSupportModulesInManaged (9ms)
			SetLoadedEditorAssemblies (6ms)
			RefreshPlugins (0ms)
			BeforeProcessingInitializeOnLoad (93ms)
			ProcessInitializeOnLoadAttributes (267ms)
			ProcessInitializeOnLoadMethodAttributes (149ms)
			AfterProcessingInitializeOnLoad (7ms)
			EditorAssembliesLoaded (0ms)
		ExecutionOrderSort2 (0ms)
		AwakeInstancesAfterBackupRestoration (30ms)
Refreshing native plugins compatible for Editor in 2.19 ms, found 0 plugins.
Preloading 0 native plugins for Editor in 0.00 ms.
Unloading 2956 Unused Serialized files (Serialized files now loaded: 0)
Unloading 24 unused Assets / (313.5 KB). Loaded Objects now: 3683.
Memory consumption went from 138.0 MB to 137.7 MB.
Total: 5.364800 ms (FindLiveObjects: 0.315000 ms CreateObjectMapping: 0.136800 ms MarkObjects: 4.807200 ms  DeleteObjects: 0.104300 ms)

Prepare: number of updated asset objects reloaded= 0
AssetImportParameters requested are different than current active one (requested -> active):
  custom:video-decoder-webm-vp8: 9c59270c3fd7afecdb556c50c9e8de78 -> 
  custom:SearchIndexIgnoredProperties: e643bd26f0fe6173181afceb89e7c659 -> 
  custom:container-demuxer-ogg: 62fdf1f143b41e24485cea50d1cbac27 -> 
  custom:AudioImporter_EditorPlatform: d09bf68614088b80899f8185d706f6e7 -> 
  custom:video-decoder-ogg-theora: a1e56fd34408186e4bbccfd4996cb3dc -> 
  custom:framework-win-MediaFoundation: 216162199b28c13a410421893ffa2e32 -> 
  custom:video-encoder-webm-vp8: eb34c28f22e8b96e1ab97ce403110664 -> 
  custom:audio-decoder-ogg-vorbis: bf7c407c2cedff20999df2af8eb42d56 -> 
  custom:CustomObjectIndexerAttribute: 72b91833f83ae208fae7752999fa3104 -> 
  custom:container-demuxer-webm: 4f35f7cbe854078d1ac9338744f61a02 -> 
  custom:audio-encoder-webm-vorbis: bf7c407c2cedff20999df2af8eb42d56 -> 
  custom:container-muxer-webm: aa71ff27fc2769a1b78a27578f13a17b -> 
========================================================================
Received Prepare
Begin MonoManager ReloadAssembly
- Loaded All Assemblies, in  0.598 seconds
Refreshing native plugins compatible for Editor in 1.78 ms, found 0 plugins.
Native extension for WindowsStandalone target not found
Mono: successfully reloaded assembly
- Finished resetting the current domain, in  1.009 seconds
Domain Reload Profiling: 1606ms
	BeginReloadAssembly (244ms)
		ExecutionOrderSort (0ms)
		DisableScriptedObjects (11ms)
		BackupInstance (0ms)
		ReleaseScriptingObjects (0ms)
		CreateAndSetChildDomain (47ms)
	RebuildCommonClasses (54ms)
	RebuildNativeTypeToScriptingClass (24ms)
	initialDomainReloadingComplete (47ms)
	LoadAllAssembliesAndSetupDomain (227ms)
		LoadAssemblies (342ms)
		RebuildTransferFunctionScriptingTraits (0ms)
		AnalyzeDomain (26ms)
			TypeCache.Refresh (7ms)
				TypeCache.ScanAssembly (0ms)
			ScanForSourceGeneratedMonoScriptInfo (0ms)
			ResolveRequiredComponents (18ms)
	FinalizeReload (1010ms)
		ReleaseScriptCaches (0ms)
		RebuildScriptCaches (0ms)
		SetupLoadedEditorAssemblies (464ms)
			LogAssemblyErrors (0ms)
			InitializePlatformSupportModulesInManaged (7ms)
			SetLoadedEditorAssemblies (4ms)
			RefreshPlugins (0ms)
			BeforeProcessingInitializeOnLoad (96ms)
			ProcessInitializeOnLoadAttributes (231ms)
			ProcessInitializeOnLoadMethodAttributes (119ms)
			AfterProcessingInitializeOnLoad (7ms)
			EditorAssembliesLoaded (0ms)
		ExecutionOrderSort2 (0ms)
		AwakeInstancesAfterBackupRestoration (35ms)
Refreshing native plugins compatible for Editor in 2.91 ms, found 0 plugins.
Preloading 0 native plugins for Editor in 0.00 ms.
Unloading 2956 Unused Serialized files (Serialized files now loaded: 0)
Unloading 24 unused Assets / (313.5 KB). Loaded Objects now: 3684.
Memory consumption went from 138.0 MB to 137.7 MB.
Total: 4.626400 ms (FindLiveObjects: 0.333000 ms CreateObjectMapping: 0.138100 ms MarkObjects: 4.054100 ms  DeleteObjects: 0.099900 ms)

Prepare: number of updated asset objects reloaded= 0
AssetImportParameters requested are different than current active one (requested -> active):
  custom:video-decoder-webm-vp8: 9c59270c3fd7afecdb556c50c9e8de78 -> 
  custom:SearchIndexIgnoredProperties: e643bd26f0fe6173181afceb89e7c659 -> 
  custom:container-demuxer-ogg: 62fdf1f143b41e24485cea50d1cbac27 -> 
  custom:AudioImporter_EditorPlatform: d09bf68614088b80899f8185d706f6e7 -> 
  custom:video-decoder-ogg-theora: a1e56fd34408186e4bbccfd4996cb3dc -> 
  custom:framework-win-MediaFoundation: 216162199b28c13a410421893ffa2e32 -> 
  custom:video-encoder-webm-vp8: eb34c28f22e8b96e1ab97ce403110664 -> 
  custom:audio-decoder-ogg-vorbis: bf7c407c2cedff20999df2af8eb42d56 -> 
  custom:CustomObjectIndexerAttribute: 72b91833f83ae208fae7752999fa3104 -> 
  custom:container-demuxer-webm: 4f35f7cbe854078d1ac9338744f61a02 -> 
  custom:audio-encoder-webm-vorbis: bf7c407c2cedff20999df2af8eb42d56 -> 
  custom:container-muxer-webm: aa71ff27fc2769a1b78a27578f13a17b -> 
========================================================================
Received Prepare
Begin MonoManager ReloadAssembly
- Loaded All Assemblies, in  0.633 seconds
Refreshing native plugins compatible for Editor in 1.78 ms, found 0 plugins.
Native extension for WindowsStandalone target not found
Mono: successfully reloaded assembly
- Finished resetting the current domain, in  1.072 seconds
Domain Reload Profiling: 1701ms
	BeginReloadAssembly (233ms)
		ExecutionOrderSort (0ms)
		DisableScriptedObjects (8ms)
		BackupInstance (0ms)
		ReleaseScriptingObjects (0ms)
		CreateAndSetChildDomain (47ms)
	RebuildCommonClasses (67ms)
	RebuildNativeTypeToScriptingClass (29ms)
	initialDomainReloadingComplete (44ms)
	LoadAllAssembliesAndSetupDomain (256ms)
		LoadAssemblies (336ms)
		RebuildTransferFunctionScriptingTraits (0ms)
		AnalyzeDomain (55ms)
			TypeCache.Refresh (11ms)
				TypeCache.ScanAssembly (2ms)
			ScanForSourceGeneratedMonoScriptInfo (25ms)
			ResolveRequiredComponents (17ms)
	FinalizeReload (1072ms)
		ReleaseScriptCaches (0ms)
		RebuildScriptCaches (0ms)
		SetupLoadedEditorAssemblies (504ms)
			LogAssemblyErrors (0ms)
			InitializePlatformSupportModulesInManaged (7ms)
			SetLoadedEditorAssemblies (4ms)
			RefreshPlugins (0ms)
			BeforeProcessingInitializeOnLoad (89ms)
			ProcessInitializeOnLoadAttributes (262ms)
			ProcessInitializeOnLoadMethodAttributes (135ms)
			AfterProcessingInitializeOnLoad (7ms)
			EditorAssembliesLoaded (0ms)
		ExecutionOrderSort2 (0ms)
		AwakeInstancesAfterBackupRestoration (33ms)
Refreshing native plugins compatible for Editor in 3.32 ms, found 0 plugins.
Preloading 0 native plugins for Editor in 0.00 ms.
Unloading 2956 Unused Serialized files (Serialized files now loaded: 0)
Unloading 24 unused Assets / (313.4 KB). Loaded Objects now: 3685.
Memory consumption went from 138.0 MB to 137.7 MB.
Total: 4.956800 ms (FindLiveObjects: 0.310000 ms CreateObjectMapping: 0.133800 ms MarkObjects: 4.368200 ms  DeleteObjects: 0.143000 ms)

Prepare: number of updated asset objects reloaded= 0
AssetImportParameters requested are different than current active one (requested -> active):
  custom:video-decoder-webm-vp8: 9c59270c3fd7afecdb556c50c9e8de78 -> 
  custom:SearchIndexIgnoredProperties: e643bd26f0fe6173181afceb89e7c659 -> 
  custom:container-demuxer-ogg: 62fdf1f143b41e24485cea50d1cbac27 -> 
  custom:AudioImporter_EditorPlatform: d09bf68614088b80899f8185d706f6e7 -> 
  custom:video-decoder-ogg-theora: a1e56fd34408186e4bbccfd4996cb3dc -> 
  custom:framework-win-MediaFoundation: 216162199b28c13a410421893ffa2e32 -> 
  custom:video-encoder-webm-vp8: eb34c28f22e8b96e1ab97ce403110664 -> 
  custom:audio-decoder-ogg-vorbis: bf7c407c2cedff20999df2af8eb42d56 -> 
  custom:CustomObjectIndexerAttribute: 72b91833f83ae208fae7752999fa3104 -> 
  custom:container-demuxer-webm: 4f35f7cbe854078d1ac9338744f61a02 -> 
  custom:audio-encoder-webm-vorbis: bf7c407c2cedff20999df2af8eb42d56 -> 
  custom:container-muxer-webm: aa71ff27fc2769a1b78a27578f13a17b -> 
========================================================================
Received Prepare
Begin MonoManager ReloadAssembly
- Loaded All Assemblies, in  0.572 seconds
Refreshing native plugins compatible for Editor in 1.83 ms, found 0 plugins.
Native extension for WindowsStandalone target not found
Mono: successfully reloaded assembly
- Finished resetting the current domain, in  1.155 seconds
Domain Reload Profiling: 1726ms
	BeginReloadAssembly (232ms)
		ExecutionOrderSort (0ms)
		DisableScriptedObjects (7ms)
		BackupInstance (0ms)
		ReleaseScriptingObjects (0ms)
		CreateAndSetChildDomain (45ms)
	RebuildCommonClasses (57ms)
	RebuildNativeTypeToScriptingClass (15ms)
	initialDomainReloadingComplete (37ms)
	LoadAllAssembliesAndSetupDomain (229ms)
		LoadAssemblies (335ms)
		RebuildTransferFunctionScriptingTraits (0ms)
		AnalyzeDomain (26ms)
			TypeCache.Refresh (8ms)
				TypeCache.ScanAssembly (0ms)
			ScanForSourceGeneratedMonoScriptInfo (0ms)
			ResolveRequiredComponents (17ms)
	FinalizeReload (1156ms)
		ReleaseScriptCaches (0ms)
		RebuildScriptCaches (0ms)
		SetupLoadedEditorAssemblies (533ms)
			LogAssemblyErrors (0ms)
			InitializePlatformSupportModulesInManaged (7ms)
			SetLoadedEditorAssemblies (4ms)
			RefreshPlugins (0ms)
			BeforeProcessingInitializeOnLoad (93ms)
			ProcessInitializeOnLoadAttributes (285ms)
			ProcessInitializeOnLoadMethodAttributes (138ms)
			AfterProcessingInitializeOnLoad (7ms)
			EditorAssembliesLoaded (0ms)
		ExecutionOrderSort2 (0ms)
		AwakeInstancesAfterBackupRestoration (32ms)
Refreshing native plugins compatible for Editor in 2.35 ms, found 0 plugins.
Preloading 0 native plugins for Editor in 0.00 ms.
Unloading 2956 Unused Serialized files (Serialized files now loaded: 0)
Unloading 24 unused Assets / (313.6 KB). Loaded Objects now: 3686.
Memory consumption went from 138.0 MB to 137.7 MB.
Total: 4.676700 ms (FindLiveObjects: 0.309700 ms CreateObjectMapping: 0.133300 ms MarkObjects: 4.128000 ms  DeleteObjects: 0.104300 ms)

Prepare: number of updated asset objects reloaded= 0
AssetImportParameters requested are different than current active one (requested -> active):
  custom:video-decoder-webm-vp8: 9c59270c3fd7afecdb556c50c9e8de78 -> 
  custom:SearchIndexIgnoredProperties: e643bd26f0fe6173181afceb89e7c659 -> 
  custom:container-demuxer-ogg: 62fdf1f143b41e24485cea50d1cbac27 -> 
  custom:AudioImporter_EditorPlatform: d09bf68614088b80899f8185d706f6e7 -> 
  custom:video-decoder-ogg-theora: a1e56fd34408186e4bbccfd4996cb3dc -> 
  custom:framework-win-MediaFoundation: 216162199b28c13a410421893ffa2e32 -> 
  custom:video-encoder-webm-vp8: eb34c28f22e8b96e1ab97ce403110664 -> 
  custom:audio-decoder-ogg-vorbis: bf7c407c2cedff20999df2af8eb42d56 -> 
  custom:CustomObjectIndexerAttribute: 72b91833f83ae208fae7752999fa3104 -> 
  custom:container-demuxer-webm: 4f35f7cbe854078d1ac9338744f61a02 -> 
  custom:audio-encoder-webm-vorbis: bf7c407c2cedff20999df2af8eb42d56 -> 
  custom:container-muxer-webm: aa71ff27fc2769a1b78a27578f13a17b -> 
========================================================================
Received Prepare
Begin MonoManager ReloadAssembly
- Loaded All Assemblies, in  0.618 seconds
Refreshing native plugins compatible for Editor in 2.00 ms, found 0 plugins.
Native extension for WindowsStandalone target not found
Mono: successfully reloaded assembly
- Finished resetting the current domain, in  0.973 seconds
Domain Reload Profiling: 1589ms
	BeginReloadAssembly (236ms)
		ExecutionOrderSort (0ms)
		DisableScriptedObjects (11ms)
		BackupInstance (0ms)
		ReleaseScriptingObjects (0ms)
		CreateAndSetChildDomain (44ms)
	RebuildCommonClasses (72ms)
	RebuildNativeTypeToScriptingClass (18ms)
	initialDomainReloadingComplete (38ms)
	LoadAllAssembliesAndSetupDomain (250ms)
		LoadAssemblies (333ms)
		RebuildTransferFunctionScriptingTraits (0ms)
		AnalyzeDomain (54ms)
			TypeCache.Refresh (10ms)
				TypeCache.ScanAssembly (2ms)
			ScanForSourceGeneratedMonoScriptInfo (28ms)
			ResolveRequiredComponents (16ms)
	FinalizeReload (974ms)
		ReleaseScriptCaches (0ms)
		RebuildScriptCaches (0ms)
		SetupLoadedEditorAssemblies (479ms)
			LogAssemblyErrors (0ms)
			InitializePlatformSupportModulesInManaged (7ms)
			SetLoadedEditorAssemblies (4ms)
			RefreshPlugins (0ms)
			BeforeProcessingInitializeOnLoad (92ms)
			ProcessInitializeOnLoadAttributes (227ms)
			ProcessInitializeOnLoadMethodAttributes (142ms)
			AfterProcessingInitializeOnLoad (6ms)
			EditorAssembliesLoaded (0ms)
		ExecutionOrderSort2 (0ms)
		AwakeInstancesAfterBackupRestoration (30ms)
Refreshing native plugins compatible for Editor in 2.35 ms, found 0 plugins.
Preloading 0 native plugins for Editor in 0.00 ms.
Unloading 2956 Unused Serialized files (Serialized files now loaded: 0)
Unloading 24 unused Assets / (313.5 KB). Loaded Objects now: 3687.
Memory consumption went from 138.0 MB to 137.7 MB.
Total: 5.303300 ms (FindLiveObjects: 0.337700 ms CreateObjectMapping: 0.136600 ms MarkObjects: 4.709200 ms  DeleteObjects: 0.118000 ms)

Prepare: number of updated asset objects reloaded= 0
AssetImportParameters requested are different than current active one (requested -> active):
  custom:video-decoder-webm-vp8: 9c59270c3fd7afecdb556c50c9e8de78 -> 
  custom:SearchIndexIgnoredProperties: e643bd26f0fe6173181afceb89e7c659 -> 
  custom:container-demuxer-ogg: 62fdf1f143b41e24485cea50d1cbac27 -> 
  custom:AudioImporter_EditorPlatform: d09bf68614088b80899f8185d706f6e7 -> 
  custom:video-decoder-ogg-theora: a1e56fd34408186e4bbccfd4996cb3dc -> 
  custom:framework-win-MediaFoundation: 216162199b28c13a410421893ffa2e32 -> 
  custom:video-encoder-webm-vp8: eb34c28f22e8b96e1ab97ce403110664 -> 
  custom:audio-decoder-ogg-vorbis: bf7c407c2cedff20999df2af8eb42d56 -> 
  custom:CustomObjectIndexerAttribute: 72b91833f83ae208fae7752999fa3104 -> 
  custom:container-demuxer-webm: 4f35f7cbe854078d1ac9338744f61a02 -> 
  custom:audio-encoder-webm-vorbis: bf7c407c2cedff20999df2af8eb42d56 -> 
  custom:container-muxer-webm: aa71ff27fc2769a1b78a27578f13a17b -> 
========================================================================
Received Import Request.
  Time since last request: 544.219320 seconds.
  path: Assets/TestTask_MobileGame/Assets/Scripts/CameraFollow.cs
  artifactKey: Guid(223329b724cee5944b0fce86e0e53c26) Importer(815301076,1909f56bfc062723c751e8b465ee728b)
Start importing Assets/TestTask_MobileGame/Assets/Scripts/CameraFollow.cs using Guid(223329b724cee5944b0fce86e0e53c26) Importer(815301076,1909f56bfc062723c751e8b465ee728b) [PhysX] Initialized MultithreadedTaskDispatcher with 8 workers.
 -> (artifact id: 'b1a3d8df66383bdca40d14001127dee1') in 0.006890 seconds
Number of updated asset objects reloaded before import = 0
Number of asset objects unloaded after import = 0
========================================================================
Received Prepare
Begin MonoManager ReloadAssembly
- Loaded All Assemblies, in  0.569 seconds
Refreshing native plugins compatible for Editor in 2.77 ms, found 0 plugins.
Native extension for WindowsStandalone target not found
Mono: successfully reloaded assembly
- Finished resetting the current domain, in  0.999 seconds
Domain Reload Profiling: 1567ms
	BeginReloadAssembly (225ms)
		ExecutionOrderSort (0ms)
		DisableScriptedObjects (8ms)
		BackupInstance (0ms)
		ReleaseScriptingObjects (0ms)
		CreateAndSetChildDomain (43ms)
	RebuildCommonClasses (53ms)
	RebuildNativeTypeToScriptingClass (20ms)
	initialDomainReloadingComplete (39ms)
	LoadAllAssembliesAndSetupDomain (231ms)
		LoadAssemblies (338ms)
		RebuildTransferFunctionScriptingTraits (0ms)
		AnalyzeDomain (29ms)
			TypeCache.Refresh (6ms)
				TypeCache.ScanAssembly (0ms)
			ScanForSourceGeneratedMonoScriptInfo (0ms)
			ResolveRequiredComponents (22ms)
	FinalizeReload (1000ms)
		ReleaseScriptCaches (0ms)
		RebuildScriptCaches (0ms)
		SetupLoadedEditorAssemblies (479ms)
			LogAssemblyErrors (0ms)
			InitializePlatformSupportModulesInManaged (7ms)
			SetLoadedEditorAssemblies (4ms)
			RefreshPlugins (0ms)
			BeforeProcessingInitializeOnLoad (92ms)
			ProcessInitializeOnLoadAttributes (240ms)
			ProcessInitializeOnLoadMethodAttributes (130ms)
			AfterProcessingInitializeOnLoad (6ms)
			EditorAssembliesLoaded (0ms)
		ExecutionOrderSort2 (0ms)
		AwakeInstancesAfterBackupRestoration (28ms)
Refreshing native plugins compatible for Editor in 2.33 ms, found 0 plugins.
Preloading 0 native plugins for Editor in 0.00 ms.
Unloading 2956 Unused Serialized files (Serialized files now loaded: 0)
Unloading 24 unused Assets / (313.5 KB). Loaded Objects now: 3688.
Memory consumption went from 138.0 MB to 137.7 MB.
Total: 5.050900 ms (FindLiveObjects: 0.445700 ms CreateObjectMapping: 0.203100 ms MarkObjects: 4.280000 ms  DeleteObjects: 0.120800 ms)

Prepare: number of updated asset objects reloaded= 0
AssetImportParameters requested are different than current active one (requested -> active):
  custom:video-decoder-webm-vp8: 9c59270c3fd7afecdb556c50c9e8de78 -> 
  custom:SearchIndexIgnoredProperties: e643bd26f0fe6173181afceb89e7c659 -> 
  custom:container-demuxer-ogg: 62fdf1f143b41e24485cea50d1cbac27 -> 
  custom:AudioImporter_EditorPlatform: d09bf68614088b80899f8185d706f6e7 -> 
  custom:video-decoder-ogg-theora: a1e56fd34408186e4bbccfd4996cb3dc -> 
  custom:framework-win-MediaFoundation: 216162199b28c13a410421893ffa2e32 -> 
  custom:video-encoder-webm-vp8: eb34c28f22e8b96e1ab97ce403110664 -> 
  custom:audio-decoder-ogg-vorbis: bf7c407c2cedff20999df2af8eb42d56 -> 
  custom:CustomObjectIndexerAttribute: 72b91833f83ae208fae7752999fa3104 -> 
  custom:container-demuxer-webm: 4f35f7cbe854078d1ac9338744f61a02 -> 
  custom:audio-encoder-webm-vorbis: bf7c407c2cedff20999df2af8eb42d56 -> 
  custom:container-muxer-webm: aa71ff27fc2769a1b78a27578f13a17b -> 
========================================================================
Received Prepare
Begin MonoManager ReloadAssembly
- Loaded All Assemblies, in  0.604 seconds
Refreshing native plugins compatible for Editor in 1.81 ms, found 0 plugins.
Native extension for WindowsStandalone target not found
Mono: successfully reloaded assembly
- Finished resetting the current domain, in  1.040 seconds
Domain Reload Profiling: 1643ms
	BeginReloadAssembly (232ms)
		ExecutionOrderSort (0ms)
		DisableScriptedObjects (8ms)
		BackupInstance (0ms)
		ReleaseScriptingObjects (0ms)
		CreateAndSetChildDomain (38ms)
	RebuildCommonClasses (51ms)
	RebuildNativeTypeToScriptingClass (16ms)
	initialDomainReloadingComplete (40ms)
	LoadAllAssembliesAndSetupDomain (262ms)
		LoadAssemblies (347ms)
		RebuildTransferFunctionScriptingTraits (0ms)
		AnalyzeDomain (57ms)
			TypeCache.Refresh (13ms)
				TypeCache.ScanAssembly (2ms)
			ScanForSourceGeneratedMonoScriptInfo (26ms)
			ResolveRequiredComponents (17ms)
	FinalizeReload (1041ms)
		ReleaseScriptCaches (0ms)
		RebuildScriptCaches (0ms)
		SetupLoadedEditorAssemblies (473ms)
			LogAssemblyErrors (0ms)
			InitializePlatformSupportModulesInManaged (7ms)
			SetLoadedEditorAssemblies (4ms)
			RefreshPlugins (0ms)
			BeforeProcessingInitializeOnLoad (83ms)
			ProcessInitializeOnLoadAttributes (242ms)
			ProcessInitializeOnLoadMethodAttributes (129ms)
			AfterProcessingInitializeOnLoad (8ms)
			EditorAssembliesLoaded (0ms)
		ExecutionOrderSort2 (0ms)
		AwakeInstancesAfterBackupRestoration (34ms)
Refreshing native plugins compatible for Editor in 2.18 ms, found 0 plugins.
Preloading 0 native plugins for Editor in 0.00 ms.
Unloading 2956 Unused Serialized files (Serialized files now loaded: 0)
Unloading 24 unused Assets / (313.5 KB). Loaded Objects now: 3689.
Memory consumption went from 138.0 MB to 137.7 MB.
Total: 6.095600 ms (FindLiveObjects: 0.841600 ms CreateObjectMapping: 0.246000 ms MarkObjects: 4.902200 ms  DeleteObjects: 0.104400 ms)

Prepare: number of updated asset objects reloaded= 0
AssetImportParameters requested are different than current active one (requested -> active):
  custom:video-decoder-webm-vp8: 9c59270c3fd7afecdb556c50c9e8de78 -> 
  custom:SearchIndexIgnoredProperties: e643bd26f0fe6173181afceb89e7c659 -> 
  custom:container-demuxer-ogg: 62fdf1f143b41e24485cea50d1cbac27 -> 
  custom:AudioImporter_EditorPlatform: d09bf68614088b80899f8185d706f6e7 -> 
  custom:video-decoder-ogg-theora: a1e56fd34408186e4bbccfd4996cb3dc -> 
  custom:framework-win-MediaFoundation: 216162199b28c13a410421893ffa2e32 -> 
  custom:video-encoder-webm-vp8: eb34c28f22e8b96e1ab97ce403110664 -> 
  custom:audio-decoder-ogg-vorbis: bf7c407c2cedff20999df2af8eb42d56 -> 
  custom:CustomObjectIndexerAttribute: 72b91833f83ae208fae7752999fa3104 -> 
  custom:container-demuxer-webm: 4f35f7cbe854078d1ac9338744f61a02 -> 
  custom:audio-encoder-webm-vorbis: bf7c407c2cedff20999df2af8eb42d56 -> 
  custom:container-muxer-webm: aa71ff27fc2769a1b78a27578f13a17b -> 
========================================================================
Received Prepare
Begin MonoManager ReloadAssembly
- Loaded All Assemblies, in  0.586 seconds
Refreshing native plugins compatible for Editor in 1.93 ms, found 0 plugins.
Native extension for WindowsStandalone target not found
Mono: successfully reloaded assembly
- Finished resetting the current domain, in  1.024 seconds
Domain Reload Profiling: 1608ms
	BeginReloadAssembly (228ms)
		ExecutionOrderSort (0ms)
		DisableScriptedObjects (12ms)
		BackupInstance (0ms)
		ReleaseScriptingObjects (0ms)
		CreateAndSetChildDomain (42ms)
	RebuildCommonClasses (58ms)
	RebuildNativeTypeToScriptingClass (26ms)
	initialDomainReloadingComplete (37ms)
	LoadAllAssembliesAndSetupDomain (235ms)
		LoadAssemblies (325ms)
		RebuildTransferFunctionScriptingTraits (0ms)
		AnalyzeDomain (35ms)
			TypeCache.Refresh (7ms)
				TypeCache.ScanAssembly (0ms)
			ScanForSourceGeneratedMonoScriptInfo (0ms)
			ResolveRequiredComponents (26ms)
	FinalizeReload (1024ms)
		ReleaseScriptCaches (0ms)
		RebuildScriptCaches (0ms)
		SetupLoadedEditorAssemblies (463ms)
			LogAssemblyErrors (0ms)
			InitializePlatformSupportModulesInManaged (7ms)
			SetLoadedEditorAssemblies (6ms)
			RefreshPlugins (0ms)
			BeforeProcessingInitializeOnLoad (98ms)
			ProcessInitializeOnLoadAttributes (228ms)
			ProcessInitializeOnLoadMethodAttributes (118ms)
			AfterProcessingInitializeOnLoad (7ms)
			EditorAssembliesLoaded (0ms)
		ExecutionOrderSort2 (0ms)
		AwakeInstancesAfterBackupRestoration (31ms)
Refreshing native plugins compatible for Editor in 3.13 ms, found 0 plugins.
Preloading 0 native plugins for Editor in 0.00 ms.
Unloading 2956 Unused Serialized files (Serialized files now loaded: 0)
Unloading 24 unused Assets / (313.5 KB). Loaded Objects now: 3690.
Memory consumption went from 138.0 MB to 137.7 MB.
Total: 5.720000 ms (FindLiveObjects: 0.353300 ms CreateObjectMapping: 0.141400 ms MarkObjects: 5.120800 ms  DeleteObjects: 0.102500 ms)

Prepare: number of updated asset objects reloaded= 0
AssetImportParameters requested are different than current active one (requested -> active):
  custom:video-decoder-webm-vp8: 9c59270c3fd7afecdb556c50c9e8de78 -> 
  custom:SearchIndexIgnoredProperties: e643bd26f0fe6173181afceb89e7c659 -> 
  custom:container-demuxer-ogg: 62fdf1f143b41e24485cea50d1cbac27 -> 
  custom:AudioImporter_EditorPlatform: d09bf68614088b80899f8185d706f6e7 -> 
  custom:video-decoder-ogg-theora: a1e56fd34408186e4bbccfd4996cb3dc -> 
  custom:framework-win-MediaFoundation: 216162199b28c13a410421893ffa2e32 -> 
  custom:video-encoder-webm-vp8: eb34c28f22e8b96e1ab97ce403110664 -> 
  custom:audio-decoder-ogg-vorbis: bf7c407c2cedff20999df2af8eb42d56 -> 
  custom:CustomObjectIndexerAttribute: 72b91833f83ae208fae7752999fa3104 -> 
  custom:container-demuxer-webm: 4f35f7cbe854078d1ac9338744f61a02 -> 
  custom:audio-encoder-webm-vorbis: bf7c407c2cedff20999df2af8eb42d56 -> 
  custom:container-muxer-webm: aa71ff27fc2769a1b78a27578f13a17b -> 
========================================================================
Received Prepare
Begin MonoManager ReloadAssembly
- Loaded All Assemblies, in  0.642 seconds
Refreshing native plugins compatible for Editor in 1.90 ms, found 0 plugins.
Native extension for WindowsStandalone target not found
Mono: successfully reloaded assembly
- Finished resetting the current domain, in  1.019 seconds
Domain Reload Profiling: 1658ms
	BeginReloadAssembly (240ms)
		ExecutionOrderSort (0ms)
		DisableScriptedObjects (7ms)
		BackupInstance (0ms)
		ReleaseScriptingObjects (0ms)
		CreateAndSetChildDomain (57ms)
	RebuildCommonClasses (65ms)
	RebuildNativeTypeToScriptingClass (18ms)
	initialDomainReloadingComplete (37ms)
	LoadAllAssembliesAndSetupDomain (278ms)
		LoadAssemblies (352ms)
		RebuildTransferFunctionScriptingTraits (0ms)
		AnalyzeDomain (61ms)
			TypeCache.Refresh (11ms)
				TypeCache.ScanAssembly (2ms)
			ScanForSourceGeneratedMonoScriptInfo (28ms)
			ResolveRequiredComponents (20ms)
	FinalizeReload (1020ms)
		ReleaseScriptCaches (0ms)
		RebuildScriptCaches (0ms)
		SetupLoadedEditorAssemblies (494ms)
			LogAssemblyErrors (0ms)
			InitializePlatformSupportModulesInManaged (10ms)
			SetLoadedEditorAssemblies (4ms)
			RefreshPlugins (0ms)
			BeforeProcessingInitializeOnLoad (97ms)
			ProcessInitializeOnLoadAttributes (240ms)
			ProcessInitializeOnLoadMethodAttributes (136ms)
			AfterProcessingInitializeOnLoad (7ms)
			EditorAssembliesLoaded (0ms)
		ExecutionOrderSort2 (0ms)
		AwakeInstancesAfterBackupRestoration (32ms)
Refreshing native plugins compatible for Editor in 2.15 ms, found 0 plugins.
Preloading 0 native plugins for Editor in 0.00 ms.
Unloading 2956 Unused Serialized files (Serialized files now loaded: 0)
Unloading 24 unused Assets / (313.4 KB). Loaded Objects now: 3691.
Memory consumption went from 138.0 MB to 137.7 MB.
Total: 6.016100 ms (FindLiveObjects: 0.363600 ms CreateObjectMapping: 0.192800 ms MarkObjects: 5.353400 ms  DeleteObjects: 0.104800 ms)

Prepare: number of updated asset objects reloaded= 0
AssetImportParameters requested are different than current active one (requested -> active):
  custom:video-decoder-webm-vp8: 9c59270c3fd7afecdb556c50c9e8de78 -> 
  custom:SearchIndexIgnoredProperties: e643bd26f0fe6173181afceb89e7c659 -> 
  custom:container-demuxer-ogg: 62fdf1f143b41e24485cea50d1cbac27 -> 
  custom:AudioImporter_EditorPlatform: d09bf68614088b80899f8185d706f6e7 -> 
  custom:video-decoder-ogg-theora: a1e56fd34408186e4bbccfd4996cb3dc -> 
  custom:framework-win-MediaFoundation: 216162199b28c13a410421893ffa2e32 -> 
  custom:video-encoder-webm-vp8: eb34c28f22e8b96e1ab97ce403110664 -> 
  custom:audio-decoder-ogg-vorbis: bf7c407c2cedff20999df2af8eb42d56 -> 
  custom:CustomObjectIndexerAttribute: 72b91833f83ae208fae7752999fa3104 -> 
  custom:container-demuxer-webm: 4f35f7cbe854078d1ac9338744f61a02 -> 
  custom:audio-encoder-webm-vorbis: bf7c407c2cedff20999df2af8eb42d56 -> 
  custom:container-muxer-webm: aa71ff27fc2769a1b78a27578f13a17b -> 
========================================================================
Received Prepare
Begin MonoManager ReloadAssembly
- Loaded All Assemblies, in  0.545 seconds
Refreshing native plugins compatible for Editor in 2.38 ms, found 0 plugins.
Native extension for WindowsStandalone target not found
Mono: successfully reloaded assembly
- Finished resetting the current domain, in  1.024 seconds
Domain Reload Profiling: 1568ms
	BeginReloadAssembly (214ms)
		ExecutionOrderSort (0ms)
		DisableScriptedObjects (8ms)
		BackupInstance (0ms)
		ReleaseScriptingObjects (0ms)
		CreateAndSetChildDomain (37ms)
	RebuildCommonClasses (53ms)
	RebuildNativeTypeToScriptingClass (24ms)
	initialDomainReloadingComplete (39ms)
	LoadAllAssembliesAndSetupDomain (214ms)
		LoadAssemblies (318ms)
		RebuildTransferFunctionScriptingTraits (0ms)
		AnalyzeDomain (25ms)
			TypeCache.Refresh (7ms)
				TypeCache.ScanAssembly (0ms)
			ScanForSourceGeneratedMonoScriptInfo (0ms)
			ResolveRequiredComponents (17ms)
	FinalizeReload (1025ms)
		ReleaseScriptCaches (0ms)
		RebuildScriptCaches (0ms)
		SetupLoadedEditorAssemblies (478ms)
			LogAssemblyErrors (0ms)
			InitializePlatformSupportModulesInManaged (8ms)
			SetLoadedEditorAssemblies (4ms)
			RefreshPlugins (0ms)
			BeforeProcessingInitializeOnLoad (81ms)
			ProcessInitializeOnLoadAttributes (244ms)
			ProcessInitializeOnLoadMethodAttributes (132ms)
			AfterProcessingInitializeOnLoad (9ms)
			EditorAssembliesLoaded (0ms)
		ExecutionOrderSort2 (0ms)
		AwakeInstancesAfterBackupRestoration (29ms)
Refreshing native plugins compatible for Editor in 2.72 ms, found 0 plugins.
Preloading 0 native plugins for Editor in 0.00 ms.
Unloading 2956 Unused Serialized files (Serialized files now loaded: 0)
Unloading 24 unused Assets / (313.7 KB). Loaded Objects now: 3692.
Memory consumption went from 138.0 MB to 137.7 MB.
Total: 5.191400 ms (FindLiveObjects: 0.336900 ms CreateObjectMapping: 0.137500 ms MarkObjects: 4.613500 ms  DeleteObjects: 0.101500 ms)

Prepare: number of updated asset objects reloaded= 0
AssetImportParameters requested are different than current active one (requested -> active):
  custom:video-decoder-webm-vp8: 9c59270c3fd7afecdb556c50c9e8de78 -> 
  custom:SearchIndexIgnoredProperties: e643bd26f0fe6173181afceb89e7c659 -> 
  custom:container-demuxer-ogg: 62fdf1f143b41e24485cea50d1cbac27 -> 
  custom:AudioImporter_EditorPlatform: d09bf68614088b80899f8185d706f6e7 -> 
  custom:video-decoder-ogg-theora: a1e56fd34408186e4bbccfd4996cb3dc -> 
  custom:framework-win-MediaFoundation: 216162199b28c13a410421893ffa2e32 -> 
  custom:video-encoder-webm-vp8: eb34c28f22e8b96e1ab97ce403110664 -> 
  custom:audio-decoder-ogg-vorbis: bf7c407c2cedff20999df2af8eb42d56 -> 
  custom:CustomObjectIndexerAttribute: 72b91833f83ae208fae7752999fa3104 -> 
  custom:container-demuxer-webm: 4f35f7cbe854078d1ac9338744f61a02 -> 
  custom:audio-encoder-webm-vorbis: bf7c407c2cedff20999df2af8eb42d56 -> 
  custom:container-muxer-webm: aa71ff27fc2769a1b78a27578f13a17b -> 
========================================================================
Received Prepare
Begin MonoManager ReloadAssembly
- Loaded All Assemblies, in  0.625 seconds
Refreshing native plugins compatible for Editor in 2.77 ms, found 0 plugins.
Native extension for WindowsStandalone target not found
Mono: successfully reloaded assembly
- Finished resetting the current domain, in  1.012 seconds
Domain Reload Profiling: 1636ms
	BeginReloadAssembly (227ms)
		ExecutionOrderSort (0ms)
		DisableScriptedObjects (8ms)
		BackupInstance (0ms)
		ReleaseScriptingObjects (0ms)
		CreateAndSetChildDomain (44ms)
	RebuildCommonClasses (63ms)
	RebuildNativeTypeToScriptingClass (16ms)
	initialDomainReloadingComplete (35ms)
	LoadAllAssembliesAndSetupDomain (283ms)
		LoadAssemblies (338ms)
		RebuildTransferFunctionScriptingTraits (0ms)
		AnalyzeDomain (78ms)
			TypeCache.Refresh (13ms)
				TypeCache.ScanAssembly (3ms)
			ScanForSourceGeneratedMonoScriptInfo (38ms)
			ResolveRequiredComponents (25ms)
	FinalizeReload (1013ms)
		ReleaseScriptCaches (0ms)
		RebuildScriptCaches (0ms)
		SetupLoadedEditorAssemblies (488ms)
			LogAssemblyErrors (0ms)
			InitializePlatformSupportModulesInManaged (7ms)
			SetLoadedEditorAssemblies (4ms)
			RefreshPlugins (0ms)
			BeforeProcessingInitializeOnLoad (85ms)
			ProcessInitializeOnLoadAttributes (250ms)
			ProcessInitializeOnLoadMethodAttributes (135ms)
			AfterProcessingInitializeOnLoad (7ms)
			EditorAssembliesLoaded (0ms)
		ExecutionOrderSort2 (0ms)
		AwakeInstancesAfterBackupRestoration (34ms)
Refreshing native plugins compatible for Editor in 2.59 ms, found 0 plugins.
Preloading 0 native plugins for Editor in 0.00 ms.
Unloading 2956 Unused Serialized files (Serialized files now loaded: 0)
Unloading 24 unused Assets / (313.5 KB). Loaded Objects now: 3693.
Memory consumption went from 138.0 MB to 137.7 MB.
Total: 5.561100 ms (FindLiveObjects: 0.554800 ms CreateObjectMapping: 0.167800 ms MarkObjects: 4.719800 ms  DeleteObjects: 0.117000 ms)

Prepare: number of updated asset objects reloaded= 0
AssetImportParameters requested are different than current active one (requested -> active):
  custom:video-decoder-webm-vp8: 9c59270c3fd7afecdb556c50c9e8de78 -> 
  custom:SearchIndexIgnoredProperties: e643bd26f0fe6173181afceb89e7c659 -> 
  custom:container-demuxer-ogg: 62fdf1f143b41e24485cea50d1cbac27 -> 
  custom:AudioImporter_EditorPlatform: d09bf68614088b80899f8185d706f6e7 -> 
  custom:video-decoder-ogg-theora: a1e56fd34408186e4bbccfd4996cb3dc -> 
  custom:framework-win-MediaFoundation: 216162199b28c13a410421893ffa2e32 -> 
  custom:video-encoder-webm-vp8: eb34c28f22e8b96e1ab97ce403110664 -> 
  custom:audio-decoder-ogg-vorbis: bf7c407c2cedff20999df2af8eb42d56 -> 
  custom:CustomObjectIndexerAttribute: 72b91833f83ae208fae7752999fa3104 -> 
  custom:container-demuxer-webm: 4f35f7cbe854078d1ac9338744f61a02 -> 
  custom:audio-encoder-webm-vorbis: bf7c407c2cedff20999df2af8eb42d56 -> 
  custom:container-muxer-webm: aa71ff27fc2769a1b78a27578f13a17b -> 
========================================================================
Received Import Request.
  Time since last request: 327.869398 seconds.
  path: Assets/TestTask_MobileGame/Assets/Scripts/CameraFollow.cs
  artifactKey: Guid(223329b724cee5944b0fce86e0e53c26) Importer(815301076,1909f56bfc062723c751e8b465ee728b)
Start importing Assets/TestTask_MobileGame/Assets/Scripts/CameraFollow.cs using Guid(223329b724cee5944b0fce86e0e53c26) Importer(815301076,1909f56bfc062723c751e8b465ee728b) [PhysX] Initialized MultithreadedTaskDispatcher with 8 workers.
 -> (artifact id: 'cf86c71d897d1a11a7519f92b208c71b') in 0.002064 seconds
Number of updated asset objects reloaded before import = 0
Number of asset objects unloaded after import = 0
========================================================================
Received Prepare
Begin MonoManager ReloadAssembly
- Loaded All Assemblies, in  0.564 seconds
Refreshing native plugins compatible for Editor in 1.80 ms, found 0 plugins.
Native extension for WindowsStandalone target not found
Mono: successfully reloaded assembly
- Finished resetting the current domain, in  0.996 seconds
Domain Reload Profiling: 1558ms
	BeginReloadAssembly (227ms)
		ExecutionOrderSort (0ms)
		DisableScriptedObjects (10ms)
		BackupInstance (0ms)
		ReleaseScriptingObjects (0ms)
		CreateAndSetChildDomain (43ms)
	RebuildCommonClasses (49ms)
	RebuildNativeTypeToScriptingClass (18ms)
	initialDomainReloadingComplete (39ms)
	LoadAllAssembliesAndSetupDomain (228ms)
		LoadAssemblies (324ms)
		RebuildTransferFunctionScriptingTraits (0ms)
		AnalyzeDomain (34ms)
			TypeCache.Refresh (6ms)
				TypeCache.ScanAssembly (0ms)
			ScanForSourceGeneratedMonoScriptInfo (0ms)
			ResolveRequiredComponents (26ms)
	FinalizeReload (997ms)
		ReleaseScriptCaches (0ms)
		RebuildScriptCaches (0ms)
		SetupLoadedEditorAssemblies (445ms)
			LogAssemblyErrors (0ms)
			InitializePlatformSupportModulesInManaged (7ms)
			SetLoadedEditorAssemblies (4ms)
			RefreshPlugins (0ms)
			BeforeProcessingInitializeOnLoad (82ms)
			ProcessInitializeOnLoadAttributes (224ms)
			ProcessInitializeOnLoadMethodAttributes (123ms)
			AfterProcessingInitializeOnLoad (6ms)
			EditorAssembliesLoaded (0ms)
		ExecutionOrderSort2 (0ms)
		AwakeInstancesAfterBackupRestoration (28ms)
Refreshing native plugins compatible for Editor in 2.65 ms, found 0 plugins.
Preloading 0 native plugins for Editor in 0.00 ms.
Unloading 2956 Unused Serialized files (Serialized files now loaded: 0)
Unloading 24 unused Assets / (313.5 KB). Loaded Objects now: 3694.
Memory consumption went from 138.0 MB to 137.7 MB.
Total: 5.262400 ms (FindLiveObjects: 0.334800 ms CreateObjectMapping: 0.136900 ms MarkObjects: 4.617100 ms  DeleteObjects: 0.172000 ms)

Prepare: number of updated asset objects reloaded= 0
AssetImportParameters requested are different than current active one (requested -> active):
  custom:video-decoder-webm-vp8: 9c59270c3fd7afecdb556c50c9e8de78 -> 
  custom:SearchIndexIgnoredProperties: e643bd26f0fe6173181afceb89e7c659 -> 
  custom:container-demuxer-ogg: 62fdf1f143b41e24485cea50d1cbac27 -> 
  custom:AudioImporter_EditorPlatform: d09bf68614088b80899f8185d706f6e7 -> 
  custom:video-decoder-ogg-theora: a1e56fd34408186e4bbccfd4996cb3dc -> 
  custom:framework-win-MediaFoundation: 216162199b28c13a410421893ffa2e32 -> 
  custom:video-encoder-webm-vp8: eb34c28f22e8b96e1ab97ce403110664 -> 
  custom:audio-decoder-ogg-vorbis: bf7c407c2cedff20999df2af8eb42d56 -> 
  custom:CustomObjectIndexerAttribute: 72b91833f83ae208fae7752999fa3104 -> 
  custom:container-demuxer-webm: 4f35f7cbe854078d1ac9338744f61a02 -> 
  custom:audio-encoder-webm-vorbis: bf7c407c2cedff20999df2af8eb42d56 -> 
  custom:container-muxer-webm: aa71ff27fc2769a1b78a27578f13a17b -> 
========================================================================
Received Prepare
Begin MonoManager ReloadAssembly
- Loaded All Assemblies, in  0.593 seconds
Refreshing native plugins compatible for Editor in 2.77 ms, found 0 plugins.
Native extension for WindowsStandalone target not found
Mono: successfully reloaded assembly
- Finished resetting the current domain, in  1.113 seconds
Domain Reload Profiling: 1702ms
	BeginReloadAssembly (229ms)
		ExecutionOrderSort (0ms)
		DisableScriptedObjects (8ms)
		BackupInstance (0ms)
		ReleaseScriptingObjects (0ms)
		CreateAndSetChildDomain (38ms)
	RebuildCommonClasses (59ms)
	RebuildNativeTypeToScriptingClass (28ms)
	initialDomainReloadingComplete (47ms)
	LoadAllAssembliesAndSetupDomain (226ms)
		LoadAssemblies (321ms)
		RebuildTransferFunctionScriptingTraits (0ms)
		AnalyzeDomain (34ms)
			TypeCache.Refresh (9ms)
				TypeCache.ScanAssembly (0ms)
			ScanForSourceGeneratedMonoScriptInfo (0ms)
			ResolveRequiredComponents (23ms)
	FinalizeReload (1113ms)
		ReleaseScriptCaches (0ms)
		RebuildScriptCaches (0ms)
		SetupLoadedEditorAssemblies (523ms)
			LogAssemblyErrors (0ms)
			InitializePlatformSupportModulesInManaged (7ms)
			SetLoadedEditorAssemblies (4ms)
			RefreshPlugins (0ms)
			BeforeProcessingInitializeOnLoad (89ms)
			ProcessInitializeOnLoadAttributes (270ms)
			ProcessInitializeOnLoadMethodAttributes (146ms)
			AfterProcessingInitializeOnLoad (7ms)
			EditorAssembliesLoaded (0ms)
		ExecutionOrderSort2 (0ms)
		AwakeInstancesAfterBackupRestoration (32ms)
Refreshing native plugins compatible for Editor in 2.50 ms, found 0 plugins.
Preloading 0 native plugins for Editor in 0.00 ms.
Unloading 2956 Unused Serialized files (Serialized files now loaded: 0)
Unloading 24 unused Assets / (313.6 KB). Loaded Objects now: 3695.
Memory consumption went from 138.0 MB to 137.7 MB.
Total: 5.270000 ms (FindLiveObjects: 0.322300 ms CreateObjectMapping: 0.185600 ms MarkObjects: 4.595900 ms  DeleteObjects: 0.164600 ms)

Prepare: number of updated asset objects reloaded= 0
AssetImportParameters requested are different than current active one (requested -> active):
  custom:video-decoder-webm-vp8: 9c59270c3fd7afecdb556c50c9e8de78 -> 
  custom:SearchIndexIgnoredProperties: e643bd26f0fe6173181afceb89e7c659 -> 
  custom:container-demuxer-ogg: 62fdf1f143b41e24485cea50d1cbac27 -> 
  custom:AudioImporter_EditorPlatform: d09bf68614088b80899f8185d706f6e7 -> 
  custom:video-decoder-ogg-theora: a1e56fd34408186e4bbccfd4996cb3dc -> 
  custom:framework-win-MediaFoundation: 216162199b28c13a410421893ffa2e32 -> 
  custom:video-encoder-webm-vp8: eb34c28f22e8b96e1ab97ce403110664 -> 
  custom:audio-decoder-ogg-vorbis: bf7c407c2cedff20999df2af8eb42d56 -> 
  custom:CustomObjectIndexerAttribute: 72b91833f83ae208fae7752999fa3104 -> 
  custom:container-demuxer-webm: 4f35f7cbe854078d1ac9338744f61a02 -> 
  custom:audio-encoder-webm-vorbis: bf7c407c2cedff20999df2af8eb42d56 -> 
  custom:container-muxer-webm: aa71ff27fc2769a1b78a27578f13a17b -> 
========================================================================
Received Import Request.
  Time since last request: 319.301256 seconds.
  path: Assets/TestTask_MobileGame/Assets/Scripts/UnitSelection.cs
  artifactKey: Guid(085fa196e1dadaf4288d96375414efc0) Importer(815301076,1909f56bfc062723c751e8b465ee728b)
Start importing Assets/TestTask_MobileGame/Assets/Scripts/UnitSelection.cs using Guid(085fa196e1dadaf4288d96375414efc0) Importer(815301076,1909f56bfc062723c751e8b465ee728b) [PhysX] Initialized MultithreadedTaskDispatcher with 8 workers.
 -> (artifact id: '138550fd9c2d289ebb3c6b3cd02380f4') in 0.002420 seconds
Number of updated asset objects reloaded before import = 0
Number of asset objects unloaded after import = 0
========================================================================
Received Import Request.
  Time since last request: 1.920063 seconds.
  path: Assets/TestTask_MobileGame/Assets/Scripts/UnitSelection.cs
  artifactKey: Guid(085fa196e1dadaf4288d96375414efc0) Importer(2089858483,0ecaa5967403d082aa24f35e1b516d23)
Start importing Assets/TestTask_MobileGame/Assets/Scripts/UnitSelection.cs using Guid(085fa196e1dadaf4288d96375414efc0) Importer(2089858483,0ecaa5967403d082aa24f35e1b516d23) [PhysX] Initialized MultithreadedTaskDispatcher with 8 workers.
 -> (artifact id: '9a0dd093fb4e6a7fcc3e9c7c55b11081') in 0.420818 seconds
Number of updated asset objects reloaded before import = 0
Number of asset objects unloaded after import = 1
========================================================================
Received Prepare
Begin MonoManager ReloadAssembly
- Loaded All Assemblies, in  0.744 seconds
Refreshing native plugins compatible for Editor in 2.44 ms, found 0 plugins.
Native extension for WindowsStandalone target not found
Mono: successfully reloaded assembly
- Finished resetting the current domain, in  3.975 seconds
Domain Reload Profiling: 4717ms
	BeginReloadAssembly (280ms)
		ExecutionOrderSort (0ms)
		DisableScriptedObjects (11ms)
		BackupInstance (0ms)
		ReleaseScriptingObjects (0ms)
		CreateAndSetChildDomain (59ms)
	RebuildCommonClasses (77ms)
	RebuildNativeTypeToScriptingClass (26ms)
	initialDomainReloadingComplete (44ms)
	LoadAllAssembliesAndSetupDomain (313ms)
		LoadAssemblies (404ms)
		RebuildTransferFunctionScriptingTraits (0ms)
		AnalyzeDomain (69ms)
			TypeCache.Refresh (13ms)
				TypeCache.ScanAssembly (3ms)
			ScanForSourceGeneratedMonoScriptInfo (32ms)
			ResolveRequiredComponents (24ms)
	FinalizeReload (3976ms)
		ReleaseScriptCaches (0ms)
		RebuildScriptCaches (0ms)
		SetupLoadedEditorAssemblies (2752ms)
			LogAssemblyErrors (0ms)
			InitializePlatformSupportModulesInManaged (17ms)
			SetLoadedEditorAssemblies (13ms)
			RefreshPlugins (0ms)
			BeforeProcessingInitializeOnLoad (1051ms)
			ProcessInitializeOnLoadAttributes (811ms)
			ProcessInitializeOnLoadMethodAttributes (739ms)
			AfterProcessingInitializeOnLoad (119ms)
			EditorAssembliesLoaded (2ms)
		ExecutionOrderSort2 (0ms)
		AwakeInstancesAfterBackupRestoration (44ms)
Refreshing native plugins compatible for Editor in 2.04 ms, found 0 plugins.
Preloading 0 native plugins for Editor in 0.00 ms.
Unloading 2957 Unused Serialized files (Serialized files now loaded: 0)
Unloading 24 unused Assets / (313.5 KB). Loaded Objects now: 3697.
Memory consumption went from 138.1 MB to 137.8 MB.
Total: 5.458600 ms (FindLiveObjects: 0.574100 ms CreateObjectMapping: 0.216500 ms MarkObjects: 4.540500 ms  DeleteObjects: 0.125500 ms)

Prepare: number of updated asset objects reloaded= 0
AssetImportParameters requested are different than current active one (requested -> active):
  custom:video-decoder-webm-vp8: 9c59270c3fd7afecdb556c50c9e8de78 -> 
  custom:SearchIndexIgnoredProperties: e643bd26f0fe6173181afceb89e7c659 -> 
  custom:container-demuxer-ogg: 62fdf1f143b41e24485cea50d1cbac27 -> 
  custom:AudioImporter_EditorPlatform: d09bf68614088b80899f8185d706f6e7 -> 
  custom:video-decoder-ogg-theora: a1e56fd34408186e4bbccfd4996cb3dc -> 
  custom:framework-win-MediaFoundation: 216162199b28c13a410421893ffa2e32 -> 
  custom:video-encoder-webm-vp8: eb34c28f22e8b96e1ab97ce403110664 -> 
  custom:audio-decoder-ogg-vorbis: bf7c407c2cedff20999df2af8eb42d56 -> 
  custom:CustomObjectIndexerAttribute: 72b91833f83ae208fae7752999fa3104 -> 
  custom:container-demuxer-webm: 4f35f7cbe854078d1ac9338744f61a02 -> 
  custom:audio-encoder-webm-vorbis: bf7c407c2cedff20999df2af8eb42d56 -> 
  custom:container-muxer-webm: aa71ff27fc2769a1b78a27578f13a17b -> 
========================================================================
Received Import Request.
  Time since last request: 10.108141 seconds.
  path: Assets/TestTask_MobileGame/Assets/Scripts/UnitSelection.cs
  artifactKey: Guid(085fa196e1dadaf4288d96375414efc0) Importer(815301076,1909f56bfc062723c751e8b465ee728b)
Start importing Assets/TestTask_MobileGame/Assets/Scripts/UnitSelection.cs using Guid(085fa196e1dadaf4288d96375414efc0) Importer(815301076,1909f56bfc062723c751e8b465ee728b) [PhysX] Initialized MultithreadedTaskDispatcher with 8 workers.
 -> (artifact id: 'd550a786d3e4fd9ebce7b60cbc028ab0') in 0.002620 seconds
Number of updated asset objects reloaded before import = 0
Number of asset objects unloaded after import = 0
========================================================================
Received Prepare
Begin MonoManager ReloadAssembly
- Loaded All Assemblies, in  0.614 seconds
Refreshing native plugins compatible for Editor in 2.01 ms, found 0 plugins.
Native extension for WindowsStandalone target not found
Mono: successfully reloaded assembly
- Finished resetting the current domain, in  1.015 seconds
Domain Reload Profiling: 1626ms
	BeginReloadAssembly (229ms)
		ExecutionOrderSort (0ms)
		DisableScriptedObjects (8ms)
		BackupInstance (0ms)
		ReleaseScriptingObjects (0ms)
		CreateAndSetChildDomain (45ms)
	RebuildCommonClasses (50ms)
	RebuildNativeTypeToScriptingClass (18ms)
	initialDomainReloadingComplete (52ms)
	LoadAllAssembliesAndSetupDomain (261ms)
		LoadAssemblies (338ms)
		RebuildTransferFunctionScriptingTraits (0ms)
		AnalyzeDomain (61ms)
			TypeCache.Refresh (10ms)
				TypeCache.ScanAssembly (2ms)
			ScanForSourceGeneratedMonoScriptInfo (27ms)
			ResolveRequiredComponents (23ms)
	FinalizeReload (1016ms)
		ReleaseScriptCaches (0ms)
		RebuildScriptCaches (0ms)
		SetupLoadedEditorAssemblies (495ms)
			LogAssemblyErrors (0ms)
			InitializePlatformSupportModulesInManaged (7ms)
			SetLoadedEditorAssemblies (5ms)
			RefreshPlugins (0ms)
			BeforeProcessingInitializeOnLoad (95ms)
			ProcessInitializeOnLoadAttributes (241ms)
			ProcessInitializeOnLoadMethodAttributes (139ms)
			AfterProcessingInitializeOnLoad (10ms)
			EditorAssembliesLoaded (0ms)
		ExecutionOrderSort2 (0ms)
		AwakeInstancesAfterBackupRestoration (33ms)
Refreshing native plugins compatible for Editor in 2.57 ms, found 0 plugins.
Preloading 0 native plugins for Editor in 0.00 ms.
Unloading 2957 Unused Serialized files (Serialized files now loaded: 0)
Unloading 24 unused Assets / (313.6 KB). Loaded Objects now: 3698.
Memory consumption went from 138.1 MB to 137.8 MB.
Total: 4.831400 ms (FindLiveObjects: 0.311000 ms CreateObjectMapping: 0.133600 ms MarkObjects: 4.282300 ms  DeleteObjects: 0.103100 ms)

Prepare: number of updated asset objects reloaded= 0
AssetImportParameters requested are different than current active one (requested -> active):
  custom:video-decoder-webm-vp8: 9c59270c3fd7afecdb556c50c9e8de78 -> 
  custom:SearchIndexIgnoredProperties: e643bd26f0fe6173181afceb89e7c659 -> 
  custom:container-demuxer-ogg: 62fdf1f143b41e24485cea50d1cbac27 -> 
  custom:AudioImporter_EditorPlatform: d09bf68614088b80899f8185d706f6e7 -> 
  custom:video-decoder-ogg-theora: a1e56fd34408186e4bbccfd4996cb3dc -> 
  custom:framework-win-MediaFoundation: 216162199b28c13a410421893ffa2e32 -> 
  custom:video-encoder-webm-vp8: eb34c28f22e8b96e1ab97ce403110664 -> 
  custom:audio-decoder-ogg-vorbis: bf7c407c2cedff20999df2af8eb42d56 -> 
  custom:CustomObjectIndexerAttribute: 72b91833f83ae208fae7752999fa3104 -> 
  custom:container-demuxer-webm: 4f35f7cbe854078d1ac9338744f61a02 -> 
  custom:audio-encoder-webm-vorbis: bf7c407c2cedff20999df2af8eb42d56 -> 
  custom:container-muxer-webm: aa71ff27fc2769a1b78a27578f13a17b -> 
========================================================================
Received Prepare
Begin MonoManager ReloadAssembly
- Loaded All Assemblies, in  0.573 seconds
Refreshing native plugins compatible for Editor in 2.07 ms, found 0 plugins.
Native extension for WindowsStandalone target not found
Mono: successfully reloaded assembly
- Finished resetting the current domain, in  0.986 seconds
Domain Reload Profiling: 1557ms
	BeginReloadAssembly (228ms)
		ExecutionOrderSort (0ms)
		DisableScriptedObjects (9ms)
		BackupInstance (0ms)
		ReleaseScriptingObjects (0ms)
		CreateAndSetChildDomain (43ms)
	RebuildCommonClasses (60ms)
	RebuildNativeTypeToScriptingClass (23ms)
	initialDomainReloadingComplete (41ms)
	LoadAllAssembliesAndSetupDomain (217ms)
		LoadAssemblies (319ms)
		RebuildTransferFunctionScriptingTraits (0ms)
		AnalyzeDomain (23ms)
			TypeCache.Refresh (5ms)
				TypeCache.ScanAssembly (0ms)
			ScanForSourceGeneratedMonoScriptInfo (0ms)
			ResolveRequiredComponents (16ms)
	FinalizeReload (986ms)
		ReleaseScriptCaches (0ms)
		RebuildScriptCaches (0ms)
		SetupLoadedEditorAssemblies (452ms)
			LogAssemblyErrors (0ms)
			InitializePlatformSupportModulesInManaged (7ms)
			SetLoadedEditorAssemblies (5ms)
			RefreshPlugins (0ms)
			BeforeProcessingInitializeOnLoad (81ms)
			ProcessInitializeOnLoadAttributes (237ms)
			ProcessInitializeOnLoadMethodAttributes (114ms)
			AfterProcessingInitializeOnLoad (8ms)
			EditorAssembliesLoaded (0ms)
		ExecutionOrderSort2 (0ms)
		AwakeInstancesAfterBackupRestoration (28ms)
Refreshing native plugins compatible for Editor in 2.01 ms, found 0 plugins.
Preloading 0 native plugins for Editor in 0.00 ms.
Unloading 2957 Unused Serialized files (Serialized files now loaded: 0)
Unloading 24 unused Assets / (313.6 KB). Loaded Objects now: 3699.
Memory consumption went from 138.1 MB to 137.8 MB.
Total: 3.989500 ms (FindLiveObjects: 0.348100 ms CreateObjectMapping: 0.142200 ms MarkObjects: 3.399200 ms  DeleteObjects: 0.098700 ms)

Prepare: number of updated asset objects reloaded= 0
AssetImportParameters requested are different than current active one (requested -> active):
  custom:video-decoder-webm-vp8: 9c59270c3fd7afecdb556c50c9e8de78 -> 
  custom:SearchIndexIgnoredProperties: e643bd26f0fe6173181afceb89e7c659 -> 
  custom:container-demuxer-ogg: 62fdf1f143b41e24485cea50d1cbac27 -> 
  custom:AudioImporter_EditorPlatform: d09bf68614088b80899f8185d706f6e7 -> 
  custom:video-decoder-ogg-theora: a1e56fd34408186e4bbccfd4996cb3dc -> 
  custom:framework-win-MediaFoundation: 216162199b28c13a410421893ffa2e32 -> 
  custom:video-encoder-webm-vp8: eb34c28f22e8b96e1ab97ce403110664 -> 
  custom:audio-decoder-ogg-vorbis: bf7c407c2cedff20999df2af8eb42d56 -> 
  custom:CustomObjectIndexerAttribute: 72b91833f83ae208fae7752999fa3104 -> 
  custom:container-demuxer-webm: 4f35f7cbe854078d1ac9338744f61a02 -> 
  custom:audio-encoder-webm-vorbis: bf7c407c2cedff20999df2af8eb42d56 -> 
  custom:container-muxer-webm: aa71ff27fc2769a1b78a27578f13a17b -> 
========================================================================
Received Import Request.
  Time since last request: 148.046622 seconds.
  path: Assets/TestTask_MobileGame/Assets/Scripts/CameraFollow.cs
  artifactKey: Guid(223329b724cee5944b0fce86e0e53c26) Importer(815301076,1909f56bfc062723c751e8b465ee728b)
Start importing Assets/TestTask_MobileGame/Assets/Scripts/CameraFollow.cs using Guid(223329b724cee5944b0fce86e0e53c26) Importer(815301076,1909f56bfc062723c751e8b465ee728b) [PhysX] Initialized MultithreadedTaskDispatcher with 8 workers.
 -> (artifact id: '6e3b68cf1ccaed37b963ff9192786dd4') in 0.002907 seconds
Number of updated asset objects reloaded before import = 0
Number of asset objects unloaded after import = 0
========================================================================
Received Import Request.
  Time since last request: 0.740939 seconds.
  path: Assets/TestTask_MobileGame/Assets/Scripts/CameraFollow.cs
  artifactKey: Guid(223329b724cee5944b0fce86e0e53c26) Importer(2089858483,0ecaa5967403d082aa24f35e1b516d23)
Start importing Assets/TestTask_MobileGame/Assets/Scripts/CameraFollow.cs using Guid(223329b724cee5944b0fce86e0e53c26) Importer(2089858483,0ecaa5967403d082aa24f35e1b516d23) [PhysX] Initialized MultithreadedTaskDispatcher with 8 workers.
 -> (artifact id: '7cdb0e01b391d4160a21c5f07616a92f') in 0.231066 seconds
Number of updated asset objects reloaded before import = 0
Number of asset objects unloaded after import = 1
========================================================================
Received Import Request.
  Time since last request: 49.439348 seconds.
  path: Assets/TestTask_MobileGame/Assets/Scripts/UnitSelection.cs
  artifactKey: Guid(085fa196e1dadaf4288d96375414efc0) Importer(815301076,1909f56bfc062723c751e8b465ee728b)
Start importing Assets/TestTask_MobileGame/Assets/Scripts/UnitSelection.cs using Guid(085fa196e1dadaf4288d96375414efc0) Importer(815301076,1909f56bfc062723c751e8b465ee728b) [PhysX] Initialized MultithreadedTaskDispatcher with 8 workers.
 -> (artifact id: 'ddb84ac7db5922ed4ba621d67baa7e15') in 0.001263 seconds
Number of updated asset objects reloaded before import = 0
Number of asset objects unloaded after import = 0
========================================================================
Received Import Request.
  Time since last request: 0.852400 seconds.
  path: Assets/TestTask_MobileGame/Assets/Scripts/UnitSelection.cs
  artifactKey: Guid(085fa196e1dadaf4288d96375414efc0) Importer(2089858483,0ecaa5967403d082aa24f35e1b516d23)
Start importing Assets/TestTask_MobileGame/Assets/Scripts/UnitSelection.cs using Guid(085fa196e1dadaf4288d96375414efc0) Importer(2089858483,0ecaa5967403d082aa24f35e1b516d23) [PhysX] Initialized MultithreadedTaskDispatcher with 8 workers.
 -> (artifact id: 'caf1ec226a45838f7593e45441a2dd29') in 0.014154 seconds
Number of updated asset objects reloaded before import = 0
Number of asset objects unloaded after import = 1
========================================================================
Received Prepare
Begin MonoManager ReloadAssembly
- Loaded All Assemblies, in  0.593 seconds
Refreshing native plugins compatible for Editor in 1.76 ms, found 0 plugins.
Native extension for WindowsStandalone target not found
Mono: successfully reloaded assembly
- Finished resetting the current domain, in  1.093 seconds
Domain Reload Profiling: 1684ms
	BeginReloadAssembly (233ms)
		ExecutionOrderSort (0ms)
		DisableScriptedObjects (9ms)
		BackupInstance (0ms)
		ReleaseScriptingObjects (0ms)
		CreateAndSetChildDomain (55ms)
	RebuildCommonClasses (52ms)
	RebuildNativeTypeToScriptingClass (16ms)
	initialDomainReloadingComplete (36ms)
	LoadAllAssembliesAndSetupDomain (253ms)
		LoadAssemblies (322ms)
		RebuildTransferFunctionScriptingTraits (0ms)
		AnalyzeDomain (61ms)
			TypeCache.Refresh (11ms)
				TypeCache.ScanAssembly (1ms)
			ScanForSourceGeneratedMonoScriptInfo (33ms)
			ResolveRequiredComponents (17ms)
	FinalizeReload (1094ms)
		ReleaseScriptCaches (0ms)
		RebuildScriptCaches (0ms)
		SetupLoadedEditorAssemblies (547ms)
			LogAssemblyErrors (0ms)
			InitializePlatformSupportModulesInManaged (8ms)
			SetLoadedEditorAssemblies (4ms)
			RefreshPlugins (0ms)
			BeforeProcessingInitializeOnLoad (97ms)
			ProcessInitializeOnLoadAttributes (278ms)
			ProcessInitializeOnLoadMethodAttributes (153ms)
			AfterProcessingInitializeOnLoad (7ms)
			EditorAssembliesLoaded (0ms)
		ExecutionOrderSort2 (0ms)
		AwakeInstancesAfterBackupRestoration (33ms)
Refreshing native plugins compatible for Editor in 1.83 ms, found 0 plugins.
Preloading 0 native plugins for Editor in 0.00 ms.
Unloading 2957 Unused Serialized files (Serialized files now loaded: 0)
Unloading 24 unused Assets / (313.5 KB). Loaded Objects now: 3700.
Memory consumption went from 138.1 MB to 137.8 MB.
Total: 4.763100 ms (FindLiveObjects: 0.387400 ms CreateObjectMapping: 0.134300 ms MarkObjects: 4.141000 ms  DeleteObjects: 0.099200 ms)

Prepare: number of updated asset objects reloaded= 0
AssetImportParameters requested are different than current active one (requested -> active):
  custom:video-decoder-webm-vp8: 9c59270c3fd7afecdb556c50c9e8de78 -> 
  custom:SearchIndexIgnoredProperties: e643bd26f0fe6173181afceb89e7c659 -> 
  custom:container-demuxer-ogg: 62fdf1f143b41e24485cea50d1cbac27 -> 
  custom:AudioImporter_EditorPlatform: d09bf68614088b80899f8185d706f6e7 -> 
  custom:video-decoder-ogg-theora: a1e56fd34408186e4bbccfd4996cb3dc -> 
  custom:framework-win-MediaFoundation: 216162199b28c13a410421893ffa2e32 -> 
  custom:video-encoder-webm-vp8: eb34c28f22e8b96e1ab97ce403110664 -> 
  custom:audio-decoder-ogg-vorbis: bf7c407c2cedff20999df2af8eb42d56 -> 
  custom:CustomObjectIndexerAttribute: 72b91833f83ae208fae7752999fa3104 -> 
  custom:container-demuxer-webm: 4f35f7cbe854078d1ac9338744f61a02 -> 
  custom:audio-encoder-webm-vorbis: bf7c407c2cedff20999df2af8eb42d56 -> 
  custom:container-muxer-webm: aa71ff27fc2769a1b78a27578f13a17b -> 
========================================================================
Received Prepare
Begin MonoManager ReloadAssembly
- Loaded All Assemblies, in  0.535 seconds
Refreshing native plugins compatible for Editor in 2.53 ms, found 0 plugins.
Native extension for WindowsStandalone target not found
Mono: successfully reloaded assembly
- Finished resetting the current domain, in  1.008 seconds
Domain Reload Profiling: 1541ms
	BeginReloadAssembly (214ms)
		ExecutionOrderSort (0ms)
		DisableScriptedObjects (8ms)
		BackupInstance (0ms)
		ReleaseScriptingObjects (0ms)
		CreateAndSetChildDomain (42ms)
	RebuildCommonClasses (50ms)
	RebuildNativeTypeToScriptingClass (16ms)
	initialDomainReloadingComplete (41ms)
	LoadAllAssembliesAndSetupDomain (212ms)
		LoadAssemblies (311ms)
		RebuildTransferFunctionScriptingTraits (0ms)
		AnalyzeDomain (24ms)
			TypeCache.Refresh (6ms)
				TypeCache.ScanAssembly (0ms)
			ScanForSourceGeneratedMonoScriptInfo (0ms)
			ResolveRequiredComponents (17ms)
	FinalizeReload (1009ms)
		ReleaseScriptCaches (0ms)
		RebuildScriptCaches (0ms)
		SetupLoadedEditorAssemblies (472ms)
			LogAssemblyErrors (0ms)
			InitializePlatformSupportModulesInManaged (8ms)
			SetLoadedEditorAssemblies (4ms)
			RefreshPlugins (0ms)
			BeforeProcessingInitializeOnLoad (95ms)
			ProcessInitializeOnLoadAttributes (225ms)
			ProcessInitializeOnLoadMethodAttributes (134ms)
			AfterProcessingInitializeOnLoad (6ms)
			EditorAssembliesLoaded (0ms)
		ExecutionOrderSort2 (0ms)
		AwakeInstancesAfterBackupRestoration (27ms)
Refreshing native plugins compatible for Editor in 2.68 ms, found 0 plugins.
Preloading 0 native plugins for Editor in 0.00 ms.
Unloading 2957 Unused Serialized files (Serialized files now loaded: 0)
Unloading 24 unused Assets / (313.5 KB). Loaded Objects now: 3701.
Memory consumption went from 138.1 MB to 137.8 MB.
Total: 5.600400 ms (FindLiveObjects: 0.569300 ms CreateObjectMapping: 0.191500 ms MarkObjects: 4.733400 ms  DeleteObjects: 0.104700 ms)

Prepare: number of updated asset objects reloaded= 0
AssetImportParameters requested are different than current active one (requested -> active):
  custom:video-decoder-webm-vp8: 9c59270c3fd7afecdb556c50c9e8de78 -> 
  custom:SearchIndexIgnoredProperties: e643bd26f0fe6173181afceb89e7c659 -> 
  custom:container-demuxer-ogg: 62fdf1f143b41e24485cea50d1cbac27 -> 
  custom:AudioImporter_EditorPlatform: d09bf68614088b80899f8185d706f6e7 -> 
  custom:video-decoder-ogg-theora: a1e56fd34408186e4bbccfd4996cb3dc -> 
  custom:framework-win-MediaFoundation: 216162199b28c13a410421893ffa2e32 -> 
  custom:video-encoder-webm-vp8: eb34c28f22e8b96e1ab97ce403110664 -> 
  custom:audio-decoder-ogg-vorbis: bf7c407c2cedff20999df2af8eb42d56 -> 
  custom:CustomObjectIndexerAttribute: 72b91833f83ae208fae7752999fa3104 -> 
  custom:container-demuxer-webm: 4f35f7cbe854078d1ac9338744f61a02 -> 
  custom:audio-encoder-webm-vorbis: bf7c407c2cedff20999df2af8eb42d56 -> 
  custom:container-muxer-webm: aa71ff27fc2769a1b78a27578f13a17b -> 
